kode_wilayah,nama_resmi,wilayah,tipe,provinsi,pulau,lat,lon,parlemen,pendapatan,pengeluaran,ahh,profesional,tpak,rls,hls,skor_ekonomi,skor_keputusan,skor_kapasitas_sosial,ikpp_komposit,kuadran,lisa_cluster_keputusan,lisa_cluster_ekonomi
1101,Kabupaten Simeulue,SIMEULUE,Kabupaten,Aceh,Sumatera,3.255,97.174,16.67,24.42,8106.0,67.71,47.46,58.02,9.89,14.53,27.2,45.36,53.17,39.66,"Kuadran III (Ekonomi Rendah, Keputusan Rendah)",Not Significant,Not Significant
1102,Kabupaten Aceh Singkil,ACEH SINGKIL,Kabupaten,Aceh,Sumatera,3.473,97.819,12.0,28.92,9862.0,69.93,59.84,39.11,8.72,14.36,19.72,49.39,54.84,38.61,"Kuadran II (Ekonomi Rendah, Keputusan Tinggi)",Not Significant,Low-High (Spatial Outlier)
1103,Kabupaten Aceh Selatan,ACEH SELATAN,Kabupaten,Aceh,Sumatera,4.933,97.784,20.0,28.55,9190.0,66.94,53.85,42.68,8.92,14.71,21.59,52.66,51.35,39.97,"Kuadran II (Ekonomi Rendah, Keputusan Tinggi)",Not Significant,Not Significant
1104,Kabupaten Aceh Tenggara,ACEH TENGGARA,Kabupaten,Aceh,Sumatera,4.622,96.846,6.67,31.77,8876.0,70.81,46.46,56.27,10.1,14.47,33.12,35.6,58.34,39.16,"Kuadran III (Ekonomi Rendah, Keputusan Rendah)",Low-Low (Coldspot),Low-Low (Coldspot)
1105,Kabupaten Aceh Timur,ACEH TIMUR,Kabupaten,Aceh,Sumatera,4.153,96.131,2.5,29.3,9889.0,71.21,48.7,38.86,8.48,13.08,19.93,33.3,53.64,32.02,"Kuadran III (Ekonomi Rendah, Keputusan Rendah)",Not Significant,Not Significant
1106,Kabupaten Aceh Tengah,ACEH TENGAH,Kabupaten,Aceh,Sumatera,5.297,95.611,13.33,38.12,11805.0,71.32,57.27,67.4,10.03,15.03,46.11,48.88,62.69,50.53,"Kuadran I (Ekonomi Tinggi, Keputusan Tinggi)",Not Significant,High-Low (Spatial Outlier)
1107,Kabupaten Aceh Barat,ACEH BARAT,Kabupaten,Aceh,Sumatera,5.368,95.958,12.0,30.21,10548.0,70.52,62.32,47.15,9.99,14.93,25.96,51.05,60.16,42.84,"Kuadran II (Ekonomi Rendah, Keputusan Tinggi)",Not Significant,Not Significant
1108,Kabupaten Aceh Besar,ACEH BESAR,Kabupaten,Aceh,Sumatera,5.076,97.303,5.0,25.23,10810.0,72.31,55.95,51.59,10.37,14.77,23.97,40.43,63.32,38.42,"Kuadran III (Ekonomi Rendah, Keputusan Rendah)",Not Significant,Not Significant
1109,Kabupaten Pidie,PIDIE,Kabupaten,Aceh,Sumatera,2.461,96.38,12.5,32.21,11187.0,69.44,58.16,45.64,9.04,14.52,26.93,48.72,56.47,41.55,"Kuadran II (Ekonomi Rendah, Keputusan Tinggi)",Not Significant,Not Significant
1110,Kabupaten Bireuen,BIREUEN,Kabupaten,Aceh,Sumatera,2.271,97.815,10.0,38.53,10150.0,73.87,59.7,54.36,9.59,14.88,38.38,47.48,63.21,46.99,"Kuadran IV (Ekonomi Tinggi, Keputusan Rendah)",Not Significant,High-High (Hotspot)
1111,Kabupaten Aceh Utara,ACEH UTARA,Kabupaten,Aceh,Sumatera,5.208,96.726,0.0,33.77,9374.0,71.3,61.56,42.04,9.11,14.75,26.17,39.64,57.77,37.88,"Kuadran III (Ekonomi Rendah, Keputusan Rendah)",Not Significant,Low-Low (Coldspot)
1112,Kabupaten Aceh Barat Daya,ACEH BARAT DAYA,Kabupaten,Aceh,Sumatera,3.739,96.852,4.0,30.51,9559.0,67.63,56.83,37.63,8.78,13.69,20.32,40.11,50.41,34.25,"Kuadran III (Ekonomi Rendah, Keputusan Rendah)",Low-Low (Coldspot),Not Significant
1113,Kabupaten Gayo Lues,GAYO LUES,Kabupaten,Aceh,Sumatera,3.993,97.325,4.0,37.47,9967.0,68.02,52.22,71.43,8.44,14.59,48.0,37.02,52.22,44.45,"Kuadran IV (Ekonomi Tinggi, Keputusan Rendah)",Not Significant,High-Low (Spatial Outlier)
1114,Kabupaten Aceh Tamiang,ACEH TAMIANG,Kabupaten,Aceh,Sumatera,4.624,95.617,17.14,28.23,9529.0,72.22,58.89,53.99,9.3,14.51,28.33,53.43,59.11,44.53,"Kuadran II (Ekonomi Rendah, Keputusan Tinggi)",Not Significant,Not Significant
1115,Kabupaten Nagan Raya,NAGAN RAYA,Kabupaten,Aceh,Sumatera,4.169,96.324,0.0,27.15,9523.0,71.77,57.59,43.0,9.25,14.18,20.45,36.98,57.79,34.53,"Kuadran III (Ekonomi Rendah, Keputusan Rendah)",Low-Low (Coldspot),Not Significant
1116,Kabupaten Aceh Jaya,ACEH JAYA,Kabupaten,Aceh,Sumatera,4.301,98.046,10.0,38.29,11007.0,69.73,56.23,58.01,9.02,14.06,40.43,45.16,55.78,45.39,"Kuadran IV (Ekonomi Tinggi, Keputusan Rendah)",Not Significant,Not Significant
1117,Kabupaten Bener Meriah,BENER MERIAH,Kabupaten,Aceh,Sumatera,4.703,96.862,4.0,30.74,12360.0,71.81,65.04,78.39,10.13,13.73,45.91,45.6,61.68,48.94,"Kuadran IV (Ekonomi Tinggi, Keputusan Rendah)",Low-Low (Coldspot),High-Low (Spatial Outlier)
1118,Kabupaten Pidie Jaya,PIDIE JAYA,Kabupaten,Aceh,Sumatera,5.229,96.245,4.0,35.01,11274.0,72.79,60.21,43.9,9.59,15.01,28.51,42.37,63.1,40.97,"Kuadran III (Ekonomi Rendah, Keputusan Rendah)",Not Significant,Not Significant
1171,Kota Banda Aceh,KOTA BANDA ACEH,Kota,Aceh,Sumatera,5.55,95.318,13.33,28.42,18100.0,74.22,48.16,53.01,13.1,17.94,27.9,42.79,84.77,45.23,"Kuadran III (Ekonomi Rendah, Keputusan Rendah)",Not Significant,Low-Low (Coldspot)
1172,Kota Sabang,KOTA SABANG,Kota,Aceh,Sumatera,5.893,95.321,10.0,32.43,12625.0,73.2,62.05,54.71,11.22,14.97,32.78,49.05,68.49,46.43,"Kuadran II (Ekonomi Rendah, Keputusan Tinggi)",Not Significant,Not Significant
1173,Kota Langsa,KOTA LANGSA,Kota,Aceh,Sumatera,5.179,97.149,12.0,27.8,13133.0,71.94,51.12,45.38,11.28,15.71,22.56,43.56,68.83,40.21,"Kuadran III (Ekonomi Rendah, Keputusan Rendah)",Not Significant,Not Significant
1174,Kota Lhokseumawe,KOTA LHOKSEUMAWE,Kota,Aceh,Sumatera,4.469,97.966,28.0,23.42,12694.0,74.3,53.43,50.25,11.31,15.55,21.41,59.65,71.28,46.68,"Kuadran II (Ekonomi Rendah, Keputusan Tinggi)",Not Significant,Not Significant
1175,Kota Subulussalam,KOTA SUBULUSSALAM,Kota,Aceh,Sumatera,2.671,97.993,25.0,36.15,8491.0,66.47,62.34,50.87,8.43,15.31,33.94,62.89,50.09,48.75,"Kuadran II (Ekonomi Rendah, Keputusan Tinggi)",Not Significant,Low-High (Spatial Outlier)
1201,Kabupaten Nias,NIAS,Kabupaten,Sumatera Utara,Sumatera,1.685,98.828,8.0,50.92,7698.0,72.53,44.02,82.52,6.4,13.31,67.74,35.17,49.06,50.98,"Kuadran IV (Ekonomi Tinggi, Keputusan Rendah)",Not Significant,High-High (Hotspot)
1202,Kabupaten Mandailing Natal,MANDAILING NATAL,Kabupaten,Sumatera Utara,Sumatera,2.022,98.962,7.5,47.78,10644.0,65.6,46.02,51.63,9.11,13.87,45.51,36.06,49.84,42.6,"Kuadran IV (Ekonomi Tinggi, Keputusan Rendah)",Not Significant,High-High (Hotspot)
1203,Kabupaten Tapanuli Selatan,TAPANULI SELATAN,Kabupaten,Sumatera Utara,Sumatera,1.52,99.303,7.5,49.0,12213.0,67.72,60.8,69.01,9.56,13.72,57.49,45.95,54.86,52.35,"Kuadran IV (Ekonomi Tinggi, Keputusan Rendah)",Not Significant,High-High (Hotspot)
1204,Kabupaten Tapanuli Tengah,TAPANULI TENGAH,Kabupaten,Sumatera Utara,Sumatera,1.242,97.65,22.86,44.78,11128.0,70.23,57.67,66.75,8.92,13.5,52.06,57.82,55.29,55.01,"Kuadran I (Ekonomi Tinggi, Keputusan Tinggi)",Not Significant,High-High (Hotspot)
1205,Kabupaten Tapanuli Utara,TAPANULI UTARA,Kabupaten,Sumatera Utara,Sumatera,3.743,98.448,5.71,50.0,12382.0,71.79,54.66,81.48,10.31,13.74,66.21,40.21,62.09,54.99,"Kuadran IV (Ekonomi Tinggi, Keputusan Rendah)",Not Significant,Not Significant
1206,Kabupaten Toba Samosir,TOBA SAMOSIR,Kabupaten,Sumatera Utara,Sumatera,3.111,98.501,13.33,47.45,12960.0,73.45,58.88,77.05,10.77,13.6,61.02,49.96,65.6,57.51,"Kuadran I (Ekonomi Tinggi, Keputusan Tinggi)",Not Significant,Not Significant
1207,Kabupaten Labuhan Batu,LABUHAN BATU,Kabupaten,Sumatera Utara,Sumatera,3.551,98.866,6.67,32.22,12102.0,73.01,56.33,47.66,9.5,13.26,28.19,42.2,60.73,40.3,"Kuadran III (Ekonomi Rendah, Keputusan Rendah)",Not Significant,Not Significant
1208,Kabupaten Asahan,ASAHAN,Kabupaten,Sumatera Utara,Sumatera,2.965,98.862,15.56,26.61,12301.0,71.3,65.05,50.98,8.85,12.65,24.91,56.12,56.09,43.63,"Kuadran II (Ekonomi Rendah, Keputusan Tinggi)",Not Significant,Not Significant
1209,Kabupaten Simalungun,SIMALUNGUN,Kabupaten,Sumatera Utara,Sumatera,2.988,99.613,8.0,36.82,12119.0,74.44,57.33,62.63,9.73,13.09,41.9,44.08,62.83,46.96,"Kuadran IV (Ekonomi Tinggi, Keputusan Rendah)",Not Significant,High-Low (Spatial Outlier)
1210,Kabupaten Dairi,DAIRI,Kabupaten,Sumatera Utara,Sumatera,2.07,99.857,5.71,49.85,11355.0,72.29,52.33,79.86,9.89,13.53,65.06,38.65,60.44,53.57,"Kuadran IV (Ekonomi Tinggi, Keputusan Rendah)",Not Significant,Not Significant
1211,Kabupaten Karo,KARO,Kabupaten,Sumatera Utara,Sumatera,2.748,98.314,22.5,48.53,13278.0,74.49,66.85,78.82,10.12,13.26,63.15,63.63,65.19,63.75,"Kuadran I (Ekonomi Tinggi, Keputusan Tinggi)",Not Significant,High-High (Hotspot)
1212,Kabupaten Deli Serdang,DELI SERDANG,Kabupaten,Sumatera Utara,Sumatera,2.332,99.051,6.0,28.16,13279.0,74.54,54.96,49.47,10.29,13.4,25.44,40.67,65.89,39.62,"Kuadran III (Ekonomi Rendah, Keputusan Rendah)",Not Significant,Low-High (Spatial Outlier)
1213,Kabupaten Langkat,LANGKAT,Kabupaten,Sumatera Utara,Sumatera,0.797,99.579,10.0,31.39,12080.0,71.92,55.82,61.74,8.74,13.28,36.16,44.89,57.61,43.94,"Kuadran IV (Ekonomi Tinggi, Keputusan Rendah)",Not Significant,Not Significant
1214,Kabupaten Nias Selatan,NIAS SELATAN,Kabupaten,Sumatera Utara,Sumatera,0.583,97.778,11.43,36.04,7730.0,71.82,44.94,73.44,6.52,12.92,47.88,38.91,47.7,44.26,"Kuadran IV (Ekonomi Tinggi, Keputusan Rendah)",Not Significant,High-High (Hotspot)
1215,Kabupaten Humbang Hasundutan,HUMBANG HASUNDUTAN,Kabupaten,Sumatera Utara,Sumatera,2.541,98.323,16.67,49.17,8844.0,72.51,51.6,84.6,10.13,13.46,67.36,48.13,58.75,57.95,"Kuadran I (Ekonomi Tinggi, Keputusan Tinggi)",Not Significant,High-High (Hotspot)
1216,Kabupaten Pakpak Bharat,PAKPAK BHARAT,Kabupaten,Sumatera Utara,Sumatera,2.25,98.79,5.0,49.32,9158.0,69.26,58.15,80.89,9.73,13.91,65.19,41.9,54.71,53.78,"Kuadran IV (Ekonomi Tinggi, Keputusan Rendah)",Not Significant,High-High (Hotspot)
1217,Kabupaten Samosir,SAMOSIR,Kabupaten,Sumatera Utara,Sumatera,2.56,98.722,12.0,50.06,9634.0,74.46,58.76,80.73,9.61,13.52,65.8,48.67,61.01,57.99,"Kuadran I (Ekonomi Tinggi, Keputusan Tinggi)",Not Significant,High-High (Hotspot)
1218,Kabupaten Serdang Bedagai,SERDANG BEDAGAI,Kabupaten,Sumatera Utara,Sumatera,3.491,99.126,11.11,30.77,12015.0,71.85,55.18,51.5,9.12,12.65,29.2,45.47,57.14,41.3,"Kuadran III (Ekonomi Rendah, Keputusan Rendah)",Not Significant,Not Significant
1219,Kabupaten Batu Bara,BATU BARA,Kabupaten,Sumatera Utara,Sumatera,3.172,99.421,11.43,37.84,11373.0,70.16,58.68,54.6,8.51,13.12,37.87,48.1,53.81,45.15,"Kuadran I (Ekonomi Tinggi, Keputusan Tinggi)",Not Significant,High-Low (Spatial Outlier)
1220,Kabupaten Padang Lawas Utara,PADANG LAWAS UTARA,Kabupaten,Sumatera Utara,Sumatera,1.495,99.62,10.0,46.26,10925.0,70.04,60.65,63.72,9.82,13.54,51.59,48.12,56.93,51.27,"Kuadran I (Ekonomi Tinggi, Keputusan Tinggi)",Not Significant,High-High (Hotspot)
1221,Kabupaten Padang Lawas,PADANG LAWAS,Kabupaten,Sumatera Utara,Sumatera,1.056,99.776,0.0,39.49,9821.0,69.92,56.13,65.86,9.63,13.87,46.46,36.0,55.91,44.17,"Kuadran IV (Ekonomi Tinggi, Keputusan Rendah)",Not Significant,Not Significant
1222,Kabupaten Labuhan Batu Selatan,LABUHAN BATU SELATAN,Kabupaten,Sumatera Utara,Sumatera,1.868,100.041,8.57,32.78,12353.0,71.75,56.76,55.86,9.19,13.53,33.83,44.22,59.12,43.04,"Kuadran III (Ekonomi Rendah, Keputusan Rendah)",Not Significant,Not Significant
1223,Kabupaten Labuhan Batu Utara,LABUHAN BATU UTARA,Kabupaten,Sumatera Utara,Sumatera,2.563,99.658,2.86,25.7,12839.0,72.49,59.69,43.87,9.14,13.58,19.61,40.98,60.54,36.34,"Kuadran III (Ekonomi Rendah, Keputusan Rendah)",Not Significant,Not Significant
1224,Kabupaten Nias Utara,NIAS UTARA,Kabupaten,Sumatera Utara,Sumatera,1.389,97.381,8.0,48.78,7189.0,72.46,41.74,73.37,7.05,13.37,60.0,33.65,50.05,47.47,"Kuadran IV (Ekonomi Tinggi, Keputusan Rendah)",Not Significant,High-High (Hotspot)
1225,Kabupaten Nias Barat,NIAS BARAT,Kabupaten,Sumatera Utara,Sumatera,0.999,97.495,15.0,49.11,6740.0,72.21,49.29,78.02,7.26,12.99,63.21,45.06,49.06,53.12,"Kuadran IV (Ekonomi Tinggi, Keputusan Rendah)",Not Significant,High-High (Hotspot)
1271,Kota Sibolga,KOTA SIBOLGA,Kota,Sumatera Utara,Sumatera,3.59,98.675,15.0,32.81,12713.0,72.39,61.35,61.1,10.45,13.43,37.12,53.13,62.94,48.69,"Kuadran I (Ekonomi Tinggi, Keputusan Tinggi)",Not Significant,Not Significant
1272,Kota Tanjung Balai,KOTA TANJUNG BALAI,Kota,Sumatera Utara,Sumatera,2.956,99.062,32.0,24.51,12264.0,66.4,52.07,54.55,9.69,13.15,25.12,62.38,52.41,45.48,"Kuadran II (Ekonomi Rendah, Keputusan Tinggi)",Not Significant,Not Significant
1273,Kota Pematang Siantar,KOTA PEMATANG SIANTAR,Kota,Sumatera Utara,Sumatera,1.746,98.776,16.67,35.58,13349.0,77.45,59.95,60.73,11.82,14.61,39.53,53.71,75.45,52.39,"Kuadran I (Ekonomi Tinggi, Keputusan Tinggi)",Not Significant,High-High (Hotspot)
1274,Kota Tebing Tinggi,KOTA TEBING TINGGI,Kota,Sumatera Utara,Sumatera,2.948,99.767,12.0,30.73,13900.0,73.82,54.77,51.3,10.87,13.13,29.04,46.0,66.33,43.28,"Kuadran III (Ekonomi Rendah, Keputusan Rendah)",Not Significant,Not Significant
1275,Kota Medan,KOTA MEDAN,Kota,Sumatera Utara,Sumatera,3.603,98.483,16.0,33.08,16069.0,76.68,50.75,52.15,11.79,14.79,31.81,46.95,77.3,46.96,"Kuadran III (Ekonomi Rendah, Keputusan Rendah)",Not Significant,Not Significant
1276,Kota Binjai,KOTA BINJAI,Kota,Sumatera Utara,Sumatera,3.328,99.166,14.29,34.89,12015.0,75.48,54.93,49.12,11.2,14.18,31.65,48.19,69.41,45.82,"Kuadran II (Ekonomi Rendah, Keputusan Tinggi)",Not Significant,Not Significant
1277,Kota Padangsidimpuan,KOTA PADANGSIDIMPUAN,Kota,Sumatera Utara,Sumatera,1.378,99.271,30.0,31.58,11964.0,72.45,54.68,56.85,11.13,14.62,33.3,62.31,66.03,51.45,"Kuadran II (Ekonomi Rendah, Keputusan Tinggi)",Not Significant,Low-High (Spatial Outlier)
1278,Kota Gunungsitoli,KOTA GUNUNGSITOLI,Kota,Sumatera Utara,Sumatera,1.283,97.613,16.0,42.08,9056.0,74.31,50.64,61.45,8.76,13.79,46.18,46.88,58.87,49.0,"Kuadran IV (Ekonomi Tinggi, Keputusan Rendah)",Not Significant,High-High (Hotspot)
1301,Kabupaten Kepulauan Mentawai,KEPULAUAN MENTAWAI,Kabupaten,Sumatera Barat,Sumatera,-1.348,100.578,0.0,31.24,7192.0,67.24,52.94,80.01,8.03,12.91,47.39,33.87,44.52,41.41,"Kuadran IV (Ekonomi Tinggi, Keputusan Rendah)",Not Significant,Not Significant
1302,Kabupaten Pesisir Selatan,PESISIR SELATAN,Kabupaten,Sumatera Barat,Sumatera,-0.952,100.621,4.44,34.31,10211.0,73.63,60.24,48.31,8.81,13.37,30.59,42.79,58.41,41.03,"Kuadran III (Ekonomi Rendah, Keputusan Rendah)",Not Significant,Not Significant
1303,Kabupaten Solok,SOLOK,Kabupaten,Sumatera Barat,Sumatera,-0.666,100.945,11.43,39.67,10988.0,71.82,74.45,66.93,7.91,13.56,47.3,58.65,55.1,53.4,"Kuadran I (Ekonomi Tinggi, Keputusan Tinggi)",Not Significant,Not Significant
1304,Kabupaten Sijunjung,SIJUNJUNG,Kabupaten,Sumatera Barat,Sumatera,-0.474,100.623,10.0,27.98,11395.0,69.34,61.56,57.26,8.62,12.76,30.12,48.73,52.33,42.01,"Kuadran II (Ekonomi Rendah, Keputusan Tinggi)",High-High (Hotspot),Not Significant
1305,Kabupaten Tanah Datar,TANAH DATAR,Kabupaten,Sumatera Barat,Sumatera,-0.621,100.307,8.57,36.07,11223.0,72.99,59.11,58.91,9.29,15.05,38.87,45.79,62.71,46.41,"Kuadran IV (Ekonomi Tinggi, Keputusan Rendah)",Not Significant,Not Significant
1306,Kabupaten Padang Pariaman,PADANG PARIAMAN,Kabupaten,Sumatera Barat,Sumatera,-0.315,100.03,0.0,31.0,11756.0,72.11,59.17,57.53,8.42,14.2,33.17,38.04,58.54,40.19,"Kuadran III (Ekonomi Rendah, Keputusan Rendah)",Not Significant,Not Significant
1307,Kabupaten Agam,AGAM,Kabupaten,Sumatera Barat,Sumatera,-0.152,100.661,8.89,40.37,10686.0,75.74,62.59,57.84,9.23,14.16,42.31,48.41,64.04,49.1,"Kuadran I (Ekonomi Tinggi, Keputusan Tinggi)",High-High (Hotspot),Not Significant
1308,Kabupaten Lima Puluh Kota,LIMA PULUH KOTA,Kota,Sumatera Barat,Sumatera,0.14,100.167,5.71,28.98,10648.0,72.48,63.19,64.3,8.13,13.42,35.46,45.92,55.88,43.73,"Kuadran IV (Ekonomi Tinggi, Keputusan Rendah)",Not Significant,Not Significant
1309,Kabupaten Pasaman,PASAMAN,Kabupaten,Sumatera Barat,Sumatera,-2.054,99.58,14.29,39.85,9194.0,70.64,65.5,58.83,8.14,13.52,42.43,55.26,52.28,49.53,"Kuadran I (Ekonomi Tinggi, Keputusan Tinggi)",Not Significant,Not Significant
1310,Kabupaten Solok Selatan,SOLOK SELATAN,Kabupaten,Sumatera Barat,Sumatera,-0.953,101.494,0.0,36.99,11240.0,71.02,62.21,65.91,8.85,13.07,44.1,40.07,55.48,44.76,"Kuadran IV (Ekonomi Tinggi, Keputusan Rendah)",Not Significant,Not Significant
1311,Kabupaten Dharmasraya,DHARMAS RAYA,Kabupaten,Sumatera Barat,Sumatera,-1.556,101.24,6.67,26.94,12254.0,74.66,66.02,58.76,8.98,12.89,30.06,48.68,61.2,43.74,"Kuadran II (Ekonomi Rendah, Keputusan Tinggi)",Not Significant,Not Significant
1312,Kabupaten Pasaman Barat,PASAMAN BARAT,Kabupaten,Sumatera Barat,Sumatera,0.11,99.828,10.0,37.9,9888.0,70.84,63.34,49.48,8.99,13.72,34.75,49.92,55.48,44.96,"Kuadran I (Ekonomi Tinggi, Keputusan Tinggi)",Not Significant,Not Significant
1371,Kota Padang,KOTA PADANG,Kota,Sumatera Barat,Sumatera,-0.876,100.387,8.89,35.08,15458.0,76.37,51.16,54.25,11.63,16.57,35.02,40.76,79.25,46.16,"Kuadran IV (Ekonomi Tinggi, Keputusan Rendah)",Not Significant,Not Significant
1372,Kota Solok,KOTA SOLOK,Kota,Sumatera Barat,Sumatera,-0.799,100.653,15.0,36.21,12995.0,77.02,68.27,62.54,11.37,14.37,41.26,57.76,73.1,54.23,"Kuadran I (Ekonomi Tinggi, Keputusan Tinggi)",Not Significant,Not Significant
1373,Kota Sawah Lunto,KOTA SAWAH LUNTO,Kota,Sumatera Barat,Sumatera,-0.675,100.768,20.0,28.73,11187.0,72.94,70.28,63.35,10.53,13.86,34.63,63.65,63.18,51.95,"Kuadran I (Ekonomi Tinggi, Keputusan Tinggi)",Not Significant,Not Significant
1374,Kota Padang Panjang,KOTA PADANG PANJANG,Kota,Sumatera Barat,Sumatera,-0.462,100.39,20.0,47.44,11840.0,75.92,64.95,56.34,12.0,15.47,48.12,60.09,74.0,58.08,"Kuadran I (Ekonomi Tinggi, Keputusan Tinggi)",Not Significant,Not Significant
1375,Kota Bukittinggi,KOTA BUKITTINGGI,Kota,Sumatera Barat,Sumatera,-0.285,100.368,32.0,39.79,14297.0,77.11,57.85,57.48,11.65,15.28,41.53,66.24,76.77,58.46,"Kuadran I (Ekonomi Tinggi, Keputusan Tinggi)",Not Significant,Not Significant
1376,Kota Payakumbuh,KOTA PAYAKUMBUH,Kota,Sumatera Barat,Sumatera,-0.223,100.632,12.0,39.68,14260.0,77.06,51.47,60.51,10.89,14.57,43.31,43.79,73.66,49.57,"Kuadran IV (Ekonomi Tinggi, Keputusan Rendah)",Low-High (Spatial Outlier),Not Significant
1377,Kota Pariaman,KOTA PARIAMAN,Kota,Sumatera Barat,Sumatera,-0.629,100.138,10.0,32.42,13784.0,73.2,60.04,59.2,11.06,14.8,35.57,47.71,68.93,47.1,"Kuadran I (Ekonomi Tinggi, Keputusan Tinggi)",Not Significant,Not Significant
1401,Kabupaten Kuantan Singingi,KUANTAN SINGINGI,Kabupaten,Riau,Sumatera,0.314,101.018,14.29,35.5,11182.0,71.47,61.37,45.37,9.14,13.38,29.9,52.5,57.24,44.41,"Kuadran II (Ekonomi Rendah, Keputusan Tinggi)",Not Significant,Not Significant
1402,Kabupaten Indragiri Hulu,INDRAGIRI HULU,Kabupaten,Riau,Sumatera,-0.393,102.438,5.0,29.27,11333.0,72.88,61.35,44.48,8.43,12.6,23.4,44.04,56.21,38.22,"Kuadran III (Ekonomi Rendah, Keputusan Rendah)",Not Significant,Low-Low (Coldspot)
1403,Kabupaten Indragiri Hilir,INDRAGIRI HILIR,Kabupaten,Riau,Sumatera,1.473,102.113,17.78,29.73,11050.0,70.74,53.58,49.29,7.32,12.21,26.83,50.46,49.92,40.9,"Kuadran II (Ekonomi Rendah, Keputusan Tinggi)",Not Significant,Low-Low (Coldspot)
1404,Kabupaten Pelalawan,PELALAWAN,Kabupaten,Riau,Sumatera,-0.315,103.158,5.0,27.9,12575.0,74.18,54.91,44.74,8.96,12.91,22.25,39.73,60.87,36.97,"Kuadran III (Ekonomi Rendah, Keputusan Rendah)",Not Significant,Low-Low (Coldspot)
1405,Kabupaten S I A K,SIAK,Kabupaten,Riau,Sumatera,0.384,101.842,5.0,20.19,13080.0,73.79,56.68,46.91,9.92,12.89,16.25,40.92,62.94,35.46,"Kuadran III (Ekonomi Rendah, Keputusan Rendah)",Not Significant,Low-Low (Coldspot)
1406,Kabupaten Kampar,KAMPAR,Kabupaten,Riau,Sumatera,0.9,100.307,11.11,23.9,12034.0,73.6,47.85,43.57,9.58,13.61,17.71,40.56,62.27,35.76,"Kuadran III (Ekonomi Rendah, Keputusan Rendah)",Not Significant,Not Significant
1407,Kabupaten Rokan Hulu,ROKAN HULU,Kabupaten,Riau,Sumatera,2.099,100.818,6.67,26.47,10586.0,72.97,57.32,47.03,8.94,12.94,22.31,42.86,57.39,37.55,"Kuadran III (Ekonomi Rendah, Keputusan Rendah)",Not Significant,Not Significant
1408,Kabupaten Bengkalis,BENGKALIS,Kabupaten,Riau,Sumatera,0.805,102.02,15.56,23.39,12321.0,73.97,60.24,44.56,9.74,13.44,17.84,52.9,63.07,40.91,"Kuadran II (Ekonomi Rendah, Keputusan Tinggi)",Not Significant,Low-Low (Coldspot)
1409,Kabupaten Rokan Hilir,ROKAN HILIR,Kabupaten,Riau,Sumatera,-0.505,101.538,11.11,23.32,10447.0,73.14,63.76,44.31,8.53,12.89,17.61,51.21,56.47,38.82,"Kuadran II (Ekonomi Rendah, Keputusan Tinggi)",Not Significant,Not Significant
1410,Kabupaten Kepulauan Meranti,KEPULAUAN MERANTI,Kabupaten,Riau,Sumatera,1.001,102.726,26.67,27.23,8988.0,70.52,57.18,52.09,8.12,12.87,26.19,60.95,50.68,44.99,"Kuadran II (Ekonomi Rendah, Keputusan Tinggi)",Not Significant,Low-Low (Coldspot)
1471,Kota Pekanbaru,KOTA PEKANBARU,Kota,Riau,Sumatera,0.513,101.447,18.0,27.2,15212.0,75.38,50.38,53.92,11.96,15.84,27.3,48.52,77.1,45.75,"Kuadran II (Ekonomi Rendah, Keputusan Tinggi)",Not Significant,Low-Low (Coldspot)
1473,Kota D U M A I,KOTA DUMAI,Kota,Riau,Sumatera,1.667,101.4,5.71,23.83,12847.0,73.82,51.32,44.8,10.29,13.35,18.41,37.98,64.44,35.44,"Kuadran III (Ekonomi Rendah, Keputusan Rendah)",Not Significant,Low-Low (Coldspot)
1501,Kabupaten Kerinci,KERINCI,Kabupaten,Jambi,Sumatera,-2.057,101.388,6.67,42.71,11441.0,72.82,54.06,66.71,8.6,13.92,50.06,40.68,59.06,48.11,"Kuadran IV (Ekonomi Tinggi, Keputusan Rendah)",Low-Low (Coldspot),Not Significant
1502,Kabupaten Merangin,MERANGIN,Kabupaten,Jambi,Sumatera,-2.06,102.274,2.86,41.69,11425.0,73.99,60.18,62.03,8.4,12.26,46.17,41.31,57.06,46.4,"Kuadran IV (Ekonomi Tinggi, Keputusan Rendah)",Not Significant,Not Significant
1503,Kabupaten Sarolangun,SAROLANGUN,Kabupaten,Jambi,Sumatera,-2.313,102.75,13.33,30.93,12679.0,71.94,51.09,48.41,8.35,12.6,27.43,44.75,56.08,40.09,"Kuadran III (Ekonomi Rendah, Keputusan Rendah)",Not Significant,Not Significant
1504,Kabupaten Batang Hari,BATANG HARI,Kabupaten,Jambi,Sumatera,-1.694,103.273,20.0,35.48,10872.0,73.59,52.36,40.47,8.35,12.97,26.83,51.66,57.21,42.84,"Kuadran II (Ekonomi Rendah, Keputusan Tinggi)",Not Significant,Low-Low (Coldspot)
1505,Kabupaten Muaro Jambi,MUARO JAMBI,Kabupaten,Jambi,Sumatera,-1.448,103.515,10.0,36.0,10007.0,74.14,53.71,50.6,8.7,13.37,33.63,43.47,58.64,42.57,"Kuadran III (Ekonomi Rendah, Keputusan Rendah)",Not Significant,Low-Low (Coldspot)
1506,Kabupaten Tanjung Jabung Timur,TANJUNG JABUNG TIMUR,Kabupaten,Jambi,Sumatera,-0.827,103.461,20.0,23.14,10328.0,69.29,48.78,41.47,7.7,12.21,15.68,49.27,48.17,35.61,"Kuadran II (Ekonomi Rendah, Keputusan Tinggi)",Not Significant,Low-Low (Coldspot)
1507,Kabupaten Tanjung Jabung Barat,TANJUNG JABUNG BARAT,Kabupaten,Jambi,Sumatera,-1.206,103.79,14.29,27.27,10696.0,70.95,59.08,47.76,8.32,12.68,23.53,50.97,52.97,40.39,"Kuadran II (Ekonomi Rendah, Keputusan Tinggi)",Not Significant,Low-Low (Coldspot)
1508,Kabupaten Tebo,TEBO,Kabupaten,Jambi,Sumatera,-1.516,102.119,8.57,29.39,11415.0,72.71,57.96,50.09,8.04,12.93,27.0,45.02,55.8,39.97,"Kuadran III (Ekonomi Rendah, Keputusan Rendah)",Not Significant,Not Significant
1509,Kabupaten Bungo,BUNGO,Kabupaten,Jambi,Sumatera,-1.466,102.358,14.29,22.91,12820.0,70.75,47.34,49.82,8.6,12.67,20.65,43.11,55.33,36.57,"Kuadran III (Ekonomi Rendah, Keputusan Rendah)",Not Significant,Not Significant
1571,Kota Jambi,KOTA JAMBI,Kota,Jambi,Sumatera,-1.631,103.607,15.56,29.7,13388.0,76.0,47.46,51.59,11.51,15.55,28.23,44.35,74.63,43.96,"Kuadran III (Ekonomi Rendah, Keputusan Rendah)",Not Significant,Low-Low (Coldspot)
1572,Kota Sungai Penuh,KOTA SUNGAI PENUH,Kota,Jambi,Sumatera,-2.071,101.396,0.0,35.49,11499.0,75.37,55.61,53.3,10.48,14.84,34.82,35.66,68.38,41.87,"Kuadran IV (Ekonomi Tinggi, Keputusan Rendah)",Not Significant,Not Significant
1601,Kabupaten Ogan Komering Ulu,OGAN KOMERING ULU,Kabupaten,Sumatera Selatan,Sumatera,-4.166,104.198,2.86,25.04,11339.0,71.05,61.35,56.98,8.86,13.0,27.14,42.1,55.51,38.8,"Kuadran III (Ekonomi Rendah, Keputusan Rendah)",Not Significant,Not Significant
1602,Kabupaten Ogan Komering Ilir,OGAN KOMERING ILIR,Kabupaten,Sumatera Selatan,Sumatera,-3.412,104.823,13.33,25.43,12305.0,71.5,41.72,50.5,7.19,11.98,23.48,38.48,51.4,35.06,"Kuadran III (Ekonomi Rendah, Keputusan Rendah)",Not Significant,Not Significant
1603,Kabupaten Muara Enim,MUARA ENIM,Kabupaten,Sumatera Selatan,Sumatera,-3.656,103.777,15.56,37.5,12291.0,71.95,60.03,57.73,8.27,12.02,39.5,52.76,54.47,47.8,"Kuadran I (Ekonomi Tinggi, Keputusan Tinggi)",Not Significant,Not Significant
1604,Kabupaten Lahat,LAHAT,Kabupaten,Sumatera Selatan,Sumatera,-3.778,103.55,17.5,37.81,11255.0,69.13,59.06,60.39,8.69,12.45,41.45,53.87,51.5,48.43,"Kuadran I (Ekonomi Tinggi, Keputusan Tinggi)",Not Significant,Not Significant
1605,Kabupaten Musi Rawas,MUSI RAWAS,Kabupaten,Sumatera Selatan,Sumatera,-3.244,103.012,17.5,26.22,11058.0,71.18,58.02,59.03,7.57,12.23,29.54,53.18,51.1,43.31,"Kuadran II (Ekonomi Rendah, Keputusan Tinggi)",Not Significant,Not Significant
1606,Kabupaten Musi Banyuasin,MUSI BANYUASIN,Kabupaten,Sumatera Selatan,Sumatera,-2.889,103.84,11.11,34.81,11424.0,71.74,48.58,52.71,7.95,12.33,33.81,41.05,53.22,40.59,"Kuadran III (Ekonomi Rendah, Keputusan Rendah)",Not Significant,Not Significant
1607,Kabupaten Banyu Asin,BANYU ASIN,Kabupaten,Sumatera Selatan,Sumatera,-2.917,104.407,13.33,30.16,11277.0,71.98,56.3,41.94,7.48,12.34,22.67,48.23,52.37,38.83,"Kuadran II (Ekonomi Rendah, Keputusan Tinggi)",Not Significant,Not Significant
1608,Kabupaten Ogan Komering Ulu Selatan,OGAN KOMERING ULU SELATAN,Kabupaten,Sumatera Selatan,Sumatera,-4.369,104.358,12.82,23.69,9680.0,70.29,57.49,66.58,8.25,11.82,31.83,48.57,49.38,42.04,"Kuadran II (Ekonomi Rendah, Keputusan Tinggi)",Not Significant,Not Significant
1609,Kabupaten Ogan Komering Ulu Timur,OGAN KOMERING ULU TIMUR,Kabupaten,Sumatera Selatan,Sumatera,-4.532,104.095,15.56,28.85,12623.0,72.01,54.7,63.99,8.08,12.49,35.14,49.19,55.31,44.79,"Kuadran I (Ekonomi Tinggi, Keputusan Tinggi)",Not Significant,Not Significant
1610,Kabupaten Ogan Ilir,OGAN ILIR,Kabupaten,Sumatera Selatan,Sumatera,-3.261,104.653,12.5,28.09,12093.0,68.54,51.8,67.11,8.09,12.42,36.36,44.47,50.13,42.36,"Kuadran IV (Ekonomi Tinggi, Keputusan Rendah)",Not Significant,Not Significant
1611,Kabupaten Empat Lawang,EMPAT LAWANG,Kabupaten,Sumatera Selatan,Sumatera,-3.61,103.103,22.86,34.25,10889.0,67.85,62.69,69.56,7.68,12.11,43.76,61.17,46.58,51.29,"Kuadran I (Ekonomi Tinggi, Keputusan Tinggi)",High-High (Hotspot),Not Significant
1612,Kabupaten Penukal Abab Lematang Ilir,PENUKAL ABAB LEMATANG ILIR,Kabupaten,Sumatera Selatan,Sumatera,-3.31,103.884,0.0,38.99,9604.0,71.2,59.43,69.85,7.27,12.5,48.46,38.21,49.57,44.58,"Kuadran IV (Ekonomi Tinggi, Keputusan Rendah)",Not Significant,Not Significant
1613,Kabupaten Musi Rawas Utara,MUSI RAWAS UTARA,Kabupaten,Sumatera Selatan,Sumatera,-2.735,102.901,0.0,25.8,11198.0,68.56,59.12,55.97,7.51,11.9,27.24,38.0,47.04,35.5,"Kuadran III (Ekonomi Rendah, Keputusan Rendah)",Not Significant,Not Significant
1671,Kota Palembang,KOTA PALEMBANG,Kota,Sumatera Selatan,Sumatera,-2.991,104.757,8.0,30.06,16150.0,74.41,46.08,46.24,10.93,14.46,25.25,36.55,71.86,39.09,"Kuadran III (Ekonomi Rendah, Keputusan Rendah)",Not Significant,Not Significant
1672,Kota Prabumulih,KOTA PRABUMULIH,Kota,Sumatera Selatan,Sumatera,-4.039,103.197,26.67,24.97,13982.0,73.62,59.31,58.38,10.36,13.41,27.95,62.38,65.53,49.24,"Kuadran II (Ekonomi Rendah, Keputusan Tinggi)",Not Significant,Not Significant
1673,Kota Pagar Alam,KOTA PAGAR ALAM,Kota,Sumatera Selatan,Sumatera,-3.326,102.825,17.39,22.14,10245.0,70.02,62.17,67.43,9.44,13.5,30.88,55.85,55.34,45.76,"Kuadran II (Ekonomi Rendah, Keputusan Tinggi)",Not Significant,Not Significant
1674,Kota Lubuklinggau,KOTA LUBUKLINGGAU,Kota,Sumatera Selatan,Sumatera,-3.369,104.308,30.0,27.35,14672.0,72.6,54.08,59.92,9.94,13.69,31.18,61.9,64.42,50.12,"Kuadran II (Ekonomi Rendah, Keputusan Tinggi)",Not Significant,Not Significant
1701,Kabupaten Bengkulu Selatan,BENGKULU SELATAN,Kabupaten,Bengkulu,Sumatera,-4.44,102.895,4.0,41.46,11040.0,70.57,52.94,61.98,9.42,13.66,45.92,37.5,57.07,44.78,"Kuadran IV (Ekonomi Tinggi, Keputusan Rendah)",Not Significant,Not Significant
1702,Kabupaten Rejang Lebong,REJANG LEBONG,Kabupaten,Bengkulu,Sumatera,-3.478,102.532,20.0,25.5,11385.0,71.44,61.43,63.72,8.81,14.2,31.78,57.73,58.18,47.44,"Kuadran II (Ekonomi Rendah, Keputusan Tinggi)",Not Significant,Not Significant
1703,Kabupaten Bengkulu Utara,BENGKULU UTARA,Kabupaten,Bengkulu,Sumatera,-3.437,102.202,3.33,38.65,11715.0,71.02,53.25,56.21,8.32,12.92,39.65,37.1,54.47,41.59,"Kuadran IV (Ekonomi Tinggi, Keputusan Rendah)",Not Significant,Not Significant
1704,Kabupaten Kaur,KAUR,Kabupaten,Bengkulu,Sumatera,-4.759,103.349,16.0,38.6,9742.0,69.54,56.45,56.42,8.47,13.15,39.73,50.76,51.41,46.48,"Kuadran I (Ekonomi Tinggi, Keputusan Tinggi)",Not Significant,Not Significant
1705,Kabupaten Seluma,SELUMA,Kabupaten,Bengkulu,Sumatera,-4.078,102.556,13.33,35.42,9474.0,70.57,55.55,56.69,8.14,13.33,36.87,47.73,52.1,44.26,"Kuadran I (Ekonomi Tinggi, Keputusan Tinggi)",Not Significant,Not Significant
1706,Kabupaten Mukomuko,MUKOMUKO,Kabupaten,Bengkulu,Sumatera,-2.553,101.104,0.0,32.93,11665.0,69.6,58.01,45.95,8.57,12.87,27.81,37.26,53.02,36.63,"Kuadran III (Ekonomi Rendah, Keputusan Rendah)",Not Significant,Not Significant
1707,Kabupaten Lebong,LEBONG,Kabupaten,Bengkulu,Sumatera,-3.157,102.183,28.0,38.76,12362.0,66.09,56.54,54.66,8.41,12.91,38.79,61.73,48.78,49.96,"Kuadran I (Ekonomi Tinggi, Keputusan Tinggi)",Not Significant,Not Significant
1708,Kabupaten Kepahiang,KEPAHIANG,Kabupaten,Bengkulu,Sumatera,-3.625,102.556,4.0,34.97,10620.0,70.64,65.06,65.56,8.37,13.16,41.96,45.61,53.49,45.73,"Kuadran IV (Ekonomi Tinggi, Keputusan Rendah)",Not Significant,Not Significant
1709,Kabupaten Bengkulu Tengah,BENGKULU TENGAH,Kabupaten,Bengkulu,Sumatera,-3.773,102.39,20.0,42.23,10672.0,70.68,48.78,50.39,7.71,13.47,39.44,49.27,52.69,46.02,"Kuadran I (Ekonomi Tinggi, Keputusan Tinggi)",Not Significant,Not Significant
1771,Kota Bengkulu,KOTA BENGKULU,Kota,Bengkulu,Sumatera,-3.793,102.261,22.86,33.88,15542.0,73.06,54.26,59.29,11.84,16.07,37.02,55.53,74.52,51.92,"Kuadran I (Ekonomi Tinggi, Keputusan Tinggi)",Not Significant,Not Significant
1801,Kabupaten Lampung Barat,LAMPUNG BARAT,Kabupaten,Lampung,Sumatera,-5.718,105.585,14.29,31.82,10965.0,70.44,53.95,74.07,8.56,12.3,44.25,47.54,52.38,47.19,"Kuadran IV (Ekonomi Tinggi, Keputusan Rendah)",Not Significant,High-Low (Spatial Outlier)
1802,Kabupaten Tanggamus,TANGGAMUS,Kabupaten,Lampung,Sumatera,-4.977,105.21,8.89,30.02,10524.0,71.58,51.25,52.43,7.38,12.33,29.06,40.82,50.88,38.13,"Kuadran III (Ekonomi Rendah, Keputusan Rendah)",Not Significant,Not Significant
1803,Kabupaten Lampung Selatan,LAMPUNG SELATAN,Kabupaten,Lampung,Sumatera,-4.829,104.887,24.0,28.47,11133.0,72.34,56.37,50.67,7.78,12.65,26.49,57.98,53.95,44.58,"Kuadran II (Ekonomi Rendah, Keputusan Tinggi)",Not Significant,Not Significant
1804,Kabupaten Lampung Timur,LAMPUNG TIMUR,Kabupaten,Lampung,Sumatera,-5.019,104.061,14.0,31.62,11262.0,73.56,59.34,50.62,8.2,12.98,29.46,50.88,57.23,43.58,"Kuadran II (Ekonomi Rendah, Keputusan Tinggi)",Not Significant,Not Significant
1805,Kabupaten Lampung Tengah,LAMPUNG TENGAH,Kabupaten,Lampung,Sumatera,-4.495,105.22,20.0,32.31,12595.0,72.56,54.5,60.96,7.97,13.17,36.56,53.09,57.02,47.26,"Kuadran I (Ekonomi Tinggi, Keputusan Tinggi)",Not Significant,Not Significant
1806,Kabupaten Lampung Utara,LAMPUNG UTARA,Kabupaten,Lampung,Sumatera,-5.481,104.682,6.67,34.49,9837.0,72.15,56.83,50.44,8.38,12.56,32.09,42.53,53.64,40.58,"Kuadran III (Ekonomi Rendah, Keputusan Rendah)",Not Significant,Not Significant
1807,Kabupaten Way Kanan,WAY KANAN,Kabupaten,Lampung,Sumatera,-5.048,105.528,20.0,33.11,10439.0,72.18,48.12,57.9,7.75,12.44,35.42,48.83,52.62,44.22,"Kuadran I (Ekonomi Tinggi, Keputusan Tinggi)",Not Significant,Not Significant
1808,Kabupaten Tulangbawang,TULANGBAWANG,Kabupaten,Lampung,Sumatera,-4.506,104.511,25.0,25.9,12122.0,72.57,48.98,50.58,7.65,12.3,23.98,53.95,54.25,42.02,"Kuadran II (Ekonomi Rendah, Keputusan Tinggi)",Not Significant,Not Significant
1809,Kabupaten Pesawaran,PESAWARAN,Kabupaten,Lampung,Sumatera,-5.398,105.07,15.0,30.58,9190.0,72.14,57.28,54.13,8.0,12.63,30.65,50.41,52.29,42.88,"Kuadran II (Ekonomi Rendah, Keputusan Tinggi)",Not Significant,Not Significant
1810,Kabupaten Pringsewu,PRINGSEWU,Kabupaten,Lampung,Sumatera,-5.344,105.006,30.0,20.78,11543.0,73.24,48.46,56.82,8.53,12.93,22.98,58.14,57.72,43.99,"Kuadran II (Ekonomi Rendah, Keputusan Tinggi)",Not Significant,Not Significant
1811,Kabupaten Mesuji,MESUJI,Kabupaten,Lampung,Sumatera,-3.873,105.428,20.0,26.88,9454.0,71.07,47.44,50.84,7.21,11.82,25.08,48.37,47.86,38.95,"Kuadran II (Ekonomi Rendah, Keputusan Tinggi)",Not Significant,Low-Low (Coldspot)
1812,Kabupaten Tulang Bawang Barat,TULANGBAWANG BARAT,Kabupaten,Lampung,Sumatera,-4.499,105.12,8.57,32.22,9646.0,72.65,56.27,52.05,7.8,12.12,30.92,43.89,52.0,40.32,"Kuadran III (Ekonomi Rendah, Keputusan Rendah)",Not Significant,Not Significant
1813,Kabupaten Pesisir Barat,PESISIR BARAT,Kabupaten,Lampung,Sumatera,-5.188,103.935,12.0,34.27,9550.0,66.65,47.51,57.58,8.73,12.16,36.32,41.14,46.17,40.22,"Kuadran IV (Ekonomi Tinggi, Keputusan Rendah)",Not Significant,Not Significant
1871,Kota Bandar Lampung,KOTA BANDAR LAMPUNG,Kota,Lampung,Sumatera,-5.43,105.263,24.49,31.52,13667.0,74.29,56.05,52.19,10.99,14.73,30.34,58.21,69.96,49.41,"Kuadran II (Ekonomi Rendah, Keputusan Tinggi)",Not Significant,Not Significant
1872,Kota Metro,KOTA METRO,Kota,Lampung,Sumatera,-5.114,105.307,20.0,34.03,13092.0,74.5,56.11,58.66,11.01,14.79,36.77,54.17,69.85,50.35,"Kuadran I (Ekonomi Tinggi, Keputusan Tinggi)",Not Significant,Not Significant
1901,Kabupaten Bangka,BANGKA,Kabupaten,Kepulauan Bangka Belitung,Sumatera,-1.887,106.105,14.29,25.28,13205.0,73.85,52.59,50.26,8.45,13.12,23.19,46.63,60.28,39.98,"Kuadran III (Ekonomi Rendah, Keputusan Rendah)",Not Significant,Low-Low (Coldspot)
1902,Kabupaten Belitung,BELITUNG,Kabupaten,Kepulauan Bangka Belitung,Sumatera,-2.742,107.654,12.0,23.76,14449.0,73.79,48.9,48.6,9.05,12.09,20.7,42.07,60.82,37.27,"Kuadran III (Ekonomi Rendah, Keputusan Rendah)",Not Significant,Low-Low (Coldspot)
1903,Kabupaten Bangka Barat,BANGKA BARAT,Kabupaten,Kepulauan Bangka Belitung,Sumatera,-3.02,106.512,16.67,26.73,13199.0,72.6,52.35,52.07,7.48,11.79,25.7,48.63,54.0,40.53,"Kuadran II (Ekonomi Rendah, Keputusan Tinggi)",Not Significant,Low-Low (Coldspot)
1904,Kabupaten Bangka Tengah,BANGKA TENGAH,Kabupaten,Kepulauan Bangka Belitung,Sumatera,-2.515,106.416,20.0,22.26,13677.0,74.41,62.5,50.98,7.24,12.15,20.76,58.45,56.96,43.08,"Kuadran II (Ekonomi Rendah, Keputusan Tinggi)",Not Significant,Low-Low (Coldspot)
1905,Kabupaten Bangka Selatan,BANGKA SELATAN,Kabupaten,Kepulauan Bangka Belitung,Sumatera,-2.059,105.201,13.33,22.75,12718.0,71.27,49.77,46.9,6.93,11.71,18.68,43.87,50.41,35.1,"Kuadran III (Ekonomi Rendah, Keputusan Rendah)",Not Significant,Low-Low (Coldspot)
1906,Kabupaten Belitung Timur,BELITUNG TIMUR,Kabupaten,Kepulauan Bangka Belitung,Sumatera,-2.883,108.239,0.0,27.15,12610.0,74.92,55.94,53.19,8.99,11.69,26.8,35.88,59.68,37.01,"Kuadran III (Ekonomi Rendah, Keputusan Rendah)",Not Significant,Low-Low (Coldspot)
1971,Kota Pangkal Pinang,KOTA PANGKAL PINANG,Kota,Kepulauan Bangka Belitung,Sumatera,-2.141,106.116,13.33,30.68,16750.0,76.79,44.44,52.73,10.67,13.3,29.88,40.3,72.83,42.64,"Kuadran III (Ekonomi Rendah, Keputusan Rendah)",Not Significant,Low-Low (Coldspot)
2101,Kabupaten Karimun,KARIMUN,Kabupaten,Kepulauan Riau,Sumatera,1.087,104.502,10.0,25.2,13287.0,74.25,50.84,52.68,8.91,12.62,24.62,41.55,60.99,38.67,"Kuadran III (Ekonomi Rendah, Keputusan Rendah)",Not Significant,Low-Low (Coldspot)
2102,Kabupaten Bintan,BINTAN,Kabupaten,Kepulauan Riau,Sumatera,1.033,103.376,40.0,23.83,15078.0,73.24,62.46,50.91,9.15,13.45,22.21,76.6,63.44,52.21,"Kuadran II (Ekonomi Rendah, Keputusan Tinggi)",Not Significant,Low-Low (Coldspot)
2103,Kabupaten Natuna,NATUNA,Kabupaten,Kepulauan Riau,Sumatera,3.923,108.337,0.0,24.87,15560.0,68.41,53.75,59.03,9.2,13.94,28.26,34.41,58.56,36.78,"Kuadran III (Ekonomi Rendah, Keputusan Rendah)",Not Significant,Not Significant
2104,Kabupaten Lingga,LINGGA,Kabupaten,Kepulauan Riau,Sumatera,-0.21,104.605,16.0,23.25,12906.0,65.68,55.62,41.72,7.6,12.65,15.94,50.21,46.47,35.75,"Kuadran II (Ekonomi Rendah, Keputusan Tinggi)",Not Significant,Low-Low (Coldspot)
2105,Kabupaten Kepulauan Anambas,KEPULAUAN ANAMBAS,Kabupaten,Kepulauan Riau,Sumatera,3.215,106.249,10.0,26.53,12983.0,70.41,52.51,57.11,7.53,13.06,28.65,42.67,53.37,39.2,"Kuadran III (Ekonomi Rendah, Keputusan Rendah)",Not Significant,Low-Low (Coldspot)
2171,Kota B A T A M,KOTA BATAM,Kota,Kepulauan Riau,Sumatera,1.129,104.055,10.0,29.48,19668.0,76.09,42.38,51.48,11.21,13.56,27.96,35.89,76.38,40.82,"Kuadran III (Ekonomi Rendah, Keputusan Rendah)",Not Significant,Low-Low (Coldspot)
2172,Kota Tanjung Pinang,KOTA TANJUNG PINANG,Kota,Kepulauan Riau,Sumatera,0.965,104.441,23.33,26.85,16663.0,75.4,52.48,56.96,10.67,14.18,28.86,54.77,72.55,47.96,"Kuadran II (Ekonomi Rendah, Keputusan Tinggi)",Not Significant,Low-Low (Coldspot)
3101,Kabupaten Kepulauan Seribu,KEPULAUAN SERIBU,Kabupaten,DKI Jakarta,Jawa,-5.746,106.613,25.47,26.37,14110.0,71.8,55.31,60.42,9.26,12.67,30.55,58.61,59.42,47.55,"Kuadran II (Ekonomi Rendah, Keputusan Tinggi)",Not Significant,Not Significant
3171,Kota Jakarta Selatan,KODYA JAKARTA SELATAN,Kota,DKI Jakarta,Jawa,-6.173,106.819,25.47,37.51,25573.0,76.86,50.94,50.47,11.95,13.94,34.99,55.68,85.38,53.34,"Kuadran I (Ekonomi Tinggi, Keputusan Tinggi)",Not Significant,Low-Low (Coldspot)
3172,Kota Jakarta Timur,KODYA JAKARTA TIMUR,Kota,DKI Jakarta,Jawa,-6.12,106.892,25.47,34.12,19193.0,77.11,45.57,50.19,11.99,14.07,31.58,52.09,79.96,49.46,"Kuadran II (Ekonomi Rendah, Keputusan Tinggi)",Not Significant,Not Significant
3173,Kota Jakarta Pusat,KODYA JAKARTA PUSAT,Kota,DKI Jakarta,Jawa,-6.184,106.737,25.47,39.67,18661.0,76.94,42.07,50.44,11.61,13.31,37.03,49.75,76.97,50.11,"Kuadran I (Ekonomi Tinggi, Keputusan Tinggi)",Not Significant,High-Low (Spatial Outlier)
3174,Kota Jakarta Barat,KODYA JAKARTA BARAT,Kota,DKI Jakarta,Jawa,-6.248,106.808,25.47,34.54,22119.0,76.28,48.78,48.39,11.24,13.14,30.86,54.24,78.25,49.69,"Kuadran II (Ekonomi Rendah, Keputusan Tinggi)",Not Significant,Not Significant
3175,Kota Jakarta Utara,KODYA JAKARTA UTARA,Kota,DKI Jakarta,Jawa,-6.214,106.944,25.47,36.32,20032.0,76.04,51.84,52.34,10.85,12.7,35.02,56.29,74.26,51.38,"Kuadran I (Ekonomi Tinggi, Keputusan Tinggi)",Not Significant,Low-Low (Coldspot)
3201,Kabupaten Bogor,BOGOR,Kabupaten,Jawa Barat,Jawa,-6.479,106.825,9.09,26.22,11563.0,74.21,45.41,45.57,8.39,12.75,21.17,37.09,58.37,34.98,"Kuadran III (Ekonomi Rendah, Keputusan Rendah)",Not Significant,Not Significant
3202,Kabupaten Sukabumi,SUKABUMI,Kabupaten,Jawa Barat,Jawa,-6.989,106.55,18.0,27.17,9815.0,74.11,39.0,53.44,7.34,12.39,26.97,40.91,53.56,37.86,"Kuadran III (Ekonomi Rendah, Keputusan Rendah)",Not Significant,Low-Low (Coldspot)
3203,Kabupaten Cianjur,CIANJUR,Kabupaten,Jawa Barat,Jawa,-6.823,107.139,22.0,21.41,9026.0,72.98,56.3,55.61,7.33,12.04,22.83,56.12,50.65,41.71,"Kuadran II (Ekonomi Rendah, Keputusan Tinggi)",Not Significant,Low-Low (Coldspot)
3204,Kabupaten Bandung,BANDUNG,Kabupaten,Jawa Barat,Jawa,-7.022,107.528,16.36,33.4,11392.0,76.44,49.58,51.25,9.15,12.74,31.55,46.49,62.82,43.78,"Kuadran III (Ekonomi Rendah, Keputusan Rendah)",Not Significant,Not Significant
3205,Kabupaten Garut,GARUT,Kabupaten,Jawa Barat,Jawa,-7.203,107.886,24.0,32.18,9168.0,74.33,45.92,56.48,7.85,12.17,33.64,50.99,53.96,44.64,"Kuadran II (Ekonomi Rendah, Keputusan Tinggi)",Not Significant,Not Significant
3206,Kabupaten Tasikmalaya,TASIKMALAYA,Kabupaten,Jawa Barat,Jawa,-7.361,108.113,12.0,27.95,8965.0,72.41,50.17,53.26,7.97,12.64,27.6,42.92,52.38,38.68,"Kuadran III (Ekonomi Rendah, Keputusan Rendah)",Not Significant,Not Significant
3207,Kabupaten Ciamis,CIAMIS,Kabupaten,Jawa Barat,Jawa,-7.326,108.351,10.0,39.14,10085.0,74.94,47.47,55.64,8.1,14.3,39.76,39.3,60.15,43.65,"Kuadran IV (Ekonomi Tinggi, Keputusan Rendah)",Not Significant,Not Significant
3208,Kabupaten Kuningan,KUNINGAN,Kabupaten,Jawa Barat,Jawa,-6.976,108.483,32.0,31.43,10418.0,76.42,48.37,50.85,7.9,12.27,29.42,59.9,58.2,47.37,"Kuadran II (Ekonomi Rendah, Keputusan Tinggi)",Not Significant,Not Significant
3209,Kabupaten Cirebon,CIREBON,Kabupaten,Jawa Barat,Jawa,-6.765,108.479,28.0,27.62,11529.0,75.15,50.04,51.86,7.65,12.42,26.42,57.38,57.31,44.98,"Kuadran II (Ekonomi Rendah, Keputusan Tinggi)",Not Significant,Low-Low (Coldspot)
3210,Kabupaten Majalengka,MAJALENGKA,Kabupaten,Jawa Barat,Jawa,-6.836,108.228,14.0,27.59,10842.0,73.34,48.4,54.11,7.53,12.27,27.79,43.56,53.72,39.28,"Kuadran III (Ekonomi Rendah, Keputusan Rendah)",Not Significant,Not Significant
3211,Kabupaten Sumedang,SUMEDANG,Kabupaten,Jawa Barat,Jawa,-6.861,107.921,24.0,35.1,11589.0,75.7,49.83,54.65,8.74,13.02,35.29,53.61,61.64,47.89,"Kuadran I (Ekonomi Tinggi, Keputusan Tinggi)",Not Significant,Not Significant
3212,Kabupaten Indramayu,INDRAMAYU,Kabupaten,Jawa Barat,Jawa,-6.327,108.323,28.0,21.06,11010.0,74.83,46.54,48.21,6.95,12.32,17.89,55.04,54.64,40.1,"Kuadran II (Ekonomi Rendah, Keputusan Tinggi)",Not Significant,Low-Low (Coldspot)
3213,Kabupaten Subang,SUBANG,Kabupaten,Jawa Barat,Jawa,-6.571,107.762,22.0,31.71,11894.0,75.8,40.43,55.83,7.46,12.11,32.79,45.5,57.51,42.82,"Kuadran III (Ekonomi Rendah, Keputusan Rendah)",Not Significant,Low-Low (Coldspot)
3214,Kabupaten Purwakarta,PURWAKARTA,Kabupaten,Jawa Barat,Jawa,-6.556,107.441,30.0,28.63,13099.0,74.04,44.28,46.19,8.14,12.25,23.85,55.35,58.12,43.3,"Kuadran II (Ekonomi Rendah, Keputusan Tinggi)",Not Significant,Low-Low (Coldspot)
3215,Kabupaten Karawang,KARAWANG,Kabupaten,Jawa Barat,Jawa,-6.302,107.305,16.0,27.96,12942.0,75.29,42.71,43.48,8.05,12.21,21.53,41.57,59.34,37.11,"Kuadran III (Ekonomi Rendah, Keputusan Rendah)",Not Significant,Low-Low (Coldspot)
3216,Kabupaten Bekasi,BEKASI,Kabupaten,Jawa Barat,Jawa,-6.247,107.148,21.82,23.89,12500.0,76.55,41.97,44.34,9.76,13.18,18.18,46.37,66.2,39.06,"Kuadran III (Ekonomi Rendah, Keputusan Rendah)",Not Significant,Low-Low (Coldspot)
3217,Kabupaten Bandung Barat,BANDUNG BARAT,Kabupaten,Jawa Barat,Jawa,-6.865,107.492,20.0,33.77,9583.0,75.56,47.86,48.84,8.24,12.0,30.41,48.65,56.53,42.93,"Kuadran II (Ekonomi Rendah, Keputusan Tinggi)",Not Significant,Not Significant
3218,Kabupaten Pangandaran,PANGANDARAN,Kabupaten,Jawa Barat,Jawa,-7.615,108.499,20.0,37.06,9654.0,74.46,48.42,69.11,8.1,12.31,46.16,49.03,55.41,49.16,"Kuadran I (Ekonomi Tinggi, Keputusan Tinggi)",Not Significant,Not Significant
3271,Kota Bogor,KOTA BOGOR,Kota,Jawa Barat,Jawa,-6.595,106.794,26.0,29.47,13154.0,76.69,42.58,50.69,10.71,13.51,27.45,50.57,69.75,45.16,"Kuadran II (Ekonomi Rendah, Keputusan Tinggi)",Not Significant,Low-Low (Coldspot)
3272,Kota Sukabumi,KOTA SUKABUMI,Kota,Jawa Barat,Jawa,-6.918,106.932,20.0,28.21,12252.0,75.57,42.37,45.67,10.38,13.62,23.13,44.98,66.88,40.62,"Kuadran III (Ekonomi Rendah, Keputusan Rendah)",Not Significant,Low-Low (Coldspot)
3273,Kota Bandung,KOTA BANDUNG,Kota,Jawa Barat,Jawa,-6.911,107.61,16.0,35.57,18795.0,77.24,42.51,51.96,11.07,14.25,34.07,41.44,78.03,45.81,"Kuadran III (Ekonomi Rendah, Keputusan Rendah)",Not Significant,Not Significant
3274,Kota Cirebon,KOTA CIREBON,Kota,Jawa Barat,Jawa,-6.707,108.558,34.29,31.77,12869.0,75.55,44.52,54.77,10.53,13.17,32.19,59.41,66.94,50.03,"Kuadran II (Ekonomi Rendah, Keputusan Tinggi)",Not Significant,Low-Low (Coldspot)
3275,Kota Bekasi,KOTA BEKASI,Kota,Jawa Barat,Jawa,-6.236,106.994,20.0,29.77,16775.0,77.75,47.42,50.63,11.79,14.14,27.7,48.36,78.18,46.06,"Kuadran II (Ekonomi Rendah, Keputusan Tinggi)",Not Significant,Low-Low (Coldspot)
3276,Kota Depok,KOTA DEPOK,Kota,Jawa Barat,Jawa,-6.394,106.823,24.0,32.48,16640.0,77.41,45.62,46.83,11.59,14.11,27.92,50.79,77.1,46.9,"Kuadran II (Ekonomi Rendah, Keputusan Tinggi)",Not Significant,Low-Low (Coldspot)
3277,Kota Cimahi,KOTA CIMAHI,Kota,Jawa Barat,Jawa,-6.871,107.555,26.67,30.68,13278.0,77.01,48.43,49.99,11.52,13.85,28.17,55.1,72.73,47.85,"Kuadran II (Ekonomi Rendah, Keputusan Tinggi)",Not Significant,Not Significant
3278,Kota Tasikmalaya,KOTA TASIKMALAYA,Kota,Jawa Barat,Jawa,-7.316,108.197,16.28,34.37,11431.0,75.32,42.63,54.03,9.63,13.5,34.21,41.77,63.87,43.17,"Kuadran III (Ekonomi Rendah, Keputusan Rendah)",Not Significant,Not Significant
3279,Kota Banjar,KOTA BANJAR,Kota,Jawa Barat,Jawa,-7.362,108.56,13.33,28.26,11811.0,74.08,48.06,52.16,8.83,13.28,27.21,42.72,60.4,40.05,"Kuadran III (Ekonomi Rendah, Keputusan Rendah)",Not Significant,Not Significant
3301,Kabupaten Cilacap,CILACAP,Kabupaten,Jawa Tengah,Jawa,-7.726,109.01,24.0,26.05,11868.0,76.58,47.48,52.28,7.4,12.69,25.18,52.03,59.46,42.78,"Kuadran II (Ekonomi Rendah, Keputusan Tinggi)",Not Significant,Not Significant
3302,Kabupaten Banyumas,BANYUMAS,Kabupaten,Jawa Tengah,Jawa,-7.423,109.23,18.0,31.13,12960.0,76.32,47.08,50.62,7.91,13.34,28.99,46.31,62.5,42.62,"Kuadran III (Ekonomi Rendah, Keputusan Rendah)",Not Significant,Not Significant
3303,Kabupaten Purbalingga,PURBALINGGA,Kabupaten,Jawa Tengah,Jawa,-7.389,109.364,30.0,30.81,11343.0,75.86,45.84,62.25,7.36,12.03,35.93,56.39,56.69,48.27,"Kuadran I (Ekonomi Tinggi, Keputusan Tinggi)",Not Significant,Not Significant
3304,Kabupaten Banjarnegara,BANJARNEGARA,Kabupaten,Jawa Tengah,Jawa,-7.396,109.696,14.0,29.31,10595.0,76.77,46.03,58.96,6.87,11.83,32.45,41.97,55.71,40.91,"Kuadran III (Ekonomi Rendah, Keputusan Rendah)",Not Significant,Not Significant
3305,Kabupaten Kebumen,KEBUMEN,Kabupaten,Jawa Tengah,Jawa,-7.668,109.654,24.0,25.84,10176.0,76.18,49.81,66.46,7.87,13.39,33.81,53.59,59.66,46.89,"Kuadran II (Ekonomi Rendah, Keputusan Tinggi)",Not Significant,Not Significant
3306,Kabupaten Purworejo,PURWOREJO,Kabupaten,Jawa Tengah,Jawa,-7.714,110.008,22.22,34.92,11584.0,77.49,37.75,62.87,8.65,13.55,40.24,43.91,64.77,46.61,"Kuadran IV (Ekonomi Tinggi, Keputusan Rendah)",Not Significant,Not Significant
3307,Kabupaten Wonosobo,WONOSOBO,Kabupaten,Jawa Tengah,Jawa,-7.358,109.905,11.11,24.07,11980.0,74.45,53.99,61.97,6.9,11.81,29.32,44.67,54.01,40.4,"Kuadran III (Ekonomi Rendah, Keputusan Rendah)",Not Significant,Not Significant
3308,Kabupaten Magelang,MAGELANG,Kabupaten,Jawa Tengah,Jawa,-7.597,110.224,10.0,37.18,10926.0,76.55,47.0,67.9,7.83,12.62,45.52,38.99,59.35,45.67,"Kuadran IV (Ekonomi Tinggi, Keputusan Rendah)",Not Significant,High-High (Hotspot)
3309,Kabupaten Boyolali,BOYOLALI,Kabupaten,Jawa Tengah,Jawa,-7.546,110.611,26.53,41.2,14195.0,78.55,54.73,65.85,8.17,12.67,48.08,59.18,65.95,56.09,"Kuadran I (Ekonomi Tinggi, Keputusan Tinggi)",Not Significant,High-High (Hotspot)
3310,Kabupaten Klaten,KLATEN,Kabupaten,Jawa Tengah,Jawa,-7.712,110.592,22.45,36.8,13513.0,79.33,53.12,64.0,9.29,13.43,42.73,54.4,70.24,52.9,"Kuadran I (Ekonomi Tinggi, Keputusan Tinggi)",Not Significant,High-High (Hotspot)
3311,Kabupaten Sukoharjo,SUKOHARJO,Kabupaten,Jawa Tengah,Jawa,-7.665,110.836,15.56,40.96,12758.0,80.38,49.71,56.92,10.01,13.92,42.3,45.85,73.42,49.94,"Kuadran IV (Ekonomi Tinggi, Keputusan Rendah)",Not Significant,High-High (Hotspot)
3312,Kabupaten Wonogiri,WONOGIRI,Kabupaten,Jawa Tengah,Jawa,-7.815,110.926,24.0,39.75,10634.0,78.84,52.12,67.63,7.68,12.61,47.81,55.14,61.73,53.53,"Kuadran I (Ekonomi Tinggi, Keputusan Tinggi)",Not Significant,High-High (Hotspot)
3313,Kabupaten Karanganyar,KARANGANYAR,Kabupaten,Jawa Tengah,Jawa,-7.596,110.94,18.18,38.58,12732.0,80.07,51.83,64.27,9.26,13.73,44.6,49.65,70.96,51.89,"Kuadran I (Ekonomi Tinggi, Keputusan Tinggi)",Not Significant,High-High (Hotspot)
3314,Kabupaten Sragen,SRAGEN,Kabupaten,Jawa Tengah,Jawa,-7.426,111.023,16.0,36.76,13890.0,78.3,53.98,65.1,7.88,12.93,43.38,49.11,65.17,50.03,"Kuadran I (Ekonomi Tinggi, Keputusan Tinggi)",Not Significant,High-High (Hotspot)
3315,Kabupaten Grobogan,GROBOGAN,Kabupaten,Jawa Tengah,Jawa,-7.082,110.917,20.0,26.29,11548.0,77.35,52.72,63.01,7.29,12.48,32.09,51.9,59.53,45.5,"Kuadran II (Ekonomi Rendah, Keputusan Tinggi)",Not Significant,Low-High (Spatial Outlier)
3316,Kabupaten Blora,BLORA,Kabupaten,Jawa Tengah,Jawa,-6.97,111.415,20.0,34.82,10926.0,77.03,52.55,61.75,7.26,12.6,39.44,51.79,58.67,48.23,"Kuadran I (Ekonomi Tinggi, Keputusan Tinggi)",Not Significant,Not Significant
3317,Kabupaten Rembang,REMBANG,Kabupaten,Jawa Tengah,Jawa,-6.703,111.343,13.33,32.63,11830.0,77.1,50.76,61.76,7.73,12.3,37.36,44.53,60.12,44.78,"Kuadran IV (Ekonomi Tinggi, Keputusan Rendah)",Not Significant,Not Significant
3318,Kabupaten Pati,PATI,Kabupaten,Jawa Tengah,Jawa,-6.752,111.04,14.0,32.06,11829.0,78.69,45.63,65.08,7.82,12.98,38.88,41.7,63.67,44.97,"Kuadran IV (Ekonomi Tinggi, Keputusan Rendah)",Not Significant,Not Significant
3319,Kabupaten Kudus,KUDUS,Kabupaten,Jawa Tengah,Jawa,-6.806,110.842,8.89,42.55,12533.0,79.17,49.04,67.86,9.35,13.28,50.62,39.34,68.95,49.77,"Kuadran IV (Ekonomi Tinggi, Keputusan Rendah)",Not Significant,Not Significant
3320,Kabupaten Jepara,JEPARA,Kabupaten,Jawa Tengah,Jawa,-6.59,110.668,20.0,24.37,11729.0,78.39,55.73,57.69,8.27,12.86,26.95,53.92,63.97,45.14,"Kuadran II (Ekonomi Rendah, Keputusan Tinggi)",Not Significant,Not Significant
3321,Kabupaten Demak,DEMAK,Kabupaten,Jawa Tengah,Jawa,-6.891,110.638,10.0,38.82,11591.0,77.88,46.45,58.56,8.28,13.36,41.27,38.62,64.11,44.78,"Kuadran IV (Ekonomi Tinggi, Keputusan Rendah)",Not Significant,Not Significant
3322,Kabupaten Semarang,SEMARANG,Kabupaten,Jawa Tengah,Jawa,-7.129,110.404,16.0,46.47,13377.0,78.26,53.76,71.67,8.16,13.06,56.74,48.96,65.49,55.38,"Kuadran I (Ekonomi Tinggi, Keputusan Tinggi)",Not Significant,High-High (Hotspot)
3323,Kabupaten Temanggung,TEMANGGUNG,Kabupaten,Jawa Tengah,Jawa,-7.315,110.182,20.45,41.34,10519.0,78.08,66.09,68.52,7.53,12.62,49.88,61.26,60.3,56.52,"Kuadran I (Ekonomi Tinggi, Keputusan Tinggi)",Not Significant,Not Significant
3324,Kabupaten Kendal,KENDAL,Kabupaten,Jawa Tengah,Jawa,-6.923,110.204,18.0,34.87,13277.0,76.9,45.98,66.45,7.74,13.0,42.42,45.58,62.55,47.71,"Kuadran IV (Ekonomi Tinggi, Keputusan Rendah)",Not Significant,Not Significant
3325,Kabupaten Batang,BATANG,Kabupaten,Jawa Tengah,Jawa,-6.911,109.73,20.0,28.92,10919.0,77.17,48.37,66.81,7.08,12.17,36.96,48.99,57.65,45.91,"Kuadran I (Ekonomi Tinggi, Keputusan Tinggi)",Not Significant,Not Significant
3326,Kabupaten Pekalongan,PEKALONGAN,Kabupaten,Jawa Tengah,Jawa,-7.025,109.591,17.78,26.12,11701.0,76.24,53.2,65.13,7.48,12.46,33.25,50.21,58.6,45.1,"Kuadran II (Ekonomi Rendah, Keputusan Tinggi)",Not Significant,Not Significant
3327,Kabupaten Pemalang,PEMALANG,Kabupaten,Jawa Tengah,Jawa,-6.893,109.381,30.0,35.11,10017.0,76.21,51.06,59.09,6.56,12.02,38.06,59.88,54.08,49.99,"Kuadran I (Ekonomi Tinggi, Keputusan Tinggi)",Not Significant,Not Significant
3328,Kabupaten Tegal,TEGAL,Kabupaten,Jawa Tengah,Jawa,-6.995,109.128,26.0,30.46,10972.0,74.21,49.88,64.47,7.36,12.96,36.98,55.46,55.89,48.15,"Kuadran I (Ekonomi Tinggi, Keputusan Tinggi)",Not Significant,Not Significant
3329,Kabupaten Brebes,BREBES,Kabupaten,Jawa Tengah,Jawa,-6.87,109.039,14.0,25.39,11389.0,72.31,38.31,55.38,6.41,12.45,26.48,36.81,50.72,35.46,"Kuadran III (Ekonomi Rendah, Keputusan Rendah)",Low-High (Spatial Outlier),Not Significant
3371,Kota Magelang,KOTA MAGELANG,Kota,Jawa Tengah,Jawa,-7.504,110.221,28.0,42.09,13619.0,79.53,43.42,57.68,11.43,14.62,43.85,52.95,77.6,54.24,"Kuadran I (Ekonomi Tinggi, Keputusan Tinggi)",Not Significant,High-High (Hotspot)
3372,Kota Surakarta,KOTA SURAKARTA,Kota,Jawa Tengah,Jawa,-7.569,110.829,17.78,44.62,16291.0,79.94,48.44,56.45,11.25,15.07,45.5,47.02,81.12,53.23,"Kuadran IV (Ekonomi Tinggi, Keputusan Rendah)",Not Significant,High-High (Hotspot)
3373,Kota Salatiga,KOTA SALATIGA,Kota,Jawa Tengah,Jawa,-7.33,110.501,8.0,40.72,17096.0,80.25,46.39,61.65,11.48,15.46,45.01,36.76,83.53,49.41,"Kuadran IV (Ekonomi Tinggi, Keputusan Rendah)",Not Significant,High-High (Hotspot)
3374,Kota Semarang,KOTA SEMARANG,Kota,Jawa Tengah,Jawa,-6.982,110.412,24.0,37.68,16990.0,80.22,50.42,60.24,11.05,15.57,41.23,54.0,82.63,54.62,"Kuadran I (Ekonomi Tinggi, Keputusan Tinggi)",Not Significant,Not Significant
3375,Kota Pekalongan,KOTA PEKALONGAN,Kota,Jawa Tengah,Jawa,-6.897,109.662,14.29,28.31,14547.0,76.93,50.04,66.48,9.34,12.89,36.18,44.92,67.18,45.88,"Kuadran IV (Ekonomi Tinggi, Keputusan Rendah)",Not Significant,Not Significant
3376,Kota Tegal,KOTA TEGAL,Kota,Jawa Tengah,Jawa,-6.87,109.137,13.33,30.24,14358.0,76.97,54.44,55.63,9.28,13.25,31.26,46.99,67.58,44.82,"Kuadran III (Ekonomi Rendah, Keputusan Rendah)",Not Significant,Not Significant
3401,Kabupaten Kulon Progo,KULON PROGO,Kabupaten,DI Yogyakarta,Jawa,-7.858,110.159,17.5,35.35,10990.0,77.57,47.24,72.66,9.2,14.49,46.74,45.96,67.28,50.54,"Kuadran IV (Ekonomi Tinggi, Keputusan Rendah)",Not Significant,High-High (Hotspot)
3402,Kabupaten Bantul,BANTUL,Kabupaten,DI Yogyakarta,Jawa,-7.886,110.328,20.0,38.51,16851.0,76.28,56.92,67.15,9.81,15.63,46.33,54.71,74.65,55.35,"Kuadran I (Ekonomi Tinggi, Keputusan Tinggi)",Not Significant,High-High (Hotspot)
3403,Kabupaten Gunung Kidul,GUNUNG KIDUL,Kabupaten,DI Yogyakarta,Jawa,-7.964,110.602,26.67,39.35,10630.0,76.57,48.42,67.51,7.35,13.4,47.35,55.09,59.47,52.87,"Kuadran I (Ekonomi Tinggi, Keputusan Tinggi)",Not Significant,High-High (Hotspot)
3404,Kabupaten Sleman,SLEMAN,Kabupaten,DI Yogyakarta,Jawa,-7.717,110.356,26.0,39.62,17586.0,77.25,51.74,63.99,11.33,16.79,45.42,56.7,82.18,57.28,"Kuadran I (Ekonomi Tinggi, Keputusan Tinggi)",Not Significant,High-High (Hotspot)
3471,Kota Yogyakarta,KOTA YOGYAKARTA,Kota,DI Yogyakarta,Jawa,-7.8,110.391,12.5,45.32,20603.0,76.99,52.08,64.19,12.12,17.66,50.98,44.66,88.09,55.87,"Kuadran IV (Ekonomi Tinggi, Keputusan Rendah)",Not Significant,High-High (Hotspot)
3501,Kabupaten Pacitan,PACITAN,Kabupaten,Jawa Timur,Jawa,-8.194,111.103,8.89,39.72,10099.0,75.15,40.34,82.93,7.9,12.69,57.3,33.52,57.0,47.73,"Kuadran IV (Ekonomi Tinggi, Keputusan Rendah)",Not Significant,High-High (Hotspot)
3502,Kabupaten Ponorogo,PONOROGO,Kabupaten,Jawa Timur,Jawa,-7.871,111.463,17.78,35.56,11065.0,76.11,48.04,70.46,7.8,13.78,45.57,46.75,60.99,49.13,"Kuadran IV (Ekonomi Tinggi, Keputusan Rendah)",Not Significant,Not Significant
3503,Kabupaten Trenggalek,TRENGGALEK,Kabupaten,Jawa Timur,Jawa,-8.048,111.709,11.11,38.04,10872.0,76.72,57.46,70.27,7.92,12.63,47.82,46.99,59.74,49.87,"Kuadran IV (Ekonomi Tinggi, Keputusan Rendah)",Not Significant,Not Significant
3504,Kabupaten Tulungagung,TULUNGAGUNG,Kabupaten,Jawa Timur,Jawa,-8.064,111.901,14.0,39.51,11966.0,77.03,52.69,63.29,8.68,13.36,44.88,46.43,64.24,49.37,"Kuadran IV (Ekonomi Tinggi, Keputusan Rendah)",Not Significant,Not Significant
3505,Kabupaten Blitar,BLITAR,Kabupaten,Jawa Timur,Jawa,-8.124,112.213,22.0,41.8,12020.0,76.46,57.29,57.41,7.87,12.67,43.4,56.78,60.46,52.16,"Kuadran I (Ekonomi Tinggi, Keputusan Tinggi)",Not Significant,Not Significant
3506,Kabupaten Kediri,KEDIRI,Kabupaten,Jawa Timur,Jawa,-7.802,112.041,22.0,31.76,12388.0,75.74,56.83,55.76,8.26,13.63,32.8,56.47,62.51,48.21,"Kuadran II (Ekonomi Rendah, Keputusan Tinggi)",Not Significant,Not Significant
3507,Kabupaten Malang,MALANG,Kabupaten,Jawa Timur,Jawa,-8.105,112.573,18.0,36.45,11190.0,75.71,56.06,58.74,7.8,13.49,39.13,52.32,60.04,48.59,"Kuadran I (Ekonomi Tinggi, Keputusan Tinggi)",Not Significant,Not Significant
3508,Kabupaten Lumajang,LUMAJANG,Kabupaten,Jawa Timur,Jawa,-8.135,113.224,28.0,23.74,10124.0,73.17,66.99,53.91,7.27,12.41,23.99,68.72,52.49,47.58,"Kuadran II (Ekonomi Rendah, Keputusan Tinggi)",Not Significant,Not Significant
3509,Kabupaten Jember,JEMBER,Kabupaten,Jawa Timur,Jawa,-8.17,113.702,22.0,31.24,10700.0,72.22,54.83,59.84,6.54,13.5,34.84,55.13,52.18,46.42,"Kuadran I (Ekonomi Tinggi, Keputusan Tinggi)",High-High (Hotspot),Not Significant
3510,Kabupaten Banyuwangi,BANYUWANGI,Kabupaten,Jawa Timur,Jawa,-8.223,114.366,34.0,31.04,13320.0,73.6,50.66,62.87,7.78,13.14,36.53,63.25,58.6,51.63,"Kuadran I (Ekonomi Tinggi, Keputusan Tinggi)",Not Significant,High-High (Hotspot)
3511,Kabupaten Bondowoso,BONDOWOSO,Kabupaten,Jawa Timur,Jawa,-7.914,113.822,17.78,37.89,11689.0,69.8,46.85,60.97,6.53,13.33,41.89,45.96,49.6,45.06,"Kuadran IV (Ekonomi Tinggi, Keputusan Rendah)",Not Significant,Not Significant
3512,Kabupaten Situbondo,SITUBONDO,Kabupaten,Jawa Timur,Jawa,-7.707,114.002,20.0,27.98,11216.0,72.13,45.56,64.13,6.93,13.2,34.4,47.11,52.87,43.18,"Kuadran III (Ekonomi Rendah, Keputusan Rendah)",Not Significant,Not Significant
3513,Kabupaten Probolinggo,PROBOLINGGO,Kabupaten,Jawa Timur,Jawa,-7.762,113.416,30.0,25.49,12258.0,70.32,51.17,58.3,6.31,12.64,28.39,59.96,49.06,45.15,"Kuadran II (Ekonomi Rendah, Keputusan Tinggi)",Not Significant,Not Significant
3514,Kabupaten Pasuruan,PASURUAN,Kabupaten,Jawa Timur,Jawa,-7.649,112.905,14.0,35.56,11617.0,73.02,48.56,63.27,7.46,12.78,41.1,43.67,54.83,44.87,"Kuadran IV (Ekonomi Tinggi, Keputusan Rendah)",Not Significant,Not Significant
3515,Kabupaten Sidoarjo,SIDOARJO,Kabupaten,Jawa Timur,Jawa,-7.447,112.718,14.0,29.84,15710.0,76.78,52.99,54.23,10.91,15.22,30.01,46.63,75.92,45.84,"Kuadran III (Ekonomi Rendah, Keputusan Rendah)",Not Significant,Not Significant
3516,Kabupaten Mojokerto,MOJOKERTO,Kabupaten,Jawa Timur,Jawa,-7.463,112.433,24.0,35.24,13903.0,75.7,53.39,60.88,9.13,12.99,39.3,55.99,64.66,51.05,"Kuadran I (Ekonomi Tinggi, Keputusan Tinggi)",Not Significant,Not Significant
3517,Kabupaten Jombang,JOMBANG,Kabupaten,Jawa Timur,Jawa,-7.556,112.235,20.0,28.66,12454.0,75.67,51.69,58.2,8.78,13.61,31.36,51.21,63.61,45.75,"Kuadran II (Ekonomi Rendah, Keputusan Tinggi)",Not Significant,Not Significant
3518,Kabupaten Nganjuk,NGANJUK,Kabupaten,Jawa Timur,Jawa,-7.602,111.902,22.0,26.41,13376.0,74.53,45.59,55.22,8.25,13.18,27.35,48.95,61.0,42.72,"Kuadran II (Ekonomi Rendah, Keputusan Tinggi)",Not Significant,Not Significant
3519,Kabupaten Madiun,MADIUN,Kabupaten,Jawa Timur,Jawa,-7.539,111.653,24.44,30.34,12668.0,74.53,53.85,59.73,8.2,13.27,33.91,56.7,60.38,48.32,"Kuadran II (Ekonomi Rendah, Keputusan Tinggi)",Not Significant,Not Significant
3520,Kabupaten Magetan,MAGETAN,Kabupaten,Jawa Timur,Jawa,-7.656,111.329,13.33,39.49,12915.0,75.76,53.2,68.12,8.69,14.08,47.87,46.16,64.83,50.58,"Kuadran IV (Ekonomi Tinggi, Keputusan Rendah)",Not Significant,Not Significant
3521,Kabupaten Ngawi,NGAWI,Kabupaten,Jawa Timur,Jawa,-7.401,111.445,22.73,33.32,12414.0,75.63,54.37,65.64,7.84,12.89,40.43,55.49,60.08,50.38,"Kuadran I (Ekonomi Tinggi, Keputusan Tinggi)",Not Significant,Not Significant
3522,Kabupaten Bojonegoro,BOJONEGORO,Kabupaten,Jawa Timur,Jawa,-7.15,111.882,18.0,27.64,11204.0,74.82,50.72,59.53,7.59,13.18,31.21,48.75,57.84,43.55,"Kuadran II (Ekonomi Rendah, Keputusan Tinggi)",Not Significant,Not Significant
3523,Kabupaten Tuban,TUBAN,Kabupaten,Jawa Timur,Jawa,-6.896,112.065,22.0,31.14,11579.0,74.6,50.91,59.41,7.53,12.54,34.48,52.51,56.59,46.11,"Kuadran II (Ekonomi Rendah, Keputusan Tinggi)",Not Significant,Not Significant
3524,Kabupaten Lamongan,LAMONGAN,Kabupaten,Jawa Timur,Jawa,-7.121,112.415,16.0,33.21,12419.0,75.66,55.47,60.78,8.48,14.03,37.3,50.11,63.67,47.7,"Kuadran I (Ekonomi Tinggi, Keputusan Tinggi)",Not Significant,Not Significant
3525,Kabupaten Gresik,GRESIK,Kabupaten,Jawa Timur,Jawa,-7.171,112.6,10.0,31.49,14356.0,75.78,46.25,56.37,10.03,13.98,32.92,38.48,69.05,42.37,"Kuadran III (Ekonomi Rendah, Keputusan Rendah)",Not Significant,Not Significant
3526,Kabupaten Bangkalan,BANGKALAN,Kabupaten,Jawa Timur,Jawa,-7.046,112.737,2.0,37.19,9841.0,72.99,43.04,57.37,6.01,11.98,38.98,29.06,48.37,36.89,"Kuadran IV (Ekonomi Tinggi, Keputusan Rendah)",Not Significant,Not Significant
3527,Kabupaten Sampang,SAMPANG,Kabupaten,Jawa Timur,Jawa,-7.188,113.237,8.89,31.69,9782.0,70.85,30.9,60.1,5.08,12.55,35.43,27.2,44.48,33.95,"Kuadran IV (Ekonomi Tinggi, Keputusan Rendah)",Not Significant,Not Significant
3528,Kabupaten Pamekasan,PAMEKASAN,Kabupaten,Jawa Timur,Jawa,-7.157,113.472,2.22,34.42,9811.0,70.52,37.14,71.42,7.17,13.69,45.08,25.32,50.86,38.33,"Kuadran IV (Ekonomi Tinggi, Keputusan Rendah)",Not Significant,Not Significant
3529,Kabupaten Sumenep,SUMENEP,Kabupaten,Jawa Timur,Jawa,-7.014,113.864,8.0,36.98,10156.0,74.72,48.15,69.82,6.1,13.59,46.53,37.94,54.14,44.62,"Kuadran IV (Ekonomi Tinggi, Keputusan Rendah)",Not Significant,Not Significant
3571,Kota Kediri,KOTA KEDIRI,Kota,Jawa Timur,Jawa,-7.812,112.014,27.59,36.45,13670.0,76.76,54.21,60.55,10.92,15.71,40.25,59.8,74.88,55.0,"Kuadran I (Ekonomi Tinggi, Keputusan Tinggi)",Not Significant,Not Significant
3572,Kota Blitar,KOTA BLITAR,Kota,Jawa Timur,Jawa,-8.099,112.165,12.0,38.94,14933.0,76.75,58.39,59.23,10.82,14.81,41.81,48.42,74.18,50.93,"Kuadran I (Ekonomi Tinggi, Keputusan Tinggi)",High-High (Hotspot),Not Significant
3573,Kota Malang,KOTA MALANG,Kota,Jawa Timur,Jawa,-7.978,112.634,26.67,34.55,17791.0,76.19,49.5,55.86,11.14,15.79,35.52,55.81,78.7,52.27,"Kuadran I (Ekonomi Tinggi, Keputusan Tinggi)",Not Significant,Not Significant
3574,Kota Probolinggo,KOTA PROBOLINGGO,Kota,Jawa Timur,Jawa,-7.754,113.214,26.67,31.28,13405.0,73.21,49.7,53.09,9.72,13.98,30.68,55.95,64.06,47.46,"Kuadran II (Ekonomi Rendah, Keputusan Tinggi)",Not Significant,Not Significant
3575,Kota Pasuruan,KOTA PASURUAN,Kota,Jawa Timur,Jawa,-7.647,112.909,16.67,32.53,14664.0,74.56,55.89,62.58,9.94,13.67,37.78,51.0,66.96,48.9,"Kuadran I (Ekonomi Tinggi, Keputusan Tinggi)",Not Significant,Not Significant
3576,Kota Mojokerto,KOTA MOJOKERTO,Kota,Jawa Timur,Jawa,-7.463,112.433,16.0,37.91,14842.0,76.17,48.99,61.61,11.38,14.13,42.31,45.77,73.32,49.9,"Kuadran IV (Ekonomi Tinggi, Keputusan Rendah)",Not Significant,Not Significant
3577,Kota Madiun,KOTA MADIUN,Kota,Jawa Timur,Jawa,-7.624,111.521,20.69,38.79,17518.0,75.98,49.97,62.81,12.11,14.54,43.89,50.69,78.01,53.43,"Kuadran I (Ekonomi Tinggi, Keputusan Tinggi)",Not Significant,Not Significant
3578,Kota Surabaya,KOTA SURABAYA,Kota,Jawa Timur,Jawa,-7.259,112.747,20.0,36.39,19666.0,76.86,48.97,59.48,10.89,14.87,39.53,49.39,79.1,51.39,"Kuadran I (Ekonomi Tinggi, Keputusan Tinggi)",Not Significant,Not Significant
3579,Kota Batu,KOTA BATU,Kota,Jawa Timur,Jawa,-7.863,112.513,23.33,29.86,14253.0,75.76,50.43,59.65,9.87,14.58,33.4,53.4,69.68,48.66,"Kuadran II (Ekonomi Rendah, Keputusan Tinggi)",Not Significant,Not Significant
3601,Kabupaten Pandeglang,PANDEGLANG,Kabupaten,Banten,Jawa,-6.317,106.115,20.0,31.03,9574.0,67.78,41.87,49.49,7.16,13.74,28.2,44.64,47.09,38.55,"Kuadran III (Ekonomi Rendah, Keputusan Rendah)",Not Significant,Low-Low (Coldspot)
3602,Kabupaten Lebak,LEBAK,Kabupaten,Banten,Jawa,-6.361,106.246,14.0,32.74,9631.0,70.38,53.54,57.53,6.61,12.11,34.83,47.0,46.32,42.0,"Kuadran IV (Ekonomi Tinggi, Keputusan Rendah)",Not Significant,Low-Low (Coldspot)
3603,Kabupaten Tangerang,TANGERANG,Kabupaten,Banten,Jawa,-6.27,106.484,20.0,28.5,13254.0,72.9,46.61,46.78,9.06,12.88,24.09,47.82,60.0,40.76,"Kuadran II (Ekonomi Rendah, Keputusan Tinggi)",Not Significant,Not Significant
3604,Kabupaten Serang,SERANG,Kabupaten,Banten,Jawa,-6.115,106.152,12.0,27.17,11767.0,67.89,44.6,51.86,7.88,12.87,25.99,39.2,49.33,35.94,"Kuadran III (Ekonomi Rendah, Keputusan Rendah)",Not Significant,Low-Low (Coldspot)
3671,Kota Tangerang,KOTA TANGERANG,Kota,Banten,Jawa,-6.164,106.641,12.0,32.06,15641.0,74.52,46.16,49.79,11.14,13.9,29.37,40.24,70.95,42.03,"Kuadran III (Ekonomi Rendah, Keputusan Rendah)",Not Significant,Not Significant
3672,Kota Cilegon,KOTA CILEGON,Kota,Banten,Jawa,-6.01,106.042,10.0,21.21,14294.0,69.7,49.3,43.26,10.39,13.23,14.95,40.52,60.4,34.27,"Kuadran III (Ekonomi Rendah, Keputusan Rendah)",Not Significant,Not Significant
3673,Kota Serang,KOTA SERANG,Kota,Banten,Jawa,-6.12,106.173,8.89,28.03,14603.0,71.29,51.65,53.21,8.93,12.83,27.65,41.09,58.78,39.25,"Kuadran III (Ekonomi Rendah, Keputusan Rendah)",Not Significant,Low-Low (Coldspot)
3674,Kota Tangerang Selatan,KOTA TANGERANG SELATAN,Kota,Banten,Jawa,-6.322,106.708,26.0,26.71,17028.0,75.52,41.08,40.01,11.86,14.7,18.17,49.57,76.68,42.43,"Kuadran II (Ekonomi Rendah, Keputusan Tinggi)",Not Significant,Not Significant
5101,Kabupaten Jembrana,JEMBRANA,Kabupaten,Bali,Bali & Nusa Tenggara,-8.357,114.637,17.14,39.61,12638.0,75.79,46.67,73.49,8.7,13.05,51.32,45.26,62.72,51.18,"Kuadran IV (Ekonomi Tinggi, Keputusan Rendah)",Not Significant,High-High (Hotspot)
5102,Kabupaten Tabanan,TABANAN,Kabupaten,Bali,Bali & Nusa Tenggara,-8.539,115.131,20.0,39.38,15297.0,76.75,49.25,67.59,9.57,13.29,47.43,49.58,68.91,52.59,"Kuadran I (Ekonomi Tinggi, Keputusan Tinggi)",Not Significant,High-High (Hotspot)
5103,Kabupaten Badung,BADUNG,Kabupaten,Bali,Bali & Nusa Tenggara,-8.602,115.179,8.89,36.47,18556.0,78.18,42.01,68.07,11.14,14.23,44.95,34.64,79.16,47.67,"Kuadran IV (Ekonomi Tinggi, Keputusan Rendah)",Not Significant,High-High (Hotspot)
5104,Kabupaten Gianyar,GIANYAR,Kabupaten,Bali,Bali & Nusa Tenggara,-8.541,115.324,17.78,37.86,15577.0,76.82,59.0,69.46,9.84,14.11,47.14,54.09,71.4,54.77,"Kuadran I (Ekonomi Tinggi, Keputusan Tinggi)",Not Significant,High-High (Hotspot)
5105,Kabupaten Klungkung,KLUNGKUNG,Kabupaten,Bali,Bali & Nusa Tenggara,-8.534,115.403,10.0,47.93,12358.0,74.56,47.95,71.58,8.74,13.13,58.07,39.62,61.08,51.29,"Kuadran IV (Ekonomi Tinggi, Keputusan Rendah)",Not Significant,High-High (Hotspot)
5106,Kabupaten Bangli,BANGLI,Kabupaten,Bali,Bali & Nusa Tenggara,-8.462,115.352,13.33,36.58,12148.0,73.66,54.04,76.49,7.58,12.53,50.3,46.72,55.98,50.0,"Kuadran IV (Ekonomi Tinggi, Keputusan Rendah)",Not Significant,High-High (Hotspot)
5107,Kabupaten Karang Asem,KARANG ASEM,Kabupaten,Bali,Bali & Nusa Tenggara,-8.439,115.612,13.33,43.9,11176.0,73.57,41.43,80.11,6.7,12.91,59.54,38.29,53.68,49.87,"Kuadran IV (Ekonomi Tinggi, Keputusan Rendah)",Not Significant,High-High (Hotspot)
5108,Kabupaten Buleleng,BULELENG,Kabupaten,Bali,Bali & Nusa Tenggara,-8.125,115.093,11.11,39.55,14377.0,74.99,41.96,74.78,7.69,13.3,52.07,36.62,61.53,47.78,"Kuadran IV (Ekonomi Tinggi, Keputusan Rendah)",Not Significant,High-High (Hotspot)
5171,Kota Denpasar,KOTA DENPASAR,Kota,Bali,Bali & Nusa Tenggara,-8.654,115.217,8.89,42.01,20763.0,77.76,47.98,60.5,11.53,14.13,45.53,38.63,81.39,49.94,"Kuadran IV (Ekonomi Tinggi, Keputusan Rendah)",Not Significant,High-High (Hotspot)
5201,Kabupaten Lombok Barat,LOMBOK BARAT,Kabupaten,Nusa Tenggara Barat,Bali & Nusa Tenggara,-8.681,116.137,11.11,32.47,12431.0,70.39,43.2,64.47,6.88,13.99,38.89,37.45,53.09,41.15,"Kuadran IV (Ekonomi Tinggi, Keputusan Rendah)",Low-Low (Coldspot),High-High (Hotspot)
5202,Kabupaten Lombok Tengah,LOMBOK TENGAH,Kabupaten,Nusa Tenggara Barat,Bali & Nusa Tenggara,-8.706,116.27,12.0,36.07,11531.0,69.35,37.57,71.38,6.73,13.89,46.63,34.49,50.34,42.52,"Kuadran IV (Ekonomi Tinggi, Keputusan Rendah)",Low-Low (Coldspot),High-High (Hotspot)
5203,Kabupaten Lombok Timur,LOMBOK TIMUR,Kabupaten,Nusa Tenggara Barat,Bali & Nusa Tenggara,-8.651,116.53,14.0,45.85,10571.0,69.22,46.33,69.94,7.36,14.07,55.07,42.17,51.0,49.1,"Kuadran IV (Ekonomi Tinggi, Keputusan Rendah)",Low-Low (Coldspot),Not Significant
5204,Kabupaten Sumbawa,SUMBAWA,Kabupaten,Nusa Tenggara Barat,Bali & Nusa Tenggara,-8.49,117.42,15.56,35.99,10349.0,70.84,49.97,64.46,8.59,13.34,42.25,46.03,54.32,46.18,"Kuadran IV (Ekonomi Tinggi, Keputusan Rendah)",Not Significant,Not Significant
5205,Kabupaten Dompu,DOMPU,Kabupaten,Nusa Tenggara Barat,Bali & Nusa Tenggara,-8.534,118.465,6.67,33.96,9971.0,70.04,54.52,73.96,9.04,13.84,46.22,40.99,54.84,45.85,"Kuadran IV (Ekonomi Tinggi, Keputusan Rendah)",Not Significant,High-High (Hotspot)
5206,Kabupaten Bima,BIMA,Kabupaten,Nusa Tenggara Barat,Bali & Nusa Tenggara,-8.557,118.67,17.78,27.13,9418.0,69.55,59.76,69.23,8.3,13.66,36.76,54.6,51.68,46.88,"Kuadran I (Ekonomi Tinggi, Keputusan Tinggi)",Not Significant,High-High (Hotspot)
5207,Kabupaten Sumbawa Barat,SUMBAWA BARAT,Kabupaten,Nusa Tenggara Barat,Bali & Nusa Tenggara,-8.754,116.854,12.0,19.94,12841.0,71.56,51.37,63.59,8.99,13.68,26.39,43.73,59.16,39.88,"Kuadran III (Ekonomi Rendah, Keputusan Rendah)",Low-Low (Coldspot),Low-High (Spatial Outlier)
5208,Kabupaten Lombok Utara,LOMBOK UTARA,Kabupaten,Nusa Tenggara Barat,Bali & Nusa Tenggara,-8.356,116.159,3.33,26.82,10272.0,70.47,39.06,69.91,6.4,13.02,36.89,27.61,48.27,35.45,"Kuadran IV (Ekonomi Tinggi, Keputusan Rendah)",Not Significant,High-High (Hotspot)
5271,Kota Mataram,KOTA MATARAM,Kota,Nusa Tenggara Barat,Bali & Nusa Tenggara,-8.583,116.108,25.0,33.36,16514.0,74.82,43.49,61.41,9.58,15.68,37.84,50.27,71.98,49.64,"Kuadran I (Ekonomi Tinggi, Keputusan Tinggi)",High-Low (Spatial Outlier),High-High (Hotspot)
5272,Kota Bima,KOTA BIMA,Kota,Nusa Tenggara Barat,Bali & Nusa Tenggara,-8.462,118.749,24.0,38.02,12362.0,73.44,50.79,64.58,10.96,15.08,44.26,54.25,68.18,53.04,"Kuadran I (Ekonomi Tinggi, Keputusan Tinggi)",Not Significant,High-High (Hotspot)
5301,Kabupaten Sumba Barat,SUMBA BARAT,Kabupaten,Nusa Tenggara Timur,Bali & Nusa Tenggara,-10.073,123.864,16.0,36.22,8243.0,69.76,57.16,72.69,7.17,13.4,47.59,51.24,47.82,49.1,"Kuadran I (Ekonomi Tinggi, Keputusan Tinggi)",High-Low (Spatial Outlier),High-High (Hotspot)
5302,Kabupaten Sumba Timur,SUMBA TIMUR,Kabupaten,Nusa Tenggara Timur,Bali & Nusa Tenggara,-9.852,124.266,3.33,45.52,10280.0,68.04,49.53,67.17,7.77,12.87,53.03,34.61,47.86,44.63,"Kuadran IV (Ekonomi Tinggi, Keputusan Rendah)",Not Significant,High-High (Hotspot)
5303,Kabupaten Kupang,KUPANG,Kabupaten,Nusa Tenggara Timur,Bali & Nusa Tenggara,-9.457,124.475,8.57,35.9,8508.0,67.94,43.91,55.44,7.62,13.9,36.55,35.62,47.61,38.39,"Kuadran IV (Ekonomi Tinggi, Keputusan Rendah)",Not Significant,High-High (Hotspot)
5304,Kabupaten Timor Tengah Selatan,TIMOR TENGAH SELATAN,Kabupaten,Nusa Tenggara Timur,Bali & Nusa Tenggara,-9.106,124.874,5.0,29.25,7755.0,69.05,45.72,81.81,7.21,12.62,46.62,33.58,45.07,41.09,"Kuadran IV (Ekonomi Tinggi, Keputusan Rendah)",Not Significant,High-High (Hotspot)
5305,Kabupaten Timor Tengah Utara,TIMOR TENGAH UTARA,Kabupaten,Nusa Tenggara Timur,Bali & Nusa Tenggara,-8.209,124.573,13.33,39.94,7242.0,69.86,51.22,78.52,8.17,13.36,54.77,44.84,49.16,49.68,"Kuadran IV (Ekonomi Tinggi, Keputusan Rendah)",Not Significant,High-High (Hotspot)
5306,Kabupaten Belu,BELU,Kabupaten,Nusa Tenggara Timur,Bali & Nusa Tenggara,-8.326,123.003,16.67,40.45,8159.0,67.92,44.17,70.44,7.5,12.32,50.23,43.16,44.06,46.17,"Kuadran IV (Ekonomi Tinggi, Keputusan Rendah)",Low-Low (Coldspot),High-High (Hotspot)
5307,Kabupaten Alor,ALOR,Kabupaten,Nusa Tenggara Timur,Bali & Nusa Tenggara,-8.617,122.208,6.67,43.67,7806.0,64.54,49.31,78.13,8.61,12.48,58.08,37.5,42.05,46.64,"Kuadran IV (Ekonomi Tinggi, Keputusan Rendah)",Low-Low (Coldspot),High-High (Hotspot)
5308,Kabupaten Lembata,LEMBATA,Kabupaten,Nusa Tenggara Timur,Bali & Nusa Tenggara,-8.843,121.662,0.0,48.52,8238.0,70.16,48.8,79.08,8.27,12.47,63.3,31.1,49.08,47.58,"Kuadran IV (Ekonomi Tinggi, Keputusan Rendah)",Not Significant,High-High (Hotspot)
5309,Kabupaten Flores Timur,FLORES TIMUR,Kabupaten,Nusa Tenggara Timur,Bali & Nusa Tenggara,-8.785,120.975,0.0,44.82,8505.0,68.21,54.31,67.42,8.06,12.96,52.52,34.79,47.21,44.37,"Kuadran IV (Ekonomi Tinggi, Keputusan Rendah)",Not Significant,High-High (Hotspot)
5310,Kabupaten Sikka,SIKKA,Kabupaten,Nusa Tenggara Timur,Bali & Nusa Tenggara,-8.611,120.464,11.43,37.7,9019.0,70.56,59.31,66.47,6.99,13.67,45.13,48.52,49.71,47.4,"Kuadran I (Ekonomi Tinggi, Keputusan Tinggi)",High-Low (Spatial Outlier),High-High (Hotspot)
5311,Kabupaten Ende,ENDE,Kabupaten,Nusa Tenggara Timur,Bali & Nusa Tenggara,-9.661,120.261,6.67,50.42,10009.0,68.3,63.82,72.86,8.29,13.83,61.25,47.21,50.89,53.56,"Kuadran IV (Ekonomi Tinggi, Keputusan Rendah)",Not Significant,High-High (Hotspot)
5312,Kabupaten Ngada,NGADA,Kabupaten,Nusa Tenggara Timur,Bali & Nusa Tenggara,-9.647,119.394,0.0,50.38,9585.0,70.95,54.96,83.57,8.83,12.75,67.87,35.22,53.18,51.87,"Kuadran IV (Ekonomi Tinggi, Keputusan Rendah)",Not Significant,High-High (Hotspot)
5313,Kabupaten Manggarai,MANGGARAI,Kabupaten,Nusa Tenggara Timur,Bali & Nusa Tenggara,-8.36,123.459,8.57,47.74,8204.0,69.93,48.65,78.04,7.91,13.73,61.91,38.79,50.28,50.34,"Kuadran IV (Ekonomi Tinggi, Keputusan Rendah)",Low-Low (Coldspot),High-High (Hotspot)
5314,Kabupaten Rote Ndao,ROTE NDAO,Kabupaten,Nusa Tenggara Timur,Bali & Nusa Tenggara,-10.758,123.063,0.0,36.14,7365.0,67.84,52.99,61.14,7.83,13.23,40.32,33.9,45.62,38.81,"Kuadran IV (Ekonomi Tinggi, Keputusan Rendah)",Low-Low (Coldspot),High-High (Hotspot)
5315,Kabupaten Manggarai Barat,MANGGARAI BARAT,Kabupaten,Nusa Tenggara Timur,Bali & Nusa Tenggara,-8.496,119.894,10.0,39.42,8195.0,70.34,43.76,69.56,8.21,12.54,48.69,36.82,49.27,44.06,"Kuadran IV (Ekonomi Tinggi, Keputusan Rendah)",Not Significant,High-High (Hotspot)
5316,Kabupaten Sumba Tengah,SUMBA TENGAH,Kabupaten,Nusa Tenggara Timur,Bali & Nusa Tenggara,-8.575,121.281,10.0,40.76,6743.0,71.13,54.04,69.1,7.23,13.14,49.69,43.7,47.85,46.93,"Kuadran IV (Ekonomi Tinggi, Keputusan Rendah)",Low-Low (Coldspot),High-High (Hotspot)
5317,Kabupaten Sumba Barat Daya,SUMBA BARAT DAYA,Kabupaten,Nusa Tenggara Timur,Bali & Nusa Tenggara,-9.623,119.6,8.57,42.29,7358.0,71.23,62.33,70.78,6.39,13.11,52.19,47.94,46.63,49.38,"Kuadran I (Ekonomi Tinggi, Keputusan Tinggi)",Not Significant,High-High (Hotspot)
5318,Kabupaten Nagekeo,NAGEKEO,Kabupaten,Nusa Tenggara Timur,Bali & Nusa Tenggara,-9.392,119.181,8.0,48.68,8986.0,70.21,61.87,67.33,8.23,12.69,56.14,47.12,50.18,51.34,"Kuadran IV (Ekonomi Tinggi, Keputusan Rendah)",Not Significant,High-High (Hotspot)
5319,Kabupaten Manggarai Timur,MANGGARAI TIMUR,Kabupaten,Nusa Tenggara Timur,Bali & Nusa Tenggara,-8.749,120.609,3.33,36.3,6561.0,70.73,55.85,78.47,7.96,12.66,51.26,38.84,47.89,45.62,"Kuadran IV (Ekonomi Tinggi, Keputusan Rendah)",Low-Low (Coldspot),High-High (Hotspot)
5320,Kabupaten Sabu Raijua,SABU RAIJUA,Kabupaten,Nusa Tenggara Timur,Bali & Nusa Tenggara,-10.453,121.878,10.0,36.25,6207.0,63.17,51.91,71.68,6.99,13.19,46.99,42.27,36.41,42.99,"Kuadran IV (Ekonomi Tinggi, Keputusan Rendah)",Low-Low (Coldspot),High-High (Hotspot)
5321,Kabupaten Malaka,MALAKA,Kabupaten,Nusa Tenggara Timur,Bali & Nusa Tenggara,-9.445,124.918,16.0,51.75,6879.0,67.98,59.55,67.68,7.14,12.83,59.29,52.84,43.06,53.46,"Kuadran I (Ekonomi Tinggi, Keputusan Tinggi)",High-Low (Spatial Outlier),High-High (Hotspot)
5371,Kota Kupang,KOTA KUPANG,Kota,Nusa Tenggara Timur,Bali & Nusa Tenggara,-10.154,123.619,12.5,39.14,14001.0,72.86,47.73,54.86,11.64,16.54,39.28,41.75,73.21,47.05,"Kuadran IV (Ekonomi Tinggi, Keputusan Rendah)",Low-Low (Coldspot),High-High (Hotspot)
6101,Kabupaten Sambas,SAMBAS,Kabupaten,Kalimantan Barat,Kalimantan,1.361,109.329,20.0,38.65,11538.0,72.13,42.7,59.91,6.76,12.76,41.95,45.2,51.98,45.26,"Kuadran IV (Ekonomi Tinggi, Keputusan Rendah)",Not Significant,Not Significant
6102,Kabupaten Bengkayang,BENGKAYANG,Kabupaten,Kalimantan Barat,Kalimantan,0.351,108.962,23.33,38.59,10208.0,77.03,50.65,56.88,7.41,12.22,40.01,53.55,57.62,48.95,"Kuadran I (Ekonomi Tinggi, Keputusan Tinggi)",Not Significant,Not Significant
6103,Kabupaten Landak,LANDAK,Kabupaten,Kalimantan Barat,Kalimantan,0.123,110.596,20.0,36.14,8868.0,76.46,45.29,56.55,7.46,12.54,37.47,46.93,56.29,45.02,"Kuadran IV (Ekonomi Tinggi, Keputusan Rendah)",Not Significant,Not Significant
6171,Kota Pontianak,PONTIANAK,Kabupaten,Kalimantan Barat,Kalimantan,-0.022,109.338,8.57,34.62,9163.0,73.92,52.13,56.54,7.21,12.9,36.01,41.12,53.34,41.52,"Kuadran IV (Ekonomi Tinggi, Keputusan Rendah)",Not Significant,Not Significant
6105,Kabupaten Sanggau,SANGGAU,Kabupaten,Kalimantan Barat,Kalimantan,0.079,111.495,10.0,33.5,9728.0,73.95,46.89,54.67,7.47,11.88,33.78,38.91,52.61,39.6,"Kuadran III (Ekonomi Rendah, Keputusan Rendah)",Low-Low (Coldspot),Not Significant
6106,Kabupaten Ketapang,KETAPANG,Kabupaten,Kalimantan Barat,Kalimantan,0.879,112.925,6.67,26.18,10472.0,73.68,40.74,41.81,7.68,11.97,18.79,31.77,53.6,30.94,"Kuadran III (Ekonomi Rendah, Keputusan Rendah)",Not Significant,Not Significant
6107,Kabupaten Sintang,SINTANG,Kabupaten,Kalimantan Barat,Kalimantan,0.869,109.497,10.0,32.82,9657.0,74.78,52.97,63.22,7.65,12.32,38.45,42.98,54.85,43.54,"Kuadran IV (Ekonomi Tinggi, Keputusan Rendah)",Not Significant,Not Significant
6108,Kabupaten Kapuas Hulu,KAPUAS HULU,Kabupaten,Kalimantan Barat,Kalimantan,0.375,109.938,6.67,40.98,8470.0,75.16,44.26,65.25,8.03,12.23,47.5,34.12,54.9,43.63,"Kuadran IV (Ekonomi Tinggi, Keputusan Rendah)",Not Significant,Not Significant
6109,Kabupaten Sekadau,SEKADAU,Kabupaten,Kalimantan Barat,Kalimantan,0.007,110.955,0.0,38.69,8511.0,75.04,38.25,61.41,7.23,11.93,42.92,24.04,52.44,37.27,"Kuadran IV (Ekonomi Tinggi, Keputusan Rendah)",Not Significant,Not Significant
6110,Kabupaten Melawi,MELAWI,Kabupaten,Kalimantan Barat,Kalimantan,-0.377,111.764,20.0,35.45,9596.0,75.76,55.96,60.51,7.66,11.37,39.27,54.07,54.34,48.2,"Kuadran I (Ekonomi Tinggi, Keputusan Tinggi)",High-Low (Spatial Outlier),Not Significant
6111,Kabupaten Kayong Utara,KAYONG UTARA,Kabupaten,Kalimantan Barat,Kalimantan,-1.253,109.954,4.0,30.55,9016.0,71.54,49.75,55.67,6.54,12.2,31.58,35.37,47.27,36.23,"Kuadran III (Ekonomi Rendah, Keputusan Rendah)",Low-Low (Coldspot),Not Significant
6112,Kabupaten Kubu Raya,KUBU RAYA,Kabupaten,Kalimantan Barat,Kalimantan,-0.127,109.404,13.33,35.89,10132.0,73.48,53.73,43.07,7.05,13.9,28.84,46.52,55.18,41.18,"Kuadran III (Ekonomi Rendah, Keputusan Rendah)",Not Significant,Not Significant
6171,Kota Pontianak,KOTA PONTIANAK,Kota,Kalimantan Barat,Kalimantan,-0.022,109.338,20.0,33.94,16212.0,76.67,48.65,50.68,10.47,15.06,31.71,49.18,74.97,47.35,"Kuadran II (Ekonomi Rendah, Keputusan Tinggi)",Not Significant,Not Significant
6172,Kota Singkawang,KOTA SINGKAWANG,Kota,Kalimantan Barat,Kalimantan,0.905,108.977,16.67,29.16,12945.0,75.06,57.32,50.46,8.22,12.95,27.02,51.95,60.8,43.75,"Kuadran II (Ekonomi Rendah, Keputusan Tinggi)",Not Significant,Not Significant
6201,Kabupaten Kotawaringin Barat,KOTAWARINGIN BARAT,Kota,Kalimantan Tengah,Kalimantan,-2.692,111.634,20.0,24.52,14095.0,73.41,50.41,47.87,8.77,12.78,20.98,50.36,60.64,40.66,"Kuadran II (Ekonomi Rendah, Keputusan Tinggi)",Not Significant,Low-Low (Coldspot)
6202,Kabupaten Kotawaringin Timur,KOTAWARINGIN TIMUR,Kota,Kalimantan Tengah,Kalimantan,-2.538,112.941,17.95,26.19,13042.0,72.52,42.98,40.77,8.18,12.89,18.15,43.52,57.34,36.14,"Kuadran III (Ekonomi Rendah, Keputusan Rendah)",Not Significant,Low-Low (Coldspot)
6203,Kabupaten Kapuas,KAPUAS,Kabupaten,Kalimantan Tengah,Kalimantan,-2.964,114.416,25.0,28.19,12265.0,71.37,53.81,53.9,7.93,13.01,28.23,57.18,54.75,45.11,"Kuadran II (Ekonomi Rendah, Keputusan Tinggi)",High-High (Hotspot),Not Significant
6204,Kabupaten Barito Selatan,BARITO SELATAN,Kabupaten,Kalimantan Tengah,Kalimantan,-1.719,114.845,52.0,37.91,12508.0,69.91,51.98,52.58,9.22,13.0,36.68,80.5,55.93,58.06,"Kuadran I (Ekonomi Tinggi, Keputusan Tinggi)",High-High (Hotspot),Not Significant
6205,Kabupaten Barito Utara,BARITO UTARA,Kabupaten,Kalimantan Tengah,Kalimantan,-0.952,114.898,36.0,42.32,11150.0,73.84,48.62,55.61,8.92,12.55,42.78,63.71,58.3,54.26,"Kuadran I (Ekonomi Tinggi, Keputusan Tinggi)",High-High (Hotspot),Not Significant
6206,Kabupaten Sukamara,SUKAMARA,Kabupaten,Kalimantan Tengah,Kalimantan,-1.881,113.399,20.0,21.47,9809.0,74.2,42.03,52.27,8.18,12.17,20.8,44.75,55.14,37.25,"Kuadran III (Ekonomi Rendah, Keputusan Rendah)",Low-High (Spatial Outlier),Not Significant
6207,Kabupaten Lamandau,LAMANDAU,Kabupaten,Kalimantan Tengah,Kalimantan,-3.414,112.542,33.33,27.98,12278.0,72.0,50.45,53.78,8.82,12.53,27.96,62.5,56.7,47.52,"Kuadran II (Ekonomi Rendah, Keputusan Tinggi)",Not Significant,Low-Low (Coldspot)
6208,Kabupaten Seruyan,SERUYAN,Kabupaten,Kalimantan Tengah,Kalimantan,-2.761,111.177,12.0,28.02,10474.0,71.74,47.18,48.06,8.01,12.04,24.43,40.92,51.91,36.52,"Kuadran III (Ekonomi Rendah, Keputusan Rendah)",Not Significant,Low-Low (Coldspot)
6209,Kabupaten Katingan,KATINGAN,Kabupaten,Kalimantan Tengah,Kalimantan,-2.185,111.428,8.0,29.97,11691.0,68.53,34.83,47.82,8.95,12.99,26.14,29.02,52.71,32.61,"Kuadran III (Ekonomi Rendah, Keputusan Rendah)",Not Significant,Low-Low (Coldspot)
6210,Kabupaten Pulang Pisau,PULANG PISAU,Kabupaten,Kalimantan Tengah,Kalimantan,-1.127,113.844,24.0,22.75,11207.0,70.78,52.56,53.13,8.42,12.52,22.56,55.43,53.16,41.83,"Kuadran II (Ekonomi Rendah, Keputusan Tinggi)",High-High (Hotspot),Not Significant
6211,Kabupaten Gunung Mas,GUNUNG MAS,Kabupaten,Kalimantan Tengah,Kalimantan,-2.716,114.305,40.0,45.67,11902.0,73.13,45.28,47.35,9.37,12.1,40.83,65.11,58.26,54.03,"Kuadran I (Ekonomi Tinggi, Keputusan Tinggi)",Not Significant,Not Significant
6212,Kabupaten Barito Timur,BARITO TIMUR,Kabupaten,Kalimantan Tengah,Kalimantan,-0.64,114.569,30.43,43.78,12576.0,71.05,54.21,68.91,9.54,12.88,52.45,62.38,57.99,57.53,"Kuadran I (Ekonomi Tinggi, Keputusan Tinggi)",High-High (Hotspot),High-Low (Spatial Outlier)
6213,Kabupaten Murung Raya,MURUNG RAYA,Kabupaten,Kalimantan Tengah,Kalimantan,-2.115,115.169,17.39,29.38,11503.0,72.06,39.97,37.92,7.94,12.05,19.42,41.0,53.18,34.8,"Kuadran III (Ekonomi Rendah, Keputusan Rendah)",Low-High (Spatial Outlier),Not Significant
6271,Kota Palangka Raya,KOTA PALANGKA RAYA,Kota,Kalimantan Tengah,Kalimantan,-2.174,113.88,16.67,31.56,15188.0,76.22,48.82,49.37,11.66,15.13,28.63,46.27,76.19,45.2,"Kuadran III (Ekonomi Rendah, Keputusan Rendah)",Low-High (Spatial Outlier),Low-Low (Coldspot)
6301,Kabupaten Tanah Laut,TANAH LAUT,Kabupaten,Kalimantan Selatan,Kalimantan,-3.799,114.783,34.29,28.35,12595.0,72.32,58.33,56.4,7.94,12.43,29.94,68.65,55.27,50.49,"Kuadran II (Ekonomi Rendah, Keputusan Tinggi)",Not Significant,Not Significant
6302,Kabupaten Kota Baru,KOTA BARU,Kota,Kalimantan Selatan,Kalimantan,-3.236,116.228,28.57,26.98,12929.0,71.95,42.49,45.25,7.56,12.08,21.69,52.85,53.6,40.54,"Kuadran II (Ekonomi Rendah, Keputusan Tinggi)",Not Significant,Not Significant
6303,Kabupaten Banjar,BANJAR,Kabupaten,Kalimantan Selatan,Kalimantan,-3.409,114.848,22.22,34.3,13683.0,70.3,49.0,55.45,7.95,13.04,35.03,51.43,54.8,45.54,"Kuadran I (Ekonomi Tinggi, Keputusan Tinggi)",High-High (Hotspot),Not Significant
6304,Kabupaten Barito Kuala,BARITO KUALA,Kabupaten,Kalimantan Selatan,Kalimantan,-2.978,114.766,22.86,42.34,11168.0,69.09,43.24,57.66,7.92,12.56,44.07,48.16,49.85,46.86,"Kuadran I (Ekonomi Tinggi, Keputusan Tinggi)",Not Significant,Not Significant
6305,Kabupaten Tapin,TAPIN,Kabupaten,Kalimantan Selatan,Kalimantan,-2.932,115.163,8.0,49.37,13163.0,73.39,41.72,53.03,8.15,12.34,47.9,33.63,57.52,44.12,"Kuadran IV (Ekonomi Tinggi, Keputusan Rendah)",Not Significant,Not Significant
6306,Kabupaten Hulu Sungai Selatan,HULU SUNGAI SELATAN,Kabupaten,Kalimantan Selatan,Kalimantan,-2.787,115.266,17.24,27.19,14150.0,69.19,52.51,64.32,8.09,12.48,33.76,49.25,53.06,43.82,"Kuadran II (Ekonomi Rendah, Keputusan Tinggi)",Not Significant,Not Significant
6307,Kabupaten Hulu Sungai Tengah,HULU SUNGAI TENGAH,Kabupaten,Kalimantan Selatan,Kalimantan,-2.585,115.385,13.33,48.35,13176.0,69.14,53.77,63.51,8.35,12.31,53.45,46.54,52.33,50.46,"Kuadran IV (Ekonomi Tinggi, Keputusan Rendah)",Not Significant,Not Significant
6308,Kabupaten Hulu Sungai Utara,HULU SUNGAI UTARA,Kabupaten,Kalimantan Selatan,Kalimantan,-2.419,115.254,23.33,30.3,10981.0,67.23,56.59,63.09,7.78,13.21,35.97,57.52,48.11,47.02,"Kuadran I (Ekonomi Tinggi, Keputusan Tinggi)",Not Significant,Not Significant
6309,Kabupaten Tabalong,TABALONG,Kabupaten,Kalimantan Selatan,Kalimantan,-2.164,115.382,26.67,29.45,13097.0,73.5,52.81,63.08,9.15,12.92,35.15,58.03,60.91,49.45,"Kuadran I (Ekonomi Tinggi, Keputusan Tinggi)",Not Significant,Not Significant
6310,Kabupaten Tanah Bumbu,TANAH BUMBU,Kabupaten,Kalimantan Selatan,Kalimantan,-3.483,115.947,11.43,31.26,13026.0,73.14,54.45,46.8,8.43,12.61,26.74,45.27,58.19,40.44,"Kuadran III (Ekonomi Rendah, Keputusan Rendah)",Not Significant,Not Significant
6311,Kabupaten Balangan,BALANGAN,Kabupaten,Kalimantan Selatan,Kalimantan,-2.364,115.471,16.0,37.33,12325.0,70.63,58.73,66.81,8.13,13.09,44.99,52.29,54.43,49.8,"Kuadran I (Ekonomi Tinggi, Keputusan Tinggi)",Not Significant,Not Significant
6371,Kota Banjarmasin,KOTA BANJARMASIN,Kota,Kalimantan Selatan,Kalimantan,-3.327,114.589,26.67,37.46,15714.0,74.15,54.06,50.93,10.35,14.01,35.23,58.86,68.97,51.43,"Kuadran I (Ekonomi Tinggi, Keputusan Tinggi)",Not Significant,Not Significant
6372,Kota Banjar Baru,KOTA BANJAR BARU,Kota,Kalimantan Selatan,Kalimantan,-3.439,114.831,26.67,32.36,14927.0,74.89,40.11,52.65,11.0,14.86,31.43,49.53,72.22,46.83,"Kuadran II (Ekonomi Rendah, Keputusan Tinggi)",High-High (Hotspot),Not Significant
6401,Kabupaten Paser,PASIR,Kabupaten,Kalimantan Timur,Kalimantan,-1.91,116.191,20.0,24.13,12181.0,75.33,54.94,46.22,8.92,13.38,19.58,53.39,62.79,41.75,"Kuadran II (Ekonomi Rendah, Keputusan Tinggi)",Not Significant,Not Significant
6402,Kabupaten Kutai Barat,KUTAI BARAT,Kabupaten,Kalimantan Timur,Kalimantan,-0.443,116.999,20.0,27.19,11903.0,75.6,54.16,55.1,8.89,13.36,28.02,52.87,62.77,44.91,"Kuadran II (Ekonomi Rendah, Keputusan Tinggi)",Not Significant,Low-Low (Coldspot)
6403,Kabupaten Kutai Kartanegara,KUTAI KARTANEGARA,Kabupaten,Kalimantan Timur,Kalimantan,2.15,117.508,26.67,24.38,12957.0,75.01,53.41,44.86,9.27,13.65,18.97,58.43,64.39,43.84,"Kuadran II (Ekonomi Rendah, Keputusan Tinggi)",Not Significant,Low-Low (Coldspot)
6404,Kabupaten Kutai Timur,KUTAI TIMUR,Kabupaten,Kalimantan Timur,Kalimantan,0.943,116.985,15.0,18.71,12490.0,76.13,58.38,43.71,9.47,13.02,12.84,51.14,64.7,38.53,"Kuadran II (Ekonomi Rendah, Keputusan Tinggi)",Not Significant,Low-Low (Coldspot)
6405,Kabupaten Berau,BERAU,Kabupaten,Kalimantan Timur,Kalimantan,2.045,117.362,20.0,18.19,14101.0,74.65,49.25,46.32,9.57,13.37,13.97,49.58,65.16,38.45,"Kuadran II (Ekonomi Rendah, Keputusan Tinggi)",Not Significant,Low-Low (Coldspot)
6409,Kabupaten Penajam Paser Utara,PENAJAM PASER UTARA,Kabupaten,Kalimantan Timur,Kalimantan,-1.308,116.727,4.0,25.73,16160.0,76.8,57.26,49.7,10.95,15.4,23.27,40.4,76.8,40.83,"Kuadran III (Ekonomi Rendah, Keputusan Rendah)",Not Significant,Low-Low (Coldspot)
6411,Kabupaten Mahakam Hulu,MAHAKAM ULU,Kabupaten,Kalimantan Timur,Kalimantan,0.506,115.271,40.0,28.39,10197.0,74.79,46.54,52.14,9.35,13.21,27.33,65.95,60.83,49.48,"Kuadran II (Ekonomi Rendah, Keputusan Tinggi)",High-High (Hotspot),Not Significant
6471,Kota Balikpapan,KOTA BALIKPAPAN,Kota,Kalimantan Timur,Kalimantan,-1.276,116.828,26.67,27.56,11190.0,71.76,52.33,57.83,9.63,13.35,30.08,57.71,58.67,46.85,"Kuadran II (Ekonomi Rendah, Keputusan Tinggi)",Not Significant,Low-Low (Coldspot)
6472,Kota Samarinda,KOTA SAMARINDA,Kota,Kalimantan Timur,Kalimantan,-0.491,117.146,8.89,31.34,10581.0,73.75,46.51,53.51,9.23,13.25,30.99,37.65,59.63,39.38,"Kuadran III (Ekonomi Rendah, Keputusan Rendah)",Not Significant,Low-Low (Coldspot)
6474,Kota Bontang,KOTA BONTANG,Kota,Kalimantan Timur,Kalimantan,0.07,117.444,4.0,17.8,8265.0,72.25,46.97,58.03,8.39,12.69,20.89,33.51,52.53,32.27,"Kuadran III (Ekonomi Rendah, Keputusan Rendah)",Not Significant,Low-Low (Coldspot)
6501,Kabupaten Malinau,MALINAU,Kabupaten,Kalimantan Utara,Kalimantan,2.841,117.398,25.0,29.05,11998.0,74.76,45.16,49.59,9.84,12.97,26.37,51.39,63.16,43.74,"Kuadran II (Ekonomi Rendah, Keputusan Tinggi)",Not Significant,Low-Low (Coldspot)
6502,Kabupaten Bulungan,BULONGAN,Kabupaten,Kalimantan Utara,Kalimantan,3.552,116.622,8.0,22.57,11507.0,72.32,44.07,48.52,8.38,11.65,19.52,35.21,53.77,32.65,"Kuadran III (Ekonomi Rendah, Keputusan Rendah)",Not Significant,Low-Low (Coldspot)
6503,Kabupaten Tana Tidung,TANA TIDUNG,Kabupaten,Kalimantan Utara,Kalimantan,4.077,117.719,15.0,24.07,13681.0,74.16,41.78,49.54,10.23,14.19,21.59,40.04,67.11,38.07,"Kuadran III (Ekonomi Rendah, Keputusan Rendah)",Not Significant,Low-Low (Coldspot)
6504,Kabupaten Nunukan,NUNUKAN,Kabupaten,Kalimantan Utara,Kalimantan,3.602,116.903,23.33,26.88,12409.0,73.02,43.94,45.18,8.65,12.61,21.55,49.06,57.93,39.83,"Kuadran II (Ekonomi Rendah, Keputusan Tinggi)",Not Significant,Low-Low (Coldspot)
6571,Kota Tarakan,KOTA TARAKAN,Kota,Kalimantan Utara,Kalimantan,3.314,117.605,20.0,25.59,9512.0,73.24,51.95,57.74,9.96,12.67,28.14,51.39,58.5,43.51,"Kuadran II (Ekonomi Rendah, Keputusan Tinggi)",Not Significant,Low-Low (Coldspot)
7101,Kabupaten Bolaang Mongondow,BOLAANG MONGONDOW,Kabupaten,Sulawesi Utara,Sulawesi,0.871,124.024,30.0,28.57,12412.0,74.32,50.94,43.66,10.35,13.08,22.22,59.8,64.32,45.67,"Kuadran II (Ekonomi Rendah, Keputusan Tinggi)",High-High (Hotspot),Low-Low (Coldspot)
7102,Kabupaten Minahasa,MINAHASA,Kabupaten,Sulawesi Utara,Sulawesi,1.301,124.911,45.71,40.23,10170.0,70.6,59.22,49.42,8.61,12.39,36.93,79.62,52.11,57.04,"Kuadran I (Ekonomi Tinggi, Keputusan Tinggi)",High-High (Hotspot),High-Low (Spatial Outlier)
7103,Kabupaten Kepulauan Sangihe,KEPULAUAN SANGIHE,Kabupaten,Sulawesi Utara,Sulawesi,3.612,125.5,12.0,29.94,9062.0,73.92,53.33,55.19,9.43,12.04,30.7,45.04,56.61,41.62,"Kuadran III (Ekonomi Rendah, Keputusan Rendah)",Low-High (Spatial Outlier),Low-Low (Coldspot)
7104,Kabupaten Kepulauan Talaud,KEPULAUAN TALAUD,Kabupaten,Sulawesi Utara,Sulawesi,4.006,126.682,16.0,28.01,11511.0,73.2,53.75,57.93,9.14,12.6,30.57,48.96,58.39,43.49,"Kuadran II (Ekonomi Rendah, Keputusan Tinggi)",High-High (Hotspot),Low-Low (Coldspot)
7105,Kabupaten Minahasa Selatan,MINAHASA SELATAN,Kabupaten,Sulawesi Utara,Sulawesi,1.213,124.597,33.33,31.56,10114.0,67.08,63.76,44.36,8.28,12.34,25.51,71.41,46.6,48.09,"Kuadran II (Ekonomi Rendah, Keputusan Tinggi)",High-High (Hotspot),Low-Low (Coldspot)
7106,Kabupaten Minahasa Utara,MINAHASA UTARA,Kabupaten,Sulawesi Utara,Sulawesi,1.459,124.975,23.33,32.67,10191.0,70.77,44.26,37.76,8.29,11.91,22.46,49.27,50.75,38.84,"Kuadran II (Ekonomi Rendah, Keputusan Tinggi)",High-High (Hotspot),Low-Low (Coldspot)
7107,Kabupaten Bolaang Mongondow Utara,BOLAANG MONGONDOW UTARA,Kabupaten,Sulawesi Utara,Sulawesi,1.042,124.798,15.0,28.74,15301.0,74.84,64.06,50.09,11.46,14.2,26.38,54.95,72.31,46.99,"Kuadran II (Ekonomi Rendah, Keputusan Tinggi)",High-High (Hotspot),Low-Low (Coldspot)
7108,Kabupaten Siau Tagulandang Biaro,SIAU TAGULANDANG BIARO,Kabupaten,Sulawesi Utara,Sulawesi,0.906,123.259,47.37,34.73,13539.0,73.99,57.7,52.39,9.96,12.67,33.53,80.12,63.33,58.13,"Kuadran II (Ekonomi Rendah, Keputusan Tinggi)",High-High (Hotspot),Low-Low (Coldspot)
7109,Kabupaten Minahasa Tenggara,MINAHASA TENGGARA,Kabupaten,Sulawesi Utara,Sulawesi,2.745,125.362,40.0,34.78,13045.0,75.32,58.8,50.92,11.03,14.38,32.66,74.15,70.17,56.76,"Kuadran II (Ekonomi Rendah, Keputusan Tinggi)",High-High (Hotspot),Low-Low (Coldspot)
7110,Kabupaten Bolaang Mongondow Selatan,BOLAANG MONGONDOW SELATAN,Kabupaten,Sulawesi Utara,Sulawesi,0.769,124.613,20.0,28.16,12074.0,73.67,62.12,55.52,10.35,13.05,29.21,58.19,63.08,47.58,"Kuadran II (Ekonomi Rendah, Keputusan Tinggi)",High-High (Hotspot),Low-Low (Coldspot)
7111,Kabupaten Bolaang Mongondow Timur,BOLAANG MONGONDOW TIMUR,Kabupaten,Sulawesi Utara,Sulawesi,0.384,124.048,30.0,24.68,10536.0,71.44,50.07,55.47,9.04,13.34,25.86,59.22,56.29,45.29,"Kuadran II (Ekonomi Rendah, Keputusan Tinggi)",High-High (Hotspot),Low-Low (Coldspot)
7171,Kota Manado,KOTA MANADO,Kota,Sulawesi Utara,Sulawesi,1.485,124.849,55.0,34.38,8375.0,69.1,46.93,61.84,8.7,13.11,39.08,79.85,49.96,57.56,"Kuadran I (Ekonomi Tinggi, Keputusan Tinggi)",High-High (Hotspot),High-Low (Spatial Outlier)
7172,Kota Bitung,KOTA BITUNG,Kota,Sulawesi Utara,Sulawesi,1.445,125.182,19.23,27.09,10772.0,73.12,53.64,56.41,8.81,13.35,28.74,51.82,58.23,43.87,"Kuadran II (Ekonomi Rendah, Keputusan Tinggi)",High-High (Hotspot),Low-Low (Coldspot)
7173,Kota Tomohon,KOTA TOMOHON,Kota,Sulawesi Utara,Sulawesi,1.315,124.827,25.0,34.14,12281.0,71.43,54.07,30.82,9.38,13.39,19.54,57.35,58.79,42.51,"Kuadran II (Ekonomi Rendah, Keputusan Tinggi)",High-High (Hotspot),Low-Low (Coldspot)
7174,Kota Kotamobagu,KOTA KOTAMOBAGU,Kota,Sulawesi Utara,Sulawesi,0.743,124.313,16.67,25.96,9948.0,73.38,59.66,54.34,9.54,13.75,26.38,53.52,60.16,43.99,"Kuadran II (Ekonomi Rendah, Keputusan Tinggi)",High-High (Hotspot),Low-Low (Coldspot)
7201,Kabupaten Banggai Kepulauan,BANGGAI KEPULAUAN,Kabupaten,Sulawesi Tengah,Sulawesi,-0.994,122.789,20.0,42.56,8918.0,69.05,55.51,49.58,8.91,13.17,39.25,53.77,51.0,47.41,"Kuadran I (Ekonomi Tinggi, Keputusan Tinggi)",High-High (Hotspot),Not Significant
7202,Kabupaten Banggai,BANGGAI,Kabupaten,Sulawesi Tengah,Sulawesi,-1.395,120.755,34.29,28.47,9051.0,72.01,57.96,54.36,9.2,13.18,28.78,68.4,55.69,50.01,"Kuadran II (Ekonomi Rendah, Keputusan Tinggi)",Not Significant,Low-Low (Coldspot)
7203,Kabupaten Morowali,MOROWALI,Kabupaten,Sulawesi Tengah,Sulawesi,-0.678,119.753,12.0,31.01,10846.0,66.63,41.66,59.79,8.05,12.52,34.59,37.23,46.52,38.03,"Kuadran IV (Ekonomi Tinggi, Keputusan Rendah)",Low-High (Spatial Outlier),Low-Low (Coldspot)
7204,Kabupaten Poso,POSO,Kabupaten,Sulawesi Tengah,Sulawesi,1.018,120.798,33.33,33.0,8863.0,68.61,53.52,60.41,8.56,12.43,36.87,64.56,48.21,50.21,"Kuadran I (Ekonomi Tinggi, Keputusan Tinggi)",Not Significant,Not Significant
7205,Kabupaten Donggala,DONGGALA,Kabupaten,Sulawesi Tengah,Sulawesi,1.169,121.41,20.0,31.08,9254.0,72.49,55.94,64.43,9.04,13.13,37.54,54.06,56.06,47.85,"Kuadran I (Ekonomi Tinggi, Keputusan Tinggi)",High-High (Hotspot),Not Significant
7206,Kabupaten Toli-toli,TOLI-TOLI,Kabupaten,Sulawesi Tengah,Sulawesi,-2.481,121.934,23.33,26.01,8776.0,68.31,55.12,52.51,8.65,13.04,25.29,56.54,49.06,42.54,"Kuadran II (Ekonomi Rendah, Keputusan Tinggi)",High-High (Hotspot),Not Significant
7207,Kabupaten Buol,BUOL,Kabupaten,Sulawesi Tengah,Sulawesi,-1.312,123.298,36.0,27.07,10032.0,72.08,53.3,54.5,9.13,12.44,27.54,66.84,55.19,48.79,"Kuadran II (Ekonomi Rendah, Keputusan Tinggi)",High-High (Hotspot),Not Significant
7208,Kabupaten Parigi Moutong,PARIGI MOUTONG,Kabupaten,Sulawesi Tengah,Sulawesi,-0.805,120.16,17.5,24.36,15941.0,73.6,63.89,57.72,11.75,16.52,26.95,57.1,76.24,48.87,"Kuadran II (Ekonomi Rendah, Keputusan Tinggi)",Not Significant,Not Significant
7209,Kabupaten Tojo Una-una,TOJO UNA-UNA,Kabupaten,Sulawesi Tengah,Sulawesi,-0.915,121.589,12.0,31.96,12275.0,73.47,53.73,52.68,8.86,13.55,31.07,45.31,60.61,42.67,"Kuadran III (Ekonomi Rendah, Keputusan Rendah)",Low-High (Spatial Outlier),Not Significant
7210,Kabupaten Sigi,SIGI,Kabupaten,Sulawesi Tengah,Sulawesi,-1.047,119.95,33.33,32.97,10235.0,71.29,50.46,55.25,8.49,12.84,33.63,62.51,53.65,49.19,"Kuadran II (Ekonomi Rendah, Keputusan Tinggi)",Not Significant,Not Significant
7211,Kabupaten Banggai Laut,BANGGAI LAUT,Kabupaten,Sulawesi Tengah,Sulawesi,-1.606,123.496,20.0,33.98,11807.0,71.03,50.74,60.79,8.52,13.45,38.04,50.58,56.0,46.65,"Kuadran I (Ekonomi Tinggi, Keputusan Tinggi)",High-High (Hotspot),High-Low (Spatial Outlier)
7212,Kabupaten Morowali Utara,MOROWALI UTARA,Kabupaten,Sulawesi Tengah,Sulawesi,-1.977,121.336,28.0,19.89,12719.0,73.33,54.79,69.11,7.26,12.79,29.78,60.56,55.86,47.31,"Kuadran II (Ekonomi Rendah, Keputusan Tinggi)",High-High (Hotspot),Not Significant
7271,Kota Palu,KOTA PALU,Kota,Sulawesi Tengah,Sulawesi,-0.9,119.891,14.29,34.1,10158.0,69.18,52.33,50.51,7.01,12.14,31.76,46.45,46.19,40.52,"Kuadran III (Ekonomi Rendah, Keputusan Rendah)",Low-High (Spatial Outlier),Not Significant
7301,Kabupaten Kepulauan Selayar,KEPULAUAN SELAYAR,Kabupaten,Sulawesi Selatan,Sulawesi,-6.12,120.466,20.0,33.16,10700.0,73.08,63.34,59.5,8.53,13.71,36.46,59.01,58.15,49.82,"Kuadran I (Ekonomi Tinggi, Keputusan Tinggi)",High-High (Hotspot),Not Significant
7302,Kabupaten Bulukumba,BULUKUMBA,Kabupaten,Sulawesi Selatan,Sulawesi,-5.558,120.193,22.5,35.34,10665.0,70.17,56.33,61.79,7.82,13.27,39.96,56.59,51.88,49.0,"Kuadran I (Ekonomi Tinggi, Keputusan Tinggi)",High-High (Hotspot),Not Significant
7303,Kabupaten Bantaeng,BANTAENG,Kabupaten,Sulawesi Selatan,Sulawesi,-5.553,119.967,28.57,37.24,12209.0,71.71,59.39,43.88,8.05,13.51,30.63,64.16,56.34,49.18,"Kuadran II (Ekonomi Rendah, Keputusan Tinggi)",High-High (Hotspot),Not Significant
7304,Kabupaten Jeneponto,JENEPONTO,Kabupaten,Sulawesi Selatan,Sulawesi,-5.677,119.749,27.5,33.17,12643.0,69.62,55.28,58.16,8.47,12.81,35.63,60.43,53.65,49.15,"Kuadran I (Ekonomi Tinggi, Keputusan Tinggi)",High-High (Hotspot),Not Significant
7305,Kabupaten Takalar,TAKALAR,Kabupaten,Sulawesi Selatan,Sulawesi,-5.425,119.441,31.43,27.88,12058.0,71.75,55.05,41.26,8.8,13.63,20.07,63.85,58.15,45.2,"Kuadran II (Ekonomi Rendah, Keputusan Tinggi)",High-High (Hotspot),Not Significant
7306,Kabupaten Gowa,GOWA,Kabupaten,Sulawesi Selatan,Sulawesi,-5.2,119.453,31.11,35.4,10084.0,70.14,48.07,47.12,7.55,13.02,30.89,58.89,50.22,45.96,"Kuadran II (Ekonomi Rendah, Keputusan Tinggi)",High-High (Hotspot),Not Significant
7307,Kabupaten Sinjai,SINJAI,Kabupaten,Sulawesi Selatan,Sulawesi,-5.12,120.235,16.67,34.06,10547.0,72.81,59.39,45.23,8.45,13.22,28.44,53.34,56.56,44.02,"Kuadran II (Ekonomi Rendah, Keputusan Tinggi)",High-High (Hotspot),Not Significant
7308,Kabupaten Maros,MAROS,Kabupaten,Sulawesi Selatan,Sulawesi,-4.539,120.309,25.71,27.58,13608.0,70.36,53.42,52.19,7.46,13.32,26.58,57.56,54.23,44.5,"Kuadran II (Ekonomi Rendah, Keputusan Tinggi)",Not Significant,Not Significant
7309,Kabupaten Pangkajene Dan Kepulauan,PANGKAJENE DAN KEPULAUAN,Kabupaten,Sulawesi Selatan,Sulawesi,-5.016,119.574,8.57,32.41,13209.0,73.05,60.43,39.21,8.21,13.03,23.11,46.67,58.53,39.62,"Kuadran III (Ekonomi Rendah, Keputusan Rendah)",Low-High (Spatial Outlier),Not Significant
7310,Kabupaten Barru,BARRU,Kabupaten,Sulawesi Selatan,Sulawesi,-4.846,119.56,20.0,26.4,13010.0,72.67,53.74,46.53,8.53,13.28,21.94,52.59,59.02,41.62,"Kuadran II (Ekonomi Rendah, Keputusan Tinggi)",High-High (Hotspot),Not Significant
7311,Kabupaten Bone,BONE,Kabupaten,Sulawesi Selatan,Sulawesi,-4.414,119.617,11.11,33.04,12138.0,73.54,56.29,65.17,9.11,13.88,39.87,46.21,61.74,46.78,"Kuadran IV (Ekonomi Tinggi, Keputusan Rendah)",Not Significant,Not Significant
7312,Kabupaten Soppeng,SOPPENG,Kabupaten,Sulawesi Selatan,Sulawesi,-4.364,119.898,20.0,34.4,11121.0,73.26,62.26,54.78,8.81,13.43,34.7,58.29,58.9,48.98,"Kuadran I (Ekonomi Tinggi, Keputusan Tinggi)",Not Significant,Not Significant
7313,Kabupaten Wajo,WAJO,Kabupaten,Sulawesi Selatan,Sulawesi,-4.112,120.027,10.0,28.85,8319.0,76.77,59.82,71.72,8.77,14.1,39.95,47.56,62.0,47.4,"Kuadran IV (Ekonomi Tinggi, Keputusan Rendah)",Not Significant,Not Significant
7314,Kabupaten Sidenreng Rappang,SIDENRENG RAPPANG,Kabupaten,Sulawesi Selatan,Sulawesi,-3.933,119.769,8.57,30.0,12866.0,71.69,58.64,53.34,8.37,12.61,29.61,45.47,55.99,41.23,"Kuadran III (Ekonomi Rendah, Keputusan Rendah)",Not Significant,Not Significant
7315,Kabupaten Pinrang,PINRANG,Kabupaten,Sulawesi Selatan,Sulawesi,-3.809,119.65,10.0,35.14,13867.0,73.46,59.79,53.55,8.94,13.18,34.64,47.54,61.61,45.19,"Kuadran IV (Ekonomi Tinggi, Keputusan Rendah)",Not Significant,Not Significant
7316,Kabupaten Enrekang,ENREKANG,Kabupaten,Sulawesi Selatan,Sulawesi,-3.588,119.77,16.67,38.08,9292.0,76.46,58.42,66.07,8.54,13.43,45.24,52.69,60.76,51.32,"Kuadran I (Ekonomi Tinggi, Keputusan Tinggi)",Not Significant,Not Significant
7317,Kabupaten Luwu,LUWU,Kabupaten,Sulawesi Selatan,Sulawesi,-3.395,120.366,11.43,36.8,18386.0,74.85,57.58,47.06,11.57,15.62,32.19,47.36,78.15,47.45,"Kuadran III (Ekonomi Rendah, Keputusan Rendah)",Not Significant,Not Significant
7318,Kabupaten Tana Toraja,TANA TORAJA,Kabupaten,Sulawesi Selatan,Sulawesi,-3.087,119.857,6.67,44.78,14928.0,74.03,63.79,58.3,10.88,14.55,46.8,47.19,70.24,51.64,"Kuadran IV (Ekonomi Tinggi, Keputusan Rendah)",Not Significant,Not Significant
7322,Kabupaten Luwu Utara,LUWU UTARA,Kabupaten,Sulawesi Selatan,Sulawesi,-2.55,120.346,14.29,21.0,14369.0,73.63,64.96,52.02,11.16,15.13,20.2,54.9,70.89,44.22,"Kuadran II (Ekonomi Rendah, Keputusan Tinggi)",Not Significant,Not Significant
7325,Kabupaten Luwu Timur,LUWU TIMUR,Kabupaten,Sulawesi Selatan,Sulawesi,-2.583,121.171,11.43,23.67,10606.0,73.64,58.99,60.3,9.42,13.71,27.9,48.31,60.79,42.64,"Kuadran II (Ekonomi Rendah, Keputusan Tinggi)",High-High (Hotspot),Not Significant
7326,Kabupaten Toraja Utara,TORAJA UTARA,Kabupaten,Sulawesi Selatan,Sulawesi,-2.974,119.895,13.33,36.34,8401.0,70.7,61.83,57.19,8.63,13.89,38.06,51.93,53.38,46.67,"Kuadran I (Ekonomi Tinggi, Keputusan Tinggi)",Not Significant,Not Significant
7371,Kota Makassar,KOTA MAKASSAR,Kota,Sulawesi Selatan,Sulawesi,-5.133,119.408,16.0,35.03,9107.0,72.75,47.2,62.68,8.71,14.17,40.22,44.57,57.45,45.41,"Kuadran IV (Ekonomi Tinggi, Keputusan Rendah)",Low-High (Spatial Outlier),High-Low (Spatial Outlier)
7372,Kota Parepare,KOTA PARE-PARE,Kota,Sulawesi Selatan,Sulawesi,-4.028,119.633,24.0,32.69,11415.0,72.63,51.53,50.13,9.69,13.05,30.18,54.74,59.61,45.89,"Kuadran II (Ekonomi Rendah, Keputusan Tinggi)",Not Significant,Not Significant
7373,Kota Palopo,KOTA PALOPO,Kota,Sulawesi Selatan,Sulawesi,-3.008,120.202,20.0,34.91,13534.0,73.59,50.16,74.58,9.38,13.04,47.52,50.19,62.18,51.52,"Kuadran I (Ekonomi Tinggi, Keputusan Tinggi)",Not Significant,Not Significant
7401,Kabupaten Buton,BUTON,Kabupaten,Sulawesi Tenggara,Sulawesi,-4.061,121.616,24.0,35.67,9692.0,71.52,55.79,56.64,8.1,11.91,37.07,57.59,50.84,48.03,"Kuadran I (Ekonomi Tinggi, Keputusan Tinggi)",Not Significant,Not Significant
7402,Kabupaten Muna,MUNA,Kabupaten,Sulawesi Tenggara,Sulawesi,-3.854,122.043,10.0,36.49,10739.0,72.89,58.65,61.69,8.53,13.53,41.0,46.78,57.6,46.63,"Kuadran IV (Ekonomi Tinggi, Keputusan Rendah)",Not Significant,Not Significant
7403,Kabupaten Konawe,KONAWE,Kabupaten,Sulawesi Tenggara,Sulawesi,-4.798,122.719,13.33,36.57,11650.0,72.71,49.92,71.07,8.82,12.22,46.92,43.97,56.46,47.65,"Kuadran IV (Ekonomi Tinggi, Keputusan Rendah)",Not Significant,Not Significant
7404,Kabupaten Kolaka,KOLAKA,Kabupaten,Sulawesi Tenggara,Sulawesi,-5.496,122.84,30.0,26.9,8746.0,73.24,51.35,76.31,9.24,13.32,40.95,60.08,57.36,51.88,"Kuadran I (Ekonomi Tinggi, Keputusan Tinggi)",Not Significant,Not Significant
7405,Kabupaten Konawe Selatan,KONAWE SELATAN,Kabupaten,Sulawesi Tenggara,Sulawesi,-4.332,122.281,20.0,31.24,10658.0,71.89,49.78,67.75,9.61,13.13,39.76,49.94,57.88,47.46,"Kuadran I (Ekonomi Tinggi, Keputusan Tinggi)",Not Significant,Not Significant
7406,Kabupaten Bombana,BOMBANA,Kabupaten,Sulawesi Tenggara,Sulawesi,-4.747,122.011,8.0,27.3,9012.0,75.28,55.48,57.02,8.43,12.71,29.32,42.84,57.36,40.34,"Kuadran III (Ekonomi Rendah, Keputusan Rendah)",Not Significant,Not Significant
7407,Kabupaten Wakatobi,WAKATOBI,Kabupaten,Sulawesi Tenggara,Sulawesi,-5.328,23.539,28.0,42.9,7996.0,70.69,50.77,72.73,9.46,12.55,53.99,57.87,52.36,55.22,"Kuadran I (Ekonomi Tinggi, Keputusan Tinggi)",Not Significant,High-Low (Spatial Outlier)
7408,Kabupaten Kolaka Utara,KOLAKA UTARA,Kabupaten,Sulawesi Tenggara,Sulawesi,-3.49,120.888,16.0,28.53,8458.0,72.64,64.29,63.43,8.09,12.74,34.49,56.01,52.65,46.73,"Kuadran II (Ekonomi Rendah, Keputusan Tinggi)",Not Significant,Not Significant
7409,Kabupaten Buton Utara,BUTON UTARA,Kabupaten,Sulawesi Tenggara,Sulawesi,-3.512,122.111,25.0,39.08,8434.0,70.07,54.55,56.57,7.35,13.22,40.28,57.67,48.48,48.88,"Kuadran I (Ekonomi Tinggi, Keputusan Tinggi)",Not Significant,Not Significant
7410,Kabupaten Konawe Utara,KONAWE UTARA,Kabupaten,Sulawesi Tenggara,Sulawesi,-4.801,122.983,15.0,37.48,8386.0,70.01,55.74,75.99,7.75,13.36,50.85,49.38,49.51,49.99,"Kuadran I (Ekonomi Tinggi, Keputusan Tinggi)",Not Significant,High-High (Hotspot)
7411,Kabupaten Kolaka Timur,KOLAKA TIMUR,Kabupaten,Sulawesi Tenggara,Sulawesi,-4.001,121.862,20.0,32.21,15651.0,76.77,53.74,55.49,12.55,16.92,33.06,52.59,82.67,50.79,"Kuadran II (Ekonomi Rendah, Keputusan Tinggi)",Not Significant,Not Significant
7412,Kabupaten Konawe Kepulauan,KONAWE KEPULAUAN,Kabupaten,Sulawesi Tenggara,Sulawesi,-4.053,122.989,15.0,76.54,11755.0,73.71,48.57,58.12,11.03,15.53,76.99,44.58,68.95,62.42,"Kuadran IV (Ekonomi Tinggi, Keputusan Rendah)",Not Significant,Not Significant
7413,Kabupaten Muna Barat,MUNA BARAT,Kabupaten,Sulawesi Tenggara,Sulawesi,-4.792,122.494,10.0,20.36,11539.0,71.12,61.54,55.23,8.29,13.17,21.59,48.71,54.83,39.09,"Kuadran II (Ekonomi Rendah, Keputusan Tinggi)",Not Significant,Not Significant
7414,Kabupaten Buton Tengah,BUTON TENGAH,Kabupaten,Sulawesi Tenggara,Sulawesi,-5.316,122.532,12.0,50.06,10401.0,72.13,57.32,54.18,7.31,12.49,49.27,47.71,51.63,49.12,"Kuadran I (Ekonomi Tinggi, Keputusan Tinggi)",Not Significant,Not Significant
7415,Kabupaten Buton Selatan,BUTON SELATAN,Kabupaten,Sulawesi Tenggara,Sulawesi,-5.608,122.601,8.0,41.14,10645.0,71.12,53.06,56.83,7.95,13.22,42.41,41.22,53.31,44.11,"Kuadran IV (Ekonomi Tinggi, Keputusan Rendah)",Not Significant,Not Significant
7471,Kota Kendari,KOTA KENDARI,Kota,Sulawesi Tenggara,Sulawesi,-3.973,122.512,20.59,39.67,11618.0,67.16,49.68,56.23,7.78,12.48,40.64,50.41,47.28,45.88,"Kuadran I (Ekonomi Tinggi, Keputusan Tinggi)",Not Significant,Not Significant
7472,Kota Baubau,KOTA BAU-BAU,Kota,Sulawesi Tenggara,Sulawesi,-5.485,122.585,20.0,31.29,11717.0,71.52,55.53,52.56,8.52,13.69,30.36,53.78,57.01,45.06,"Kuadran II (Ekonomi Rendah, Keputusan Tinggi)",Not Significant,Not Significant
7501,Kabupaten Boalemo,BOALEMO,Kabupaten,Gorontalo,Sulawesi,0.629,122.981,28.0,29.69,13860.0,75.85,57.17,53.75,10.41,14.59,29.57,62.15,70.65,50.82,"Kuadran II (Ekonomi Rendah, Keputusan Tinggi)",High-High (Hotspot),Not Significant
7502,Kabupaten Gorontalo,GORONTALO,Kabupaten,Gorontalo,Sulawesi,0.529,122.348,10.0,27.22,10208.0,68.27,54.82,56.46,8.15,12.89,28.9,44.22,48.98,39.04,"Kuadran III (Ekonomi Rendah, Keputusan Rendah)",Low-High (Spatial Outlier),Not Significant
7503,Kabupaten Pohuwato,POHUWATO,Kabupaten,Gorontalo,Sulawesi,0.557,123.144,20.0,37.29,10909.0,64.82,64.11,47.42,9.46,13.72,32.88,59.52,49.58,46.88,"Kuadran II (Ekonomi Rendah, Keputusan Tinggi)",High-High (Hotspot),Low-Low (Coldspot)
7504,Kabupaten Bone Bolango,BONE BOLANGO,Kabupaten,Gorontalo,Sulawesi,0.706,121.72,12.0,30.46,9536.0,65.4,58.87,57.47,7.72,13.5,32.62,48.75,44.73,41.49,"Kuadran II (Ekonomi Rendah, Keputusan Tinggi)",High-High (Hotspot),Not Significant
7505,Kabupaten Gorontalo Utara,GORONTALO UTARA,Kabupaten,Gorontalo,Sulawesi,0.791,122.869,36.0,28.27,8415.0,73.62,59.82,63.75,8.13,12.6,34.44,71.2,53.73,53.0,"Kuadran II (Ekonomi Rendah, Keputusan Tinggi)",High-High (Hotspot),Not Significant
7571,Kota Gorontalo,KOTA GORONTALO,Kota,Gorontalo,Sulawesi,0.532,123.06,16.67,31.03,10440.0,71.05,59.65,61.92,8.35,13.29,35.93,53.51,54.05,46.59,"Kuadran I (Ekonomi Tinggi, Keputusan Tinggi)",High-High (Hotspot),Low-Low (Coldspot)
7601,Kabupaten Majene,MAJENE,Kabupaten,Sulawesi Barat,Sulawesi,-1.174,119.377,20.0,42.13,9250.0,71.7,55.24,47.53,7.94,12.68,37.57,53.59,51.72,46.81,"Kuadran I (Ekonomi Tinggi, Keputusan Tinggi)",High-High (Hotspot),Not Significant
7602,Kabupaten Polewali Mandar,POLEWALI MANDAR,Kabupaten,Sulawesi Barat,Sulawesi,-2.69,118.885,20.0,38.75,9684.0,68.96,55.53,56.25,10.26,14.09,39.77,53.78,56.33,48.69,"Kuadran I (Ekonomi Tinggi, Keputusan Tinggi)",Not Significant,Not Significant
7603,Kabupaten Mamasa,MAMASA,Kabupaten,Sulawesi Barat,Sulawesi,-2.956,119.363,13.33,26.38,7091.0,66.06,50.81,51.95,9.92,12.34,25.29,44.56,46.04,37.15,"Kuadran III (Ekonomi Rendah, Keputusan Rendah)",Not Significant,Not Significant
7604,Kabupaten Mamuju,MAMUJU,Kabupaten,Sulawesi Barat,Sulawesi,-3.408,119.311,10.0,29.51,8553.0,68.01,53.47,62.98,9.84,12.91,35.14,43.31,50.88,41.56,"Kuadran IV (Ekonomi Tinggi, Keputusan Rendah)",Not Significant,Not Significant
7605,Kabupaten Mamuju Utara,MAMUJU UTARA,Kabupaten,Sulawesi Barat,Sulawesi,-3.548,118.959,16.67,19.67,11183.0,69.29,62.33,57.48,9.79,14.67,22.33,55.31,58.22,42.7,"Kuadran II (Ekonomi Rendah, Keputusan Tinggi)",Not Significant,Not Significant
7606,Kabupaten Mamuju Tengah,MAMUJU TENGAH,Kabupaten,Sulawesi Barat,Sulawesi,-2.082,119.301,12.0,23.32,11261.0,69.23,61.6,58.34,9.02,13.24,26.35,50.57,53.84,41.54,"Kuadran II (Ekonomi Rendah, Keputusan Tinggi)",Not Significant,Not Significant
8101,Kabupaten Maluku Tenggara Barat,MALUKU TENGGARA BARAT,Kabupaten,Maluku,Maluku,-3.304,128.954,20.0,43.7,9706.0,64.83,45.38,60.95,9.59,13.7,47.42,46.99,48.7,47.5,"Kuadran IV (Ekonomi Tinggi, Keputusan Rendah)",Not Significant,Not Significant
8102,Kabupaten Maluku Tenggara,MALUKU TENGGARA,Kabupaten,Maluku,Maluku,-5.683,132.717,12.0,36.91,10049.0,62.68,58.79,50.33,9.0,12.92,34.33,48.69,43.43,41.89,"Kuadran II (Ekonomi Rendah, Keputusan Tinggi)",Not Significant,Not Significant
8103,Kabupaten Maluku Tengah,MALUKU TENGAH,Kabupaten,Maluku,Maluku,-7.97,131.312,17.5,35.0,7600.0,65.65,59.95,59.96,9.13,12.71,38.5,54.47,44.9,46.17,"Kuadran I (Ekonomi Tinggi, Keputusan Tinggi)",Not Significant,Not Significant
8104,Kabupaten Buru,BURU,Kabupaten,Maluku,Maluku,-3.259,127.103,16.0,28.79,8474.0,69.17,58.39,66.41,8.48,12.85,36.59,52.06,49.18,45.3,"Kuadran I (Ekonomi Tinggi, Keputusan Tinggi)",Not Significant,Not Significant
8105,Kabupaten Kepulauan Aru,KEPULAUAN ARU,Kabupaten,Maluku,Maluku,-3.104,130.489,12.0,41.88,15196.0,73.66,45.84,56.95,12.24,16.08,43.19,40.03,75.89,48.47,"Kuadran IV (Ekonomi Tinggi, Keputusan Rendah)",Not Significant,Not Significant
8106,Kabupaten Seram Bagian Barat,SERAM BAGIAN BARAT,Kabupaten,Maluku,Maluku,-3.067,128.23,13.33,37.17,8238.0,69.03,61.35,44.42,10.67,14.02,30.9,51.61,55.83,44.17,"Kuadran II (Ekonomi Rendah, Keputusan Tinggi)",Not Significant,Not Significant
8107,Kabupaten Seram Bagian Timur,SERAM BAGIAN TIMUR,Kabupaten,Maluku,Maluku,-5.775,134.215,8.0,32.55,9320.0,71.36,54.45,54.98,9.37,13.75,33.06,42.15,56.52,41.39,"Kuadran III (Ekonomi Rendah, Keputusan Rendah)",Low-Low (Coldspot),Not Significant
8108,Kabupaten Maluku Barat Daya,MALUKU BARAT DAYA,Kabupaten,Maluku,Maluku,-8.148,127.802,15.0,42.37,8426.0,69.15,53.03,56.71,8.59,13.25,43.51,47.57,50.09,46.45,"Kuadran IV (Ekonomi Tinggi, Keputusan Rendah)",Not Significant,High-High (Hotspot)
8109,Kabupaten Buru Selatan,BURU SELATAN,Kabupaten,Maluku,Maluku,-3.838,126.734,10.0,32.16,9140.0,67.32,58.97,49.51,9.2,13.52,29.29,46.99,50.23,40.56,"Kuadran III (Ekonomi Rendah, Keputusan Rendah)",Not Significant,Not Significant
8171,Kota Ambon,KOTA AMBON,Kota,Maluku,Maluku,-3.694,128.181,20.59,40.8,8020.0,66.17,47.56,46.46,9.17,12.98,35.63,48.99,46.58,43.16,"Kuadran I (Ekonomi Tinggi, Keputusan Tinggi)",Not Significant,Not Significant
8172,Kota Tual,KOTA TUAL,Kota,Maluku,Maluku,-5.635,132.752,10.0,27.01,8210.0,68.72,49.2,63.33,8.42,13.04,32.98,40.46,48.55,39.09,"Kuadran III (Ekonomi Rendah, Keputusan Rendah)",Not Significant,Not Significant
8201,Kabupaten Halmahera Barat,HALMAHERA BARAT,Kabupaten,Maluku Utara,Maluku,1.08,127.48,12.0,34.28,8999.0,72.06,54.63,50.93,8.88,12.89,32.19,45.91,54.45,42.13,"Kuadran III (Ekonomi Rendah, Keputusan Rendah)",Not Significant,Low-Low (Coldspot)
8202,Kabupaten Halmahera Tengah,HALMAHERA TENGAH,Kabupaten,Maluku Utara,Maluku,0.33,127.87,5.0,31.85,7523.0,70.42,49.68,51.33,7.73,13.02,30.12,36.23,48.55,36.25,"Kuadran III (Ekonomi Rendah, Keputusan Rendah)",Not Significant,Low-Low (Coldspot)
8203,Kabupaten Kepulauan Sula,KEPULAUAN SULA,Kabupaten,Maluku Utara,Maluku,1.728,127.992,16.0,27.87,7226.0,64.98,59.12,48.02,7.99,12.88,24.27,52.55,41.43,39.01,"Kuadran II (Ekonomi Rendah, Keputusan Tinggi)",Not Significant,Not Significant
8204,Kabupaten Halmahera Selatan,HALMAHERA SELATAN,Kabupaten,Maluku Utara,Maluku,-0.645,127.505,13.33,21.43,14731.0,74.02,39.47,51.59,12.08,15.92,20.34,36.97,75.27,37.98,"Kuadran III (Ekonomi Rendah, Keputusan Rendah)",Not Significant,Not Significant
8205,Kabupaten Halmahera Utara,HALMAHERA UTARA,Kabupaten,Maluku Utara,Maluku,-2.007,125.964,33.33,29.55,9269.0,72.24,48.14,53.14,10.12,14.49,29.06,60.96,60.68,48.14,"Kuadran II (Ekonomi Rendah, Keputusan Tinggi)",Not Significant,Low-Low (Coldspot)
8206,Kabupaten Halmahera Timur,HALMAHERA TIMUR,Kabupaten,Maluku Utara,Maluku,0.677,128.284,5.0,25.7,8805.0,69.07,54.36,59.8,7.86,13.17,29.53,39.36,48.57,37.27,"Kuadran III (Ekonomi Rendah, Keputusan Rendah)",Not Significant,Low-Low (Coldspot)
8207,Kabupaten Pulau Morotai,PULAU MOROTAI,Kabupaten,Maluku Utara,Maluku,2.013,128.284,15.0,26.72,8159.0,71.13,43.72,49.0,9.32,14.79,23.78,41.34,56.93,37.43,"Kuadran III (Ekonomi Rendah, Keputusan Rendah)",Not Significant,Not Significant
8208,Kabupaten Pulau Taliabu,PULAU TALIABU,Kabupaten,Maluku Utara,Maluku,-1.947,124.387,25.0,13.66,9242.0,67.83,58.37,53.94,8.97,12.51,14.39,60.23,48.61,39.57,"Kuadran II (Ekonomi Rendah, Keputusan Tinggi)",High-High (Hotspot),Not Significant
8271,Kota Ternate,KOTA TERNATE,Kota,Maluku Utara,Maluku,0.786,127.388,23.33,36.67,8887.0,62.95,47.7,64.84,7.38,11.91,43.13,51.57,37.18,45.32,"Kuadran I (Ekonomi Tinggi, Keputusan Tinggi)",Not Significant,High-Low (Spatial Outlier)
8272,Kota Tidore Kepulauan,KOTA TIDORE KEPULAUAN,Kota,Maluku Utara,Maluku,0.672,127.447,20.0,33.69,10592.0,63.89,51.69,52.88,8.67,12.62,32.84,51.21,44.24,42.47,"Kuadran II (Ekonomi Rendah, Keputusan Tinggi)",Not Significant,Low-Low (Coldspot)
9101,Kabupaten Fakfak,FAKFAK,Kabupaten,Papua Barat,Papua,-3.098,133.019,30.0,31.86,11611.111248407196,74.84007572091652,44.64,54.529824358615976,8.074036576374946,12.395833500271127,32.13,55.59,57.88,46.66,"Kuadran II (Ekonomi Rendah, Keputusan Tinggi)",High-Low (Spatial Outlier),Not Significant
9102,Kabupaten Kaimana,KAIMANA,Kabupaten,Papua Barat,Papua,-3.288,133.944,24.0,38.37,13104.518858612928,72.52283948970681,40.66,58.35019369614682,8.76556447755491,12.594430508637936,40.71,47.47,58.17,46.91,"Kuadran IV (Ekonomi Tinggi, Keputusan Rendah)",High-Low (Spatial Outlier),Not Significant
9103,Kabupaten Teluk Wondama,TELUK WONDAMA,Kabupaten,Papua Barat,Papua,-2.55,140.477,28.0,22.65,13459.738192644438,74.34343990559658,40.23,44.28718621779454,9.094406708235134,13.059923488603719,16.96,50.82,62.5,39.61,"Kuadran II (Ekonomi Rendah, Keputusan Tinggi)",High-Low (Spatial Outlier),Not Significant
9104,Kabupaten Teluk Bintuni,TELUK BINTUNI,Kabupaten,Papua Barat,Papua,-1.906,133.329,4.17,25.61,9724.257625515824,71.44486053539147,40.55,60.96951765757623,7.198328718121973,12.471567892120854,30.17,29.37,49.8,33.78,"Kuadran III (Ekonomi Rendah, Keputusan Rendah)",Low-Low (Coldspot),Not Significant
9105,Kabupaten Manokwari,MANOKWARI,Kabupaten,Papua Barat,Papua,-1.874,136.237,15.79,30.94,11632.155515423668,72.43838069422303,35.48,52.80747879062138,7.952523932546166,12.951482567164252,30.18,36.54,55.5,37.79,"Kuadran III (Ekonomi Rendah, Keputusan Rendah)",Low-Low (Coldspot),Low-High (Spatial Outlier)
9111,Kabupaten Manokwari Selatan,MANOKWARI SELATAN,Kabupaten,Papua Barat,Papua,-2.909,140.773,12.0,64.17,8283.0,69.09,27.61,53.71,8.74,14.08,62.44,27.83,51.75,46.46,"Kuadran IV (Ekonomi Tinggi, Keputusan Rendah)",Low-Low (Coldspot),Not Significant
9112,Kabupaten Pegunungan Arfak,PEGUNUNGAN ARFAK,Kabupaten,Papua Barat,Papua,-1.155,133.714,8.0,24.47,6928.0,69.11,15.68,59.46,7.76,13.29,28.14,16.21,46.83,27.11,"Kuadran III (Ekonomi Rendah, Keputusan Rendah)",Low-Low (Coldspot),Not Significant
9108,Kabupaten Raja Ampat,RAJA AMPAT,Kabupaten,Papua Barat Daya,Papua,-1.092,130.878,15.0,24.19,14368.0,74.19,35.18,50.71,11.57,14.43,22.43,35.62,71.24,37.47,"Kuadran III (Ekonomi Rendah, Keputusan Rendah)",Low-Low (Coldspot),Not Significant
9107,Kabupaten Sorong,SORONG,Kabupaten,Papua Barat Daya,Papua,-1.122,131.488,12.0,22.87,11037.0,70.79,46.23,56.45,9.82,13.72,24.74,40.29,58.36,37.68,"Kuadran III (Ekonomi Rendah, Keputusan Rendah)",Low-Low (Coldspot),Not Significant
9106,Kabupaten Sorong Selatan,SORONG SELATAN,Kabupaten,Papua Barat Daya,Papua,-1.171,136.09,5.0,31.68,6139.0,70.29,37.97,74.15,7.17,12.78,44.17,28.4,45.37,38.1,"Kuadran IV (Ekonomi Tinggi, Keputusan Rendah)",Low-Low (Coldspot),Not Significant
9110,Kabupaten Maybrat,MAYBRAT,Kabupaten,Papua Barat Daya,Papua,-1.869,138.744,20.0,31.2,8761.0,67.54,45.21,45.15,8.4,12.12,25.66,46.88,45.77,38.17,"Kuadran III (Ekonomi Rendah, Keputusan Rendah)",Low-Low (Coldspot),Low-High (Spatial Outlier)
9109,Kabupaten Tambrauw,TAMBRAUW,Kabupaten,Papua Barat Daya,Papua,-0.782,132.394,5.0,36.88,10848.0,70.11,32.43,51.68,10.57,14.59,35.14,24.69,60.58,36.05,"Kuadran IV (Ekonomi Tinggi, Keputusan Rendah)",Low-Low (Coldspot),Not Significant
9171,Kota Sorong,KOTA SORONG,Kota,Papua Barat Daya,Papua,-2.563,140.693,13.79,25.66,5824.0,67.95,39.97,78.51,7.44,13.51,41.14,37.73,43.94,40.34,"Kuadran IV (Ekonomi Tinggi, Keputusan Rendah)",Low-Low (Coldspot),Not Significant
9403,Kabupaten Jayapura,JAYAPURA,Kabupaten,Papua,Papua,-3.941,136.422,16.67,34.03,13012.915310960256,74.67909904877733,50.72,53.28105921143907,9.926925548398343,13.694367177678291,33.42,47.54,65.56,45.5,"Kuadran III (Ekonomi Rendah, Keputusan Rendah)",High-Low (Spatial Outlier),Low-High (Spatial Outlier)
9408,Kabupaten Kepulauan Yapen,KEPULAUAN YAPEN,Kabupaten,Papua,Papua,-4.032,136.299,4.0,37.35,10310.603494098386,72.72141391615386,41.26,70.06052788859215,6.958356962149991,12.276712158438372,47.03,29.69,51.14,40.92,"Kuadran IV (Ekonomi Tinggi, Keputusan Rendah)",Low-Low (Coldspot),High-High (Hotspot)
9409,Kabupaten Biak Numfor,BIAK NUMFOR,Kabupaten,Papua,Papua,-1.038,135.98,16.0,30.35,13070.27217105283,76.92196432749722,44.88,55.94685692180483,8.9538271474314,13.381988081302527,31.57,43.02,65.81,43.0,"Kuadran III (Ekonomi Rendah, Keputusan Rendah)",Low-Low (Coldspot),Not Significant
9419,Kabupaten Sarmi,SARMI,Kabupaten,Papua,Papua,-2.468,139.203,25.0,36.92,13137.626196300944,75.40952005563258,34.39,56.720824418360856,9.731902603809216,13.378885890945183,38.32,44.18,65.62,46.12,"Kuadran IV (Ekonomi Tinggi, Keputusan Rendah)",Low-Low (Coldspot),Not Significant
9420,Kabupaten Keerom,KEEROM,Kabupaten,Papua,Papua,-3.345,140.762,15.0,35.26,11328.526679605986,71.06895322101823,39.31,66.53897817156717,7.657155970641772,12.632409709647247,42.84,38.39,52.15,42.92,"Kuadran IV (Ekonomi Tinggi, Keputusan Rendah)",Low-Low (Coldspot),High-High (Hotspot)
9426,Kabupaten Waropen,WAROPEN,Kabupaten,Papua,Papua,-2.844,136.671,5.0,35.29,9951.942148726395,69.83382156203169,30.84,54.107320107823924,7.983790329132521,13.293624557774077,35.13,23.63,51.17,33.74,"Kuadran IV (Ekonomi Tinggi, Keputusan Rendah)",Low-Low (Coldspot),Low-High (Spatial Outlier)
9427,Kabupaten Supiori,SUPIORI,Kabupaten,Papua,Papua,-0.73,135.639,0.0,32.43,8775.092523535988,70.50045945305072,43.42,68.79518797421198,6.669074909182956,12.307886585904702,41.55,27.5,46.16,36.85,"Kuadran IV (Ekonomi Tinggi, Keputusan Rendah)",Low-Low (Coldspot),Not Significant
9428,Kabupaten Mamberamo Raya,MAMBERAMO RAYA,Kabupaten,Papua,Papua,-2.533,137.764,10.0,40.1,7759.140652829294,69.8943106103134,20.92,64.43389484943603,5.977094839150503,10.937637712402715,46.15,21.54,40.31,35.14,"Kuadran IV (Ekonomi Tinggi, Keputusan Rendah)",Low-Low (Coldspot),High-High (Hotspot)
9471,Kota Jayapura,KOTA JAYAPURA,Kota,Papua,Papua,-2.592,140.669,22.86,35.12,6262.0,61.16,44.97,70.14,5.82,9.71,44.95,49.32,24.76,42.66,"Kuadran I (Ekonomi Tinggi, Keputusan Tinggi)",High-Low (Spatial Outlier),Not Significant
9401,Kabupaten Merauke,MERAUKE,Kabupaten,Papua Selatan,Papua,-3.363,135.504,20.0,37.34,12487.0,75.15,46.46,47.38,10.72,13.16,32.9,47.71,66.46,45.54,"Kuadran II (Ekonomi Rendah, Keputusan Tinggi)",High-Low (Spatial Outlier),Low-High (Spatial Outlier)
9413,Kabupaten Boven Digoel,BOVEN DIGOEL,Kabupaten,Papua Selatan,Papua,-5.74,140.348,5.0,34.89,6755.0,68.48,43.49,92.75,4.98,10.63,58.81,32.09,34.69,43.3,"Kuadran IV (Ekonomi Tinggi, Keputusan Rendah)",Low-Low (Coldspot),High-High (Hotspot)
9414,Kabupaten Mappi,MAPPI,Kabupaten,Papua Selatan,Papua,-6.761,139.691,8.0,42.27,5509.0,68.05,30.6,41.31,3.29,9.86,33.83,26.19,27.73,29.55,"Kuadran III (Ekonomi Rendah, Keputusan Rendah)",Low-Low (Coldspot),Low-High (Spatial Outlier)
9415,Kabupaten Asmat,ASMAT,Kabupaten,Papua Selatan,Papua,-5.057,138.399,30.43,41.88,9856.0,71.0,33.78,57.71,10.42,12.82,43.67,48.71,57.19,48.39,"Kuadran I (Ekonomi Tinggi, Keputusan Tinggi)",High-Low (Spatial Outlier),High-High (Hotspot)
9412,Kabupaten Mimika,MIMIKA,Kabupaten,Papua Tengah,Papua,-4.455,137.136,17.14,24.39,6463.0,68.16,42.16,55.03,3.28,7.7,25.31,42.24,24.76,31.97,"Kuadran III (Ekonomi Rendah, Keputusan Rendah)",Low-Low (Coldspot),Low-High (Spatial Outlier)
9434,Kabupaten Dogiyai,DOGIYAI,Kabupaten,Papua Tengah,Papua,-4.045,135.676,0.0,41.46,6363.0,68.51,47.29,83.77,2.39,5.6,59.49,30.09,19.24,39.68,"Kuadran IV (Ekonomi Tinggi, Keputusan Rendah)",Low-Low (Coldspot),High-High (Hotspot)
9436,Kabupaten Deiyai,DEIYAI,Kabupaten,Papua Tengah,Papua,-4.097,136.439,0.0,56.73,6091.0,68.02,2.59,63.37,4.42,7.53,61.36,0.18,26.45,29.91,"Kuadran IV (Ekonomi Tinggi, Keputusan Rendah)",Low-Low (Coldspot),High-High (Hotspot)
9404,Kabupaten Nabire,NABIRE,Kabupaten,Papua Tengah,Papua,-4.456,136.854,16.67,34.76,5707.0,66.68,41.15,85.71,4.21,9.97,54.3,41.13,28.37,43.85,"Kuadran IV (Ekonomi Tinggi, Keputusan Rendah)",Low-Low (Coldspot),High-High (Hotspot)
9410,Kabupaten Paniai,PANIAI,Kabupaten,Papua Tengah,Papua,-3.788,136.362,0.0,47.87,4597.0,57.59,2.32,95.08,1.92,4.45,72.64,0.0,0.0,29.06,"Kuadran IV (Ekonomi Tinggi, Keputusan Rendah)",Low-Low (Coldspot),High-High (Hotspot)
9435,Kabupaten Intan Jaya,INTAN JAYA,Kabupaten,Papua Tengah,Papua,-3.508,136.748,0.0,65.09,8534.0,62.53,35.38,83.77,5.99,12.85,82.03,22.12,34.92,48.64,"Kuadran IV (Ekonomi Tinggi, Keputusan Rendah)",Low-Low (Coldspot),High-High (Hotspot)
9433,Kabupaten Puncak,PUNCAK,Kabupaten,Papua Tengah,Papua,-3.865,137.606,12.5,30.98,5026.0,68.6,77.05,93.41,3.83,9.44,55.49,61.36,28.42,52.42,"Kuadran I (Ekonomi Tinggi, Keputusan Tinggi)",High-Low (Spatial Outlier),High-High (Hotspot)
9411,Kabupaten Puncak Jaya,PUNJAK JAYA,Kabupaten,Papua Tengah,Papua,-3.447,137.843,6.67,44.68,5653.0,68.51,38.57,85.85,3.69,9.03,63.85,30.32,27.83,43.23,"Kuadran IV (Ekonomi Tinggi, Keputusan Rendah)",Low-Low (Coldspot),High-High (Hotspot)
9429,Kabupaten Nduga,NDUGA,Kabupaten,Papua Pegunungan,Papua,-4.407,138.239,4.0,44.24,5226.0,68.1,23.5,84.36,3.55,9.8,62.51,17.81,27.99,37.73,"Kuadran IV (Ekonomi Tinggi, Keputusan Rendah)",Low-Low (Coldspot),High-High (Hotspot)
9402,Kabupaten Jayawijaya,JAYAWIJAYA,Kabupaten,Papua Pegunungan,Papua,-3.716,137.988,10.0,48.13,5747.0,68.52,36.12,80.21,4.35,8.05,63.64,31.71,27.59,43.66,"Kuadran IV (Ekonomi Tinggi, Keputusan Rendah)",Low-Low (Coldspot),High-High (Hotspot)
9430,Kabupaten Lanny Jaya,LANNY JAYA,Kabupaten,Papua Pegunungan,Papua,-3.971,138.319,16.0,42.66,6196.0,67.04,11.92,85.1,3.51,7.01,61.46,20.97,22.26,37.42,"Kuadran IV (Ekonomi Tinggi, Keputusan Rendah)",Low-Low (Coldspot),High-High (Hotspot)
9418,Kabupaten Tolikara,TOLIKARA,Kabupaten,Papua Pegunungan,Papua,-3.481,138.479,6.67,44.47,12341.0,74.21,22.33,56.42,8.85,13.21,45.33,19.45,60.99,38.11,"Kuadran IV (Ekonomi Tinggi, Keputusan Rendah)",Low-Low (Coldspot),High-High (Hotspot)
9431,Kabupaten Mamberamo Tengah,MAMBERAMO TENGAH,Kabupaten,Papua Pegunungan,Papua,-2.375,138.319,15.0,44.4,8051.026583735317,69.0509735119856,14.29,76.31893819640882,5.823166817946883,9.720033636371035,57.65,21.65,36.87,39.09,"Kuadran IV (Ekonomi Tinggi, Keputusan Rendah)",Low-Low (Coldspot),High-High (Hotspot)
9432,Kabupaten Yalimo,YALIMO,Kabupaten,Papua Pegunungan,Papua,-3.785,139.447,4.0,45.96,15408.0,73.33,2.67,55.29,12.07,15.27,46.05,3.87,73.78,34.72,"Kuadran IV (Ekonomi Tinggi, Keputusan Rendah)",Low-Low (Coldspot),High-High (Hotspot)
9416,Kabupaten Yahukimo,YAHUKIMO,Kabupaten,Papua Pegunungan,Papua,-4.494,139.528,2.86,44.04,7569.0,69.08,6.93,71.19,9.42,12.85,54.12,5.68,50.3,33.98,"Kuadran IV (Ekonomi Tinggi, Keputusan Rendah)",Low-Low (Coldspot),High-High (Hotspot)
9417,Kabupaten Pegunungan Bintang,PEGUNUNGAN BINTANG,Kabupaten,Papua Pegunungan,Papua,-4.559,140.514,4.0,45.7,6474.0,68.91,28.19,56.34,9.21,13.2,46.46,20.95,49.21,36.81,"Kuadran IV (Ekonomi Tinggi, Keputusan Rendah)",Low-Low (Coldspot),High-High (Hotspot)
