{"type": "FeatureCollection", "metadata": {"description": "Batas Administrasi Kabupaten/Kota Hasil Ekstraksi Shapefile BPS/BIG LapakGIS dengan Indikator Gender BPS 2024", "count": 56, "matched_records": 56, "crs": "EPSG:4326", "no_api_required": true}, "features": [{"type": "Feature", "id": 6311, "properties": {"WADMKK": "Balangan", "WADMPR": "Kalimantan Selatan", "LUASWH": 1828.51323108, "kode_wilayah": 6311, "nama_resmi": "Kabupaten Balangan", "tipe": "Kabupaten", "provinsi": "Kalimantan Selatan", "pulau": "Kalimantan", "parlemen": 16.0, "pendapatan": 37.33, "pengeluaran": 12325.0, "ahh": 70.63, "profesional": 58.73, "tpak": 66.81, "rls": 8.13, "hls": 13.09, "skor_ekonomi": 44.99, "skor_keputusan": 52.29, "skor_kapasitas_sosial": 54.43, "ikpp_komposit": 49.8, "kuadran": "Kuadran I (Ekonomi Tinggi, Keputusan Tinggi)", "lisa_cluster_keputusan": "Not Significant", "lisa_cluster_ekonomi": "Not Significant", "pc1": -0.467, "pc2": 0.506, "lat": -2.364, "lon": 115.471}, "geometry": {"type": "Polygon", "coordinates": [[[115.69464, -2.0406, 0.0], [115.70147, -2.05049, 0.0], [115.7134, -2.04945, 0.0], [115.72173, -2.06267, 0.0], [115.74888, -2.06445, 0.0], [115.76797, -2.05411, 0.0], [115.77664, -2.05871, 0.0], [115.78178, -2.05344, 0.0], [115.80217, -2.06722, 0.0], [115.80758, -2.06136, 0.0], [115.81378, -2.07158, 0.0], [115.81468, -2.09806, 0.0], [115.79725, -2.10795, 0.0], [115.79353, -2.14877, 0.0], [115.79646, -2.15824, 0.0], [115.79167, -2.16308, 0.0], [115.79736, -2.17244, 0.0], [115.78686, -2.19308, 0.0], [115.78508, -2.21553, 0.0], [115.79652, -2.23058, 0.0], [115.81103, -2.23756, 0.0], [115.81392, -2.24821, 0.0], [115.80829, -2.26067, 0.0], [115.80985, -2.27721, 0.0], [115.83308, -2.29556, 0.0], [115.82166, -2.30615, 0.0], [115.817, -2.31932, 0.0], [115.83141, -2.33309, 0.0], [115.82826, -2.35267, 0.0], [115.8361, -2.37075, 0.0], [115.83628, -2.3852, 0.0], [115.83549, -2.38986, 0.0], [115.82137, -2.39533, 0.0], [115.81243, -2.40486, 0.0], [115.7907, -2.43529, 0.0], [115.79065, -2.46845, 0.0], [115.79468, -2.47863, 0.0], [115.78203, -2.51409, 0.0], [115.75058, -2.53239, 0.0], [115.71858, -2.52356, 0.0], [115.71072, -2.52742, 0.0], [115.69668, -2.52142, 0.0], [115.67968, -2.52363, 0.0], [115.65747, -2.51031, 0.0], [115.60342, -2.50364, 0.0], [115.58966, -2.47892, 0.0], [115.57081, -2.48995, 0.0], [115.57156, -2.48228, 0.0], [115.55886, -2.48625, 0.0], [115.54533, -2.48059, 0.0], [115.53061, -2.49867, 0.0], [115.52856, -2.48355, 0.0], [115.50978, -2.47753, 0.0], [115.49939, -2.46889, 0.0], [115.4692, -2.46486, 0.0], [115.44264, -2.45439, 0.0], [115.43847, -2.46589, 0.0], [115.43147, -2.46542, 0.0], [115.42575, -2.45959, 0.0], [115.39942, -2.4535, 0.0], [115.39825, -2.44479, 0.0], [115.38772, -2.4373, 0.0], [115.36424, -2.43032, 0.0], [115.36116, -2.42391, 0.0], [115.3217, -2.40595, 0.0], [115.32104, -2.40176, 0.0], [115.31446, -2.40329, 0.0], [115.31866, -2.35521, 0.0], [115.34061, -2.35094, 0.0], [115.35022, -2.34514, 0.0], [115.34867, -2.33994, 0.0], [115.35558, -2.34086, 0.0], [115.35725, -2.31342, 0.0], [115.34808, -2.30789, 0.0], [115.35957, -2.29558, 0.0], [115.40525, -2.29814, 0.0], [115.4421, -2.27006, 0.0], [115.45786, -2.27159, 0.0], [115.47775, -2.25525, 0.0], [115.47497, -2.24239, 0.0], [115.48468, -2.23446, 0.0], [115.492, -2.21139, 0.0], [115.55131, -2.18658, 0.0], [115.5675, -2.16225, 0.0], [115.58951, -2.15263, 0.0], [115.58896, -2.14808, 0.0], [115.62005, -2.12504, 0.0], [115.61783, -2.11332, 0.0], [115.63441, -2.12879, 0.0], [115.64422, -2.12748, 0.0], [115.64901, -2.11743, 0.0], [115.65606, -2.11589, 0.0], [115.67031, -2.08975, 0.0], [115.68756, -2.0768, 0.0], [115.692, -2.06689, 0.0], [115.6896, -2.04207, 0.0], [115.69464, -2.0406, 0.0]]]}}, {"type": "Feature", "id": 6303, "properties": {"WADMKK": "Banjar", "WADMPR": "Kalimantan Selatan", "LUASWH": 4588.37018382, "kode_wilayah": 6303, "nama_resmi": "Kabupaten Banjar", "tipe": "Kabupaten", "provinsi": "Kalimantan Selatan", "pulau": "Kalimantan", "parlemen": 22.22, "pendapatan": 34.3, "pengeluaran": 13683.0, "ahh": 70.3, "profesional": 49.0, "tpak": 55.45, "rls": 7.95, "hls": 13.04, "skor_ekonomi": 35.03, "skor_keputusan": 51.43, "skor_kapasitas_sosial": 54.8, "ikpp_komposit": 45.54, "kuadran": "Kuadran I (Ekonomi Tinggi, Keputusan Tinggi)", "lisa_cluster_keputusan": "High-High (Hotspot)", "lisa_cluster_ekonomi": "Not Significant", "pc1": -0.018, "pc2": -0.426, "lat": -3.409, "lon": 114.848}, "geometry": {"type": "Polygon", "coordinates": [[[115.57726, -2.88348, 0.0], [115.59581, -2.89164, 0.0], [115.58127, -2.91161, 0.0], [115.5772, -2.93086, 0.0], [115.56826, -2.94078, 0.0], [115.55421, -2.94448, 0.0], [115.55726, -2.98462, 0.0], [115.54224, -2.97729, 0.0], [115.52756, -2.98415, 0.0], [115.52605, -2.99839, 0.0], [115.51489, -3.0046, 0.0], [115.5109, -3.01238, 0.0], [115.51942, -3.02029, 0.0], [115.51907, -3.0333, 0.0], [115.49946, -3.04237, 0.0], [115.49593, -3.05888, 0.0], [115.4898, -3.05703, 0.0], [115.48724, -3.06346, 0.0], [115.48343, -3.06282, 0.0], [115.48588, -3.06679, 0.0], [115.48032, -3.07549, 0.0], [115.48596, -3.08554, 0.0], [115.49155, -3.08648, 0.0], [115.49037, -3.09221, 0.0], [115.48682, -3.09663, 0.0], [115.48421, -3.09219, 0.0], [115.48386, -3.09912, 0.0], [115.47873, -3.09516, 0.0], [115.48114, -3.09939, 0.0], [115.47054, -3.10844, 0.0], [115.47134, -3.11283, 0.0], [115.46044, -3.10825, 0.0], [115.44542, -3.12283, 0.0], [115.43442, -3.11924, 0.0], [115.43234, -3.13662, 0.0], [115.42359, -3.14193, 0.0], [115.42726, -3.14778, 0.0], [115.42026, -3.15887, 0.0], [115.42319, -3.17798, 0.0], [115.41834, -3.18191, 0.0], [115.42447, -3.20134, 0.0], [115.41431, -3.21213, 0.0], [115.41795, -3.2205, 0.0], [115.41474, -3.22225, 0.0], [115.42059, -3.22797, 0.0], [115.44567, -3.22499, 0.0], [115.44758, -3.23549, 0.0], [115.44384, -3.23884, 0.0], [115.44749, -3.24082, 0.0], [115.43732, -3.25195, 0.0], [115.43651, -3.25987, 0.0], [115.42457, -3.2596, 0.0], [115.40223, -3.23628, 0.0], [115.39906, -3.24601, 0.0], [115.39206, -3.25035, 0.0], [115.41994, -3.27949, 0.0], [115.42888, -3.29599, 0.0], [115.41587, -3.31585, 0.0], [115.41938, -3.32657, 0.0], [115.41663, -3.33691, 0.0], [115.40319, -3.34096, 0.0], [115.3961, -3.36237, 0.0], [115.39802, -3.39608, 0.0], [115.39073, -3.43743, 0.0], [115.39385, -3.44368, 0.0], [115.41151, -3.45167, 0.0], [115.3516, -3.50339, 0.0], [115.31724, -3.50894, 0.0], [115.30496, -3.51669, 0.0], [115.27057, -3.55822, 0.0], [115.23602, -3.57821, 0.0], [115.22562, -3.59901, 0.0], [115.20771, -3.60647, 0.0], [115.18696, -3.60814, 0.0], [115.16156, -3.62609, 0.0], [115.14451, -3.62867, 0.0], [115.12189, -3.64067, 0.0], [115.11129, -3.63845, 0.0], [115.08961, -3.67359, 0.0], [115.08009, -3.6821, 0.0], [115.06897, -3.68035, 0.0], [115.04139, -3.7022, 0.0], [115.03163, -3.70233, 0.0], [115.02719, -3.69306, 0.0], [114.99257, -3.70115, 0.0], [114.95043, -3.7264, 0.0], [114.93111, -3.72875, 0.0], [114.92359, -3.72181, 0.0], [114.93051, -3.71216, 0.0], [114.92683, -3.70427, 0.0], [114.96027, -3.65092, 0.0], [114.96306, -3.63413, 0.0], [114.95618, -3.62581, 0.0], [114.93202, -3.62326, 0.0], [114.93481, -3.61257, 0.0], [114.91077, -3.56757, 0.0], [114.90891, -3.572, 0.0], [114.90545, -3.5621, 0.0], [114.89404, -3.56657, 0.0], [114.89509, -3.56185, 0.0], [114.88479, -3.55611, 0.0], [114.90524, -3.53215, 0.0], [114.90644, -3.49733, 0.0], [114.89083, -3.47222, 0.0], [114.90139, -3.475, 0.0], [114.90483, -3.45446, 0.0], [114.90004, -3.44883, 0.0], [114.87902, -3.44555, 0.0], [114.87373, -3.43916, 0.0], [114.865, -3.44576, 0.0], [114.86025, -3.43935, 0.0], [114.84506, -3.43754, 0.0], [114.83997, -3.42549, 0.0], [114.82945, -3.43051, 0.0], [114.78381, -3.4212, 0.0], [114.77128, -3.40538, 0.0], [114.74762, -3.39106, 0.0], [114.73916, -3.38969, 0.0], [114.73581, -3.39842, 0.0], [114.73657, -3.38414, 0.0], [114.71925, -3.3775, 0.0], [114.69433, -3.42356, 0.0], [114.69733, -3.42785, 0.0], [114.68173, -3.43917, 0.0], [114.68498, -3.44555, 0.0], [114.67458, -3.46082, 0.0], [114.6821, -3.51777, 0.0], [114.6195, -3.52834, 0.0], [114.60496, -3.53503, 0.0], [114.58017, -3.53399, 0.0], [114.51344, -3.54289, 0.0], [114.50826, -3.53538, 0.0], [114.50701, -3.52878, 0.0], [114.51882, -3.51587, 0.0], [114.51287, -3.4684, 0.0], [114.51976, -3.43279, 0.0], [114.50675, -3.38797, 0.0], [114.52228, -3.36342, 0.0], [114.54902, -3.37403, 0.0], [114.56987, -3.36678, 0.0], [114.56662, -3.37358, 0.0], [114.58615, -3.38214, 0.0], [114.59573, -3.36679, 0.0], [114.60788, -3.37242, 0.0], [114.61595, -3.36843, 0.0], [114.62413, -3.36122, 0.0], [114.62504, -3.35064, 0.0], [114.63294, -3.34648, 0.0], [114.64598, -3.34406, 0.0], [114.65702, -3.34835, 0.0], [114.65959, -3.3356, 0.0], [114.62832, -3.31312, 0.0], [114.63985, -3.28827, 0.0], [114.63861, -3.27561, 0.0], [114.76716, -3.22695, 0.0], [114.78037, -3.23054, 0.0], [114.78885, -3.21998, 0.0], [114.78501, -3.21431, 0.0], [114.78908, -3.20277, 0.0], [114.79314, -3.2017, 0.0], [114.79843, -3.21009, 0.0], [114.8125, -3.2006, 0.0], [114.82194, -3.20066, 0.0], [114.82556, -3.16514, 0.0], [114.86906, -3.13656, 0.0], [114.86922, -3.06403, 0.0], [114.83056, -3.0945, 0.0], [114.82836, -3.01533, 0.0], [115.02228, -3.13753, 0.0], [115.02575, -3.13425, 0.0], [115.03128, -3.14481, 0.0], [115.02514, -3.16289, 0.0], [115.05094, -3.16678, 0.0], [115.05467, -3.17236, 0.0], [115.06458, -3.16781, 0.0], [115.09011, -3.18508, 0.0], [115.12306, -3.19611, 0.0], [115.14856, -3.18544, 0.0], [115.16568, -3.18816, 0.0], [115.17523, -3.16248, 0.0], [115.18993, -3.1629, 0.0], [115.19857, -3.17517, 0.0], [115.23764, -3.16678, 0.0], [115.24436, -3.15567, 0.0], [115.24194, -3.13581, 0.0], [115.21144, -3.12542, 0.0], [115.18117, -3.13069, 0.0], [115.17903, -3.12094, 0.0], [115.16797, -3.11467, 0.0], [115.19692, -3.08553, 0.0], [115.20453, -3.07339, 0.0], [115.20389, -3.06217, 0.0], [115.21633, -3.04731, 0.0], [115.23856, -3.04786, 0.0], [115.26036, -3.02856, 0.0], [115.26906, -3.0125, 0.0], [115.26633, -3.00931, 0.0], [115.28292, -2.99381, 0.0], [115.29722, -2.99169, 0.0], [115.31283, -2.98181, 0.0], [115.31528, -2.97228, 0.0], [115.33961, -2.96497, 0.0], [115.34506, -2.96531, 0.0], [115.35212, -2.97552, 0.0], [115.35001, -2.98164, 0.0], [115.3875, -2.97903, 0.0], [115.39861, -2.99586, 0.0], [115.4125, -2.98225, 0.0], [115.435, -2.97694, 0.0], [115.44648, -2.95707, 0.0], [115.46533, -2.94111, 0.0], [115.47773, -2.94027, 0.0], [115.48539, -2.91728, 0.0], [115.49481, -2.91111, 0.0], [115.50611, -2.88667, 0.0], [115.52367, -2.87157, 0.0], [115.54658, -2.8305, 0.0], [115.55574, -2.83113, 0.0], [115.55649, -2.83907, 0.0], [115.57158, -2.85165, 0.0], [115.57726, -2.88348, 0.0]]]}}, {"type": "Feature", "id": 6304, "properties": {"WADMKK": "Barito Kuala", "WADMPR": "Kalimantan Selatan", "LUASWH": 2425.82924805, "kode_wilayah": 6304, "nama_resmi": "Kabupaten Barito Kuala", "tipe": "Kabupaten", "provinsi": "Kalimantan Selatan", "pulau": "Kalimantan", "parlemen": 22.86, "pendapatan": 42.34, "pengeluaran": 11168.0, "ahh": 69.09, "profesional": 43.24, "tpak": 57.66, "rls": 7.92, "hls": 12.56, "skor_ekonomi": 44.07, "skor_keputusan": 48.16, "skor_kapasitas_sosial": 49.85, "ikpp_komposit": 46.86, "kuadran": "Kuadran I (Ekonomi Tinggi, Keputusan Tinggi)", "lisa_cluster_keputusan": "Not Significant", "lisa_cluster_ekonomi": "Not Significant", "pc1": -1.116, "pc2": 0.185, "lat": -2.978, "lon": 114.766}, "geometry": {"type": "MultiPolygon", "coordinates": [[[[114.85873, -2.52314, 0.0], [114.80434, -2.74228, 0.0], [114.81146, -2.80677, 0.0], [114.83942, -2.86997, 0.0], [114.82352, -2.91312, 0.0], [114.79916, -2.95676, 0.0], [114.81493, -2.99221, 0.0], [114.82663, -2.99283, 0.0], [114.83056, -3.0945, 0.0], [114.86922, -3.06403, 0.0], [114.86906, -3.13656, 0.0], [114.82556, -3.16514, 0.0], [114.82194, -3.20066, 0.0], [114.8125, -3.2006, 0.0], [114.79843, -3.21009, 0.0], [114.79314, -3.2017, 0.0], [114.78908, -3.20277, 0.0], [114.78501, -3.21431, 0.0], [114.78885, -3.21998, 0.0], [114.78037, -3.23054, 0.0], [114.76716, -3.22695, 0.0], [114.63861, -3.27561, 0.0], [114.62512, -3.28506, 0.0], [114.60789, -3.27988, 0.0], [114.60193, -3.28892, 0.0], [114.59478, -3.27954, 0.0], [114.58401, -3.27298, 0.0], [114.57797, -3.27653, 0.0], [114.57639, -3.26984, 0.0], [114.56886, -3.26741, 0.0], [114.56327, -3.284, 0.0], [114.56607, -3.29647, 0.0], [114.56176, -3.31521, 0.0], [114.50675, -3.38797, 0.0], [114.51976, -3.43279, 0.0], [114.51287, -3.4684, 0.0], [114.51515, -3.49612, 0.0], [114.48448, -3.49422, 0.0], [114.46637, -3.49816, 0.0], [114.46534, -3.50147, 0.0], [114.44028, -3.50268, 0.0], [114.36289, -3.46986, 0.0], [114.36488, -3.46182, 0.0], [114.35204, -3.46359, 0.0], [114.35463, -3.44151, 0.0], [114.34849, -3.43857, 0.0], [114.34664, -3.431, 0.0], [114.34753, -3.4188, 0.0], [114.35406, -3.41514, 0.0], [114.36283, -3.38712, 0.0], [114.35147, -3.36837, 0.0], [114.36046, -3.35912, 0.0], [114.34955, -3.34877, 0.0], [114.36215, -3.32988, 0.0], [114.35994, -3.31644, 0.0], [114.37449, -3.29599, 0.0], [114.37479, -3.28701, 0.0], [114.43593, -3.24261, 0.0], [114.44949, -3.20956, 0.0], [114.43378, -3.18669, 0.0], [114.42703, -3.19056, 0.0], [114.42366, -3.17992, 0.0], [114.52611, -3.08667, 0.0], [114.51823, -3.07775, 0.0], [114.52414, -3.07247, 0.0], [114.53353, -3.08133, 0.0], [114.54581, -3.06783, 0.0], [114.52806, -3.04486, 0.0], [114.53303, -3.03456, 0.0], [114.52658, -3.02786, 0.0], [114.53097, -3.02325, 0.0], [114.51906, -3.0098, 0.0], [114.52258, -3.0043, 0.0], [114.50522, -2.9997, 0.0], [114.53015, -2.9698, 0.0], [114.52331, -2.95695, 0.0], [114.52591, -2.95272, 0.0], [114.5361, -2.95948, 0.0], [114.54423, -2.949, 0.0], [114.53521, -2.93357, 0.0], [114.51687, -2.91961, 0.0], [114.53839, -2.92731, 0.0], [114.56724, -2.86397, 0.0], [114.59108, -2.87919, 0.0], [114.59889, -2.89084, 0.0], [114.61529, -2.88446, 0.0], [114.59768, -2.8156, 0.0], [114.66667, -2.79862, 0.0], [114.6794, -2.77881, 0.0], [114.6705, -2.75465, 0.0], [114.67852, -2.7391, 0.0], [114.69166, -2.73561, 0.0], [114.71803, -2.74082, 0.0], [114.76202, -2.72039, 0.0], [114.77088, -2.69858, 0.0], [114.78701, -2.68224, 0.0], [114.79076, -2.66988, 0.0], [114.79649, -2.59277, 0.0], [114.80368, -2.58116, 0.0], [114.83316, -2.56246, 0.0], [114.85179, -2.52992, 0.0], [114.85873, -2.52314, 0.0]]], [[[114.485, -3.49594, 0.0], [114.4812, -3.50203, 0.0], [114.46685, -3.50114, 0.0], [114.46728, -3.49874, 0.0], [114.485, -3.49594, 0.0]]]]}}, {"type": "Feature", "id": 6204, "properties": {"WADMKK": "Barito Selatan", "WADMPR": "Kalimantan Tengah", "LUASWH": 6267.08417676, "kode_wilayah": 6204, "nama_resmi": "Kabupaten Barito Selatan", "tipe": "Kabupaten", "provinsi": "Kalimantan Tengah", "pulau": "Kalimantan", "parlemen": 52.0, "pendapatan": 37.91, "pengeluaran": 12508.0, "ahh": 69.91, "profesional": 51.98, "tpak": 52.58, "rls": 9.22, "hls": 13.0, "skor_ekonomi": 36.68, "skor_keputusan": 80.5, "skor_kapasitas_sosial": 55.93, "ikpp_komposit": 58.06, "kuadran": "Kuadran I (Ekonomi Tinggi, Keputusan Tinggi)", "lisa_cluster_keputusan": "High-High (Hotspot)", "lisa_cluster_ekonomi": "Not Significant", "pc1": 0.837, "pc2": -1.258, "lat": -1.719, "lon": 114.845}, "geometry": {"type": "Polygon", "coordinates": [[[115.40226, -1.25229, 0.0], [115.40861, -1.26376, 0.0], [115.4126, -1.26365, 0.0], [115.41322, -1.2767, 0.0], [115.40578, -1.29541, 0.0], [115.4044, -1.31501, 0.0], [115.40958, -1.32523, 0.0], [115.401, -1.35532, 0.0], [115.42271, -1.37777, 0.0], [115.4136, -1.40059, 0.0], [115.44759, -1.4043, 0.0], [115.43771, -1.44485, 0.0], [115.45455, -1.46158, 0.0], [115.44083, -1.45044, 0.0], [115.43358, -1.45217, 0.0], [115.42861, -1.47314, 0.0], [115.43721, -1.48839, 0.0], [115.43542, -1.49641, 0.0], [115.40944, -1.50633, 0.0], [115.39099, -1.52049, 0.0], [115.38099, -1.55136, 0.0], [115.35935, -1.58794, 0.0], [115.35676, -1.60374, 0.0], [115.36206, -1.62043, 0.0], [115.33198, -1.60926, 0.0], [115.33102, -1.61809, 0.0], [115.31449, -1.64466, 0.0], [115.14511, -1.64051, 0.0], [115.10316, -1.63116, 0.0], [115.04692, -1.65895, 0.0], [115.02847, -1.68467, 0.0], [114.99176, -1.72056, 0.0], [114.98672, -1.74061, 0.0], [114.94433, -1.78925, 0.0], [114.93853, -1.80364, 0.0], [114.93633, -1.83881, 0.0], [114.94132, -1.98358, 0.0], [114.93372, -1.98828, 0.0], [114.93956, -1.99979, 0.0], [114.92517, -2.08933, 0.0], [114.93387, -2.11491, 0.0], [114.92243, -2.15392, 0.0], [114.9134, -2.16837, 0.0], [114.92979, -2.18312, 0.0], [114.93203, -2.19215, 0.0], [114.9171, -2.22685, 0.0], [114.94184, -2.21741, 0.0], [114.9452, -2.22054, 0.0], [114.93798, -2.23028, 0.0], [114.91428, -2.24144, 0.0], [114.91877, -2.24044, 0.0], [114.92592, -2.25132, 0.0], [114.97967, -2.36876, 0.0], [115.00136, -2.39572, 0.0], [114.98637, -2.40203, 0.0], [114.9593, -2.42709, 0.0], [114.93456, -2.44185, 0.0], [114.91924, -2.46423, 0.0], [114.88258, -2.48865, 0.0], [114.83316, -2.56246, 0.0], [114.80785, -2.57776, 0.0], [114.7973, -2.59155, 0.0], [114.78676, -2.58486, 0.0], [114.77948, -2.6062, 0.0], [114.71734, -2.56749, 0.0], [114.76976, -2.49316, 0.0], [114.75884, -2.45776, 0.0], [114.72682, -2.46265, 0.0], [114.73685, -2.43936, 0.0], [114.64434, -2.40477, 0.0], [114.68054, -2.32453, 0.0], [114.68166, -2.23219, 0.0], [114.69383, -2.19833, 0.0], [114.69408, -2.15508, 0.0], [114.65061, -2.08816, 0.0], [114.61684, -2.01666, 0.0], [114.62047, -1.90764, 0.0], [114.59681, -1.6699, 0.0], [114.62416, -1.60405, 0.0], [114.61377, -1.55151, 0.0], [114.66189, -1.40817, 0.0], [114.66216, -1.34664, 0.0], [114.66808, -1.31931, 0.0], [114.7482, -1.3411, 0.0], [114.76702, -1.33792, 0.0], [114.79084, -1.3471, 0.0], [114.83387, -1.34181, 0.0], [114.8471, -1.35355, 0.0], [114.89462, -1.35355, 0.0], [114.96465, -1.33184, 0.0], [114.99104, -1.3186, 0.0], [115.03772, -1.32001, 0.0], [115.05381, -1.32745, 0.0], [115.07319, -1.32073, 0.0], [115.07548, -1.31201, 0.0], [115.08273, -1.3106, 0.0], [115.08426, -1.30572, 0.0], [115.11876, -1.31268, 0.0], [115.12486, -1.30987, 0.0], [115.12769, -1.31373, 0.0], [115.14563, -1.29673, 0.0], [115.15604, -1.29834, 0.0], [115.17729, -1.29118, 0.0], [115.1895, -1.29614, 0.0], [115.1913, -1.31383, 0.0], [115.20661, -1.3202, 0.0], [115.21525, -1.31549, 0.0], [115.24431, -1.32041, 0.0], [115.23749, -1.35692, 0.0], [115.24157, -1.36751, 0.0], [115.26803, -1.35709, 0.0], [115.30077, -1.33428, 0.0], [115.30779, -1.29676, 0.0], [115.32088, -1.28612, 0.0], [115.35226, -1.27111, 0.0], [115.36498, -1.25592, 0.0], [115.40226, -1.25229, 0.0]]]}}, {"type": "Feature", "id": 6212, "properties": {"WADMKK": "Barito Timur", "WADMPR": "Kalimantan Tengah", "LUASWH": 3212.51524688, "kode_wilayah": 6212, "nama_resmi": "Kabupaten Barito Timur", "tipe": "Kabupaten", "provinsi": "Kalimantan Tengah", "pulau": "Kalimantan", "parlemen": 30.43, "pendapatan": 43.78, "pengeluaran": 12576.0, "ahh": 71.05, "profesional": 54.21, "tpak": 68.91, "rls": 9.54, "hls": 12.88, "skor_ekonomi": 52.45, "skor_keputusan": 62.38, "skor_kapasitas_sosial": 57.99, "ikpp_komposit": 57.53, "kuadran": "Kuadran I (Ekonomi Tinggi, Keputusan Tinggi)", "lisa_cluster_keputusan": "High-High (Hotspot)", "lisa_cluster_ekonomi": "High-Low (Spatial Outlier)", "pc1": 0.002, "pc2": 0.911, "lat": -0.64, "lon": 114.569}, "geometry": {"type": "Polygon", "coordinates": [[[115.36781, -1.64439, 0.0], [115.37414, -1.65269, 0.0], [115.34688, -1.6746, 0.0], [115.35014, -1.68146, 0.0], [115.34151, -1.69172, 0.0], [115.34374, -1.70276, 0.0], [115.33408, -1.71576, 0.0], [115.33445, -1.748, 0.0], [115.32286, -1.76436, 0.0], [115.31048, -1.79974, 0.0], [115.31351, -1.82543, 0.0], [115.29994, -1.82438, 0.0], [115.3083, -1.84862, 0.0], [115.31586, -1.85193, 0.0], [115.31835, -1.85988, 0.0], [115.31954, -1.89208, 0.0], [115.37906, -1.88912, 0.0], [115.38486, -1.89407, 0.0], [115.39183, -1.89052, 0.0], [115.39659, -1.89976, 0.0], [115.3995, -1.88644, 0.0], [115.40478, -1.88641, 0.0], [115.40917, -1.89971, 0.0], [115.41036, -1.89308, 0.0], [115.41498, -1.89643, 0.0], [115.42024, -1.89203, 0.0], [115.417, -1.91207, 0.0], [115.42535, -1.91418, 0.0], [115.43098, -1.92487, 0.0], [115.42129, -1.93327, 0.0], [115.42949, -1.9379, 0.0], [115.43276, -1.93311, 0.0], [115.43174, -1.94604, 0.0], [115.44103, -1.94231, 0.0], [115.44329, -1.9467, 0.0], [115.43166, -1.9649, 0.0], [115.43389, -1.96986, 0.0], [115.42006, -1.97396, 0.0], [115.41611, -2.01278, 0.0], [115.39694, -2.01306, 0.0], [115.39688, -2.03909, 0.0], [115.40858, -2.05828, 0.0], [115.40239, -2.05786, 0.0], [115.39624, -2.04672, 0.0], [115.3775, -2.05087, 0.0], [115.36361, -2.04417, 0.0], [115.35489, -2.06486, 0.0], [115.35502, -2.0945, 0.0], [115.33582, -2.09575, 0.0], [115.31807, -2.12435, 0.0], [115.29728, -2.14372, 0.0], [115.30426, -2.16064, 0.0], [115.2973, -2.17106, 0.0], [115.30235, -2.18264, 0.0], [115.29646, -2.21632, 0.0], [115.29027, -2.22394, 0.0], [115.27133, -2.21858, 0.0], [115.26471, -2.22633, 0.0], [115.25472, -2.20949, 0.0], [115.24534, -2.20058, 0.0], [115.24723, -2.19532, 0.0], [115.24371, -2.19196, 0.0], [115.24058, -2.19892, 0.0], [115.25415, -2.20939, 0.0], [115.1255, -2.29464, 0.0], [115.12261, -2.30039, 0.0], [115.10726, -2.30493, 0.0], [115.0915, -2.3346, 0.0], [115.09386, -2.33979, 0.0], [115.08898, -2.34876, 0.0], [115.07361, -2.35074, 0.0], [115.00136, -2.39572, 0.0], [114.97967, -2.36876, 0.0], [114.92592, -2.25132, 0.0], [114.91877, -2.24044, 0.0], [114.91428, -2.24144, 0.0], [114.93798, -2.23028, 0.0], [114.9452, -2.22054, 0.0], [114.94184, -2.21741, 0.0], [114.9171, -2.22685, 0.0], [114.93203, -2.19215, 0.0], [114.92979, -2.18312, 0.0], [114.9134, -2.16837, 0.0], [114.92243, -2.15392, 0.0], [114.93387, -2.11491, 0.0], [114.92517, -2.08933, 0.0], [114.93956, -1.99979, 0.0], [114.93372, -1.98828, 0.0], [114.94132, -1.98358, 0.0], [114.93633, -1.83881, 0.0], [114.93853, -1.80364, 0.0], [114.94433, -1.78925, 0.0], [114.98672, -1.74061, 0.0], [114.99176, -1.72056, 0.0], [115.02847, -1.68467, 0.0], [115.04692, -1.65895, 0.0], [115.10316, -1.63116, 0.0], [115.14511, -1.64051, 0.0], [115.31449, -1.64466, 0.0], [115.33102, -1.61809, 0.0], [115.33198, -1.60926, 0.0], [115.36206, -1.62043, 0.0], [115.36781, -1.64439, 0.0]]]}}, {"type": "Feature", "id": 6205, "properties": {"WADMKK": "Barito Utara", "WADMPR": "Kalimantan Tengah", "LUASWH": 9984.80787471, "kode_wilayah": 6205, "nama_resmi": "Kabupaten Barito Utara", "tipe": "Kabupaten", "provinsi": "Kalimantan Tengah", "pulau": "Kalimantan", "parlemen": 36.0, "pendapatan": 42.32, "pengeluaran": 11150.0, "ahh": 73.84, "profesional": 48.62, "tpak": 55.61, "rls": 8.92, "hls": 12.55, "skor_ekonomi": 42.78, "skor_keputusan": 63.71, "skor_kapasitas_sosial": 58.3, "ikpp_komposit": 54.26, "kuadran": "Kuadran I (Ekonomi Tinggi, Keputusan Tinggi)", "lisa_cluster_keputusan": "High-High (Hotspot)", "lisa_cluster_ekonomi": "Not Significant", "pc1": 0.182, "pc2": -0.086, "lat": -0.952, "lon": 114.898}, "geometry": {"type": "Polygon", "coordinates": [[[115.27673, -0.04642, 0.0], [115.29479, -0.05126, 0.0], [115.28733, -0.05871, 0.0], [115.29126, -0.07807, 0.0], [115.30243, -0.08324, 0.0], [115.30897, -0.08046, 0.0], [115.31653, -0.09707, 0.0], [115.30869, -0.11922, 0.0], [115.28712, -0.12808, 0.0], [115.28777, -0.14383, 0.0], [115.28204, -0.14705, 0.0], [115.27094, -0.14269, 0.0], [115.25704, -0.16068, 0.0], [115.24118, -0.16457, 0.0], [115.24182, -0.17009, 0.0], [115.25601, -0.18233, 0.0], [115.28683, -0.1934, 0.0], [115.29847, -0.21043, 0.0], [115.29378, -0.21804, 0.0], [115.27484, -0.22812, 0.0], [115.27324, -0.24333, 0.0], [115.25789, -0.23964, 0.0], [115.24651, -0.25231, 0.0], [115.25415, -0.27044, 0.0], [115.25324, -0.30263, 0.0], [115.22991, -0.30597, 0.0], [115.2249, -0.31174, 0.0], [115.23281, -0.32323, 0.0], [115.22935, -0.33586, 0.0], [115.23721, -0.34166, 0.0], [115.23178, -0.34637, 0.0], [115.23755, -0.35309, 0.0], [115.23272, -0.36183, 0.0], [115.24639, -0.36744, 0.0], [115.24604, -0.37913, 0.0], [115.25045, -0.37809, 0.0], [115.26262, -0.40091, 0.0], [115.25164, -0.40273, 0.0], [115.2479, -0.40984, 0.0], [115.26731, -0.43195, 0.0], [115.26427, -0.43568, 0.0], [115.27191, -0.44164, 0.0], [115.26883, -0.44909, 0.0], [115.28454, -0.45865, 0.0], [115.29428, -0.45997, 0.0], [115.29855, -0.45589, 0.0], [115.29749, -0.47884, 0.0], [115.30464, -0.47826, 0.0], [115.3071, -0.48602, 0.0], [115.30577, -0.49121, 0.0], [115.29747, -0.49414, 0.0], [115.30711, -0.51103, 0.0], [115.29645, -0.51869, 0.0], [115.29361, -0.51647, 0.0], [115.28842, -0.52822, 0.0], [115.28995, -0.54065, 0.0], [115.28288, -0.54877, 0.0], [115.29044, -0.55545, 0.0], [115.30598, -0.54599, 0.0], [115.33073, -0.5479, 0.0], [115.33674, -0.54353, 0.0], [115.35667, -0.5492, 0.0], [115.35611, -0.5545, 0.0], [115.36687, -0.55812, 0.0], [115.38093, -0.57224, 0.0], [115.37413, -0.59841, 0.0], [115.36474, -0.60133, 0.0], [115.35652, -0.61338, 0.0], [115.36977, -0.63253, 0.0], [115.37774, -0.62949, 0.0], [115.3727, -0.65369, 0.0], [115.35707, -0.67046, 0.0], [115.34562, -0.66692, 0.0], [115.33872, -0.67405, 0.0], [115.32565, -0.67152, 0.0], [115.33618, -0.6785, 0.0], [115.33304, -0.68551, 0.0], [115.34194, -0.68623, 0.0], [115.33728, -0.69305, 0.0], [115.34659, -0.72045, 0.0], [115.343, -0.72455, 0.0], [115.32269, -0.72663, 0.0], [115.32201, -0.73139, 0.0], [115.3008, -0.74498, 0.0], [115.30092, -0.7612, 0.0], [115.28596, -0.7713, 0.0], [115.2891, -0.77823, 0.0], [115.28592, -0.78207, 0.0], [115.29082, -0.78413, 0.0], [115.28946, -0.79942, 0.0], [115.29999, -0.79724, 0.0], [115.3086, -0.81539, 0.0], [115.32112, -0.81675, 0.0], [115.32541, -0.83221, 0.0], [115.34172, -0.83908, 0.0], [115.33678, -0.84133, 0.0], [115.34843, -0.86316, 0.0], [115.34994, -0.89119, 0.0], [115.36025, -0.8766, 0.0], [115.35548, -0.86966, 0.0], [115.35725, -0.86357, 0.0], [115.3626, -0.87359, 0.0], [115.37531, -0.87716, 0.0], [115.38159, -0.8518, 0.0], [115.38743, -0.86196, 0.0], [115.39402, -0.85733, 0.0], [115.39766, -0.86488, 0.0], [115.3992, -0.84526, 0.0], [115.41606, -0.86471, 0.0], [115.40796, -0.86869, 0.0], [115.41365, -0.87355, 0.0], [115.42835, -0.87174, 0.0], [115.42714, -0.87633, 0.0], [115.44643, -0.87843, 0.0], [115.47389, -0.87251, 0.0], [115.4776, -0.88196, 0.0], [115.48683, -0.87139, 0.0], [115.49294, -0.87497, 0.0], [115.54726, -0.85442, 0.0], [115.55445, -0.85984, 0.0], [115.59139, -0.93496, 0.0], [115.60351, -0.94962, 0.0], [115.62253, -0.96106, 0.0], [115.63089, -0.97632, 0.0], [115.62462, -1.0166, 0.0], [115.63994, -1.01945, 0.0], [115.66426, -1.00883, 0.0], [115.67924, -1.00895, 0.0], [115.68981, -1.02542, 0.0], [115.69993, -1.02971, 0.0], [115.71094, -1.07496, 0.0], [115.7496, -1.1049, 0.0], [115.75017, -1.12117, 0.0], [115.75647, -1.13351, 0.0], [115.76644, -1.1377, 0.0], [115.77685, -1.12347, 0.0], [115.78906, -1.11766, 0.0], [115.79944, -1.10082, 0.0], [115.81975, -1.08858, 0.0], [115.84199, -1.09634, 0.0], [115.84936, -1.17177, 0.0], [115.82488, -1.17861, 0.0], [115.77722, -1.23116, 0.0], [115.76092, -1.27461, 0.0], [115.75975, -1.28629, 0.0], [115.76682, -1.29431, 0.0], [115.75748, -1.30478, 0.0], [115.75876, -1.31258, 0.0], [115.70928, -1.33895, 0.0], [115.6676, -1.33479, 0.0], [115.65773, -1.34458, 0.0], [115.64732, -1.3452, 0.0], [115.64127, -1.35122, 0.0], [115.6256, -1.35066, 0.0], [115.61558, -1.36656, 0.0], [115.59793, -1.37987, 0.0], [115.593, -1.37656, 0.0], [115.57603, -1.38093, 0.0], [115.56453, -1.39935, 0.0], [115.55668, -1.39796, 0.0], [115.55153, -1.40785, 0.0], [115.52411, -1.42958, 0.0], [115.51254, -1.45201, 0.0], [115.48835, -1.4492, 0.0], [115.47138, -1.42961, 0.0], [115.46417, -1.45211, 0.0], [115.45536, -1.46158, 0.0], [115.43771, -1.44485, 0.0], [115.44759, -1.4043, 0.0], [115.4136, -1.40059, 0.0], [115.42271, -1.37777, 0.0], [115.401, -1.35532, 0.0], [115.40958, -1.32523, 0.0], [115.40459, -1.30388, 0.0], [115.4131, -1.27062, 0.0], [115.4126, -1.26365, 0.0], [115.39788, -1.25089, 0.0], [115.36498, -1.25592, 0.0], [115.35226, -1.27111, 0.0], [115.31944, -1.28715, 0.0], [115.30779, -1.29676, 0.0], [115.30077, -1.33428, 0.0], [115.26803, -1.35709, 0.0], [115.24157, -1.36751, 0.0], [115.23749, -1.35692, 0.0], [115.24431, -1.32041, 0.0], [115.21525, -1.31549, 0.0], [115.20661, -1.3202, 0.0], [115.1913, -1.31383, 0.0], [115.1895, -1.29614, 0.0], [115.17729, -1.29118, 0.0], [115.15604, -1.29834, 0.0], [115.14563, -1.29673, 0.0], [115.12769, -1.31373, 0.0], [115.12486, -1.30987, 0.0], [115.11876, -1.31268, 0.0], [115.08426, -1.30572, 0.0], [115.08273, -1.3106, 0.0], [115.07548, -1.31201, 0.0], [115.07319, -1.32073, 0.0], [115.05381, -1.32745, 0.0], [115.03772, -1.32001, 0.0], [114.99104, -1.3186, 0.0], [114.96465, -1.33184, 0.0], [114.89462, -1.35355, 0.0], [114.8471, -1.35355, 0.0], [114.83387, -1.34181, 0.0], [114.79084, -1.3471, 0.0], [114.76702, -1.33792, 0.0], [114.7482, -1.3411, 0.0], [114.66808, -1.31931, 0.0], [114.65824, -1.29178, 0.0], [114.66345, -1.28107, 0.0], [114.66181, -1.26538, 0.0], [114.68357, -1.24283, 0.0], [114.68888, -1.21419, 0.0], [114.68584, -1.19655, 0.0], [114.694, -1.18602, 0.0], [114.69738, -1.16428, 0.0], [114.67719, -1.15595, 0.0], [114.65253, -1.17145, 0.0], [114.62671, -1.171, 0.0], [114.61171, -1.158, 0.0], [114.58077, -1.15904, 0.0], [114.56246, -1.14216, 0.0], [114.54706, -1.1454, 0.0], [114.53698, -1.12973, 0.0], [114.51006, -1.12595, 0.0], [114.51148, -1.10589, 0.0], [114.52359, -1.09454, 0.0], [114.48893, -1.08174, 0.0], [114.47815, -1.06484, 0.0], [114.48355, -1.05712, 0.0], [114.48319, -1.04332, 0.0], [114.45446, -1.0244, 0.0], [114.45363, -1.01859, 0.0], [114.45702, -1.01114, 0.0], [114.47097, -1.0022, 0.0], [114.47165, -0.9913, 0.0], [114.483, -0.97863, 0.0], [114.4726, -0.9652, 0.0], [114.48637, -0.95453, 0.0], [114.49611, -0.95564, 0.0], [114.50446, -0.95038, 0.0], [114.49958, -0.92764, 0.0], [114.50588, -0.91972, 0.0], [114.518, -0.91833, 0.0], [114.52156, -0.90344, 0.0], [114.55543, -0.91559, 0.0], [114.55807, -0.88944, 0.0], [114.56974, -0.87531, 0.0], [114.65343, -0.85987, 0.0], [114.70864, -0.80222, 0.0], [114.73106, -0.78471, 0.0], [114.73653, -0.76833, 0.0], [114.76488, -0.75839, 0.0], [114.7729, -0.7627, 0.0], [114.77396, -0.76862, 0.0], [114.79205, -0.76379, 0.0], [114.78793, -0.76238, 0.0], [114.7898, -0.75063, 0.0], [114.80061, -0.75029, 0.0], [114.80559, -0.74368, 0.0], [114.81515, -0.74732, 0.0], [114.83015, -0.74331, 0.0], [114.83453, -0.73439, 0.0], [114.8561, -0.71812, 0.0], [114.87292, -0.71259, 0.0], [114.88864, -0.6763, 0.0], [114.90213, -0.66857, 0.0], [114.92132, -0.64069, 0.0], [114.92835, -0.63717, 0.0], [114.92302, -0.61723, 0.0], [114.93845, -0.61051, 0.0], [114.9478, -0.61303, 0.0], [114.96356, -0.59483, 0.0], [114.9777, -0.5888, 0.0], [114.98243, -0.56523, 0.0], [114.99395, -0.563, 0.0], [114.99971, -0.55684, 0.0], [114.99963, -0.54501, 0.0], [115.00993, -0.52645, 0.0], [115.00023, -0.51689, 0.0], [115.01884, -0.50117, 0.0], [115.02015, -0.4844, 0.0], [115.01111, -0.46318, 0.0], [115.0153, -0.42401, 0.0], [115.02117, -0.41323, 0.0], [115.0132, -0.40266, 0.0], [115.02028, -0.39218, 0.0], [115.00731, -0.37332, 0.0], [115.00809, -0.36415, 0.0], [115.01412, -0.35354, 0.0], [115.02892, -0.34817, 0.0], [115.03875, -0.33808, 0.0], [115.02932, -0.29813, 0.0], [115.01303, -0.26619, 0.0], [115.03921, -0.24001, 0.0], [115.03679, -0.22697, 0.0], [115.01978, -0.21379, 0.0], [115.02806, -0.20239, 0.0], [115.03771, -0.20767, 0.0], [115.04648, -0.20251, 0.0], [115.03971, -0.19915, 0.0], [115.05584, -0.17777, 0.0], [115.05052, -0.16074, 0.0], [115.07026, -0.14793, 0.0], [115.08711, -0.15439, 0.0], [115.10569, -0.14477, 0.0], [115.12004, -0.14915, 0.0], [115.12639, -0.1364, 0.0], [115.1337, -0.14262, 0.0], [115.14339, -0.13681, 0.0], [115.1504, -0.13902, 0.0], [115.14627, -0.1211, 0.0], [115.15186, -0.11775, 0.0], [115.15337, -0.10564, 0.0], [115.16455, -0.08781, 0.0], [115.17378, -0.09601, 0.0], [115.18143, -0.09465, 0.0], [115.1837, -0.08111, 0.0], [115.22842, -0.07236, 0.0], [115.24016, -0.05711, 0.0], [115.27673, -0.04642, 0.0]]]}}, {"type": "Feature", "id": 6102, "properties": {"WADMKK": "Bengkayang", "WADMPR": "Kalimantan Barat", "LUASWH": 5488.32205138, "kode_wilayah": 6102, "nama_resmi": "Kabupaten Bengkayang", "tipe": "Kabupaten", "provinsi": "Kalimantan Barat", "pulau": "Kalimantan", "parlemen": 23.33, "pendapatan": 38.59, "pengeluaran": 10208.0, "ahh": 77.03, "profesional": 50.65, "tpak": 56.88, "rls": 7.41, "hls": 12.22, "skor_ekonomi": 40.01, "skor_keputusan": 53.55, "skor_kapasitas_sosial": 57.62, "ikpp_komposit": 48.95, "kuadran": "Kuadran I (Ekonomi Tinggi, Keputusan Tinggi)", "lisa_cluster_keputusan": "Not Significant", "lisa_cluster_ekonomi": "Not Significant", "pc1": -0.398, "pc2": -0.081, "lat": 0.351, "lon": 108.962}, "geometry": {"type": "MultiPolygon", "coordinates": [[[[109.75201, 1.53667, 0.0], [109.76743, 1.53221, 0.0], [109.78062, 1.50881, 0.0], [109.7986, 1.50468, 0.0], [109.80428, 1.48597, 0.0], [109.7974, 1.48251, 0.0], [109.80344, 1.46507, 0.0], [109.82427, 1.47172, 0.0], [109.83233, 1.48401, 0.0], [109.83931, 1.48276, 0.0], [109.83046, 1.45648, 0.0], [109.83729, 1.42191, 0.0], [109.84669, 1.42586, 0.0], [109.85818, 1.41867, 0.0], [109.89392, 1.41461, 0.0], [109.9291, 1.42553, 0.0], [109.94763, 1.40762, 0.0], [109.96326, 1.40411, 0.0], [109.96408, 1.39291, 0.0], [109.97149, 1.38667, 0.0], [109.96203, 1.37298, 0.0], [109.97005, 1.35572, 0.0], [109.96852, 1.34165, 0.0], [109.97942, 1.29845, 0.0], [109.99362, 1.29364, 0.0], [110.00824, 1.29525, 0.0], [110.01843, 1.28407, 0.0], [110.03929, 1.2756, 0.0], [110.04096, 1.27099, 0.0], [110.04409, 1.27338, 0.0], [110.04907, 1.26926, 0.0], [110.04584, 1.26674, 0.0], [110.05093, 1.26446, 0.0], [110.05889, 1.27009, 0.0], [110.06562, 1.26426, 0.0], [110.06286, 1.26169, 0.0], [110.0701, 1.22839, 0.0], [110.05822, 1.22118, 0.0], [110.06511, 1.20898, 0.0], [110.08659, 1.21788, 0.0], [110.09725, 1.19903, 0.0], [110.12773, 1.19481, 0.0], [110.12289, 1.18187, 0.0], [110.10567, 1.16951, 0.0], [110.10192, 1.15731, 0.0], [110.10405, 1.14059, 0.0], [110.11812, 1.12905, 0.0], [110.11617, 1.12526, 0.0], [110.12407, 1.11884, 0.0], [110.12327, 1.10407, 0.0], [110.12977, 1.10042, 0.0], [110.12691, 1.09597, 0.0], [110.13102, 1.08176, 0.0], [110.1166, 1.07332, 0.0], [110.11292, 1.06251, 0.0], [110.14374, 1.02526, 0.0], [110.1284, 1.01822, 0.0], [110.12403, 1.00954, 0.0], [110.11918, 1.01253, 0.0], [110.1127, 1.00762, 0.0], [110.10699, 1.01603, 0.0], [110.08877, 1.01836, 0.0], [110.08198, 1.03486, 0.0], [110.07066, 1.03978, 0.0], [109.99533, 1.02543, 0.0], [109.97248, 1.03121, 0.0], [109.95197, 1.02786, 0.0], [109.94222, 1.03144, 0.0], [109.93537, 1.0264, 0.0], [109.93303, 1.00218, 0.0], [109.92746, 0.99742, 0.0], [109.93043, 0.99327, 0.0], [109.92443, 0.9893, 0.0], [109.93458, 0.97342, 0.0], [109.92975, 0.96129, 0.0], [109.93183, 0.94913, 0.0], [109.91205, 0.93355, 0.0], [109.91123, 0.9279, 0.0], [109.90282, 0.92608, 0.0], [109.8999, 0.90584, 0.0], [109.87106, 0.89415, 0.0], [109.86717, 0.867, 0.0], [109.85821, 0.86545, 0.0], [109.85513, 0.85739, 0.0], [109.82469, 0.857, 0.0], [109.82112, 0.86068, 0.0], [109.79328, 0.85514, 0.0], [109.78029, 0.84581, 0.0], [109.77224, 0.85028, 0.0], [109.76922, 0.83203, 0.0], [109.74453, 0.84306, 0.0], [109.73824, 0.83754, 0.0], [109.71862, 0.84169, 0.0], [109.70711, 0.83837, 0.0], [109.69256, 0.84758, 0.0], [109.68406, 0.841, 0.0], [109.68421, 0.81558, 0.0], [109.67166, 0.80545, 0.0], [109.67336, 0.79415, 0.0], [109.66459, 0.77749, 0.0], [109.67065, 0.77228, 0.0], [109.66156, 0.7684, 0.0], [109.66062, 0.75312, 0.0], [109.62638, 0.74429, 0.0], [109.62208, 0.73449, 0.0], [109.61421, 0.73963, 0.0], [109.61019, 0.73409, 0.0], [109.59874, 0.73502, 0.0], [109.58954, 0.72664, 0.0], [109.57106, 0.72081, 0.0], [109.56541, 0.71169, 0.0], [109.55506, 0.71082, 0.0], [109.54846, 0.7155, 0.0], [109.54205, 0.70492, 0.0], [109.5206, 0.70484, 0.0], [109.52333, 0.71643, 0.0], [109.4889, 0.73336, 0.0], [109.48225, 0.76388, 0.0], [109.47666, 0.77087, 0.0], [109.47178, 0.76264, 0.0], [109.45922, 0.75648, 0.0], [109.44449, 0.75724, 0.0], [109.44208, 0.76252, 0.0], [109.42816, 0.76183, 0.0], [109.42134, 0.74148, 0.0], [109.41196, 0.73592, 0.0], [109.4037, 0.7379, 0.0], [109.39085, 0.75378, 0.0], [109.38164, 0.75479, 0.0], [109.37752, 0.7611, 0.0], [109.36936, 0.75629, 0.0], [109.36351, 0.77323, 0.0], [109.34918, 0.77631, 0.0], [109.3244, 0.75752, 0.0], [109.32744, 0.74411, 0.0], [109.31537, 0.72662, 0.0], [109.28746, 0.73028, 0.0], [109.28258, 0.72276, 0.0], [109.27371, 0.72031, 0.0], [109.2698, 0.72367, 0.0], [109.27089, 0.73713, 0.0], [109.27799, 0.74126, 0.0], [109.26175, 0.75278, 0.0], [109.25462, 0.72843, 0.0], [109.23606, 0.71943, 0.0], [109.22517, 0.71953, 0.0], [109.21655, 0.71193, 0.0], [109.21981, 0.70239, 0.0], [109.20591, 0.70796, 0.0], [109.20024, 0.70263, 0.0], [109.18104, 0.70511, 0.0], [109.1726, 0.70098, 0.0], [109.16184, 0.68378, 0.0], [109.15161, 0.68181, 0.0], [109.14351, 0.6463, 0.0], [109.13635, 0.64033, 0.0], [109.12005, 0.63769, 0.0], [109.11483, 0.63198, 0.0], [109.11601, 0.62499, 0.0], [109.08676, 0.59919, 0.0], [109.08307, 0.59087, 0.0], [109.06242, 0.58646, 0.0], [109.0464, 0.57492, 0.0], [109.03044, 0.57637, 0.0], [109.0305, 0.57006, 0.0], [109.00789, 0.56245, 0.0], [108.99854, 0.54267, 0.0], [108.99331, 0.54508, 0.0], [108.99053, 0.55483, 0.0], [108.97035, 0.53261, 0.0], [108.95177, 0.5305, 0.0], [108.95027, 0.54061, 0.0], [108.9316, 0.54706, 0.0], [108.93024, 0.55985, 0.0], [108.92588, 0.55859, 0.0], [108.9308, 0.59336, 0.0], [108.92928, 0.6259, 0.0], [108.91724, 0.66165, 0.0], [108.89338, 0.69808, 0.0], [108.87289, 0.70806, 0.0], [108.8732, 0.72215, 0.0], [108.88447, 0.74487, 0.0], [108.87967, 0.77023, 0.0], [108.86115, 0.79202, 0.0], [108.85168, 0.78613, 0.0], [108.84069, 0.8147, 0.0], [108.84349, 0.81801, 0.0], [108.83748, 0.8182, 0.0], [108.84391, 0.81815, 0.0], [108.8659, 0.83828, 0.0], [108.87812, 0.8402, 0.0], [108.89056, 0.81767, 0.0], [108.91811, 0.79544, 0.0], [108.95257, 0.77429, 0.0], [108.96746, 0.77168, 0.0], [108.95461, 0.7582, 0.0], [108.97442, 0.76401, 0.0], [108.98372, 0.76209, 0.0], [108.99336, 0.74562, 0.0], [109.02519, 0.74872, 0.0], [109.05114, 0.74515, 0.0], [109.04799, 0.75844, 0.0], [109.07154, 0.75604, 0.0], [109.07651, 0.78293, 0.0], [109.05147, 0.78828, 0.0], [109.04952, 0.80186, 0.0], [109.05494, 0.81552, 0.0], [109.05065, 0.83651, 0.0], [109.06122, 0.84232, 0.0], [109.09403, 0.84336, 0.0], [109.09585, 0.85047, 0.0], [109.11271, 0.85992, 0.0], [109.1127, 0.87097, 0.0], [109.13749, 0.88217, 0.0], [109.14531, 0.88149, 0.0], [109.14799, 0.88764, 0.0], [109.16227, 0.89428, 0.0], [109.17462, 0.9076, 0.0], [109.16249, 0.92168, 0.0], [109.16195, 0.93166, 0.0], [109.15767, 0.93238, 0.0], [109.16239, 0.93721, 0.0], [109.15685, 0.9379, 0.0], [109.15825, 0.94214, 0.0], [109.16402, 0.93987, 0.0], [109.16235, 0.94947, 0.0], [109.17135, 0.9612, 0.0], [109.19379, 0.95915, 0.0], [109.21761, 0.97625, 0.0], [109.22298, 1.0002, 0.0], [109.2325, 1.00257, 0.0], [109.24165, 1.01847, 0.0], [109.31339, 1.02693, 0.0], [109.32376, 1.02089, 0.0], [109.33137, 1.02361, 0.0], [109.37804, 0.99806, 0.0], [109.38707, 1.00477, 0.0], [109.38916, 1.01655, 0.0], [109.40611, 1.0215, 0.0], [109.41103, 1.03475, 0.0], [109.42473, 1.04492, 0.0], [109.44182, 1.04314, 0.0], [109.44501, 1.02948, 0.0], [109.45431, 1.02889, 0.0], [109.47863, 1.01428, 0.0], [109.50155, 1.02158, 0.0], [109.52317, 1.06718, 0.0], [109.52159, 1.08581, 0.0], [109.53264, 1.11404, 0.0], [109.54204, 1.12101, 0.0], [109.54603, 1.13177, 0.0], [109.55336, 1.13106, 0.0], [109.5551, 1.15171, 0.0], [109.56162, 1.1589, 0.0], [109.56147, 1.18869, 0.0], [109.57924, 1.19197, 0.0], [109.58295, 1.19837, 0.0], [109.59015, 1.1992, 0.0], [109.59114, 1.21526, 0.0], [109.59759, 1.21553, 0.0], [109.59798, 1.22109, 0.0], [109.60616, 1.22408, 0.0], [109.6063, 1.23282, 0.0], [109.61792, 1.23256, 0.0], [109.62065, 1.24144, 0.0], [109.61828, 1.29071, 0.0], [109.62337, 1.29292, 0.0], [109.6254, 1.31971, 0.0], [109.61152, 1.32145, 0.0], [109.6068, 1.32844, 0.0], [109.61581, 1.36273, 0.0], [109.60102, 1.37278, 0.0], [109.59439, 1.36933, 0.0], [109.5821, 1.37308, 0.0], [109.57693, 1.38049, 0.0], [109.60795, 1.3888, 0.0], [109.60239, 1.40448, 0.0], [109.60698, 1.40848, 0.0], [109.60391, 1.41639, 0.0], [109.61058, 1.43146, 0.0], [109.6229, 1.43245, 0.0], [109.63965, 1.44229, 0.0], [109.65289, 1.43464, 0.0], [109.65822, 1.43658, 0.0], [109.67842, 1.44758, 0.0], [109.68441, 1.46105, 0.0], [109.70061, 1.46613, 0.0], [109.70408, 1.47503, 0.0], [109.71885, 1.47568, 0.0], [109.73035, 1.49479, 0.0], [109.73771, 1.49815, 0.0], [109.75305, 1.52508, 0.0], [109.75201, 1.53667, 0.0]]], [[[108.70427, 0.80316, 0.0], [108.71044, 0.79738, 0.0], [108.70556, 0.7792, 0.0], [108.71519, 0.76436, 0.0], [108.71451, 0.75807, 0.0], [108.72693, 0.74683, 0.0], [108.72627, 0.73183, 0.0], [108.71181, 0.7382, 0.0], [108.70485, 0.74822, 0.0], [108.70905, 0.75993, 0.0], [108.69517, 0.77383, 0.0], [108.69752, 0.78284, 0.0], [108.69278, 0.79635, 0.0], [108.70427, 0.80316, 0.0]]], [[[108.79127, 0.83923, 0.0], [108.79341, 0.83585, 0.0], [108.78545, 0.82274, 0.0], [108.77571, 0.82252, 0.0], [108.7765, 0.83799, 0.0], [108.79127, 0.83923, 0.0]]], [[[108.76493, 0.76309, 0.0], [108.76929, 0.74119, 0.0], [108.76842, 0.72895, 0.0], [108.76214, 0.73445, 0.0], [108.75777, 0.75846, 0.0], [108.76493, 0.76309, 0.0]]], [[[108.78859, 0.75307, 0.0], [108.79367, 0.74975, 0.0], [108.78602, 0.74377, 0.0], [108.78491, 0.74825, 0.0], [108.78859, 0.75307, 0.0]]], [[[108.8608, 0.7141, 0.0], [108.86474, 0.7098, 0.0], [108.86493, 0.70296, 0.0], [108.85859, 0.7077, 0.0], [108.8608, 0.7141, 0.0]]], [[[108.75648, 0.60515, 0.0], [108.7532, 0.60253, 0.0], [108.75122, 0.60354, 0.0], [108.753, 0.60666, 0.0], [108.75648, 0.60515, 0.0]]], [[[108.72587, 0.71293, 0.0], [108.7299, 0.7149, 0.0], [108.72968, 0.71331, 0.0], [108.72587, 0.71293, 0.0]]], [[[108.85919, 0.71815, 0.0], [108.86016, 0.71708, 0.0], [108.85918, 0.71713, 0.0], [108.85919, 0.71815, 0.0]]], [[[108.7934, 0.747, 0.0], [108.79241, 0.7463, 0.0], [108.7926, 0.74702, 0.0], [108.7934, 0.747, 0.0]]], [[[108.79757, 0.75745, 0.0], [108.79742, 0.75612, 0.0], [108.79671, 0.7568, 0.0], [108.79757, 0.75745, 0.0]]], [[[108.87359, 0.70611, 0.0], [108.87439, 0.70581, 0.0], [108.8733, 0.70554, 0.0], [108.87359, 0.70611, 0.0]]], [[[108.84062, 0.80211, 0.0], [108.84036, 0.8021, 0.0], [108.84049, 0.80239, 0.0], [108.84062, 0.80211, 0.0]]], [[[108.76612, 0.76782, 0.0], [108.76581, 0.76787, 0.0], [108.76601, 0.76809, 0.0], [108.76612, 0.76782, 0.0]]]]}}, {"type": "Feature", "id": 6405, "properties": {"WADMKK": "Berau", "WADMPR": "Kalimantan Timur", "LUASWH": 20999.287299, "kode_wilayah": 6405, "nama_resmi": "Kabupaten Berau", "tipe": "Kabupaten", "provinsi": "Kalimantan Timur", "pulau": "Kalimantan", "parlemen": 20.0, "pendapatan": 18.19, "pengeluaran": 14101.0, "ahh": 74.65, "profesional": 49.25, "tpak": 46.32, "rls": 9.57, "hls": 13.37, "skor_ekonomi": 13.97, "skor_keputusan": 49.58, "skor_kapasitas_sosial": 65.16, "ikpp_komposit": 38.45, "kuadran": "Kuadran II (Ekonomi Rendah, Keputusan Tinggi)", "lisa_cluster_keputusan": "Not Significant", "lisa_cluster_ekonomi": "Low-Low (Coldspot)", "pc1": 1.739, "pc2": -1.737, "lat": 2.045, "lon": 117.362}, "geometry": {"type": "MultiPolygon", "coordinates": [[[[117.2115, 2.56641, 0.0], [117.21509, 2.55631, 0.0], [117.22238, 2.55464, 0.0], [117.22156, 2.54487, 0.0], [117.21936, 2.54148, 0.0], [117.21736, 2.5458, 0.0], [117.20575, 2.54535, 0.0], [117.20894, 2.52957, 0.0], [117.19452, 2.52298, 0.0], [117.19175, 2.49687, 0.0], [117.22908, 2.48716, 0.0], [117.23093, 2.47936, 0.0], [117.25644, 2.48554, 0.0], [117.26988, 2.48286, 0.0], [117.28848, 2.49182, 0.0], [117.29043, 2.49596, 0.0], [117.28319, 2.50378, 0.0], [117.29812, 2.5089, 0.0], [117.29718, 2.51569, 0.0], [117.30745, 2.53331, 0.0], [117.31793, 2.53594, 0.0], [117.32598, 2.53204, 0.0], [117.32993, 2.5234, 0.0], [117.33525, 2.53496, 0.0], [117.36015, 2.54182, 0.0], [117.36385, 2.5387, 0.0], [117.39263, 2.56144, 0.0], [117.39762, 2.56035, 0.0], [117.39608, 2.5409, 0.0], [117.41094, 2.51792, 0.0], [117.41149, 2.50415, 0.0], [117.43256, 2.50151, 0.0], [117.44158, 2.51876, 0.0], [117.45511, 2.51016, 0.0], [117.46187, 2.47898, 0.0], [117.463, 2.497, 0.0], [117.47535, 2.51947, 0.0], [117.47101, 2.53113, 0.0], [117.49541, 2.53202, 0.0], [117.49928, 2.52159, 0.0], [117.53957, 2.52139, 0.0], [117.55734, 2.51464, 0.0], [117.57208, 2.50155, 0.0], [117.58788, 2.51739, 0.0], [117.60863, 2.52215, 0.0], [117.62765, 2.50448, 0.0], [117.63891, 2.47995, 0.0], [117.6697, 2.4481, 0.0], [117.68798, 2.40641, 0.0], [117.70531, 2.39716, 0.0], [117.72125, 2.34635, 0.0], [117.73904, 2.33834, 0.0], [117.74691, 2.32687, 0.0], [117.76102, 2.335, 0.0], [117.77117, 2.33014, 0.0], [117.78507, 2.33121, 0.0], [117.79842, 2.32387, 0.0], [117.8116, 2.32642, 0.0], [117.82431, 2.34822, 0.0], [117.82189, 2.36132, 0.0], [117.86376, 2.39289, 0.0], [117.8929, 2.39838, 0.0], [117.90035, 2.40466, 0.0], [117.91828, 2.39363, 0.0], [117.95582, 2.41557, 0.0], [117.95875, 2.42691, 0.0], [117.97079, 2.42464, 0.0], [117.98812, 2.4351, 0.0], [117.99829, 2.43452, 0.0], [118.00123, 2.42409, 0.0], [117.99474, 2.4225, 0.0], [117.99759, 2.41422, 0.0], [118.0102, 2.40663, 0.0], [118.01991, 2.39018, 0.0], [118.01328, 2.384, 0.0], [118.0156, 2.37879, 0.0], [118.00619, 2.38711, 0.0], [118.00372, 2.3876, 0.0], [117.99936, 2.38259, 0.0], [117.99839, 2.37676, 0.0], [118.00914, 2.37197, 0.0], [118.01698, 2.37199, 0.0], [118.01879, 2.36788, 0.0], [118.02205, 2.36922, 0.0], [118.02136, 2.36001, 0.0], [118.02887, 2.35788, 0.0], [118.03791, 2.36193, 0.0], [118.04156, 2.36739, 0.0], [118.03917, 2.37613, 0.0], [118.04574, 2.37869, 0.0], [118.06629, 2.35703, 0.0], [118.06496, 2.34892, 0.0], [118.07136, 2.33348, 0.0], [118.07594, 2.32885, 0.0], [118.07006, 2.32493, 0.0], [118.07409, 2.32298, 0.0], [118.07698, 2.31541, 0.0], [118.07765, 2.31444, 0.0], [118.0784, 2.31383, 0.0], [118.07884, 2.3136, 0.0], [118.07986, 2.31351, 0.0], [118.08604, 2.32535, 0.0], [118.09463, 2.31047, 0.0], [118.09359, 2.30004, 0.0], [118.08958, 2.29999, 0.0], [118.08512, 2.2889, 0.0], [118.08598, 2.28815, 0.0], [118.08937, 2.28779, 0.0], [118.09659, 2.29138, 0.0], [118.09637, 2.27586, 0.0], [118.07574, 2.25867, 0.0], [118.07789, 2.25069, 0.0], [118.01937, 2.19691, 0.0], [117.99303, 2.19723, 0.0], [117.94546, 2.18109, 0.0], [117.93334, 2.18101, 0.0], [117.9064, 2.21128, 0.0], [117.89899, 2.20789, 0.0], [117.89445, 2.19592, 0.0], [117.817, 2.20211, 0.0], [117.79065, 2.18997, 0.0], [117.74294, 2.19285, 0.0], [117.69162, 2.18095, 0.0], [117.69031, 2.16967, 0.0], [117.70664, 2.16335, 0.0], [117.71941, 2.14925, 0.0], [117.72379, 2.13549, 0.0], [117.7185, 2.10452, 0.0], [117.72644, 2.08357, 0.0], [117.71063, 2.07946, 0.0], [117.71913, 2.06029, 0.0], [117.69328, 2.0547, 0.0], [117.70195, 2.03601, 0.0], [117.71746, 2.02634, 0.0], [117.74039, 2.04533, 0.0], [117.74611, 2.02915, 0.0], [117.76818, 2.01339, 0.0], [117.82432, 2.00989, 0.0], [117.81986, 1.99631, 0.0], [117.82107, 1.98824, 0.0], [117.81029, 1.98901, 0.0], [117.80813, 1.98825, 0.0], [117.80694, 1.98607, 0.0], [117.80949, 1.98292, 0.0], [117.81383, 1.98113, 0.0], [117.81573, 1.97084, 0.0], [117.82123, 1.96532, 0.0], [117.8174, 1.95573, 0.0], [117.819, 1.95308, 0.0], [117.81654, 1.94961, 0.0], [117.81842, 1.94767, 0.0], [117.82672, 1.94879, 0.0], [117.82524, 1.93777, 0.0], [117.83409, 1.90987, 0.0], [117.85888, 1.883, 0.0], [117.88976, 1.87219, 0.0], [117.88812, 1.85762, 0.0], [117.89659, 1.839, 0.0], [117.91814, 1.813, 0.0], [117.96769, 1.78975, 0.0], [117.97466, 1.79264, 0.0], [118.01261, 1.78324, 0.0], [118.04674, 1.78333, 0.0], [118.06658, 1.7621, 0.0], [118.06409, 1.74757, 0.0], [118.05218, 1.73563, 0.0], [118.05364, 1.72975, 0.0], [118.07658, 1.70477, 0.0], [118.08157, 1.69128, 0.0], [118.13123, 1.63659, 0.0], [118.16492, 1.62646, 0.0], [118.17714, 1.60833, 0.0], [118.21122, 1.58865, 0.0], [118.24674, 1.55812, 0.0], [118.27354, 1.5493, 0.0], [118.27606, 1.54343, 0.0], [118.28561, 1.54565, 0.0], [118.29647, 1.54079, 0.0], [118.30338, 1.53475, 0.0], [118.29925, 1.52939, 0.0], [118.31104, 1.53086, 0.0], [118.35652, 1.50654, 0.0], [118.36466, 1.50846, 0.0], [118.3684, 1.50012, 0.0], [118.37582, 1.5016, 0.0], [118.3741, 1.49603, 0.0], [118.37626, 1.49921, 0.0], [118.37883, 1.4941, 0.0], [118.38787, 1.49571, 0.0], [118.37202, 1.48801, 0.0], [118.3778, 1.4821, 0.0], [118.38228, 1.48016, 0.0], [118.38686, 1.48774, 0.0], [118.38659, 1.48161, 0.0], [118.39006, 1.48431, 0.0], [118.391, 1.48029, 0.0], [118.39092, 1.48238, 0.0], [118.38976, 1.48521, 0.0], [118.39442, 1.48796, 0.0], [118.40026, 1.4801, 0.0], [118.40923, 1.48708, 0.0], [118.40727, 1.47794, 0.0], [118.41058, 1.48292, 0.0], [118.4148, 1.47356, 0.0], [118.40807, 1.45573, 0.0], [118.41601, 1.461, 0.0], [118.42064, 1.44823, 0.0], [118.41431, 1.43838, 0.0], [118.40606, 1.43722, 0.0], [118.40543, 1.43812, 0.0], [118.40572, 1.43998, 0.0], [118.40522, 1.4412, 0.0], [118.4048, 1.43697, 0.0], [118.38532, 1.4345, 0.0], [118.38886, 1.42591, 0.0], [118.38774, 1.42432, 0.0], [118.3844, 1.42562, 0.0], [118.38344, 1.42501, 0.0], [118.38918, 1.42259, 0.0], [118.402, 1.42723, 0.0], [118.40092, 1.42343, 0.0], [118.40619, 1.4231, 0.0], [118.41955, 1.43378, 0.0], [118.42636, 1.43214, 0.0], [118.41913, 1.43023, 0.0], [118.41575, 1.427, 0.0], [118.42435, 1.42867, 0.0], [118.43034, 1.42368, 0.0], [118.42782, 1.41217, 0.0], [118.41755, 1.40774, 0.0], [118.41588, 1.40817, 0.0], [118.41551, 1.40999, 0.0], [118.41455, 1.41149, 0.0], [118.41405, 1.41188, 0.0], [118.41367, 1.4092, 0.0], [118.42025, 1.40307, 0.0], [118.41295, 1.40142, 0.0], [118.40689, 1.40527, 0.0], [118.4014, 1.40527, 0.0], [118.41814, 1.39322, 0.0], [118.433, 1.39895, 0.0], [118.43561, 1.3894, 0.0], [118.42901, 1.38083, 0.0], [118.43735, 1.37714, 0.0], [118.43669, 1.38484, 0.0], [118.4475, 1.37437, 0.0], [118.46191, 1.3996, 0.0], [118.46523, 1.39335, 0.0], [118.47077, 1.39381, 0.0], [118.46207, 1.38078, 0.0], [118.46121, 1.37047, 0.0], [118.45414, 1.36996, 0.0], [118.46181, 1.36199, 0.0], [118.46614, 1.3607, 0.0], [118.46342, 1.36811, 0.0], [118.47556, 1.38371, 0.0], [118.49, 1.37824, 0.0], [118.48299, 1.3671, 0.0], [118.48781, 1.3612, 0.0], [118.49181, 1.36281, 0.0], [118.49049, 1.37017, 0.0], [118.49699, 1.36531, 0.0], [118.49788, 1.37244, 0.0], [118.51285, 1.37656, 0.0], [118.51719, 1.37466, 0.0], [118.51322, 1.36929, 0.0], [118.51749, 1.37017, 0.0], [118.51709, 1.36574, 0.0], [118.50524, 1.36273, 0.0], [118.51604, 1.36289, 0.0], [118.51614, 1.35652, 0.0], [118.53091, 1.36317, 0.0], [118.54999, 1.3559, 0.0], [118.5528, 1.36131, 0.0], [118.56319, 1.36275, 0.0], [118.58736, 1.34719, 0.0], [118.60517, 1.32236, 0.0], [118.64687, 1.29854, 0.0], [118.65874, 1.2819, 0.0], [118.671, 1.27841, 0.0], [118.71179, 1.25088, 0.0], [118.72873, 1.23038, 0.0], [118.75563, 1.21025, 0.0], [118.76857, 1.18997, 0.0], [118.76901, 1.16645, 0.0], [118.76417, 1.16134, 0.0], [118.74782, 1.15778, 0.0], [118.73837, 1.16255, 0.0], [118.73718, 1.15763, 0.0], [118.72723, 1.15876, 0.0], [118.72117, 1.15577, 0.0], [118.72103, 1.15407, 0.0], [118.73432, 1.1551, 0.0], [118.73823, 1.1498, 0.0], [118.74026, 1.153, 0.0], [118.74139, 1.14597, 0.0], [118.74633, 1.14406, 0.0], [118.74501, 1.14887, 0.0], [118.75044, 1.15171, 0.0], [118.75892, 1.14404, 0.0], [118.7583, 1.15086, 0.0], [118.77298, 1.1494, 0.0], [118.77407, 1.13448, 0.0], [118.79354, 1.12018, 0.0], [118.79706, 1.12351, 0.0], [118.7959, 1.11613, 0.0], [118.79972, 1.11343, 0.0], [118.80764, 1.11476, 0.0], [118.82781, 1.10116, 0.0], [118.82817, 1.08609, 0.0], [118.83722, 1.07093, 0.0], [118.83226, 1.06385, 0.0], [118.83676, 1.05044, 0.0], [118.85349, 1.04708, 0.0], [118.86924, 1.06632, 0.0], [118.88864, 1.0667, 0.0], [118.94495, 1.05846, 0.0], [118.95252, 1.05155, 0.0], [118.94877, 1.04599, 0.0], [118.94032, 1.03835, 0.0], [118.93275, 1.04063, 0.0], [118.92415, 1.03564, 0.0], [118.92607, 1.02889, 0.0], [118.91749, 1.01701, 0.0], [118.90256, 1.00888, 0.0], [118.88028, 1.00437, 0.0], [118.86714, 1.00831, 0.0], [118.86388, 0.99146, 0.0], [118.85636, 0.98539, 0.0], [118.84839, 0.9891, 0.0], [118.84109, 0.98449, 0.0], [118.83098, 0.99517, 0.0], [118.78715, 0.99578, 0.0], [118.78569, 1.02283, 0.0], [118.7728, 1.02932, 0.0], [118.76841, 1.03678, 0.0], [118.77135, 1.05167, 0.0], [118.75665, 1.07372, 0.0], [118.76374, 1.08927, 0.0], [118.75075, 1.10855, 0.0], [118.69933, 1.12218, 0.0], [118.67602, 1.12247, 0.0], [118.64995, 1.11245, 0.0], [118.61391, 1.10862, 0.0], [118.60241, 1.11171, 0.0], [118.58862, 1.1256, 0.0], [118.57335, 1.23284, 0.0], [118.52277, 1.27761, 0.0], [118.48245, 1.28978, 0.0], [118.41681, 1.28298, 0.0], [118.39492, 1.2663, 0.0], [118.38058, 1.26175, 0.0], [118.36399, 1.28225, 0.0], [118.34888, 1.28508, 0.0], [118.31747, 1.18409, 0.0], [118.31001, 1.17778, 0.0], [118.26962, 1.18569, 0.0], [118.22294, 1.18689, 0.0], [118.18763, 1.16994, 0.0], [118.14958, 1.17114, 0.0], [118.08634, 1.15912, 0.0], [118.03845, 1.16191, 0.0], [117.99456, 1.20101, 0.0], [117.99051, 1.23985, 0.0], [117.9818, 1.25753, 0.0], [117.97521, 1.25275, 0.0], [117.94106, 1.27908, 0.0], [117.9286, 1.30287, 0.0], [117.907, 1.32484, 0.0], [117.90735, 1.34195, 0.0], [117.87344, 1.36065, 0.0], [117.85028, 1.36053, 0.0], [117.83717, 1.36578, 0.0], [117.83674, 1.37157, 0.0], [117.84808, 1.3742, 0.0], [117.84615, 1.3821, 0.0], [117.85001, 1.38772, 0.0], [117.84734, 1.4113, 0.0], [117.84079, 1.42101, 0.0], [117.84641, 1.42861, 0.0], [117.85425, 1.41969, 0.0], [117.85909, 1.42959, 0.0], [117.85636, 1.43277, 0.0], [117.86306, 1.43385, 0.0], [117.86524, 1.43933, 0.0], [117.85919, 1.45023, 0.0], [117.85538, 1.44457, 0.0], [117.85138, 1.44775, 0.0], [117.84824, 1.45347, 0.0], [117.85196, 1.46918, 0.0], [117.83993, 1.47286, 0.0], [117.83219, 1.48734, 0.0], [117.83318, 1.49859, 0.0], [117.83916, 1.49949, 0.0], [117.83868, 1.51587, 0.0], [117.83477, 1.52172, 0.0], [117.83606, 1.53593, 0.0], [117.82663, 1.54659, 0.0], [117.82796, 1.56451, 0.0], [117.81969, 1.59757, 0.0], [117.80883, 1.60776, 0.0], [117.79238, 1.61227, 0.0], [117.78176, 1.62626, 0.0], [117.78244, 1.63683, 0.0], [117.77368, 1.64654, 0.0], [117.77237, 1.65853, 0.0], [117.75531, 1.67804, 0.0], [117.7249, 1.69511, 0.0], [117.68713, 1.6831, 0.0], [117.68785, 1.67924, 0.0], [117.67183, 1.66837, 0.0], [117.66442, 1.671, 0.0], [117.66823, 1.6514, 0.0], [117.66053, 1.64421, 0.0], [117.66381, 1.62979, 0.0], [117.65689, 1.63018, 0.0], [117.64977, 1.6066, 0.0], [117.64107, 1.59722, 0.0], [117.64243, 1.59005, 0.0], [117.62404, 1.59499, 0.0], [117.61398, 1.58898, 0.0], [117.60303, 1.59585, 0.0], [117.60459, 1.60854, 0.0], [117.58828, 1.60235, 0.0], [117.58052, 1.61274, 0.0], [117.56676, 1.6031, 0.0], [117.55985, 1.58943, 0.0], [117.56006, 1.59637, 0.0], [117.54905, 1.598, 0.0], [117.5441, 1.59083, 0.0], [117.54845, 1.58622, 0.0], [117.53239, 1.56246, 0.0], [117.53365, 1.5491, 0.0], [117.52863, 1.53659, 0.0], [117.51714, 1.53437, 0.0], [117.51037, 1.52463, 0.0], [117.51303, 1.51129, 0.0], [117.4974, 1.5092, 0.0], [117.49453, 1.50129, 0.0], [117.48585, 1.50184, 0.0], [117.48542, 1.51396, 0.0], [117.4678, 1.52846, 0.0], [117.46733, 1.53986, 0.0], [117.45913, 1.54618, 0.0], [117.45571, 1.5574, 0.0], [117.44304, 1.55468, 0.0], [117.43115, 1.56778, 0.0], [117.40734, 1.57668, 0.0], [117.39403, 1.59092, 0.0], [117.38581, 1.58486, 0.0], [117.37341, 1.513, 0.0], [117.33403, 1.48813, 0.0], [117.32936, 1.47164, 0.0], [117.33391, 1.45117, 0.0], [117.3045, 1.43816, 0.0], [117.28828, 1.43998, 0.0], [117.27981, 1.44635, 0.0], [117.27536, 1.42161, 0.0], [117.25881, 1.4188, 0.0], [117.2408, 1.3819, 0.0], [117.23208, 1.38014, 0.0], [117.22262, 1.38579, 0.0], [117.21178, 1.40995, 0.0], [117.20289, 1.4046, 0.0], [117.20112, 1.39685, 0.0], [117.19638, 1.39707, 0.0], [117.19546, 1.39314, 0.0], [117.20143, 1.39127, 0.0], [117.19604, 1.39081, 0.0], [117.1892, 1.37849, 0.0], [117.18471, 1.3832, 0.0], [117.16991, 1.38164, 0.0], [117.16742, 1.38633, 0.0], [117.16044, 1.38071, 0.0], [117.15594, 1.38442, 0.0], [117.15141, 1.38198, 0.0], [117.14449, 1.38435, 0.0], [117.1448, 1.38819, 0.0], [117.13594, 1.38181, 0.0], [117.13113, 1.39122, 0.0], [117.10779, 1.39484, 0.0], [117.08771, 1.40691, 0.0], [117.08497, 1.41312, 0.0], [117.06831, 1.40507, 0.0], [117.05901, 1.41737, 0.0], [117.04406, 1.41445, 0.0], [117.04348, 1.41901, 0.0], [117.03493, 1.42226, 0.0], [117.01767, 1.40606, 0.0], [117.00855, 1.41073, 0.0], [117.00593, 1.42573, 0.0], [116.9939, 1.43398, 0.0], [116.99457, 1.44399, 0.0], [116.98735, 1.44428, 0.0], [116.98753, 1.4584, 0.0], [116.97862, 1.47205, 0.0], [116.98225, 1.47992, 0.0], [116.97589, 1.49169, 0.0], [116.98452, 1.52232, 0.0], [116.97453, 1.53592, 0.0], [116.94235, 1.55521, 0.0], [116.92725, 1.57627, 0.0], [116.92705, 1.60826, 0.0], [116.91467, 1.60329, 0.0], [116.90149, 1.60931, 0.0], [116.91091, 1.64149, 0.0], [116.88742, 1.64184, 0.0], [116.89206, 1.65212, 0.0], [116.88687, 1.65668, 0.0], [116.89518, 1.6605, 0.0], [116.89796, 1.66907, 0.0], [116.89239, 1.67623, 0.0], [116.88337, 1.66926, 0.0], [116.86129, 1.68076, 0.0], [116.85335, 1.67197, 0.0], [116.84365, 1.68159, 0.0], [116.84048, 1.69263, 0.0], [116.81979, 1.67954, 0.0], [116.80515, 1.68524, 0.0], [116.7945, 1.68196, 0.0], [116.78176, 1.69193, 0.0], [116.76015, 1.69367, 0.0], [116.76215, 1.6827, 0.0], [116.73949, 1.67753, 0.0], [116.73298, 1.6803, 0.0], [116.7113, 1.66716, 0.0], [116.69857, 1.66508, 0.0], [116.68449, 1.64343, 0.0], [116.66787, 1.6477, 0.0], [116.65901, 1.64283, 0.0], [116.64472, 1.66493, 0.0], [116.64008, 1.66182, 0.0], [116.6268, 1.67059, 0.0], [116.61955, 1.6671, 0.0], [116.62214, 1.67371, 0.0], [116.60374, 1.69235, 0.0], [116.59242, 1.69182, 0.0], [116.58962, 1.6974, 0.0], [116.55897, 1.69178, 0.0], [116.54409, 1.69529, 0.0], [116.5281, 1.72392, 0.0], [116.5129, 1.72324, 0.0], [116.50213, 1.71327, 0.0], [116.49446, 1.71851, 0.0], [116.4849, 1.71587, 0.0], [116.47713, 1.71938, 0.0], [116.47558, 1.72523, 0.0], [116.46045, 1.72481, 0.0], [116.45223, 1.74215, 0.0], [116.44022, 1.74774, 0.0], [116.44969, 1.75152, 0.0], [116.45315, 1.7607, 0.0], [116.47055, 1.75986, 0.0], [116.48931, 1.7859, 0.0], [116.45694, 1.7945, 0.0], [116.43812, 1.81207, 0.0], [116.42796, 1.80976, 0.0], [116.4156, 1.82247, 0.0], [116.41029, 1.82308, 0.0], [116.40689, 1.81084, 0.0], [116.39974, 1.80881, 0.0], [116.40236, 1.80535, 0.0], [116.38624, 1.78771, 0.0], [116.37211, 1.78692, 0.0], [116.36706, 1.77723, 0.0], [116.3535, 1.77777, 0.0], [116.34801, 1.78394, 0.0], [116.35103, 1.80322, 0.0], [116.3283, 1.81744, 0.0], [116.31733, 1.84699, 0.0], [116.29953, 1.85628, 0.0], [116.29431, 1.86814, 0.0], [116.28467, 1.85758, 0.0], [116.27612, 1.86183, 0.0], [116.2561, 1.85377, 0.0], [116.24868, 1.86168, 0.0], [116.24012, 1.8618, 0.0], [116.20639, 1.83719, 0.0], [116.18383, 1.84099, 0.0], [116.18214, 1.85347, 0.0], [116.17574, 1.85753, 0.0], [116.17851, 1.88977, 0.0], [116.17517, 1.90185, 0.0], [116.18844, 1.92713, 0.0], [116.19114, 1.9451, 0.0], [116.19941, 1.95084, 0.0], [116.19446, 1.98571, 0.0], [116.22963, 2.01105, 0.0], [116.23488, 2.03145, 0.0], [116.22845, 2.03831, 0.0], [116.22656, 2.05245, 0.0], [116.21252, 2.06048, 0.0], [116.22136, 2.07552, 0.0], [116.22028, 2.09338, 0.0], [116.22283, 2.09794, 0.0], [116.22864, 2.09616, 0.0], [116.25237, 2.10633, 0.0], [116.28781, 2.10297, 0.0], [116.29075, 2.11494, 0.0], [116.29934, 2.12001, 0.0], [116.31543, 2.11507, 0.0], [116.32176, 2.13198, 0.0], [116.332, 2.1394, 0.0], [116.332, 2.15018, 0.0], [116.33894, 2.15157, 0.0], [116.34771, 2.16337, 0.0], [116.34763, 2.18102, 0.0], [116.34025, 2.18976, 0.0], [116.32909, 2.19061, 0.0], [116.31255, 2.20657, 0.0], [116.30521, 2.20769, 0.0], [116.28984, 2.23563, 0.0], [116.30042, 2.24675, 0.0], [116.30444, 2.26225, 0.0], [116.33489, 2.29067, 0.0], [116.34169, 2.28717, 0.0], [116.36367, 2.29562, 0.0], [116.40213, 2.29792, 0.0], [116.41279, 2.28207, 0.0], [116.42882, 2.28888, 0.0], [116.44386, 2.28659, 0.0], [116.45505, 2.27688, 0.0], [116.47651, 2.29072, 0.0], [116.4742, 2.30996, 0.0], [116.46667, 2.32536, 0.0], [116.48257, 2.33695, 0.0], [116.48978, 2.3319, 0.0], [116.49836, 2.33398, 0.0], [116.49841, 2.34258, 0.0], [116.50417, 2.3481, 0.0], [116.49808, 2.35725, 0.0], [116.50429, 2.37288, 0.0], [116.50186, 2.38197, 0.0], [116.49037, 2.38898, 0.0], [116.48659, 2.39863, 0.0], [116.4966, 2.40702, 0.0], [116.49084, 2.44391, 0.0], [116.49665, 2.45234, 0.0], [116.51211, 2.45467, 0.0], [116.52625, 2.44734, 0.0], [116.55681, 2.45647, 0.0], [116.56744, 2.4535, 0.0], [116.56669, 2.43696, 0.0], [116.57794, 2.42733, 0.0], [116.61028, 2.41505, 0.0], [116.62762, 2.41536, 0.0], [116.63015, 2.39095, 0.0], [116.64152, 2.39017, 0.0], [116.6503, 2.40466, 0.0], [116.65648, 2.38692, 0.0], [116.66288, 2.38442, 0.0], [116.66601, 2.39095, 0.0], [116.68034, 2.39132, 0.0], [116.68606, 2.39907, 0.0], [116.6971, 2.39306, 0.0], [116.7076, 2.3787, 0.0], [116.71024, 2.3841, 0.0], [116.71767, 2.38319, 0.0], [116.71436, 2.39136, 0.0], [116.71772, 2.40538, 0.0], [116.73344, 2.40976, 0.0], [116.7306, 2.42438, 0.0], [116.7523, 2.43832, 0.0], [116.75176, 2.46815, 0.0], [116.75652, 2.4839, 0.0], [116.79155, 2.50893, 0.0], [116.80025, 2.5078, 0.0], [116.80644, 2.49757, 0.0], [116.84472, 2.51954, 0.0], [116.85625, 2.50971, 0.0], [116.87564, 2.50709, 0.0], [116.88751, 2.47651, 0.0], [116.88994, 2.49459, 0.0], [116.89832, 2.50139, 0.0], [116.90788, 2.49877, 0.0], [116.92672, 2.50398, 0.0], [116.93088, 2.50089, 0.0], [116.92614, 2.49775, 0.0], [116.92939, 2.49333, 0.0], [116.93663, 2.49578, 0.0], [116.94323, 2.48449, 0.0], [116.96161, 2.476, 0.0], [116.96803, 2.44604, 0.0], [116.98204, 2.43998, 0.0], [116.98295, 2.43189, 0.0], [117.00016, 2.43652, 0.0], [117.00458, 2.44499, 0.0], [117.02405, 2.45861, 0.0], [117.0183, 2.47045, 0.0], [117.01737, 2.47937, 0.0], [117.02187, 2.48241, 0.0], [117.01546, 2.49769, 0.0], [117.0281, 2.50584, 0.0], [117.02541, 2.51303, 0.0], [117.03222, 2.52598, 0.0], [117.04637, 2.538, 0.0], [117.04803, 2.54781, 0.0], [117.07171, 2.54964, 0.0], [117.09774, 2.53602, 0.0], [117.1166, 2.54047, 0.0], [117.13372, 2.53617, 0.0], [117.14572, 2.53963, 0.0], [117.15683, 2.55616, 0.0], [117.16369, 2.55209, 0.0], [117.17104, 2.56168, 0.0], [117.19094, 2.55952, 0.0], [117.19584, 2.56782, 0.0], [117.2115, 2.56641, 0.0]]], [[[117.80427, 2.16527, 0.0], [117.80304, 2.12172, 0.0], [117.79002, 2.11362, 0.0], [117.77805, 2.12236, 0.0], [117.766, 2.1202, 0.0], [117.7717, 2.10436, 0.0], [117.75204, 2.09976, 0.0], [117.73217, 2.08787, 0.0], [117.72649, 2.10446, 0.0], [117.72866, 2.13926, 0.0], [117.71376, 2.16322, 0.0], [117.74001, 2.16987, 0.0], [117.76782, 2.1655, 0.0], [117.77561, 2.17188, 0.0], [117.78182, 2.18256, 0.0], [117.80023, 2.17942, 0.0], [117.80427, 2.16527, 0.0]]], [[[117.87874, 2.15378, 0.0], [117.891, 2.15509, 0.0], [117.91922, 2.14163, 0.0], [117.94733, 2.13646, 0.0], [117.95677, 2.1295, 0.0], [117.95742, 2.12165, 0.0], [117.90901, 2.0995, 0.0], [117.90185, 2.10716, 0.0], [117.90529, 2.11767, 0.0], [117.90145, 2.12822, 0.0], [117.88004, 2.14422, 0.0], [117.86524, 2.14872, 0.0], [117.85894, 2.14525, 0.0], [117.853, 2.13388, 0.0], [117.83059, 2.11833, 0.0], [117.81252, 2.12232, 0.0], [117.8081, 2.16979, 0.0], [117.80191, 2.18415, 0.0], [117.81373, 2.19285, 0.0], [117.827, 2.192, 0.0], [117.82871, 2.18501, 0.0], [117.83063, 2.18306, 0.0], [117.83901, 2.17891, 0.0], [117.84188, 2.17157, 0.0], [117.84537, 2.16803, 0.0], [117.864, 2.15706, 0.0], [117.87874, 2.15378, 0.0]]], [[[117.84867, 2.08194, 0.0], [117.90096, 2.05583, 0.0], [117.90618, 2.05691, 0.0], [117.91051, 2.04552, 0.0], [117.90598, 2.04065, 0.0], [117.88556, 2.04077, 0.0], [117.88569, 2.04567, 0.0], [117.88448, 2.04733, 0.0], [117.88475, 2.05082, 0.0], [117.88321, 2.05602, 0.0], [117.8819, 2.05691, 0.0], [117.87894, 2.05721, 0.0], [117.87204, 2.05463, 0.0], [117.86966, 2.04658, 0.0], [117.87088, 2.04205, 0.0], [117.8671, 2.046, 0.0], [117.86366, 2.04533, 0.0], [117.86248, 2.03557, 0.0], [117.84265, 2.04197, 0.0], [117.80228, 2.02677, 0.0], [117.80699, 2.0487, 0.0], [117.80598, 2.05669, 0.0], [117.8135, 2.05882, 0.0], [117.81771, 2.06178, 0.0], [117.82241, 2.06831, 0.0], [117.82481, 2.07449, 0.0], [117.82449, 2.0776, 0.0], [117.8218, 2.08088, 0.0], [117.81215, 2.08286, 0.0], [117.81105, 2.08883, 0.0], [117.83266, 2.09612, 0.0], [117.84867, 2.08194, 0.0]]], [[[117.77549, 2.0977, 0.0], [117.77975, 2.07352, 0.0], [117.77481, 2.0734, 0.0], [117.76916, 2.06615, 0.0], [117.76331, 2.07237, 0.0], [117.76065, 2.07356, 0.0], [117.75768, 2.07314, 0.0], [117.75145, 2.06381, 0.0], [117.75214, 2.05817, 0.0], [117.75716, 2.05406, 0.0], [117.7616, 2.05372, 0.0], [117.76493, 2.0492, 0.0], [117.76753, 2.05026, 0.0], [117.76986, 2.055, 0.0], [117.77382, 2.04756, 0.0], [117.78371, 2.05119, 0.0], [117.78614, 2.04767, 0.0], [117.78665, 2.03756, 0.0], [117.78864, 2.03521, 0.0], [117.80105, 2.04101, 0.0], [117.7979, 2.02825, 0.0], [117.78234, 2.02198, 0.0], [117.76412, 2.02452, 0.0], [117.75581, 2.03192, 0.0], [117.74949, 2.04752, 0.0], [117.73869, 2.05326, 0.0], [117.72491, 2.04732, 0.0], [117.71545, 2.03278, 0.0], [117.70601, 2.05134, 0.0], [117.71864, 2.05606, 0.0], [117.72237, 2.06363, 0.0], [117.71283, 2.07932, 0.0], [117.73807, 2.08474, 0.0], [117.76923, 2.10004, 0.0], [117.77549, 2.0977, 0.0]]], [[[117.89965, 2.07989, 0.0], [117.8621, 2.08796, 0.0], [117.82972, 2.11554, 0.0], [117.8538, 2.13189, 0.0], [117.86284, 2.14618, 0.0], [117.87927, 2.14094, 0.0], [117.90025, 2.12562, 0.0], [117.89833, 2.10442, 0.0], [117.91429, 2.08948, 0.0], [117.89965, 2.07989, 0.0]]], [[[117.79568, 2.10973, 0.0], [117.82623, 2.10737, 0.0], [117.83153, 2.09758, 0.0], [117.81026, 2.08921, 0.0], [117.81205, 2.08174, 0.0], [117.82297, 2.07886, 0.0], [117.82362, 2.07207, 0.0], [117.81579, 2.06101, 0.0], [117.80543, 2.05718, 0.0], [117.80186, 2.04218, 0.0], [117.78905, 2.03621, 0.0], [117.78733, 2.04745, 0.0], [117.78482, 2.05165, 0.0], [117.77421, 2.0485, 0.0], [117.76974, 2.05645, 0.0], [117.76492, 2.04999, 0.0], [117.76149, 2.05479, 0.0], [117.75326, 2.05742, 0.0], [117.75223, 2.06366, 0.0], [117.75822, 2.07297, 0.0], [117.76917, 2.06577, 0.0], [117.78, 2.07324, 0.0], [117.77662, 2.09702, 0.0], [117.78846, 2.09798, 0.0], [117.79568, 2.10973, 0.0]]], [[[117.87359, 1.97194, 0.0], [117.87094, 1.90694, 0.0], [117.85966, 1.89357, 0.0], [117.83704, 1.9116, 0.0], [117.82683, 1.93758, 0.0], [117.82816, 1.94957, 0.0], [117.81768, 1.94893, 0.0], [117.81986, 1.95307, 0.0], [117.81825, 1.95594, 0.0], [117.82224, 1.96079, 0.0], [117.82419, 1.95808, 0.0], [117.83033, 1.95375, 0.0], [117.84441, 1.95011, 0.0], [117.84631, 1.9561, 0.0], [117.85964, 1.96047, 0.0], [117.87359, 1.97194, 0.0]]], [[[118.46672, 1.46606, 0.0], [118.47242, 1.45446, 0.0], [118.47381, 1.46047, 0.0], [118.4758, 1.45271, 0.0], [118.48134, 1.4537, 0.0], [118.47549, 1.44746, 0.0], [118.4798, 1.44868, 0.0], [118.4791, 1.44488, 0.0], [118.48365, 1.44002, 0.0], [118.48791, 1.44586, 0.0], [118.48992, 1.44497, 0.0], [118.48813, 1.44133, 0.0], [118.48942, 1.44056, 0.0], [118.49623, 1.4439, 0.0], [118.49918, 1.44097, 0.0], [118.48744, 1.43544, 0.0], [118.48809, 1.42676, 0.0], [118.49512, 1.42296, 0.0], [118.49542, 1.4165, 0.0], [118.50187, 1.4151, 0.0], [118.49528, 1.40774, 0.0], [118.50494, 1.41192, 0.0], [118.50603, 1.40222, 0.0], [118.50746, 1.41025, 0.0], [118.51068, 1.41092, 0.0], [118.50843, 1.40748, 0.0], [118.51615, 1.40335, 0.0], [118.51599, 1.39565, 0.0], [118.52674, 1.39386, 0.0], [118.53014, 1.38615, 0.0], [118.5176, 1.38673, 0.0], [118.5034, 1.38025, 0.0], [118.48111, 1.39194, 0.0], [118.4806, 1.40059, 0.0], [118.47133, 1.40592, 0.0], [118.46599, 1.42156, 0.0], [118.46632, 1.42576, 0.0], [118.46768, 1.42676, 0.0], [118.46708, 1.42789, 0.0], [118.46799, 1.42871, 0.0], [118.47438, 1.42714, 0.0], [118.47411, 1.4314, 0.0], [118.48189, 1.43226, 0.0], [118.47789, 1.43921, 0.0], [118.46707, 1.43989, 0.0], [118.47275, 1.4468, 0.0], [118.46673, 1.44884, 0.0], [118.47079, 1.4539, 0.0], [118.46116, 1.45146, 0.0], [118.46052, 1.46039, 0.0], [118.46672, 1.46606, 0.0]]], [[[118.57054, 2.31254, 0.0], [118.59857, 2.28023, 0.0], [118.6339, 2.25663, 0.0], [118.63733, 2.249, 0.0], [118.62096, 2.25418, 0.0], [118.61601, 2.26247, 0.0], [118.59322, 2.27464, 0.0], [118.57867, 2.29918, 0.0], [118.57057, 2.30633, 0.0], [118.56374, 2.27895, 0.0], [118.57214, 2.25159, 0.0], [118.56824, 2.2477, 0.0], [118.57273, 2.24792, 0.0], [118.59248, 2.21457, 0.0], [118.60702, 2.20973, 0.0], [118.62114, 2.1899, 0.0], [118.64857, 2.17354, 0.0], [118.65345, 2.16267, 0.0], [118.64446, 2.17209, 0.0], [118.61888, 2.18183, 0.0], [118.60429, 2.19744, 0.0], [118.60877, 2.18888, 0.0], [118.59825, 2.19464, 0.0], [118.56598, 2.23908, 0.0], [118.56025, 2.27936, 0.0], [118.56344, 2.30488, 0.0], [118.57054, 2.31254, 0.0]]], [[[117.83849, 2.00686, 0.0], [117.86316, 1.96717, 0.0], [117.84598, 1.95715, 0.0], [117.84389, 1.95119, 0.0], [117.82463, 1.95838, 0.0], [117.81446, 1.98126, 0.0], [117.80762, 1.98596, 0.0], [117.82144, 1.98745, 0.0], [117.82083, 1.99638, 0.0], [117.82926, 2.01039, 0.0], [117.83849, 2.00686, 0.0]]], [[[117.87028, 2.15759, 0.0], [117.84485, 2.16956, 0.0], [117.83907, 2.17954, 0.0], [117.82929, 2.18503, 0.0], [117.82823, 2.19189, 0.0], [117.84838, 2.18987, 0.0], [117.88107, 2.17691, 0.0], [117.88415, 2.16173, 0.0], [117.87028, 2.15759, 0.0]]], [[[118.51437, 2.15959, 0.0], [118.5383, 2.16087, 0.0], [118.56282, 2.11687, 0.0], [118.53871, 2.13747, 0.0], [118.52035, 2.14056, 0.0], [118.50512, 2.13623, 0.0], [118.51437, 2.15959, 0.0]]], [[[117.91771, 2.15705, 0.0], [117.90437, 2.16784, 0.0], [117.89291, 2.19011, 0.0], [117.90428, 2.20681, 0.0], [117.92748, 2.17425, 0.0], [117.91771, 2.15705, 0.0]]], [[[117.75182, 2.18524, 0.0], [117.77641, 2.18153, 0.0], [117.77517, 2.174, 0.0], [117.76609, 2.16614, 0.0], [117.7369, 2.17231, 0.0], [117.71609, 2.16496, 0.0], [117.70753, 2.1702, 0.0], [117.72961, 2.18233, 0.0], [117.75182, 2.18524, 0.0]]], [[[117.87328, 2.05401, 0.0], [117.88392, 2.05319, 0.0], [117.8844, 2.04113, 0.0], [117.88934, 2.03692, 0.0], [117.87733, 2.03607, 0.0], [117.85877, 2.02459, 0.0], [117.84484, 2.02666, 0.0], [117.84517, 2.03844, 0.0], [117.86257, 2.03482, 0.0], [117.86414, 2.0448, 0.0], [117.8711, 2.04139, 0.0], [117.87328, 2.05401, 0.0]]], [[[118.19596, 2.38184, 0.0], [118.20842, 2.38157, 0.0], [118.22193, 2.35815, 0.0], [118.21669, 2.34833, 0.0], [118.19443, 2.37607, 0.0], [118.19596, 2.38184, 0.0]]], [[[117.78459, 2.09946, 0.0], [117.77288, 2.10412, 0.0], [117.76777, 2.1189, 0.0], [117.77802, 2.12033, 0.0], [117.7897, 2.11006, 0.0], [117.78459, 2.09946, 0.0]]], [[[117.89728, 2.16735, 0.0], [117.89116, 2.16991, 0.0], [117.87068, 2.18942, 0.0], [117.89044, 2.18904, 0.0], [117.89728, 2.16735, 0.0]]], [[[118.44996, 1.39449, 0.0], [118.45205, 1.38635, 0.0], [118.44404, 1.3804, 0.0], [118.43946, 1.39273, 0.0], [118.44996, 1.39449, 0.0]]], [[[118.00493, 2.38685, 0.0], [118.00983, 2.37987, 0.0], [118.0183, 2.37375, 0.0], [117.99953, 2.37707, 0.0], [118.00493, 2.38685, 0.0]]], [[[118.7733, 1.1544, 0.0], [118.78665, 1.1391, 0.0], [118.78666, 1.13446, 0.0], [118.77597, 1.14208, 0.0], [118.7733, 1.1544, 0.0]]], [[[118.33099, 2.14136, 0.0], [118.33408, 2.13221, 0.0], [118.33054, 2.13075, 0.0], [118.32335, 2.13806, 0.0], [118.33099, 2.14136, 0.0]]], [[[118.84429, 1.11307, 0.0], [118.83631, 1.1159, 0.0], [118.8377, 1.12043, 0.0], [118.84664, 1.11745, 0.0], [118.84429, 1.11307, 0.0]]], [[[118.53186, 1.39699, 0.0], [118.53406, 1.39256, 0.0], [118.54264, 1.39303, 0.0], [118.5326, 1.38807, 0.0], [118.52888, 1.39493, 0.0], [118.53186, 1.39699, 0.0]]], [[[117.8849, 2.15975, 0.0], [117.87432, 2.15563, 0.0], [117.87143, 2.15672, 0.0], [117.8849, 2.15975, 0.0]]], [[[118.07742, 2.33386, 0.0], [118.07685, 2.32639, 0.0], [118.07633, 2.32977, 0.0], [118.07168, 2.33357, 0.0], [118.07152, 2.33846, 0.0], [118.07742, 2.33386, 0.0]]], [[[118.52089, 1.36783, 0.0], [118.52659, 1.36531, 0.0], [118.51788, 1.36149, 0.0], [118.52089, 1.36783, 0.0]]], [[[118.78605, 1.13115, 0.0], [118.79162, 1.13186, 0.0], [118.79474, 1.12678, 0.0], [118.78605, 1.13115, 0.0]]], [[[118.55504, 1.37614, 0.0], [118.55812, 1.37362, 0.0], [118.55967, 1.3744, 0.0], [118.56262, 1.37325, 0.0], [118.55507, 1.37049, 0.0], [118.55504, 1.37614, 0.0]]], [[[118.24738, 2.28533, 0.0], [118.24124, 2.28273, 0.0], [118.23931, 2.28509, 0.0], [118.24738, 2.28533, 0.0]]], [[[118.95079, 1.56075, 0.0], [118.94348, 1.55966, 0.0], [118.95076, 1.56247, 0.0], [118.95079, 1.56075, 0.0]]], [[[118.48664, 1.44804, 0.0], [118.48546, 1.44424, 0.0], [118.48236, 1.44283, 0.0], [118.48155, 1.44584, 0.0], [118.48664, 1.44804, 0.0]]], [[[118.59451, 2.26134, 0.0], [118.59991, 2.2604, 0.0], [118.60271, 2.25728, 0.0], [118.5977, 2.25701, 0.0], [118.59451, 2.26134, 0.0]]], [[[118.13179, 2.33496, 0.0], [118.13428, 2.33167, 0.0], [118.13215, 2.32977, 0.0], [118.12869, 2.33213, 0.0], [118.13179, 2.33496, 0.0]]], [[[118.63104, 1.52571, 0.0], [118.63897, 1.52465, 0.0], [118.63029, 1.52461, 0.0], [118.63104, 1.52571, 0.0]]], [[[118.9116, 1.52346, 0.0], [118.90408, 1.51541, 0.0], [118.9045, 1.51704, 0.0], [118.9116, 1.52346, 0.0]]], [[[118.39782, 2.08452, 0.0], [118.40056, 2.08671, 0.0], [118.40241, 2.08506, 0.0], [118.39782, 2.08452, 0.0]]], [[[118.48016, 1.44891, 0.0], [118.48376, 1.44789, 0.0], [118.48119, 1.44576, 0.0], [118.48016, 1.44891, 0.0]]], [[[118.7778, 1.13479, 0.0], [118.77469, 1.13556, 0.0], [118.77598, 1.13901, 0.0], [118.77676, 1.13863, 0.0], [118.7778, 1.13479, 0.0]]], [[[118.99634, 1.79012, 0.0], [118.99731, 1.78821, 0.0], [118.99386, 1.78904, 0.0], [118.99634, 1.79012, 0.0]]], [[[118.38591, 1.50064, 0.0], [118.38334, 1.49838, 0.0], [118.38515, 1.50109, 0.0], [118.38591, 1.50064, 0.0]]], [[[118.0798, 2.31701, 0.0], [118.0778, 2.31449, 0.0], [118.07903, 2.31829, 0.0], [118.0798, 2.31701, 0.0]]], [[[118.7334, 2.10389, 0.0], [118.73026, 2.09991, 0.0], [118.72965, 2.09995, 0.0], [118.72958, 2.10228, 0.0], [118.7334, 2.10389, 0.0]]], [[[118.54374, 1.3681, 0.0], [118.54492, 1.36487, 0.0], [118.54327, 1.36465, 0.0], [118.54374, 1.3681, 0.0]]], [[[118.58907, 2.2624, 0.0], [118.59187, 2.2622, 0.0], [118.59183, 2.26006, 0.0], [118.58907, 2.2624, 0.0]]], [[[118.4227, 1.40581, 0.0], [118.42447, 1.40459, 0.0], [118.42181, 1.40467, 0.0], [118.4227, 1.40581, 0.0]]], [[[118.50536, 1.41664, 0.0], [118.50658, 1.41426, 0.0], [118.5034, 1.4138, 0.0], [118.50536, 1.41664, 0.0]]], [[[118.63478, 2.23409, 0.0], [118.63548, 2.23271, 0.0], [118.63431, 2.23371, 0.0], [118.63478, 2.23409, 0.0]]], [[[118.73392, 2.11384, 0.0], [118.73536, 2.11474, 0.0], [118.73613, 2.11249, 0.0], [118.73392, 2.11384, 0.0]]], [[[118.63693, 2.23082, 0.0], [118.6397, 2.23072, 0.0], [118.63818, 2.22904, 0.0], [118.63693, 2.23082, 0.0]]], [[[118.54115, 1.39531, 0.0], [118.54348, 1.39569, 0.0], [118.54142, 1.39409, 0.0], [118.54115, 1.39531, 0.0]]], [[[118.53368, 1.38557, 0.0], [118.53207, 1.38443, 0.0], [118.53249, 1.38622, 0.0], [118.53368, 1.38557, 0.0]]], [[[118.37608, 1.50019, 0.0], [118.3782, 1.50012, 0.0], [118.37642, 1.49955, 0.0], [118.37608, 1.50019, 0.0]]], [[[118.64458, 2.23152, 0.0], [118.64326, 2.23144, 0.0], [118.64351, 2.23262, 0.0], [118.64458, 2.23152, 0.0]]], [[[118.08697, 2.28982, 0.0], [118.08789, 2.28879, 0.0], [118.08596, 2.2884, 0.0], [118.08697, 2.28982, 0.0]]], [[[118.87803, 1.15416, 0.0], [118.87692, 1.15319, 0.0], [118.87725, 1.15482, 0.0], [118.87803, 1.15416, 0.0]]], [[[119.03577, 1.77989, 0.0], [119.03649, 1.78093, 0.0], [119.03698, 1.77939, 0.0], [119.03577, 1.77989, 0.0]]], [[[118.65151, 2.22089, 0.0], [118.65192, 2.21967, 0.0], [118.65116, 2.21986, 0.0], [118.65151, 2.22089, 0.0]]], [[[118.62961, 2.23673, 0.0], [118.63101, 2.23689, 0.0], [118.63072, 2.23631, 0.0], [118.62961, 2.23673, 0.0]]], [[[118.65202, 2.21914, 0.0], [118.65302, 2.21849, 0.0], [118.65229, 2.21815, 0.0], [118.65202, 2.21914, 0.0]]], [[[118.6068, 2.18826, 0.0], [118.60796, 2.18838, 0.0], [118.60785, 2.18785, 0.0], [118.6068, 2.18826, 0.0]]], [[[118.53368, 1.46746, 0.0], [118.53318, 1.46682, 0.0], [118.53307, 1.4671, 0.0], [118.53368, 1.46746, 0.0]]], [[[118.58385, 2.26634, 0.0], [118.58286, 2.2666, 0.0], [118.58343, 2.26702, 0.0], [118.58385, 2.26634, 0.0]]], [[[118.07092, 2.33881, 0.0], [118.07036, 2.33859, 0.0], [118.0706, 2.33927, 0.0], [118.07092, 2.33881, 0.0]]], [[[118.59443, 2.25861, 0.0], [118.59382, 2.25811, 0.0], [118.59402, 2.25876, 0.0], [118.59443, 2.25861, 0.0]]], [[[118.59409, 2.26293, 0.0], [118.59485, 2.26308, 0.0], [118.59496, 2.26257, 0.0], [118.59409, 2.26293, 0.0]]], [[[118.19416, 2.37299, 0.0], [118.19432, 2.37253, 0.0], [118.19403, 2.3726, 0.0], [118.19416, 2.37299, 0.0]]], [[[118.57476, 2.30022, 0.0], [118.57443, 2.30003, 0.0], [118.57442, 2.3005, 0.0], [118.57476, 2.30022, 0.0]]], [[[118.59262, 2.26643, 0.0], [118.59217, 2.26632, 0.0], [118.59219, 2.26669, 0.0], [118.59262, 2.26643, 0.0]]], [[[118.64795, 2.22646, 0.0], [118.64747, 2.22614, 0.0], [118.64753, 2.22664, 0.0], [118.64795, 2.22646, 0.0]]], [[[118.58198, 2.29282, 0.0], [118.58158, 2.29248, 0.0], [118.58168, 2.29279, 0.0], [118.58198, 2.29282, 0.0]]], [[[118.01603, 2.37941, 0.0], [118.01632, 2.3792, 0.0], [118.01605, 2.37903, 0.0], [118.01603, 2.37941, 0.0]]], [[[118.58363, 2.26908, 0.0], [118.58352, 2.26918, 0.0], [118.5837, 2.26927, 0.0], [118.58363, 2.26908, 0.0]]], [[[118.60042, 2.27959, 0.0], [118.60019, 2.27957, 0.0], [118.60031, 2.27976, 0.0], [118.60042, 2.27959, 0.0]]], [[[118.63784, 2.24942, 0.0], [118.6377, 2.24935, 0.0], [118.63766, 2.24944, 0.0], [118.63784, 2.24942, 0.0]]], [[[118.65093, 2.22079, 0.0], [118.65088, 2.22075, 0.0], [118.65089, 2.22082, 0.0], [118.65093, 2.22079, 0.0]]]]}}, {"type": "Feature", "id": 6502, "properties": {"WADMKK": "Bulungan", "WADMPR": "Kalimantan Utara", "LUASWH": 13719.9831342, "kode_wilayah": 6502, "nama_resmi": "Kabupaten Bulungan", "tipe": "Kabupaten", "provinsi": "Kalimantan Utara", "pulau": "Kalimantan", "parlemen": 8.0, "pendapatan": 22.57, "pengeluaran": 11507.0, "ahh": 72.32, "profesional": 44.07, "tpak": 48.52, "rls": 8.38, "hls": 11.65, "skor_ekonomi": 19.52, "skor_keputusan": 35.21, "skor_kapasitas_sosial": 53.77, "ikpp_komposit": 32.65, "kuadran": "Kuadran III (Ekonomi Rendah, Keputusan Rendah)", "lisa_cluster_keputusan": "Not Significant", "lisa_cluster_ekonomi": "Low-Low (Coldspot)", "pc1": -0.469, "pc2": -1.496, "lat": 3.552, "lon": 116.622}, "geometry": {"type": "MultiPolygon", "coordinates": [[[[117.30508, 3.40938, 0.0], [117.31221, 3.41339, 0.0], [117.32824, 3.40177, 0.0], [117.33035, 3.37559, 0.0], [117.35303, 3.36724, 0.0], [117.36925, 3.3723, 0.0], [117.3715, 3.35588, 0.0], [117.39173, 3.34196, 0.0], [117.38821, 3.32393, 0.0], [117.38002, 3.31891, 0.0], [117.37025, 3.29668, 0.0], [117.34739, 3.29543, 0.0], [117.34112, 3.30103, 0.0], [117.33034, 3.29854, 0.0], [117.32858, 3.29357, 0.0], [117.3381, 3.29828, 0.0], [117.3362, 3.29379, 0.0], [117.36727, 3.29405, 0.0], [117.36422, 3.28573, 0.0], [117.36648, 3.2822, 0.0], [117.36222, 3.28003, 0.0], [117.36046, 3.2745, 0.0], [117.34987, 3.27481, 0.0], [117.36056, 3.2543, 0.0], [117.35468, 3.25235, 0.0], [117.35078, 3.24862, 0.0], [117.34741, 3.23746, 0.0], [117.35262, 3.23173, 0.0], [117.33596, 3.21252, 0.0], [117.31569, 3.21374, 0.0], [117.30658, 3.20821, 0.0], [117.31918, 3.16079, 0.0], [117.33551, 3.17878, 0.0], [117.34651, 3.18179, 0.0], [117.37119, 3.18056, 0.0], [117.39304, 3.16762, 0.0], [117.3949, 3.16209, 0.0], [117.38816, 3.13938, 0.0], [117.37184, 3.14696, 0.0], [117.35843, 3.13613, 0.0], [117.35698, 3.12874, 0.0], [117.36501, 3.1236, 0.0], [117.3621, 3.11874, 0.0], [117.3564, 3.12092, 0.0], [117.35564, 3.13001, 0.0], [117.34896, 3.139, 0.0], [117.34568, 3.13699, 0.0], [117.34015, 3.12777, 0.0], [117.33439, 3.12821, 0.0], [117.33232, 3.12504, 0.0], [117.33988, 3.11857, 0.0], [117.34657, 3.11754, 0.0], [117.34968, 3.11007, 0.0], [117.35886, 3.1043, 0.0], [117.36374, 3.08767, 0.0], [117.37774, 3.08756, 0.0], [117.38284, 3.08217, 0.0], [117.36831, 3.08291, 0.0], [117.36032, 3.06712, 0.0], [117.35329, 3.07849, 0.0], [117.34615, 3.07777, 0.0], [117.3452, 3.07129, 0.0], [117.35209, 3.04845, 0.0], [117.37255, 3.04607, 0.0], [117.38928, 3.03232, 0.0], [117.38473, 3.02616, 0.0], [117.38458, 3.01275, 0.0], [117.37041, 2.99358, 0.0], [117.3704, 2.98431, 0.0], [117.3454, 2.9445, 0.0], [117.34071, 2.91138, 0.0], [117.32319, 2.89814, 0.0], [117.3328, 2.89065, 0.0], [117.33701, 2.86508, 0.0], [117.35496, 2.84223, 0.0], [117.3598, 2.81311, 0.0], [117.36399, 2.81612, 0.0], [117.37667, 2.80947, 0.0], [117.38281, 2.81007, 0.0], [117.38336, 2.81628, 0.0], [117.39259, 2.81653, 0.0], [117.39839, 2.819, 0.0], [117.39961, 2.81565, 0.0], [117.4115, 2.82209, 0.0], [117.41205, 2.81531, 0.0], [117.41416, 2.81357, 0.0], [117.41678, 2.81377, 0.0], [117.41826, 2.81525, 0.0], [117.41831, 2.8272, 0.0], [117.42265, 2.82174, 0.0], [117.4281, 2.82148, 0.0], [117.42955, 2.82429, 0.0], [117.42841, 2.82829, 0.0], [117.43709, 2.83508, 0.0], [117.43635, 2.84042, 0.0], [117.44502, 2.83985, 0.0], [117.45028, 2.84203, 0.0], [117.44665, 2.83534, 0.0], [117.44777, 2.83251, 0.0], [117.45964, 2.83087, 0.0], [117.47822, 2.83968, 0.0], [117.48464, 2.83427, 0.0], [117.48228, 2.82745, 0.0], [117.48296, 2.81698, 0.0], [117.50166, 2.82414, 0.0], [117.50167, 2.82278, 0.0], [117.50757, 2.8197, 0.0], [117.5116, 2.81862, 0.0], [117.51496, 2.81811, 0.0], [117.51673, 2.81798, 0.0], [117.51847, 2.81832, 0.0], [117.54226, 2.80473, 0.0], [117.54445, 2.80845, 0.0], [117.54143, 2.82501, 0.0], [117.5587, 2.84004, 0.0], [117.57079, 2.84308, 0.0], [117.58202, 2.83734, 0.0], [117.61481, 2.79676, 0.0], [117.70206, 2.78252, 0.0], [117.73235, 2.77153, 0.0], [117.74538, 2.75132, 0.0], [117.75117, 2.7534, 0.0], [117.76975, 2.74617, 0.0], [117.78473, 2.74808, 0.0], [117.78991, 2.71763, 0.0], [117.78806, 2.66019, 0.0], [117.80196, 2.62332, 0.0], [117.81253, 2.60825, 0.0], [117.83709, 2.5911, 0.0], [117.88731, 2.53878, 0.0], [117.93677, 2.47366, 0.0], [117.96294, 2.44892, 0.0], [117.98811, 2.43503, 0.0], [117.97929, 2.42652, 0.0], [117.95875, 2.42691, 0.0], [117.95582, 2.41557, 0.0], [117.91828, 2.39363, 0.0], [117.90035, 2.40466, 0.0], [117.8929, 2.39838, 0.0], [117.86376, 2.39289, 0.0], [117.82189, 2.36132, 0.0], [117.82431, 2.34822, 0.0], [117.8116, 2.32642, 0.0], [117.79842, 2.32387, 0.0], [117.78507, 2.33121, 0.0], [117.77117, 2.33014, 0.0], [117.76102, 2.335, 0.0], [117.74691, 2.32687, 0.0], [117.73904, 2.33834, 0.0], [117.72125, 2.34635, 0.0], [117.70531, 2.39716, 0.0], [117.68798, 2.40641, 0.0], [117.6697, 2.4481, 0.0], [117.63891, 2.47995, 0.0], [117.62765, 2.50448, 0.0], [117.60863, 2.52215, 0.0], [117.58788, 2.51739, 0.0], [117.57208, 2.50155, 0.0], [117.55734, 2.51464, 0.0], [117.53957, 2.52139, 0.0], [117.49928, 2.52159, 0.0], [117.49541, 2.53202, 0.0], [117.47101, 2.53113, 0.0], [117.47535, 2.51947, 0.0], [117.463, 2.497, 0.0], [117.46187, 2.47898, 0.0], [117.45511, 2.51016, 0.0], [117.44158, 2.51876, 0.0], [117.43256, 2.50151, 0.0], [117.41149, 2.50415, 0.0], [117.41094, 2.51792, 0.0], [117.39608, 2.5409, 0.0], [117.39762, 2.56035, 0.0], [117.39263, 2.56144, 0.0], [117.36385, 2.5387, 0.0], [117.36015, 2.54182, 0.0], [117.33525, 2.53496, 0.0], [117.32993, 2.5234, 0.0], [117.32598, 2.53204, 0.0], [117.31793, 2.53594, 0.0], [117.30745, 2.53331, 0.0], [117.29718, 2.51569, 0.0], [117.29812, 2.5089, 0.0], [117.28319, 2.50378, 0.0], [117.29043, 2.49596, 0.0], [117.28848, 2.49182, 0.0], [117.26988, 2.48286, 0.0], [117.25644, 2.48554, 0.0], [117.23093, 2.47936, 0.0], [117.22908, 2.48716, 0.0], [117.19175, 2.49687, 0.0], [117.19452, 2.52298, 0.0], [117.20894, 2.52957, 0.0], [117.20575, 2.54535, 0.0], [117.21736, 2.5458, 0.0], [117.21936, 2.54148, 0.0], [117.22156, 2.54487, 0.0], [117.22217, 2.55504, 0.0], [117.21509, 2.55631, 0.0], [117.21483, 2.5647, 0.0], [117.20612, 2.56887, 0.0], [117.19584, 2.56782, 0.0], [117.1914, 2.55961, 0.0], [117.17104, 2.56168, 0.0], [117.16424, 2.55223, 0.0], [117.15683, 2.55616, 0.0], [117.14572, 2.53963, 0.0], [117.13372, 2.53617, 0.0], [117.1166, 2.54047, 0.0], [117.09774, 2.53602, 0.0], [117.07366, 2.54902, 0.0], [117.05552, 2.55074, 0.0], [117.0476, 2.54756, 0.0], [117.04637, 2.538, 0.0], [117.03222, 2.52598, 0.0], [117.02541, 2.51303, 0.0], [117.0281, 2.50584, 0.0], [117.01546, 2.49769, 0.0], [117.02187, 2.48241, 0.0], [117.01737, 2.47937, 0.0], [117.0183, 2.47045, 0.0], [117.02405, 2.45861, 0.0], [117.00458, 2.44499, 0.0], [117.00016, 2.43652, 0.0], [116.98295, 2.43189, 0.0], [116.98204, 2.43998, 0.0], [116.96803, 2.44604, 0.0], [116.96161, 2.476, 0.0], [116.94323, 2.48449, 0.0], [116.93663, 2.49578, 0.0], [116.92939, 2.49333, 0.0], [116.92603, 2.497, 0.0], [116.92938, 2.50262, 0.0], [116.92417, 2.50493, 0.0], [116.90788, 2.49877, 0.0], [116.89832, 2.50139, 0.0], [116.88994, 2.49459, 0.0], [116.88751, 2.47651, 0.0], [116.87564, 2.50709, 0.0], [116.85625, 2.50971, 0.0], [116.84026, 2.5195, 0.0], [116.80644, 2.49757, 0.0], [116.80025, 2.5078, 0.0], [116.79155, 2.50893, 0.0], [116.75652, 2.4839, 0.0], [116.75176, 2.46815, 0.0], [116.7523, 2.43832, 0.0], [116.7306, 2.42438, 0.0], [116.73344, 2.40976, 0.0], [116.71772, 2.40538, 0.0], [116.71436, 2.39136, 0.0], [116.71767, 2.38319, 0.0], [116.71024, 2.3841, 0.0], [116.7076, 2.3787, 0.0], [116.6971, 2.39306, 0.0], [116.68606, 2.39907, 0.0], [116.68034, 2.39132, 0.0], [116.66601, 2.39095, 0.0], [116.66288, 2.38442, 0.0], [116.65648, 2.38692, 0.0], [116.6503, 2.40466, 0.0], [116.64152, 2.39017, 0.0], [116.63015, 2.39095, 0.0], [116.62762, 2.41536, 0.0], [116.61028, 2.41505, 0.0], [116.57794, 2.42733, 0.0], [116.56669, 2.43696, 0.0], [116.56744, 2.4535, 0.0], [116.55681, 2.45647, 0.0], [116.52625, 2.44734, 0.0], [116.51211, 2.45467, 0.0], [116.49665, 2.45234, 0.0], [116.49084, 2.44391, 0.0], [116.4966, 2.40702, 0.0], [116.48659, 2.39863, 0.0], [116.49037, 2.38898, 0.0], [116.50186, 2.38197, 0.0], [116.50429, 2.37288, 0.0], [116.49808, 2.35725, 0.0], [116.50417, 2.3481, 0.0], [116.49841, 2.34258, 0.0], [116.49836, 2.33398, 0.0], [116.48978, 2.3319, 0.0], [116.48257, 2.33695, 0.0], [116.46667, 2.32536, 0.0], [116.4742, 2.30996, 0.0], [116.47651, 2.29072, 0.0], [116.45505, 2.27688, 0.0], [116.44386, 2.28659, 0.0], [116.42882, 2.28888, 0.0], [116.41279, 2.28207, 0.0], [116.40213, 2.29792, 0.0], [116.36367, 2.29562, 0.0], [116.34169, 2.28717, 0.0], [116.33489, 2.29067, 0.0], [116.30444, 2.26225, 0.0], [116.30042, 2.24675, 0.0], [116.28984, 2.23563, 0.0], [116.30301, 2.20981, 0.0], [116.31255, 2.20657, 0.0], [116.32909, 2.19061, 0.0], [116.34025, 2.18976, 0.0], [116.34924, 2.17812, 0.0], [116.34728, 2.16208, 0.0], [116.33894, 2.15157, 0.0], [116.332, 2.15018, 0.0], [116.32946, 2.13413, 0.0], [116.32176, 2.13198, 0.0], [116.31437, 2.11453, 0.0], [116.29934, 2.12001, 0.0], [116.29075, 2.11494, 0.0], [116.28634, 2.10248, 0.0], [116.25237, 2.10633, 0.0], [116.22825, 2.09623, 0.0], [116.22283, 2.09794, 0.0], [116.2166, 2.11265, 0.0], [116.20367, 2.11343, 0.0], [116.19028, 2.12498, 0.0], [116.15815, 2.12297, 0.0], [116.14799, 2.15258, 0.0], [116.13781, 2.15256, 0.0], [116.12588, 2.16496, 0.0], [116.10994, 2.16406, 0.0], [116.09653, 2.17027, 0.0], [116.07013, 2.16143, 0.0], [116.05532, 2.14569, 0.0], [116.0247, 2.1823, 0.0], [116.01098, 2.19152, 0.0], [116.00867, 2.21309, 0.0], [115.99252, 2.23613, 0.0], [115.98854, 2.26158, 0.0], [116.00495, 2.26116, 0.0], [116.01419, 2.25483, 0.0], [116.03492, 2.25568, 0.0], [116.04595, 2.26837, 0.0], [116.05411, 2.29313, 0.0], [116.06221, 2.3034, 0.0], [116.06018, 2.31631, 0.0], [116.08042, 2.33258, 0.0], [116.08615, 2.34811, 0.0], [116.104, 2.3569, 0.0], [116.12313, 2.3936, 0.0], [116.1312, 2.39193, 0.0], [116.16583, 2.40602, 0.0], [116.17186, 2.40223, 0.0], [116.17789, 2.40492, 0.0], [116.18808, 2.414, 0.0], [116.19492, 2.44, 0.0], [116.22893, 2.4825, 0.0], [116.24177, 2.48907, 0.0], [116.26025, 2.47793, 0.0], [116.27059, 2.48448, 0.0], [116.29415, 2.5279, 0.0], [116.29524, 2.54123, 0.0], [116.30369, 2.54644, 0.0], [116.30264, 2.5573, 0.0], [116.30948, 2.57434, 0.0], [116.29658, 2.58766, 0.0], [116.30035, 2.59423, 0.0], [116.29212, 2.63233, 0.0], [116.30222, 2.63667, 0.0], [116.31307, 2.66333, 0.0], [116.32351, 2.67447, 0.0], [116.32614, 2.69114, 0.0], [116.36333, 2.7145, 0.0], [116.36707, 2.72615, 0.0], [116.40397, 2.75602, 0.0], [116.40814, 2.76734, 0.0], [116.42229, 2.77681, 0.0], [116.4321, 2.77738, 0.0], [116.42968, 2.78842, 0.0], [116.43554, 2.81159, 0.0], [116.45529, 2.82582, 0.0], [116.47282, 2.82752, 0.0], [116.47968, 2.82275, 0.0], [116.49272, 2.82762, 0.0], [116.49869, 2.83875, 0.0], [116.51826, 2.84781, 0.0], [116.55025, 2.87872, 0.0], [116.5838, 2.89041, 0.0], [116.58652, 2.91651, 0.0], [116.59071, 2.92069, 0.0], [116.60343, 2.91773, 0.0], [116.61444, 2.92943, 0.0], [116.60837, 2.94871, 0.0], [116.62658, 2.9606, 0.0], [116.63701, 2.97419, 0.0], [116.65772, 2.97409, 0.0], [116.6631, 3.00701, 0.0], [116.6948, 3.02851, 0.0], [116.71664, 3.02545, 0.0], [116.74505, 3.04163, 0.0], [116.74947, 3.06747, 0.0], [116.74056, 3.08668, 0.0], [116.72476, 3.10297, 0.0], [116.74384, 3.15404, 0.0], [116.74059, 3.17056, 0.0], [116.76804, 3.16429, 0.0], [116.76792, 3.17302, 0.0], [116.77427, 3.1767, 0.0], [116.77241, 3.19045, 0.0], [116.78018, 3.22753, 0.0], [116.78788, 3.23395, 0.0], [116.79377, 3.23092, 0.0], [116.79399, 3.23552, 0.0], [116.78623, 3.25055, 0.0], [116.78947, 3.2614, 0.0], [116.77981, 3.27374, 0.0], [116.78217, 3.29146, 0.0], [116.76957, 3.29574, 0.0], [116.76103, 3.30466, 0.0], [116.76086, 3.31915, 0.0], [116.75083, 3.33443, 0.0], [116.74124, 3.34126, 0.0], [116.73197, 3.33281, 0.0], [116.72426, 3.35094, 0.0], [116.71606, 3.35596, 0.0], [116.71002, 3.35394, 0.0], [116.70712, 3.37124, 0.0], [116.72556, 3.37364, 0.0], [116.7351, 3.36982, 0.0], [116.74167, 3.38166, 0.0], [116.75323, 3.37891, 0.0], [116.76074, 3.38455, 0.0], [116.77592, 3.38223, 0.0], [116.77837, 3.37154, 0.0], [116.78546, 3.37082, 0.0], [116.8187, 3.387, 0.0], [116.90006, 3.39669, 0.0], [116.91271, 3.38431, 0.0], [116.92038, 3.39091, 0.0], [116.92392, 3.38388, 0.0], [116.92812, 3.38889, 0.0], [116.93218, 3.38582, 0.0], [116.95104, 3.39334, 0.0], [116.9672, 3.40436, 0.0], [116.97814, 3.40421, 0.0], [117.00262, 3.39119, 0.0], [117.03077, 3.40534, 0.0], [117.04818, 3.40693, 0.0], [117.06308, 3.40315, 0.0], [117.06682, 3.38829, 0.0], [117.09122, 3.39038, 0.0], [117.09495, 3.3664, 0.0], [117.1108, 3.3622, 0.0], [117.11603, 3.34829, 0.0], [117.13327, 3.34369, 0.0], [117.1466, 3.35203, 0.0], [117.17265, 3.35845, 0.0], [117.18584, 3.34713, 0.0], [117.18706, 3.33506, 0.0], [117.19933, 3.33283, 0.0], [117.20957, 3.34054, 0.0], [117.22603, 3.33728, 0.0], [117.24724, 3.31384, 0.0], [117.28335, 3.39402, 0.0], [117.27805, 3.40195, 0.0], [117.28366, 3.41073, 0.0], [117.28311, 3.42533, 0.0], [117.29739, 3.42565, 0.0], [117.30508, 3.40938, 0.0]]], [[[117.80051, 3.58935, 0.0], [117.82467, 3.57204, 0.0], [117.85463, 3.52812, 0.0], [117.8574, 3.50436, 0.0], [117.8735, 3.47472, 0.0], [117.87048, 3.45512, 0.0], [117.86354, 3.4484, 0.0], [117.84222, 3.45543, 0.0], [117.82626, 3.47547, 0.0], [117.8153, 3.47791, 0.0], [117.75998, 3.51398, 0.0], [117.76229, 3.51256, 0.0], [117.76394, 3.51246, 0.0], [117.75142, 3.53532, 0.0], [117.75429, 3.56094, 0.0], [117.77468, 3.57497, 0.0], [117.79057, 3.57972, 0.0], [117.80051, 3.58935, 0.0]]], [[[117.43682, 2.96358, 0.0], [117.45332, 2.95572, 0.0], [117.44761, 2.9509, 0.0], [117.44441, 2.9553, 0.0], [117.44151, 2.95486, 0.0], [117.43914, 2.95222, 0.0], [117.43871, 2.94704, 0.0], [117.4342, 2.94775, 0.0], [117.43729, 2.95126, 0.0], [117.4355, 2.95382, 0.0], [117.42584, 2.9517, 0.0], [117.42362, 2.94983, 0.0], [117.42373, 2.94661, 0.0], [117.42818, 2.94466, 0.0], [117.42003, 2.94105, 0.0], [117.41547, 2.9334, 0.0], [117.42654, 2.91704, 0.0], [117.41956, 2.90978, 0.0], [117.41109, 2.91241, 0.0], [117.40647, 2.90816, 0.0], [117.41413, 2.8982, 0.0], [117.41333, 2.88931, 0.0], [117.40893, 2.88624, 0.0], [117.40375, 2.88962, 0.0], [117.40043, 2.88967, 0.0], [117.39103, 2.87477, 0.0], [117.36682, 2.87237, 0.0], [117.35593, 2.84534, 0.0], [117.33963, 2.86539, 0.0], [117.33873, 2.88595, 0.0], [117.32532, 2.89859, 0.0], [117.33722, 2.90198, 0.0], [117.34358, 2.91232, 0.0], [117.35157, 2.95019, 0.0], [117.36259, 2.95484, 0.0], [117.36652, 2.95062, 0.0], [117.3616, 2.94154, 0.0], [117.36379, 2.93633, 0.0], [117.36596, 2.93459, 0.0], [117.36796, 2.93442, 0.0], [117.37289, 2.93809, 0.0], [117.37423, 2.9351, 0.0], [117.37629, 2.93382, 0.0], [117.37773, 2.93486, 0.0], [117.37955, 2.94204, 0.0], [117.3942, 2.94709, 0.0], [117.40916, 2.96351, 0.0], [117.43682, 2.96358, 0.0]]], [[[117.51301, 3.3128, 0.0], [117.5243, 3.29343, 0.0], [117.52049, 3.28134, 0.0], [117.51201, 3.27452, 0.0], [117.47583, 3.27762, 0.0], [117.45681, 3.27358, 0.0], [117.46957, 3.28527, 0.0], [117.47307, 3.29299, 0.0], [117.47096, 3.30356, 0.0], [117.46468, 3.30845, 0.0], [117.45703, 3.30446, 0.0], [117.44906, 3.28446, 0.0], [117.44254, 3.27973, 0.0], [117.41792, 3.27952, 0.0], [117.39918, 3.27605, 0.0], [117.3843, 3.28206, 0.0], [117.39015, 3.30343, 0.0], [117.38812, 3.30879, 0.0], [117.38255, 3.31285, 0.0], [117.38497, 3.31838, 0.0], [117.39765, 3.31294, 0.0], [117.44249, 3.34174, 0.0], [117.50017, 3.32412, 0.0], [117.51301, 3.3128, 0.0]]], [[[117.44694, 3.12221, 0.0], [117.47549, 3.10553, 0.0], [117.47808, 3.09678, 0.0], [117.44634, 3.08192, 0.0], [117.43801, 3.06722, 0.0], [117.43772, 3.05614, 0.0], [117.42328, 3.03588, 0.0], [117.39837, 3.0417, 0.0], [117.39498, 3.03789, 0.0], [117.39784, 3.02656, 0.0], [117.38928, 3.01698, 0.0], [117.386, 3.02566, 0.0], [117.39091, 3.03214, 0.0], [117.38239, 3.04447, 0.0], [117.35344, 3.04926, 0.0], [117.34796, 3.07731, 0.0], [117.36114, 3.06534, 0.0], [117.36903, 3.07959, 0.0], [117.38054, 3.07767, 0.0], [117.38544, 3.08116, 0.0], [117.37913, 3.08956, 0.0], [117.36539, 3.08943, 0.0], [117.36547, 3.11307, 0.0], [117.37498, 3.11191, 0.0], [117.37866, 3.09684, 0.0], [117.38705, 3.09225, 0.0], [117.40284, 3.10903, 0.0], [117.42874, 3.10822, 0.0], [117.44694, 3.12221, 0.0]]], [[[117.54576, 2.90766, 0.0], [117.62199, 2.90229, 0.0], [117.65361, 2.89464, 0.0], [117.71246, 2.89703, 0.0], [117.71884, 2.89068, 0.0], [117.71576, 2.8712, 0.0], [117.70709, 2.86225, 0.0], [117.68422, 2.86426, 0.0], [117.66767, 2.85509, 0.0], [117.63893, 2.85948, 0.0], [117.63384, 2.85044, 0.0], [117.59525, 2.85885, 0.0], [117.58583, 2.88858, 0.0], [117.58045, 2.88954, 0.0], [117.57157, 2.88326, 0.0], [117.5651, 2.88747, 0.0], [117.5521, 2.88737, 0.0], [117.55194, 2.89085, 0.0], [117.55025, 2.89244, 0.0], [117.54595, 2.89064, 0.0], [117.54576, 2.90766, 0.0]]], [[[117.37837, 2.87247, 0.0], [117.39124, 2.86794, 0.0], [117.38825, 2.85432, 0.0], [117.38967, 2.85108, 0.0], [117.39695, 2.85673, 0.0], [117.41186, 2.8539, 0.0], [117.4129, 2.86076, 0.0], [117.40984, 2.86903, 0.0], [117.41652, 2.86562, 0.0], [117.41817, 2.85807, 0.0], [117.42388, 2.85641, 0.0], [117.43151, 2.85744, 0.0], [117.44134, 2.86522, 0.0], [117.44965, 2.86429, 0.0], [117.45604, 2.84963, 0.0], [117.45956, 2.84725, 0.0], [117.46731, 2.84908, 0.0], [117.46848, 2.85265, 0.0], [117.46535, 2.85904, 0.0], [117.47048, 2.86112, 0.0], [117.478, 2.84887, 0.0], [117.49729, 2.84639, 0.0], [117.49541, 2.8411, 0.0], [117.49694, 2.83892, 0.0], [117.50162, 2.84366, 0.0], [117.50316, 2.856, 0.0], [117.51098, 2.85183, 0.0], [117.50662, 2.84226, 0.0], [117.50976, 2.84107, 0.0], [117.51356, 2.84299, 0.0], [117.5163, 2.84923, 0.0], [117.51665, 2.8581, 0.0], [117.52531, 2.85167, 0.0], [117.53783, 2.85096, 0.0], [117.54348, 2.84069, 0.0], [117.54841, 2.84393, 0.0], [117.55601, 2.86155, 0.0], [117.56644, 2.84567, 0.0], [117.55544, 2.84089, 0.0], [117.53914, 2.82473, 0.0], [117.54191, 2.80641, 0.0], [117.51197, 2.82635, 0.0], [117.49664, 2.82504, 0.0], [117.4834, 2.818, 0.0], [117.4849, 2.83615, 0.0], [117.47617, 2.84149, 0.0], [117.46255, 2.83249, 0.0], [117.4494, 2.83295, 0.0], [117.45149, 2.84153, 0.0], [117.44966, 2.84358, 0.0], [117.43586, 2.8416, 0.0], [117.43599, 2.83576, 0.0], [117.42702, 2.82839, 0.0], [117.42671, 2.82207, 0.0], [117.41992, 2.82786, 0.0], [117.41714, 2.82779, 0.0], [117.41684, 2.81481, 0.0], [117.41079, 2.82316, 0.0], [117.40115, 2.81738, 0.0], [117.39813, 2.8202, 0.0], [117.38306, 2.81713, 0.0], [117.37774, 2.81032, 0.0], [117.36923, 2.81512, 0.0], [117.37115, 2.81696, 0.0], [117.37439, 2.82333, 0.0], [117.37817, 2.82752, 0.0], [117.37842, 2.829, 0.0], [117.37045, 2.8283, 0.0], [117.36973, 2.83104, 0.0], [117.37061, 2.83455, 0.0], [117.37105, 2.83902, 0.0], [117.37093, 2.84083, 0.0], [117.37067, 2.84207, 0.0], [117.37029, 2.84261, 0.0], [117.3681, 2.84342, 0.0], [117.36694, 2.84281, 0.0], [117.36668, 2.84177, 0.0], [117.36918, 2.83648, 0.0], [117.36414, 2.82859, 0.0], [117.36109, 2.84305, 0.0], [117.36534, 2.865, 0.0], [117.37837, 2.87247, 0.0]]], [[[117.63557, 2.97867, 0.0], [117.66709, 2.9868, 0.0], [117.67077, 2.97945, 0.0], [117.66628, 2.96422, 0.0], [117.69132, 2.95837, 0.0], [117.69607, 2.95142, 0.0], [117.69408, 2.94636, 0.0], [117.61768, 2.92656, 0.0], [117.57082, 2.92162, 0.0], [117.58225, 2.92831, 0.0], [117.58317, 2.93174, 0.0], [117.57873, 2.93569, 0.0], [117.57173, 2.9365, 0.0], [117.57482, 2.94565, 0.0], [117.56131, 2.95165, 0.0], [117.58838, 2.97363, 0.0], [117.60384, 2.97266, 0.0], [117.60301, 2.9779, 0.0], [117.61392, 2.9822, 0.0], [117.63557, 2.97867, 0.0]]], [[[117.41705, 3.5568, 0.0], [117.51237, 3.54169, 0.0], [117.54621, 3.52627, 0.0], [117.54842, 3.50604, 0.0], [117.54385, 3.50062, 0.0], [117.53787, 3.50469, 0.0], [117.53502, 3.50281, 0.0], [117.53581, 3.49132, 0.0], [117.52938, 3.48821, 0.0], [117.51158, 3.50531, 0.0], [117.50362, 3.50748, 0.0], [117.48569, 3.49815, 0.0], [117.46268, 3.51561, 0.0], [117.44206, 3.51026, 0.0], [117.44092, 3.51866, 0.0], [117.44694, 3.53017, 0.0], [117.44074, 3.53716, 0.0], [117.41431, 3.54239, 0.0], [117.41705, 3.5568, 0.0]]], [[[117.47076, 2.93613, 0.0], [117.48734, 2.92073, 0.0], [117.52011, 2.90482, 0.0], [117.53055, 2.90344, 0.0], [117.54379, 2.90697, 0.0], [117.54519, 2.89024, 0.0], [117.55045, 2.89153, 0.0], [117.55161, 2.88672, 0.0], [117.57193, 2.88224, 0.0], [117.58472, 2.88789, 0.0], [117.59351, 2.85745, 0.0], [117.59165, 2.84768, 0.0], [117.58859, 2.84516, 0.0], [117.58318, 2.8541, 0.0], [117.58152, 2.85501, 0.0], [117.57921, 2.85526, 0.0], [117.57809, 2.85505, 0.0], [117.57647, 2.85386, 0.0], [117.57691, 2.85188, 0.0], [117.58017, 2.84711, 0.0], [117.57971, 2.84536, 0.0], [117.57329, 2.84691, 0.0], [117.56919, 2.85407, 0.0], [117.57295, 2.85794, 0.0], [117.57299, 2.86024, 0.0], [117.56211, 2.86772, 0.0], [117.55817, 2.86775, 0.0], [117.5488, 2.85965, 0.0], [117.54342, 2.84258, 0.0], [117.53861, 2.85288, 0.0], [117.52091, 2.8574, 0.0], [117.52271, 2.87673, 0.0], [117.51546, 2.88881, 0.0], [117.50888, 2.88993, 0.0], [117.49715, 2.88576, 0.0], [117.49515, 2.88902, 0.0], [117.49657, 2.89631, 0.0], [117.49564, 2.89869, 0.0], [117.492, 2.89972, 0.0], [117.48416, 2.89367, 0.0], [117.47594, 2.89792, 0.0], [117.47876, 2.90309, 0.0], [117.47728, 2.90506, 0.0], [117.47439, 2.90656, 0.0], [117.47291, 2.90615, 0.0], [117.4716, 2.90171, 0.0], [117.46644, 2.90013, 0.0], [117.46503, 2.90627, 0.0], [117.46344, 2.90722, 0.0], [117.46138, 2.90697, 0.0], [117.45865, 2.90429, 0.0], [117.45995, 2.89906, 0.0], [117.45761, 2.89792, 0.0], [117.45736, 2.90232, 0.0], [117.45108, 2.90395, 0.0], [117.4479, 2.91579, 0.0], [117.45609, 2.92237, 0.0], [117.45847, 2.93162, 0.0], [117.47076, 2.93613, 0.0]]], [[[117.42631, 3.17249, 0.0], [117.44583, 3.15984, 0.0], [117.46038, 3.14154, 0.0], [117.46485, 3.12812, 0.0], [117.44168, 3.12605, 0.0], [117.42458, 3.11287, 0.0], [117.40392, 3.11424, 0.0], [117.38476, 3.09563, 0.0], [117.3756, 3.1149, 0.0], [117.36258, 3.11459, 0.0], [117.35822, 3.10578, 0.0], [117.34653, 3.11851, 0.0], [117.33348, 3.12447, 0.0], [117.34095, 3.12725, 0.0], [117.34892, 3.13823, 0.0], [117.35563, 3.11976, 0.0], [117.36338, 3.11758, 0.0], [117.3664, 3.12459, 0.0], [117.35791, 3.13096, 0.0], [117.36209, 3.13777, 0.0], [117.37351, 3.14513, 0.0], [117.38975, 3.13719, 0.0], [117.4001, 3.16093, 0.0], [117.41645, 3.17235, 0.0], [117.42631, 3.17249, 0.0]]], [[[117.62147, 3.05979, 0.0], [117.62732, 3.05074, 0.0], [117.61998, 3.04675, 0.0], [117.62442, 3.03875, 0.0], [117.61863, 3.01762, 0.0], [117.60097, 3.01646, 0.0], [117.60299, 3.00958, 0.0], [117.57622, 2.98112, 0.0], [117.55535, 3.01668, 0.0], [117.51304, 3.01798, 0.0], [117.51887, 3.02123, 0.0], [117.52364, 3.02889, 0.0], [117.52262, 3.04073, 0.0], [117.53935, 3.04055, 0.0], [117.54875, 3.03449, 0.0], [117.55377, 3.0357, 0.0], [117.55406, 3.05631, 0.0], [117.57312, 3.04583, 0.0], [117.59682, 3.0571, 0.0], [117.62147, 3.05979, 0.0]]], [[[117.62244, 3.57587, 0.0], [117.65566, 3.55978, 0.0], [117.66261, 3.55314, 0.0], [117.65895, 3.54606, 0.0], [117.6204, 3.53703, 0.0], [117.57287, 3.55849, 0.0], [117.5347, 3.56214, 0.0], [117.50607, 3.58527, 0.0], [117.54268, 3.5747, 0.0], [117.56222, 3.58818, 0.0], [117.62244, 3.57587, 0.0]]], [[[117.4357, 3.04162, 0.0], [117.43009, 3.02697, 0.0], [117.42989, 3.02504, 0.0], [117.43089, 3.0243, 0.0], [117.43627, 3.02509, 0.0], [117.43673, 3.02106, 0.0], [117.43874, 3.01833, 0.0], [117.43576, 3.01137, 0.0], [117.43709, 3.0124, 0.0], [117.4394, 3.00717, 0.0], [117.44519, 3.00416, 0.0], [117.44401, 3.00131, 0.0], [117.43859, 2.99927, 0.0], [117.43812, 2.99761, 0.0], [117.44491, 2.99077, 0.0], [117.44404, 2.98917, 0.0], [117.43935, 2.99425, 0.0], [117.43643, 2.99392, 0.0], [117.43951, 2.98426, 0.0], [117.43722, 2.98568, 0.0], [117.42889, 2.98044, 0.0], [117.43042, 2.97019, 0.0], [117.4233, 2.97542, 0.0], [117.41528, 2.97469, 0.0], [117.41301, 2.97211, 0.0], [117.41299, 2.9715, 0.0], [117.41567, 2.96857, 0.0], [117.41765, 2.96756, 0.0], [117.40482, 2.96329, 0.0], [117.40281, 2.95707, 0.0], [117.38301, 2.95589, 0.0], [117.37682, 2.96111, 0.0], [117.37089, 2.96176, 0.0], [117.36827, 2.95974, 0.0], [117.36731, 2.95212, 0.0], [117.35933, 2.95874, 0.0], [117.37956, 2.99166, 0.0], [117.37832, 3.00414, 0.0], [117.39771, 3.01814, 0.0], [117.40055, 3.02934, 0.0], [117.40624, 3.01907, 0.0], [117.40715, 3.01825, 0.0], [117.40841, 3.01802, 0.0], [117.41414, 3.0196, 0.0], [117.41811, 3.02502, 0.0], [117.41929, 3.02929, 0.0], [117.4357, 3.04162, 0.0]]], [[[117.45488, 3.40645, 0.0], [117.4984, 3.40451, 0.0], [117.5022, 3.38909, 0.0], [117.50515, 3.35619, 0.0], [117.50131, 3.34404, 0.0], [117.49023, 3.34121, 0.0], [117.45347, 3.34787, 0.0], [117.44929, 3.40209, 0.0], [117.45488, 3.40645, 0.0]]], [[[117.68995, 2.85301, 0.0], [117.70127, 2.84416, 0.0], [117.69533, 2.83742, 0.0], [117.70707, 2.83908, 0.0], [117.72042, 2.83282, 0.0], [117.72044, 2.82777, 0.0], [117.72867, 2.82831, 0.0], [117.73414, 2.81015, 0.0], [117.70261, 2.80605, 0.0], [117.68761, 2.79921, 0.0], [117.65507, 2.80113, 0.0], [117.64221, 2.81743, 0.0], [117.65985, 2.8386, 0.0], [117.67872, 2.85145, 0.0], [117.68995, 2.85301, 0.0]]], [[[117.45518, 2.95531, 0.0], [117.48543, 2.95372, 0.0], [117.48836, 2.94625, 0.0], [117.49658, 2.94711, 0.0], [117.50345, 2.9398, 0.0], [117.52383, 2.93758, 0.0], [117.55396, 2.94551, 0.0], [117.5588, 2.95131, 0.0], [117.5739, 2.94494, 0.0], [117.57091, 2.93603, 0.0], [117.58253, 2.93008, 0.0], [117.54717, 2.91279, 0.0], [117.5083, 2.91546, 0.0], [117.47247, 2.93844, 0.0], [117.46319, 2.93972, 0.0], [117.45431, 2.9349, 0.0], [117.44726, 2.94474, 0.0], [117.45662, 2.9487, 0.0], [117.45518, 2.95531, 0.0]]], [[[117.68795, 2.93483, 0.0], [117.70483, 2.93147, 0.0], [117.71579, 2.91146, 0.0], [117.71311, 2.90577, 0.0], [117.64424, 2.90199, 0.0], [117.58061, 2.91014, 0.0], [117.59333, 2.91681, 0.0], [117.60523, 2.91772, 0.0], [117.64199, 2.92719, 0.0], [117.66485, 2.92791, 0.0], [117.68795, 2.93483, 0.0]]], [[[117.54586, 3.01202, 0.0], [117.55797, 3.00846, 0.0], [117.55714, 2.98987, 0.0], [117.54397, 2.9925, 0.0], [117.54784, 2.97877, 0.0], [117.53328, 2.95723, 0.0], [117.5311, 2.96993, 0.0], [117.51571, 2.97898, 0.0], [117.51215, 2.9772, 0.0], [117.51257, 2.9721, 0.0], [117.50598, 2.97177, 0.0], [117.50427, 2.97072, 0.0], [117.49934, 2.96105, 0.0], [117.48119, 2.96294, 0.0], [117.48001, 2.96235, 0.0], [117.47931, 2.961, 0.0], [117.479, 2.95943, 0.0], [117.47924, 2.95754, 0.0], [117.46819, 2.95591, 0.0], [117.45443, 2.957, 0.0], [117.45011, 2.96168, 0.0], [117.46254, 2.96824, 0.0], [117.47695, 2.96636, 0.0], [117.48294, 2.9842, 0.0], [117.52636, 3.00769, 0.0], [117.54586, 3.01202, 0.0]]], [[[117.42209, 2.90323, 0.0], [117.43442, 2.90746, 0.0], [117.44502, 2.90159, 0.0], [117.45697, 2.9022, 0.0], [117.45708, 2.8984, 0.0], [117.45743, 2.89768, 0.0], [117.45795, 2.89765, 0.0], [117.46031, 2.89913, 0.0], [117.46157, 2.9067, 0.0], [117.46598, 2.89989, 0.0], [117.47124, 2.90111, 0.0], [117.47448, 2.90622, 0.0], [117.47839, 2.90305, 0.0], [117.47552, 2.89803, 0.0], [117.48419, 2.89329, 0.0], [117.49547, 2.89829, 0.0], [117.49483, 2.88875, 0.0], [117.49721, 2.88513, 0.0], [117.48894, 2.8831, 0.0], [117.4771, 2.87206, 0.0], [117.46787, 2.88506, 0.0], [117.45755, 2.89223, 0.0], [117.45409, 2.8931, 0.0], [117.44672, 2.89163, 0.0], [117.44252, 2.88923, 0.0], [117.4353, 2.88232, 0.0], [117.43466, 2.87946, 0.0], [117.43568, 2.87732, 0.0], [117.43471, 2.87587, 0.0], [117.43627, 2.87259, 0.0], [117.43901, 2.86956, 0.0], [117.44317, 2.86881, 0.0], [117.43267, 2.85924, 0.0], [117.41966, 2.85826, 0.0], [117.41692, 2.86729, 0.0], [117.40967, 2.86998, 0.0], [117.41145, 2.85528, 0.0], [117.39645, 2.85764, 0.0], [117.3896, 2.85197, 0.0], [117.39245, 2.86764, 0.0], [117.39096, 2.87097, 0.0], [117.39978, 2.8769, 0.0], [117.40174, 2.88849, 0.0], [117.40998, 2.88381, 0.0], [117.41622, 2.89198, 0.0], [117.4167, 2.89943, 0.0], [117.40918, 2.90751, 0.0], [117.41369, 2.90998, 0.0], [117.42209, 2.90323, 0.0]]], [[[117.46512, 2.88585, 0.0], [117.47731, 2.87133, 0.0], [117.48958, 2.8825, 0.0], [117.51525, 2.8873, 0.0], [117.52172, 2.8722, 0.0], [117.51865, 2.85877, 0.0], [117.51414, 2.85769, 0.0], [117.51312, 2.84439, 0.0], [117.50756, 2.84282, 0.0], [117.51201, 2.85164, 0.0], [117.5039, 2.8575, 0.0], [117.5012, 2.85548, 0.0], [117.50044, 2.84422, 0.0], [117.49717, 2.84007, 0.0], [117.49761, 2.8479, 0.0], [117.47752, 2.85251, 0.0], [117.46964, 2.86242, 0.0], [117.46414, 2.85955, 0.0], [117.46634, 2.84986, 0.0], [117.45751, 2.85025, 0.0], [117.44981, 2.86732, 0.0], [117.43926, 2.86993, 0.0], [117.43503, 2.88067, 0.0], [117.45224, 2.8924, 0.0], [117.46512, 2.88585, 0.0]]], [[[117.48124, 3.05865, 0.0], [117.48152, 3.04955, 0.0], [117.48256, 3.04812, 0.0], [117.48662, 3.04742, 0.0], [117.48519, 3.04357, 0.0], [117.48227, 3.04114, 0.0], [117.48188, 3.03954, 0.0], [117.48746, 3.03208, 0.0], [117.47775, 3.00465, 0.0], [117.46129, 3.00576, 0.0], [117.45647, 2.99803, 0.0], [117.44583, 3.00096, 0.0], [117.44636, 3.00465, 0.0], [117.43825, 3.01177, 0.0], [117.4393, 3.01847, 0.0], [117.43742, 3.02693, 0.0], [117.43617, 3.02825, 0.0], [117.43308, 3.02908, 0.0], [117.43719, 3.04312, 0.0], [117.44663, 3.05387, 0.0], [117.48124, 3.05865, 0.0]]], [[[117.56032, 3.52232, 0.0], [117.60943, 3.50062, 0.0], [117.6151, 3.48662, 0.0], [117.61068, 3.47756, 0.0], [117.57903, 3.47439, 0.0], [117.57822, 3.47916, 0.0], [117.57391, 3.48678, 0.0], [117.56947, 3.48771, 0.0], [117.56428, 3.48656, 0.0], [117.56084, 3.49192, 0.0], [117.55718, 3.49363, 0.0], [117.55151, 3.48881, 0.0], [117.5438, 3.497, 0.0], [117.54057, 3.49828, 0.0], [117.53737, 3.49758, 0.0], [117.53613, 3.50226, 0.0], [117.53848, 3.50308, 0.0], [117.542, 3.50009, 0.0], [117.545, 3.50049, 0.0], [117.55054, 3.50618, 0.0], [117.55486, 3.5122, 0.0], [117.5554, 3.51392, 0.0], [117.55592, 3.51842, 0.0], [117.55631, 3.51913, 0.0], [117.56113, 3.51842, 0.0], [117.56204, 3.51914, 0.0], [117.56222, 3.52102, 0.0], [117.56032, 3.52232, 0.0]]], [[[117.59395, 2.85801, 0.0], [117.63119, 2.84722, 0.0], [117.64791, 2.85636, 0.0], [117.66105, 2.84588, 0.0], [117.64209, 2.82275, 0.0], [117.62437, 2.81945, 0.0], [117.59626, 2.83281, 0.0], [117.58021, 2.84516, 0.0], [117.58016, 2.84766, 0.0], [117.57686, 2.85331, 0.0], [117.58268, 2.85417, 0.0], [117.58779, 2.84547, 0.0], [117.58914, 2.8448, 0.0], [117.59028, 2.84557, 0.0], [117.59244, 2.84864, 0.0], [117.59395, 2.85801, 0.0]]], [[[117.47035, 3.2903, 0.0], [117.42622, 3.25225, 0.0], [117.41344, 3.24794, 0.0], [117.37977, 3.2758, 0.0], [117.3838, 3.28141, 0.0], [117.39924, 3.2751, 0.0], [117.442, 3.27808, 0.0], [117.44964, 3.28287, 0.0], [117.45879, 3.30353, 0.0], [117.46619, 3.30627, 0.0], [117.47035, 3.2903, 0.0]]], [[[117.60291, 3.08365, 0.0], [117.62345, 3.07072, 0.0], [117.56917, 3.05106, 0.0], [117.5514, 3.07164, 0.0], [117.60291, 3.08365, 0.0]]], [[[117.44328, 2.95448, 0.0], [117.44711, 2.94989, 0.0], [117.45311, 2.95414, 0.0], [117.45566, 2.94991, 0.0], [117.44654, 2.94521, 0.0], [117.45374, 2.93438, 0.0], [117.45625, 2.93499, 0.0], [117.45425, 2.92292, 0.0], [117.4467, 2.91757, 0.0], [117.4463, 2.90466, 0.0], [117.4345, 2.90942, 0.0], [117.42494, 2.90484, 0.0], [117.42016, 2.90866, 0.0], [117.42663, 2.91475, 0.0], [117.42786, 2.91956, 0.0], [117.41711, 2.93496, 0.0], [117.42918, 2.94435, 0.0], [117.42403, 2.94754, 0.0], [117.42578, 2.95061, 0.0], [117.43564, 2.95267, 0.0], [117.4334, 2.94755, 0.0], [117.4384, 2.94604, 0.0], [117.44328, 2.95448, 0.0]]], [[[117.39559, 3.25928, 0.0], [117.37914, 3.2295, 0.0], [117.34978, 3.22374, 0.0], [117.35335, 3.23245, 0.0], [117.34801, 3.23864, 0.0], [117.35447, 3.25014, 0.0], [117.3656, 3.25061, 0.0], [117.37937, 3.26779, 0.0], [117.39559, 3.25928, 0.0]]], [[[117.52828, 3.09868, 0.0], [117.5474, 3.09249, 0.0], [117.56623, 3.09285, 0.0], [117.56816, 3.08281, 0.0], [117.55452, 3.07664, 0.0], [117.53518, 3.07975, 0.0], [117.51924, 3.07451, 0.0], [117.51385, 3.07867, 0.0], [117.49909, 3.08081, 0.0], [117.5014, 3.09017, 0.0], [117.50953, 3.09599, 0.0], [117.52828, 3.09868, 0.0]]], [[[117.56301, 2.96778, 0.0], [117.52269, 2.94024, 0.0], [117.51396, 2.95321, 0.0], [117.5072, 2.95894, 0.0], [117.50274, 2.96146, 0.0], [117.5004, 2.96152, 0.0], [117.50025, 2.96216, 0.0], [117.50512, 2.97056, 0.0], [117.51121, 2.97046, 0.0], [117.51415, 2.97248, 0.0], [117.51571, 2.97808, 0.0], [117.5306, 2.96892, 0.0], [117.52997, 2.9575, 0.0], [117.53441, 2.95671, 0.0], [117.54928, 2.9771, 0.0], [117.54629, 2.99114, 0.0], [117.55728, 2.98578, 0.0], [117.56353, 2.97536, 0.0], [117.56301, 2.96778, 0.0]]], [[[117.5067, 3.06489, 0.0], [117.51128, 3.05863, 0.0], [117.52887, 3.05586, 0.0], [117.51982, 3.03887, 0.0], [117.52056, 3.02542, 0.0], [117.5091, 3.01796, 0.0], [117.48493, 3.03805, 0.0], [117.48703, 3.0393, 0.0], [117.48872, 3.04323, 0.0], [117.49067, 3.04185, 0.0], [117.49723, 3.04059, 0.0], [117.50055, 3.04116, 0.0], [117.50317, 3.05144, 0.0], [117.49635, 3.05976, 0.0], [117.5067, 3.06489, 0.0]]], [[[117.50718, 3.06634, 0.0], [117.54915, 3.06448, 0.0], [117.55196, 3.03643, 0.0], [117.53968, 3.04264, 0.0], [117.52601, 3.04201, 0.0], [117.53024, 3.05481, 0.0], [117.52849, 3.05927, 0.0], [117.51502, 3.05944, 0.0], [117.50718, 3.06634, 0.0]]], [[[117.48232, 3.08267, 0.0], [117.49282, 3.08551, 0.0], [117.49498, 3.07374, 0.0], [117.48771, 3.07353, 0.0], [117.45979, 3.05827, 0.0], [117.45102, 3.05836, 0.0], [117.45124, 3.0701, 0.0], [117.46847, 3.08163, 0.0], [117.48232, 3.08267, 0.0]]], [[[117.43873, 2.99816, 0.0], [117.45539, 2.99601, 0.0], [117.45111, 2.98977, 0.0], [117.44989, 2.98669, 0.0], [117.45014, 2.98472, 0.0], [117.45096, 2.98382, 0.0], [117.45213, 2.98302, 0.0], [117.45356, 2.98254, 0.0], [117.45545, 2.98233, 0.0], [117.45445, 2.97676, 0.0], [117.46315, 2.97141, 0.0], [117.44523, 2.96458, 0.0], [117.41381, 2.97062, 0.0], [117.42281, 2.97524, 0.0], [117.43024, 2.96961, 0.0], [117.43157, 2.97127, 0.0], [117.43204, 2.97671, 0.0], [117.42937, 2.98012, 0.0], [117.43984, 2.98311, 0.0], [117.44143, 2.99081, 0.0], [117.44371, 2.98847, 0.0], [117.44525, 2.98919, 0.0], [117.44544, 2.9919, 0.0], [117.44407, 2.99441, 0.0], [117.43873, 2.99816, 0.0]]], [[[117.53954, 3.49793, 0.0], [117.55189, 3.48843, 0.0], [117.55938, 3.49251, 0.0], [117.56407, 3.48621, 0.0], [117.57383, 3.48631, 0.0], [117.57751, 3.4759, 0.0], [117.54652, 3.47135, 0.0], [117.53807, 3.48438, 0.0], [117.53954, 3.49793, 0.0]]], [[[117.59507, 3.12642, 0.0], [117.61326, 3.12439, 0.0], [117.62003, 3.11272, 0.0], [117.59886, 3.10648, 0.0], [117.58196, 3.11992, 0.0], [117.59507, 3.12642, 0.0]]], [[[117.46338, 3.00412, 0.0], [117.47459, 2.99773, 0.0], [117.47457, 2.99381, 0.0], [117.47188, 2.99112, 0.0], [117.47111, 2.98939, 0.0], [117.46959, 2.9849, 0.0], [117.46958, 2.98461, 0.0], [117.47039, 2.98332, 0.0], [117.47167, 2.98218, 0.0], [117.47148, 2.98193, 0.0], [117.47189, 2.98205, 0.0], [117.47317, 2.98137, 0.0], [117.4739, 2.98135, 0.0], [117.48048, 2.98581, 0.0], [117.47594, 2.96769, 0.0], [117.45491, 2.9779, 0.0], [117.46403, 2.98749, 0.0], [117.46435, 2.98931, 0.0], [117.46237, 2.99408, 0.0], [117.45895, 2.99732, 0.0], [117.46338, 3.00412, 0.0]]], [[[117.37331, 3.2945, 0.0], [117.37441, 3.28824, 0.0], [117.37833, 3.2833, 0.0], [117.37507, 3.27956, 0.0], [117.3752, 3.27516, 0.0], [117.37888, 3.27098, 0.0], [117.36406, 3.25384, 0.0], [117.355, 3.27077, 0.0], [117.36084, 3.27332, 0.0], [117.3671, 3.28159, 0.0], [117.36832, 3.29419, 0.0], [117.37331, 3.2945, 0.0]]], [[[117.49394, 3.00633, 0.0], [117.4893, 2.99063, 0.0], [117.47663, 2.98456, 0.0], [117.47385, 2.98147, 0.0], [117.47045, 2.98338, 0.0], [117.48423, 3.01741, 0.0], [117.49394, 3.00633, 0.0]]], [[[117.46247, 3.59154, 0.0], [117.49574, 3.57383, 0.0], [117.49438, 3.56966, 0.0], [117.46803, 3.57261, 0.0], [117.4583, 3.58958, 0.0], [117.46247, 3.59154, 0.0]]], [[[117.50676, 3.06636, 0.0], [117.49558, 3.05962, 0.0], [117.50255, 3.05094, 0.0], [117.49997, 3.04132, 0.0], [117.48833, 3.0437, 0.0], [117.48253, 3.03906, 0.0], [117.48577, 3.04381, 0.0], [117.48713, 3.04826, 0.0], [117.48202, 3.04952, 0.0], [117.48185, 3.06105, 0.0], [117.50676, 3.06636, 0.0]]], [[[117.49329, 2.99517, 0.0], [117.49591, 3.00505, 0.0], [117.48739, 3.01937, 0.0], [117.49122, 3.03054, 0.0], [117.50171, 3.01771, 0.0], [117.51286, 3.01387, 0.0], [117.49329, 2.99517, 0.0]]], [[[117.59461, 3.09712, 0.0], [117.60572, 3.09501, 0.0], [117.60696, 3.0887, 0.0], [117.57197, 3.0848, 0.0], [117.57467, 3.09131, 0.0], [117.59461, 3.09712, 0.0]]], [[[117.37231, 2.96076, 0.0], [117.38422, 2.95308, 0.0], [117.39794, 2.95543, 0.0], [117.39279, 2.94738, 0.0], [117.37908, 2.94254, 0.0], [117.37615, 2.93476, 0.0], [117.3756, 2.94528, 0.0], [117.36982, 2.95029, 0.0], [117.37231, 2.96076, 0.0]]], [[[117.58707, 3.11123, 0.0], [117.5833, 3.10266, 0.0], [117.56969, 3.09726, 0.0], [117.5598, 3.10576, 0.0], [117.58288, 3.11508, 0.0], [117.58707, 3.11123, 0.0]]], [[[117.5119, 2.94862, 0.0], [117.51593, 2.94079, 0.0], [117.50634, 2.94011, 0.0], [117.49637, 2.94814, 0.0], [117.48922, 2.94681, 0.0], [117.48771, 2.95382, 0.0], [117.49769, 2.95567, 0.0], [117.5119, 2.94862, 0.0]]], [[[117.38025, 3.2851, 0.0], [117.37241, 3.29627, 0.0], [117.38255, 3.31012, 0.0], [117.38859, 3.30169, 0.0], [117.38025, 3.2851, 0.0]]], [[[117.40437, 3.03978, 0.0], [117.41831, 3.02933, 0.0], [117.41252, 3.01919, 0.0], [117.40685, 3.01892, 0.0], [117.39705, 3.03829, 0.0], [117.40437, 3.03978, 0.0]]], [[[117.63031, 3.08307, 0.0], [117.63925, 3.07511, 0.0], [117.63868, 3.0698, 0.0], [117.62977, 3.07022, 0.0], [117.62153, 3.07926, 0.0], [117.63031, 3.08307, 0.0]]], [[[117.36936, 2.8364, 0.0], [117.37064, 2.84158, 0.0], [117.36961, 2.83079, 0.0], [117.37028, 2.82837, 0.0], [117.37304, 2.8271, 0.0], [117.37818, 2.82853, 0.0], [117.37279, 2.82209, 0.0], [117.36883, 2.81507, 0.0], [117.36388, 2.81896, 0.0], [117.36936, 2.8364, 0.0]]], [[[117.54796, 3.52614, 0.0], [117.56212, 3.52067, 0.0], [117.55643, 3.51956, 0.0], [117.54913, 3.50606, 0.0], [117.54796, 3.52614, 0.0]]], [[[117.62994, 2.99302, 0.0], [117.63986, 2.98749, 0.0], [117.63499, 2.98237, 0.0], [117.6206, 2.98791, 0.0], [117.62994, 2.99302, 0.0]]], [[[117.54327, 2.90868, 0.0], [117.51978, 2.90567, 0.0], [117.51692, 2.90982, 0.0], [117.54327, 2.90868, 0.0]]], [[[117.62986, 2.80032, 0.0], [117.61626, 2.80262, 0.0], [117.61071, 2.81285, 0.0], [117.62111, 2.80898, 0.0], [117.62986, 2.80032, 0.0]]], [[[117.36729, 2.95048, 0.0], [117.3751, 2.94416, 0.0], [117.36751, 2.9349, 0.0], [117.36193, 2.94119, 0.0], [117.36729, 2.95048, 0.0]]], [[[117.62936, 2.81207, 0.0], [117.6432, 2.81107, 0.0], [117.65002, 2.80243, 0.0], [117.62936, 2.81207, 0.0]]], [[[117.50793, 3.10221, 0.0], [117.4974, 3.09206, 0.0], [117.49531, 3.09184, 0.0], [117.49243, 3.09438, 0.0], [117.48916, 3.09481, 0.0], [117.49583, 3.10208, 0.0], [117.50793, 3.10221, 0.0]]], [[[117.45757, 2.99632, 0.0], [117.46167, 2.98683, 0.0], [117.45346, 2.98273, 0.0], [117.45021, 2.98722, 0.0], [117.45757, 2.99632, 0.0]]], [[[117.50165, 3.079, 0.0], [117.51345, 3.07703, 0.0], [117.51608, 3.07416, 0.0], [117.49814, 3.0722, 0.0], [117.50165, 3.079, 0.0]]], [[[117.55924, 2.86682, 0.0], [117.57238, 2.85964, 0.0], [117.56848, 2.8548, 0.0], [117.57062, 2.84866, 0.0], [117.55695, 2.86359, 0.0], [117.55924, 2.86682, 0.0]]], [[[117.53698, 3.10179, 0.0], [117.55105, 3.1018, 0.0], [117.55591, 3.09842, 0.0], [117.53846, 3.09739, 0.0], [117.53698, 3.10179, 0.0]]], [[[117.57488, 2.91818, 0.0], [117.56818, 2.91245, 0.0], [117.55575, 2.9143, 0.0], [117.56695, 2.91919, 0.0], [117.57488, 2.91818, 0.0]]], [[[117.51524, 3.11456, 0.0], [117.52511, 3.1179, 0.0], [117.5327, 3.11314, 0.0], [117.52443, 3.10953, 0.0], [117.51524, 3.11456, 0.0]]], [[[117.49658, 2.96042, 0.0], [117.48841, 2.95659, 0.0], [117.47928, 2.95877, 0.0], [117.48129, 2.96271, 0.0], [117.49658, 2.96042, 0.0]]], [[[117.46169, 3.08108, 0.0], [117.45407, 3.07392, 0.0], [117.44581, 3.07258, 0.0], [117.44867, 3.07901, 0.0], [117.46169, 3.08108, 0.0]]], [[[117.50195, 2.82362, 0.0], [117.51489, 2.82365, 0.0], [117.51837, 2.81848, 0.0], [117.50195, 2.82362, 0.0]]], [[[117.55886, 3.55043, 0.0], [117.57048, 3.55138, 0.0], [117.57451, 3.54823, 0.0], [117.56618, 3.54556, 0.0], [117.55886, 3.55043, 0.0]]], [[[117.59835, 2.92257, 0.0], [117.6115, 2.92209, 0.0], [117.59198, 2.9183, 0.0], [117.59835, 2.92257, 0.0]]], [[[117.53038, 3.07447, 0.0], [117.54604, 3.07552, 0.0], [117.54675, 3.07395, 0.0], [117.53038, 3.07447, 0.0]]], [[[117.51351, 3.01001, 0.0], [117.50875, 3.00222, 0.0], [117.49684, 2.99582, 0.0], [117.50018, 3.00043, 0.0], [117.51351, 3.01001, 0.0]]], [[[117.65817, 3.52941, 0.0], [117.65555, 3.52434, 0.0], [117.64092, 3.52696, 0.0], [117.65469, 3.52932, 0.0], [117.65817, 3.52941, 0.0]]], [[[117.44725, 3.06662, 0.0], [117.4458, 3.06211, 0.0], [117.4435, 3.06014, 0.0], [117.44237, 3.05808, 0.0], [117.44058, 3.05713, 0.0], [117.44122, 3.0655, 0.0], [117.44725, 3.06662, 0.0]]], [[[117.44751, 3.06463, 0.0], [117.44887, 3.05819, 0.0], [117.44006, 3.05535, 0.0], [117.44609, 3.06182, 0.0], [117.44751, 3.06463, 0.0]]], [[[117.4821, 3.06857, 0.0], [117.47049, 3.06021, 0.0], [117.46541, 3.06032, 0.0], [117.4821, 3.06857, 0.0]]], [[[117.84936, 3.58488, 0.0], [117.85678, 3.58002, 0.0], [117.85541, 3.57627, 0.0], [117.85094, 3.57719, 0.0], [117.8534, 3.58072, 0.0], [117.84936, 3.58488, 0.0]]], [[[117.51701, 3.00895, 0.0], [117.52416, 3.00933, 0.0], [117.51285, 3.00292, 0.0], [117.51701, 3.00895, 0.0]]], [[[117.47565, 3.08607, 0.0], [117.48353, 3.08397, 0.0], [117.47307, 3.08382, 0.0], [117.47565, 3.08607, 0.0]]], [[[117.37715, 3.2752, 0.0], [117.37607, 3.2793, 0.0], [117.3814, 3.28463, 0.0], [117.38235, 3.28161, 0.0], [117.37715, 3.2752, 0.0]]], [[[117.5169, 3.07364, 0.0], [117.53152, 3.07275, 0.0], [117.51464, 3.07169, 0.0], [117.5169, 3.07364, 0.0]]], [[[117.50874, 2.95646, 0.0], [117.50017, 2.95867, 0.0], [117.50023, 2.96087, 0.0], [117.50314, 2.96093, 0.0], [117.50874, 2.95646, 0.0]]], [[[117.44454, 3.0727, 0.0], [117.44558, 3.06874, 0.0], [117.44082, 3.06626, 0.0], [117.44454, 3.0727, 0.0]]], [[[117.48789, 3.11058, 0.0], [117.48484, 3.10442, 0.0], [117.48293, 3.10632, 0.0], [117.48789, 3.11058, 0.0]]], [[[117.3922, 3.31915, 0.0], [117.39958, 3.31931, 0.0], [117.39595, 3.31599, 0.0], [117.3922, 3.31915, 0.0]]], [[[117.50471, 3.10543, 0.0], [117.49787, 3.10376, 0.0], [117.50397, 3.10721, 0.0], [117.50471, 3.10543, 0.0]]], [[[117.48808, 3.07242, 0.0], [117.49512, 3.07205, 0.0], [117.48654, 3.07032, 0.0], [117.48808, 3.07242, 0.0]]], [[[117.49289, 2.92499, 0.0], [117.49704, 2.91922, 0.0], [117.48898, 2.92553, 0.0], [117.49289, 2.92499, 0.0]]], [[[117.43237, 3.02934, 0.0], [117.43678, 3.02557, 0.0], [117.43045, 3.02487, 0.0], [117.43237, 3.02934, 0.0]]], [[[117.48762, 3.09152, 0.0], [117.49232, 3.09418, 0.0], [117.49507, 3.09162, 0.0], [117.48762, 3.09152, 0.0]]], [[[117.63814, 2.99316, 0.0], [117.64107, 2.99245, 0.0], [117.64364, 2.99056, 0.0], [117.64146, 2.98922, 0.0], [117.63814, 2.99316, 0.0]]], [[[117.44533, 2.86734, 0.0], [117.44962, 2.86469, 0.0], [117.44309, 2.86606, 0.0], [117.44533, 2.86734, 0.0]]], [[[117.37273, 2.98912, 0.0], [117.37198, 2.99228, 0.0], [117.37504, 2.99623, 0.0], [117.37509, 2.99342, 0.0], [117.37273, 2.98912, 0.0]]], [[[117.52695, 3.10154, 0.0], [117.5224, 3.09981, 0.0], [117.52095, 3.10022, 0.0], [117.52695, 3.10154, 0.0]]], [[[117.55565, 3.10212, 0.0], [117.55902, 3.10217, 0.0], [117.5599, 3.09934, 0.0], [117.55565, 3.10212, 0.0]]], [[[117.48061, 3.06544, 0.0], [117.48232, 3.06832, 0.0], [117.48617, 3.07061, 0.0], [117.48561, 3.0691, 0.0], [117.48061, 3.06544, 0.0]]], [[[117.43747, 2.99318, 0.0], [117.44005, 2.99308, 0.0], [117.44138, 2.99084, 0.0], [117.43747, 2.99318, 0.0]]], [[[117.47048, 3.11376, 0.0], [117.47288, 3.11205, 0.0], [117.47117, 3.1122, 0.0], [117.47048, 3.11376, 0.0]]], [[[117.48204, 3.10921, 0.0], [117.48388, 3.10808, 0.0], [117.48272, 3.10663, 0.0], [117.48204, 3.10921, 0.0]]], [[[117.47826, 3.11016, 0.0], [117.47876, 3.1062, 0.0], [117.47727, 3.11041, 0.0], [117.47826, 3.11016, 0.0]]], [[[117.62707, 3.15927, 0.0], [117.62933, 3.15871, 0.0], [117.62671, 3.15772, 0.0], [117.62707, 3.15927, 0.0]]], [[[117.46365, 2.98854, 0.0], [117.46212, 2.98844, 0.0], [117.46308, 2.9905, 0.0], [117.46365, 2.98854, 0.0]]], [[[117.49537, 3.08218, 0.0], [117.49445, 3.08198, 0.0], [117.49468, 3.08403, 0.0], [117.49537, 3.08218, 0.0]]], [[[117.34049, 3.29676, 0.0], [117.33807, 3.29631, 0.0], [117.33951, 3.29707, 0.0], [117.34049, 3.29676, 0.0]]], [[[117.50733, 3.06486, 0.0], [117.50922, 3.06413, 0.0], [117.50962, 3.06269, 0.0], [117.50733, 3.06486, 0.0]]], [[[117.55033, 2.9474, 0.0], [117.54842, 2.94727, 0.0], [117.55043, 2.94781, 0.0], [117.55033, 2.9474, 0.0]]], [[[117.61755, 3.12824, 0.0], [117.61784, 3.12746, 0.0], [117.61653, 3.12783, 0.0], [117.61755, 3.12824, 0.0]]], [[[117.38012, 3.04141, 0.0], [117.37923, 3.04115, 0.0], [117.37986, 3.04172, 0.0], [117.38012, 3.04141, 0.0]]], [[[117.34235, 3.29899, 0.0], [117.34299, 3.29843, 0.0], [117.34174, 3.29879, 0.0], [117.34235, 3.29899, 0.0]]], [[[117.33792, 2.87124, 0.0], [117.33821, 2.86946, 0.0], [117.33759, 2.87176, 0.0], [117.33792, 2.87124, 0.0]]], [[[117.34092, 3.29755, 0.0], [117.34123, 3.2978, 0.0], [117.3413, 3.2976, 0.0], [117.34092, 3.29755, 0.0]]]]}}, {"type": "Feature", "id": 6211, "properties": {"WADMKK": "Gunung Mas", "WADMPR": "Kalimantan Tengah", "LUASWH": 9305.75643375, "kode_wilayah": 6211, "nama_resmi": "Kabupaten Gunung Mas", "tipe": "Kabupaten", "provinsi": "Kalimantan Tengah", "pulau": "Kalimantan", "parlemen": 40.0, "pendapatan": 45.67, "pengeluaran": 11902.0, "ahh": 73.13, "profesional": 45.28, "tpak": 47.35, "rls": 9.37, "hls": 12.1, "skor_ekonomi": 40.83, "skor_keputusan": 65.11, "skor_kapasitas_sosial": 58.26, "ikpp_komposit": 54.03, "kuadran": "Kuadran I (Ekonomi Tinggi, Keputusan Tinggi)", "lisa_cluster_keputusan": "Not Significant", "lisa_cluster_ekonomi": "Not Significant", "pc1": 0.401, "pc2": -0.338, "lat": -2.716, "lon": 114.305}, "geometry": {"type": "Polygon", "coordinates": [[[113.44376, -0.29082, 0.0], [113.45487, -0.30889, 0.0], [113.47754, -0.3131, 0.0], [113.48432, -0.30793, 0.0], [113.49153, -0.31288, 0.0], [113.47876, -0.36097, 0.0], [113.46746, -0.36084, 0.0], [113.46824, -0.38058, 0.0], [113.47928, -0.37772, 0.0], [113.4937, -0.38435, 0.0], [113.50019, -0.37876, 0.0], [113.51455, -0.38642, 0.0], [113.54019, -0.3759, 0.0], [113.58201, -0.39136, 0.0], [113.58292, -0.37201, 0.0], [113.61603, -0.34932, 0.0], [113.63219, -0.34519, 0.0], [113.64477, -0.36068, 0.0], [113.68064, -0.36863, 0.0], [113.69655, -0.38243, 0.0], [113.70873, -0.3765, 0.0], [113.71522, -0.38487, 0.0], [113.72188, -0.38584, 0.0], [113.73258, -0.40251, 0.0], [113.71759, -0.41858, 0.0], [113.74405, -0.44554, 0.0], [113.75576, -0.46538, 0.0], [113.76, -0.48166, 0.0], [113.75204, -0.52276, 0.0], [113.75601, -0.53913, 0.0], [113.75064, -0.55098, 0.0], [113.73558, -0.55009, 0.0], [113.72711, -0.56754, 0.0], [113.72801, -0.59147, 0.0], [113.736, -0.60058, 0.0], [113.73424, -0.60391, 0.0], [113.69639, -0.6342, 0.0], [113.68994, -0.65033, 0.0], [113.69166, -0.65772, 0.0], [113.67823, -0.67541, 0.0], [113.68695, -0.69209, 0.0], [113.69803, -0.69389, 0.0], [113.69926, -0.70228, 0.0], [113.69878, -0.71709, 0.0], [113.684, -0.737, 0.0], [113.67964, -0.75778, 0.0], [113.68713, -0.77111, 0.0], [113.68346, -0.79627, 0.0], [113.69172, -0.79708, 0.0], [113.70655, -0.81305, 0.0], [113.70392, -0.81735, 0.0], [113.73209, -0.82689, 0.0], [113.748, -0.84214, 0.0], [113.773, -0.8935, 0.0], [113.784, -0.9306, 0.0], [113.809, -0.95873, 0.0], [113.928, -0.99973, 0.0], [113.94814, -1.02708, 0.0], [113.971, -1.0433, 0.0], [113.98545, -1.06648, 0.0], [113.98097, -1.09208, 0.0], [113.97, -1.11169, 0.0], [113.996, -1.22499, 0.0], [114.00479, -1.29035, 0.0], [114.00003, -1.39369, 0.0], [114.008, -1.47353, 0.0], [113.99519, -1.52265, 0.0], [113.98311, -1.53212, 0.0], [113.97357, -1.5206, 0.0], [113.92269, -1.53791, 0.0], [113.89167, -1.53808, 0.0], [113.86474, -1.52736, 0.0], [113.85561, -1.53873, 0.0], [113.84433, -1.58295, 0.0], [113.79798, -1.60406, 0.0], [113.7495, -1.60575, 0.0], [113.72989, -1.59046, 0.0], [113.64817, -1.58472, 0.0], [113.63282, -1.60311, 0.0], [113.63486, -1.60897, 0.0], [113.6161, -1.62644, 0.0], [113.61028, -1.62994, 0.0], [113.60725, -1.62601, 0.0], [113.56383, -1.65341, 0.0], [113.53106, -1.65498, 0.0], [113.50203, -1.64448, 0.0], [113.49006, -1.61782, 0.0], [113.47761, -1.60503, 0.0], [113.43374, -1.57744, 0.0], [113.39982, -1.54107, 0.0], [113.36129, -1.52552, 0.0], [113.33898, -1.47988, 0.0], [113.29404, -1.4233, 0.0], [113.19916, -1.28353, 0.0], [113.18574, -1.2517, 0.0], [113.19111, -1.24183, 0.0], [113.18575, -1.23522, 0.0], [113.18373, -1.2165, 0.0], [113.20366, -1.1677, 0.0], [113.22726, -1.15553, 0.0], [113.23869, -1.15458, 0.0], [113.2378, -1.1426, 0.0], [113.24887, -1.12886, 0.0], [113.24887, -1.10778, 0.0], [113.28142, -1.07764, 0.0], [113.2863, -1.06441, 0.0], [113.22987, -0.94245, 0.0], [113.21958, -0.89286, 0.0], [113.23421, -0.86257, 0.0], [113.21306, -0.85238, 0.0], [113.20056, -0.83542, 0.0], [113.19013, -0.80226, 0.0], [113.19788, -0.78413, 0.0], [113.19236, -0.76839, 0.0], [113.19401, -0.75883, 0.0], [113.1847, -0.74415, 0.0], [113.19005, -0.73485, 0.0], [113.20553, -0.72767, 0.0], [113.22382, -0.70442, 0.0], [113.22691, -0.68081, 0.0], [113.22038, -0.65977, 0.0], [113.20064, -0.64229, 0.0], [113.19268, -0.62799, 0.0], [113.19227, -0.61354, 0.0], [113.17263, -0.60201, 0.0], [113.17539, -0.5908, 0.0], [113.16706, -0.58324, 0.0], [113.15756, -0.55919, 0.0], [113.15832, -0.54458, 0.0], [113.16066, -0.53757, 0.0], [113.18449, -0.52648, 0.0], [113.19407, -0.50814, 0.0], [113.21816, -0.50617, 0.0], [113.22616, -0.4966, 0.0], [113.22958, -0.47571, 0.0], [113.23965, -0.46846, 0.0], [113.24649, -0.45018, 0.0], [113.26094, -0.44927, 0.0], [113.25473, -0.43511, 0.0], [113.26596, -0.43626, 0.0], [113.26422, -0.42339, 0.0], [113.2711, -0.42455, 0.0], [113.25728, -0.40552, 0.0], [113.26236, -0.38964, 0.0], [113.25586, -0.38423, 0.0], [113.31763, -0.39742, 0.0], [113.333, -0.39587, 0.0], [113.36085, -0.37758, 0.0], [113.3739, -0.37807, 0.0], [113.4048, -0.35046, 0.0], [113.40719, -0.32615, 0.0], [113.41616, -0.31577, 0.0], [113.4185, -0.3006, 0.0], [113.42942, -0.3034, 0.0], [113.44376, -0.29082, 0.0]]]}}, {"type": "Feature", "id": 6306, "properties": {"WADMKK": "Hulu Sungai Selatan", "WADMPR": "Kalimantan Selatan", "LUASWH": 1697.22428937, "kode_wilayah": 6306, "nama_resmi": "Kabupaten Hulu Sungai Selatan", "tipe": "Kabupaten", "provinsi": "Kalimantan Selatan", "pulau": "Kalimantan", "parlemen": 17.24, "pendapatan": 27.19, "pengeluaran": 14150.0, "ahh": 69.19, "profesional": 52.51, "tpak": 64.32, "rls": 8.09, "hls": 12.48, "skor_ekonomi": 33.76, "skor_keputusan": 49.25, "skor_kapasitas_sosial": 53.06, "ikpp_komposit": 43.82, "kuadran": "Kuadran II (Ekonomi Rendah, Keputusan Tinggi)", "lisa_cluster_keputusan": "Not Significant", "lisa_cluster_ekonomi": "Not Significant", "pc1": -0.347, "pc2": -0.632, "lat": -2.787, "lon": 115.266}, "geometry": {"type": "Polygon", "coordinates": [[[114.99846, -2.49907, 0.0], [115.11445, -2.53881, 0.0], [115.1351, -2.54006, 0.0], [115.16116, -2.55215, 0.0], [115.15472, -2.55463, 0.0], [115.17515, -2.55761, 0.0], [115.16783, -2.56659, 0.0], [115.15675, -2.56797, 0.0], [115.1704, -2.60053, 0.0], [115.15815, -2.61141, 0.0], [115.16461, -2.61626, 0.0], [115.17201, -2.63574, 0.0], [115.18851, -2.63212, 0.0], [115.20617, -2.65918, 0.0], [115.2313, -2.68251, 0.0], [115.25687, -2.68962, 0.0], [115.29139, -2.69051, 0.0], [115.29501, -2.7003, 0.0], [115.32702, -2.69664, 0.0], [115.34015, -2.70488, 0.0], [115.34786, -2.71816, 0.0], [115.3596, -2.72215, 0.0], [115.37824, -2.74604, 0.0], [115.39949, -2.75176, 0.0], [115.4085, -2.75761, 0.0], [115.40854, -2.76608, 0.0], [115.41877, -2.76727, 0.0], [115.42298, -2.77612, 0.0], [115.43379, -2.77552, 0.0], [115.43854, -2.78181, 0.0], [115.44521, -2.77924, 0.0], [115.45086, -2.76625, 0.0], [115.48248, -2.72922, 0.0], [115.49192, -2.73544, 0.0], [115.50233, -2.72758, 0.0], [115.5478, -2.72916, 0.0], [115.57368, -2.71206, 0.0], [115.58807, -2.71359, 0.0], [115.59794, -2.72126, 0.0], [115.59215, -2.75442, 0.0], [115.58357, -2.78513, 0.0], [115.57234, -2.79803, 0.0], [115.56946, -2.81478, 0.0], [115.55574, -2.83113, 0.0], [115.54299, -2.83355, 0.0], [115.54088, -2.84647, 0.0], [115.51232, -2.88506, 0.0], [115.50611, -2.88667, 0.0], [115.47839, -2.87298, 0.0], [115.46201, -2.87213, 0.0], [115.44297, -2.88915, 0.0], [115.43741, -2.88392, 0.0], [115.41186, -2.89234, 0.0], [115.38241, -2.88172, 0.0], [115.37522, -2.89556, 0.0], [115.38457, -2.90435, 0.0], [115.38125, -2.91588, 0.0], [115.34443, -2.93723, 0.0], [115.32844, -2.93393, 0.0], [115.31768, -2.92446, 0.0], [115.30216, -2.92211, 0.0], [115.2957, -2.93291, 0.0], [115.28544, -2.92736, 0.0], [115.266, -2.93028, 0.0], [115.23168, -2.86832, 0.0], [115.21735, -2.87538, 0.0], [115.18858, -2.87033, 0.0], [115.17601, -2.85611, 0.0], [115.09966, -2.83586, 0.0], [115.0944, -2.82887, 0.0], [115.08771, -2.83183, 0.0], [115.0855, -2.84096, 0.0], [115.06879, -2.84522, 0.0], [115.06252, -2.84019, 0.0], [115.06281, -2.834, 0.0], [115.07282, -2.8079, 0.0], [115.07413, -2.78642, 0.0], [115.0664, -2.78282, 0.0], [115.04341, -2.78532, 0.0], [115.0246, -2.77959, 0.0], [114.99809, -2.75715, 0.0], [114.98061, -2.73373, 0.0], [114.86455, -2.52824, 0.0], [114.88059, -2.52844, 0.0], [114.90307, -2.52012, 0.0], [114.91643, -2.52312, 0.0], [114.92509, -2.50383, 0.0], [114.95475, -2.50965, 0.0], [114.99846, -2.49907, 0.0]]]}}, {"type": "Feature", "id": 6307, "properties": {"WADMKK": "Hulu Sungai Tengah", "WADMPR": "Kalimantan Selatan", "LUASWH": 1573.53817845, "kode_wilayah": 6307, "nama_resmi": "Kabupaten Hulu Sungai Tengah", "tipe": "Kabupaten", "provinsi": "Kalimantan Selatan", "pulau": "Kalimantan", "parlemen": 13.33, "pendapatan": 48.35, "pengeluaran": 13176.0, "ahh": 69.14, "profesional": 53.77, "tpak": 63.51, "rls": 8.35, "hls": 12.31, "skor_ekonomi": 53.45, "skor_keputusan": 46.54, "skor_kapasitas_sosial": 52.33, "ikpp_komposit": 50.46, "kuadran": "Kuadran IV (Ekonomi Tinggi, Keputusan Rendah)", "lisa_cluster_keputusan": "Not Significant", "lisa_cluster_ekonomi": "Not Significant", "pc1": -0.999, "pc2": 1.318, "lat": -2.585, "lon": 115.385}, "geometry": {"type": "Polygon", "coordinates": [[[115.39942, -2.4535, 0.0], [115.43847, -2.46589, 0.0], [115.44264, -2.45439, 0.0], [115.4692, -2.46486, 0.0], [115.49564, -2.46747, 0.0], [115.52856, -2.48355, 0.0], [115.53061, -2.49867, 0.0], [115.54533, -2.48059, 0.0], [115.55886, -2.48625, 0.0], [115.57156, -2.48228, 0.0], [115.57081, -2.48995, 0.0], [115.58966, -2.47892, 0.0], [115.60342, -2.50364, 0.0], [115.65747, -2.51031, 0.0], [115.67968, -2.52363, 0.0], [115.69668, -2.52142, 0.0], [115.71072, -2.52742, 0.0], [115.71858, -2.52356, 0.0], [115.75058, -2.53239, 0.0], [115.75271, -2.54713, 0.0], [115.75937, -2.55252, 0.0], [115.77083, -2.55443, 0.0], [115.78124, -2.5458, 0.0], [115.79037, -2.55119, 0.0], [115.79602, -2.5679, 0.0], [115.80338, -2.56271, 0.0], [115.81867, -2.5619, 0.0], [115.81958, -2.6014, 0.0], [115.80904, -2.61667, 0.0], [115.75694, -2.61667, 0.0], [115.75694, -2.60023, 0.0], [115.7445, -2.61682, 0.0], [115.71159, -2.59004, 0.0], [115.68963, -2.59039, 0.0], [115.67672, -2.6131, 0.0], [115.70198, -2.62063, 0.0], [115.70881, -2.6298, 0.0], [115.72717, -2.63879, 0.0], [115.73414, -2.65757, 0.0], [115.7469, -2.66667, 0.0], [115.73203, -2.68456, 0.0], [115.71516, -2.67671, 0.0], [115.71655, -2.66456, 0.0], [115.70942, -2.67675, 0.0], [115.71555, -2.69157, 0.0], [115.70767, -2.70217, 0.0], [115.69415, -2.7104, 0.0], [115.68115, -2.71018, 0.0], [115.66523, -2.72112, 0.0], [115.66873, -2.73922, 0.0], [115.66081, -2.74806, 0.0], [115.6677, -2.75916, 0.0], [115.66675, -2.76598, 0.0], [115.64978, -2.76683, 0.0], [115.644, -2.75941, 0.0], [115.62631, -2.76386, 0.0], [115.6111, -2.7573, 0.0], [115.58957, -2.76017, 0.0], [115.59794, -2.72126, 0.0], [115.58807, -2.71359, 0.0], [115.57507, -2.71155, 0.0], [115.5478, -2.72916, 0.0], [115.50233, -2.72758, 0.0], [115.49192, -2.73544, 0.0], [115.48248, -2.72922, 0.0], [115.44088, -2.78256, 0.0], [115.43379, -2.77552, 0.0], [115.42298, -2.77612, 0.0], [115.41877, -2.76727, 0.0], [115.40854, -2.76608, 0.0], [115.4085, -2.75761, 0.0], [115.39949, -2.75176, 0.0], [115.37824, -2.74604, 0.0], [115.3596, -2.72215, 0.0], [115.34786, -2.71816, 0.0], [115.34015, -2.70488, 0.0], [115.32702, -2.69664, 0.0], [115.29501, -2.7003, 0.0], [115.29139, -2.69051, 0.0], [115.25687, -2.68962, 0.0], [115.2313, -2.68251, 0.0], [115.20617, -2.65918, 0.0], [115.18851, -2.63212, 0.0], [115.17504, -2.63768, 0.0], [115.17025, -2.63382, 0.0], [115.16461, -2.61626, 0.0], [115.15815, -2.61141, 0.0], [115.1704, -2.60053, 0.0], [115.15675, -2.56797, 0.0], [115.16783, -2.56659, 0.0], [115.17515, -2.55761, 0.0], [115.15472, -2.55463, 0.0], [115.24851, -2.53248, 0.0], [115.2956, -2.50976, 0.0], [115.34139, -2.46842, 0.0], [115.35646, -2.49635, 0.0], [115.36881, -2.50482, 0.0], [115.38228, -2.50507, 0.0], [115.39263, -2.48891, 0.0], [115.38687, -2.48107, 0.0], [115.39412, -2.4768, 0.0], [115.39032, -2.473, 0.0], [115.39942, -2.4535, 0.0]]]}}, {"type": "Feature", "id": 6308, "properties": {"WADMKK": "Hulu Sungai Utara", "WADMPR": "Kalimantan Selatan", "LUASWH": 907.490768257, "kode_wilayah": 6308, "nama_resmi": "Kabupaten Hulu Sungai Utara", "tipe": "Kabupaten", "provinsi": "Kalimantan Selatan", "pulau": "Kalimantan", "parlemen": 23.33, "pendapatan": 30.3, "pengeluaran": 10981.0, "ahh": 67.23, "profesional": 56.59, "tpak": 63.09, "rls": 7.78, "hls": 13.21, "skor_ekonomi": 35.97, "skor_keputusan": 57.52, "skor_kapasitas_sosial": 48.11, "ikpp_komposit": 47.02, "kuadran": "Kuadran I (Ekonomi Tinggi, Keputusan Tinggi)", "lisa_cluster_keputusan": "Not Significant", "lisa_cluster_ekonomi": "Not Significant", "pc1": -0.766, "pc2": -0.804, "lat": -2.419, "lon": 115.254}, "geometry": {"type": "Polygon", "coordinates": [[[115.13743, -2.29622, 0.0], [115.21375, -2.34019, 0.0], [115.28189, -2.35964, 0.0], [115.28617, -2.34692, 0.0], [115.301, -2.34114, 0.0], [115.34867, -2.33994, 0.0], [115.35022, -2.34514, 0.0], [115.34061, -2.35094, 0.0], [115.31866, -2.35521, 0.0], [115.31255, -2.4005, 0.0], [115.39825, -2.44479, 0.0], [115.39942, -2.4535, 0.0], [115.39032, -2.473, 0.0], [115.39412, -2.4768, 0.0], [115.38687, -2.48107, 0.0], [115.39263, -2.48891, 0.0], [115.38228, -2.50507, 0.0], [115.36881, -2.50482, 0.0], [115.35646, -2.49635, 0.0], [115.34139, -2.46842, 0.0], [115.2956, -2.50976, 0.0], [115.24851, -2.53248, 0.0], [115.15472, -2.55463, 0.0], [115.16116, -2.55215, 0.0], [115.1351, -2.54006, 0.0], [115.11445, -2.53881, 0.0], [114.99846, -2.49907, 0.0], [114.95475, -2.50965, 0.0], [114.92509, -2.50383, 0.0], [114.91547, -2.52348, 0.0], [114.90307, -2.52012, 0.0], [114.8782, -2.52882, 0.0], [114.85933, -2.52635, 0.0], [114.87433, -2.49712, 0.0], [114.91924, -2.46423, 0.0], [114.93431, -2.44205, 0.0], [114.9593, -2.42709, 0.0], [114.98637, -2.40203, 0.0], [114.99088, -2.4031, 0.0], [115.07361, -2.35074, 0.0], [115.08895, -2.34878, 0.0], [115.09386, -2.33979, 0.0], [115.0915, -2.3346, 0.0], [115.10726, -2.30493, 0.0], [115.12258, -2.30041, 0.0], [115.1255, -2.29464, 0.0], [115.13743, -2.29622, 0.0]]]}}, {"type": "Feature", "id": 6203, "properties": {"WADMKK": "Kapuas", "WADMPR": "Kalimantan Tengah", "LUASWH": 17033.5398549, "kode_wilayah": 6203, "nama_resmi": "Kabupaten Kapuas", "tipe": "Kabupaten", "provinsi": "Kalimantan Tengah", "pulau": "Kalimantan", "parlemen": 25.0, "pendapatan": 28.19, "pengeluaran": 12265.0, "ahh": 71.37, "profesional": 53.81, "tpak": 53.9, "rls": 7.93, "hls": 13.01, "skor_ekonomi": 28.23, "skor_keputusan": 57.18, "skor_kapasitas_sosial": 54.75, "ikpp_komposit": 45.11, "kuadran": "Kuadran II (Ekonomi Rendah, Keputusan Tinggi)", "lisa_cluster_keputusan": "High-High (Hotspot)", "lisa_cluster_ekonomi": "Not Significant", "pc1": 0.186, "pc2": -1.234, "lat": -2.964, "lon": 114.416}, "geometry": {"type": "Polygon", "coordinates": [[[113.98911, -0.38403, 0.0], [113.99131, -0.39214, 0.0], [114.00018, -0.39664, 0.0], [114.00952, -0.42225, 0.0], [114.00384, -0.44646, 0.0], [114.01478, -0.45437, 0.0], [114.01487, -0.47921, 0.0], [114.03432, -0.4921, 0.0], [114.03867, -0.50675, 0.0], [114.0471, -0.50973, 0.0], [114.04636, -0.52362, 0.0], [114.05186, -0.53314, 0.0], [114.0594, -0.53475, 0.0], [114.07831, -0.55208, 0.0], [114.063, -0.57727, 0.0], [114.09575, -0.62922, 0.0], [114.11367, -0.68231, 0.0], [114.121, -0.72953, 0.0], [114.15297, -0.79572, 0.0], [114.17344, -0.81164, 0.0], [114.219, -0.80875, 0.0], [114.21786, -0.83794, 0.0], [114.23425, -0.85997, 0.0], [114.27583, -0.86475, 0.0], [114.36372, -0.85572, 0.0], [114.39322, -0.83589, 0.0], [114.46833, -0.83442, 0.0], [114.52808, -0.84969, 0.0], [114.636, -0.8627, 0.0], [114.56974, -0.87531, 0.0], [114.55807, -0.88944, 0.0], [114.55952, -0.90416, 0.0], [114.55102, -0.91717, 0.0], [114.53948, -0.9068, 0.0], [114.52156, -0.90344, 0.0], [114.518, -0.91833, 0.0], [114.50588, -0.91972, 0.0], [114.49958, -0.92764, 0.0], [114.50446, -0.95038, 0.0], [114.49611, -0.95564, 0.0], [114.48637, -0.95453, 0.0], [114.4726, -0.9652, 0.0], [114.483, -0.97863, 0.0], [114.47165, -0.9913, 0.0], [114.47097, -1.0022, 0.0], [114.45505, -1.01409, 0.0], [114.45446, -1.0244, 0.0], [114.48319, -1.04332, 0.0], [114.48355, -1.05712, 0.0], [114.47815, -1.06484, 0.0], [114.48893, -1.08174, 0.0], [114.52359, -1.09454, 0.0], [114.51148, -1.10589, 0.0], [114.51006, -1.12595, 0.0], [114.53698, -1.12973, 0.0], [114.54706, -1.1454, 0.0], [114.56246, -1.14216, 0.0], [114.58077, -1.15904, 0.0], [114.61171, -1.158, 0.0], [114.62671, -1.171, 0.0], [114.65253, -1.17145, 0.0], [114.67719, -1.15595, 0.0], [114.69738, -1.16428, 0.0], [114.694, -1.18602, 0.0], [114.68584, -1.19655, 0.0], [114.68888, -1.21419, 0.0], [114.68357, -1.24283, 0.0], [114.66181, -1.26538, 0.0], [114.66345, -1.28107, 0.0], [114.65824, -1.29178, 0.0], [114.66808, -1.31931, 0.0], [114.66216, -1.34664, 0.0], [114.66189, -1.40817, 0.0], [114.61377, -1.55151, 0.0], [114.62416, -1.60405, 0.0], [114.59681, -1.6699, 0.0], [114.62047, -1.90764, 0.0], [114.61684, -2.01666, 0.0], [114.65061, -2.08816, 0.0], [114.69408, -2.15508, 0.0], [114.69383, -2.19833, 0.0], [114.68166, -2.23219, 0.0], [114.68054, -2.32453, 0.0], [114.64434, -2.40477, 0.0], [114.73685, -2.43936, 0.0], [114.72682, -2.46265, 0.0], [114.75884, -2.45776, 0.0], [114.76976, -2.49316, 0.0], [114.71734, -2.56749, 0.0], [114.77948, -2.6062, 0.0], [114.78676, -2.58486, 0.0], [114.7973, -2.59155, 0.0], [114.79187, -2.66428, 0.0], [114.78701, -2.68224, 0.0], [114.77088, -2.69858, 0.0], [114.76179, -2.7206, 0.0], [114.71803, -2.74082, 0.0], [114.69166, -2.73561, 0.0], [114.6763, -2.74113, 0.0], [114.67055, -2.75622, 0.0], [114.6794, -2.77881, 0.0], [114.66437, -2.80056, 0.0], [114.59768, -2.8156, 0.0], [114.61529, -2.88446, 0.0], [114.59889, -2.89084, 0.0], [114.59108, -2.87919, 0.0], [114.56724, -2.86397, 0.0], [114.53839, -2.92731, 0.0], [114.51687, -2.91961, 0.0], [114.53521, -2.93357, 0.0], [114.54423, -2.949, 0.0], [114.5361, -2.95948, 0.0], [114.52591, -2.95272, 0.0], [114.52331, -2.95695, 0.0], [114.53015, -2.9698, 0.0], [114.50522, -2.9997, 0.0], [114.52258, -3.0043, 0.0], [114.51906, -3.0098, 0.0], [114.53097, -3.02325, 0.0], [114.52658, -3.02786, 0.0], [114.53303, -3.03456, 0.0], [114.52806, -3.04486, 0.0], [114.54581, -3.06783, 0.0], [114.53353, -3.08133, 0.0], [114.52414, -3.07247, 0.0], [114.51823, -3.07775, 0.0], [114.52611, -3.08667, 0.0], [114.42366, -3.17992, 0.0], [114.42703, -3.19056, 0.0], [114.43378, -3.18669, 0.0], [114.44949, -3.20956, 0.0], [114.43593, -3.24261, 0.0], [114.37479, -3.28701, 0.0], [114.37449, -3.29599, 0.0], [114.35994, -3.31644, 0.0], [114.36215, -3.32988, 0.0], [114.34955, -3.34877, 0.0], [114.36046, -3.35912, 0.0], [114.35147, -3.36837, 0.0], [114.36283, -3.38712, 0.0], [114.35406, -3.41514, 0.0], [114.3471, -3.42009, 0.0], [114.34759, -3.43662, 0.0], [114.35463, -3.44151, 0.0], [114.35216, -3.46461, 0.0], [114.34136, -3.46129, 0.0], [114.34134, -3.45519, 0.0], [114.32253, -3.45424, 0.0], [114.27972, -3.41849, 0.0], [114.25136, -3.40135, 0.0], [114.24465, -3.39093, 0.0], [114.26264, -3.37342, 0.0], [114.24549, -3.36403, 0.0], [114.24118, -3.3694, 0.0], [114.18266, -3.3928, 0.0], [114.15232, -3.38385, 0.0], [114.17199, -3.33404, 0.0], [114.14142, -3.26689, 0.0], [114.14914, -3.21458, 0.0], [114.14669, -3.18747, 0.0], [114.16642, -3.17458, 0.0], [114.22592, -3.19185, 0.0], [114.253, -3.11076, 0.0], [114.28114, -3.04433, 0.0], [114.21228, -2.93742, 0.0], [114.28372, -2.86533, 0.0], [114.29142, -2.82962, 0.0], [114.2815, -2.81469, 0.0], [114.28469, -2.80367, 0.0], [114.34875, -2.74419, 0.0], [114.34825, -2.72939, 0.0], [114.33806, -2.71744, 0.0], [114.32316, -2.43035, 0.0], [114.32527, -2.37329, 0.0], [114.26243, -2.37791, 0.0], [114.2619, -2.23163, 0.0], [114.2278, -2.22929, 0.0], [114.18441, -2.18872, 0.0], [114.17115, -2.14337, 0.0], [114.17111, -2.09049, 0.0], [114.08141, -1.9743, 0.0], [114.07292, -1.93814, 0.0], [114.03197, -1.9067, 0.0], [114.00616, -1.85985, 0.0], [113.9859, -1.80263, 0.0], [113.97442, -1.73454, 0.0], [113.98633, -1.70738, 0.0], [113.98149, -1.66709, 0.0], [114.02341, -1.61237, 0.0], [114.03094, -1.5872, 0.0], [114.01902, -1.57211, 0.0], [113.99844, -1.56311, 0.0], [113.98311, -1.53212, 0.0], [113.99519, -1.52265, 0.0], [114.008, -1.47353, 0.0], [114.00003, -1.39369, 0.0], [114.00479, -1.29035, 0.0], [113.996, -1.22499, 0.0], [113.97, -1.11169, 0.0], [113.98097, -1.09208, 0.0], [113.98545, -1.06648, 0.0], [113.971, -1.0433, 0.0], [113.94814, -1.02708, 0.0], [113.928, -0.99973, 0.0], [113.809, -0.95873, 0.0], [113.784, -0.9306, 0.0], [113.773, -0.8935, 0.0], [113.748, -0.84214, 0.0], [113.73209, -0.82689, 0.0], [113.70392, -0.81735, 0.0], [113.70655, -0.81305, 0.0], [113.69172, -0.79708, 0.0], [113.68346, -0.79627, 0.0], [113.68193, -0.78784, 0.0], [113.68713, -0.77111, 0.0], [113.67964, -0.75778, 0.0], [113.684, -0.737, 0.0], [113.69878, -0.71709, 0.0], [113.69926, -0.70228, 0.0], [113.69803, -0.69389, 0.0], [113.68695, -0.69209, 0.0], [113.67823, -0.67541, 0.0], [113.69166, -0.65772, 0.0], [113.68994, -0.65033, 0.0], [113.69639, -0.6342, 0.0], [113.736, -0.60058, 0.0], [113.72801, -0.59147, 0.0], [113.72711, -0.56754, 0.0], [113.73558, -0.55009, 0.0], [113.75064, -0.55098, 0.0], [113.755, -0.54543, 0.0], [113.75204, -0.52276, 0.0], [113.76038, -0.47867, 0.0], [113.78778, -0.46104, 0.0], [113.80164, -0.4655, 0.0], [113.81462, -0.46272, 0.0], [113.823, -0.44931, 0.0], [113.84185, -0.45026, 0.0], [113.85232, -0.44467, 0.0], [113.88094, -0.45151, 0.0], [113.88327, -0.45961, 0.0], [113.90003, -0.46757, 0.0], [113.9221, -0.46692, 0.0], [113.91681, -0.44108, 0.0], [113.91955, -0.43577, 0.0], [113.92847, -0.43437, 0.0], [113.92766, -0.41176, 0.0], [113.93852, -0.40096, 0.0], [113.9379, -0.39456, 0.0], [113.95316, -0.39277, 0.0], [113.96032, -0.39816, 0.0], [113.98323, -0.38186, 0.0], [113.98911, -0.38403, 0.0]]]}}, {"type": "Feature", "id": 6108, "properties": {"WADMKK": "Kapuas Hulu", "WADMPR": "Kalimantan Barat", "LUASWH": 31318.2461504, "kode_wilayah": 6108, "nama_resmi": "Kabupaten Kapuas Hulu", "tipe": "Kabupaten", "provinsi": "Kalimantan Barat", "pulau": "Kalimantan", "parlemen": 6.67, "pendapatan": 40.98, "pengeluaran": 8470.0, "ahh": 75.16, "profesional": 44.26, "tpak": 65.25, "rls": 8.03, "hls": 12.23, "skor_ekonomi": 47.5, "skor_keputusan": 34.12, "skor_kapasitas_sosial": 54.9, "ikpp_komposit": 43.63, "kuadran": "Kuadran IV (Ekonomi Tinggi, Keputusan Rendah)", "lisa_cluster_keputusan": "Not Significant", "lisa_cluster_ekonomi": "Not Significant", "pc1": -1.511, "pc2": 1.146, "lat": 0.375, "lon": 109.938}, "geometry": {"type": "Polygon", "coordinates": [[[112.88103, 1.5853, 0.0], [112.91551, 1.583, 0.0], [112.92357, 1.5709, 0.0], [112.93224, 1.56767, 0.0], [112.94943, 1.56809, 0.0], [112.95186, 1.57404, 0.0], [112.95685, 1.57425, 0.0], [112.95784, 1.56982, 0.0], [112.97464, 1.563, 0.0], [112.98454, 1.56421, 0.0], [112.9896, 1.579, 0.0], [112.99928, 1.57821, 0.0], [113.0053, 1.56912, 0.0], [113.03428, 1.56644, 0.0], [113.05299, 1.55691, 0.0], [113.05868, 1.55858, 0.0], [113.06389, 1.55259, 0.0], [113.06157, 1.54728, 0.0], [113.07067, 1.52948, 0.0], [113.05526, 1.52646, 0.0], [113.04486, 1.51467, 0.0], [113.0498, 1.4996, 0.0], [113.03161, 1.49276, 0.0], [113.04133, 1.47487, 0.0], [112.98285, 1.45039, 0.0], [112.98131, 1.44056, 0.0], [112.9752, 1.43719, 0.0], [112.97514, 1.41055, 0.0], [113.01852, 1.40545, 0.0], [113.0376, 1.41537, 0.0], [113.04367, 1.42406, 0.0], [113.05725, 1.42109, 0.0], [113.07425, 1.43142, 0.0], [113.08819, 1.42879, 0.0], [113.09131, 1.43751, 0.0], [113.10499, 1.44564, 0.0], [113.11116, 1.43555, 0.0], [113.12369, 1.4287, 0.0], [113.12223, 1.421, 0.0], [113.13319, 1.41262, 0.0], [113.13337, 1.40166, 0.0], [113.14417, 1.38762, 0.0], [113.15981, 1.39189, 0.0], [113.18877, 1.37671, 0.0], [113.19682, 1.38139, 0.0], [113.21959, 1.38142, 0.0], [113.22259, 1.38953, 0.0], [113.23236, 1.39436, 0.0], [113.24108, 1.39259, 0.0], [113.24997, 1.38213, 0.0], [113.26784, 1.3877, 0.0], [113.27483, 1.38028, 0.0], [113.28564, 1.3813, 0.0], [113.30706, 1.37076, 0.0], [113.328, 1.37533, 0.0], [113.33515, 1.36436, 0.0], [113.35694, 1.35781, 0.0], [113.36527, 1.34605, 0.0], [113.36977, 1.32365, 0.0], [113.39847, 1.31801, 0.0], [113.42132, 1.28538, 0.0], [113.45432, 1.28629, 0.0], [113.46614, 1.30406, 0.0], [113.4878, 1.30766, 0.0], [113.49985, 1.31809, 0.0], [113.51482, 1.31429, 0.0], [113.53697, 1.32258, 0.0], [113.54929, 1.32025, 0.0], [113.56002, 1.30912, 0.0], [113.58323, 1.30813, 0.0], [113.58456, 1.29357, 0.0], [113.59262, 1.28829, 0.0], [113.59565, 1.27863, 0.0], [113.59726, 1.2628, 0.0], [113.62578, 1.25241, 0.0], [113.62811, 1.24149, 0.0], [113.61886, 1.22996, 0.0], [113.63211, 1.21913, 0.0], [113.65047, 1.22406, 0.0], [113.66674, 1.21843, 0.0], [113.66672, 1.23, 0.0], [113.68986, 1.24244, 0.0], [113.7035, 1.26634, 0.0], [113.7148, 1.26422, 0.0], [113.72566, 1.27153, 0.0], [113.755, 1.27649, 0.0], [113.76168, 1.28474, 0.0], [113.78556, 1.2966, 0.0], [113.8037, 1.30038, 0.0], [113.80443, 1.30769, 0.0], [113.81552, 1.31336, 0.0], [113.83045, 1.33737, 0.0], [113.82983, 1.3557, 0.0], [113.8147, 1.36627, 0.0], [113.82164, 1.37356, 0.0], [113.84495, 1.38079, 0.0], [113.84914, 1.38893, 0.0], [113.87624, 1.38995, 0.0], [113.88408, 1.40039, 0.0], [113.90345, 1.40611, 0.0], [113.91287, 1.41496, 0.0], [113.92172, 1.41086, 0.0], [113.93618, 1.41729, 0.0], [113.94391, 1.43348, 0.0], [113.95604, 1.44329, 0.0], [113.9674, 1.4421, 0.0], [113.9747, 1.44976, 0.0], [113.99612, 1.444, 0.0], [114.00897, 1.45084, 0.0], [114.04395, 1.45196, 0.0], [114.07787, 1.46591, 0.0], [114.08476, 1.46294, 0.0], [114.09591, 1.46685, 0.0], [114.10784, 1.45583, 0.0], [114.12031, 1.46337, 0.0], [114.14254, 1.46641, 0.0], [114.15951, 1.44135, 0.0], [114.17786, 1.4364, 0.0], [114.20214, 1.42111, 0.0], [114.20553, 1.41024, 0.0], [114.19719, 1.39715, 0.0], [114.1781, 1.39473, 0.0], [114.155, 1.37438, 0.0], [114.16201, 1.35951, 0.0], [114.15882, 1.34783, 0.0], [114.16488, 1.33331, 0.0], [114.15871, 1.31609, 0.0], [114.16307, 1.30907, 0.0], [114.16028, 1.3017, 0.0], [114.14887, 1.29188, 0.0], [114.16354, 1.28421, 0.0], [114.17109, 1.26535, 0.0], [114.15327, 1.25433, 0.0], [114.14807, 1.23809, 0.0], [114.13601, 1.22264, 0.0], [114.14988, 1.1991, 0.0], [114.14463, 1.18665, 0.0], [114.13394, 1.18308, 0.0], [114.1253, 1.16428, 0.0], [114.12717, 1.15345, 0.0], [114.10903, 1.14416, 0.0], [114.08767, 1.15907, 0.0], [114.08305, 1.14794, 0.0], [114.05261, 1.12745, 0.0], [114.04255, 1.13425, 0.0], [114.03802, 1.1457, 0.0], [114.01706, 1.13465, 0.0], [114.00847, 1.14337, 0.0], [113.98854, 1.13917, 0.0], [113.98284, 1.12169, 0.0], [113.97142, 1.12106, 0.0], [113.96402, 1.11306, 0.0], [113.96026, 1.10173, 0.0], [113.96269, 1.08909, 0.0], [113.94752, 1.06035, 0.0], [113.90143, 1.05984, 0.0], [113.88956, 1.04753, 0.0], [113.89289, 1.02011, 0.0], [113.90958, 1.01314, 0.0], [113.91546, 1.00234, 0.0], [113.91351, 0.97249, 0.0], [113.89548, 0.95625, 0.0], [113.89588, 0.9466, 0.0], [113.87249, 0.91761, 0.0], [113.873, 0.90277, 0.0], [113.8785, 0.89718, 0.0], [113.87092, 0.88868, 0.0], [113.87733, 0.87813, 0.0], [113.88956, 0.8708, 0.0], [113.89555, 0.87275, 0.0], [113.89999, 0.85924, 0.0], [113.92176, 0.8483, 0.0], [113.92649, 0.84141, 0.0], [113.9104, 0.81273, 0.0], [113.88832, 0.79543, 0.0], [113.87948, 0.78202, 0.0], [113.87258, 0.78332, 0.0], [113.88466, 0.75894, 0.0], [113.89966, 0.75495, 0.0], [113.89409, 0.74662, 0.0], [113.89641, 0.73156, 0.0], [113.89483, 0.72604, 0.0], [113.87719, 0.71735, 0.0], [113.87719, 0.7106, 0.0], [113.86797, 0.69905, 0.0], [113.83934, 0.69543, 0.0], [113.83434, 0.67258, 0.0], [113.84184, 0.65774, 0.0], [113.83688, 0.64835, 0.0], [113.82608, 0.6486, 0.0], [113.82145, 0.64267, 0.0], [113.83453, 0.63309, 0.0], [113.83418, 0.6217, 0.0], [113.8486, 0.61462, 0.0], [113.85113, 0.60834, 0.0], [113.83822, 0.60198, 0.0], [113.82609, 0.57851, 0.0], [113.81281, 0.57697, 0.0], [113.79749, 0.59494, 0.0], [113.75526, 0.57001, 0.0], [113.748, 0.55709, 0.0], [113.75184, 0.5532, 0.0], [113.73871, 0.54461, 0.0], [113.73779, 0.53894, 0.0], [113.72044, 0.53661, 0.0], [113.71484, 0.52631, 0.0], [113.69294, 0.51761, 0.0], [113.68532, 0.49947, 0.0], [113.66679, 0.49695, 0.0], [113.65395, 0.46925, 0.0], [113.65571, 0.46125, 0.0], [113.64724, 0.45657, 0.0], [113.65545, 0.44046, 0.0], [113.65174, 0.43528, 0.0], [113.6325, 0.42397, 0.0], [113.62878, 0.41313, 0.0], [113.61786, 0.41298, 0.0], [113.58126, 0.39815, 0.0], [113.58632, 0.36119, 0.0], [113.5632, 0.35699, 0.0], [113.55351, 0.34806, 0.0], [113.55076, 0.3301, 0.0], [113.52029, 0.31347, 0.0], [113.5135, 0.3045, 0.0], [113.5062, 0.30495, 0.0], [113.50077, 0.29967, 0.0], [113.49275, 0.30241, 0.0], [113.45043, 0.26354, 0.0], [113.43417, 0.25927, 0.0], [113.41476, 0.2647, 0.0], [113.40731, 0.25896, 0.0], [113.36095, 0.27247, 0.0], [113.35926, 0.27638, 0.0], [113.34996, 0.26617, 0.0], [113.31761, 0.26795, 0.0], [113.30524, 0.25458, 0.0], [113.28666, 0.24897, 0.0], [113.27532, 0.23536, 0.0], [113.25699, 0.22897, 0.0], [113.23489, 0.2299, 0.0], [113.19475, 0.24246, 0.0], [113.17925, 0.24313, 0.0], [113.16696, 0.23549, 0.0], [113.15123, 0.23519, 0.0], [113.1356, 0.22097, 0.0], [113.1363, 0.21197, 0.0], [113.13128, 0.20905, 0.0], [113.10049, 0.23073, 0.0], [113.09868, 0.2386, 0.0], [113.1049, 0.24729, 0.0], [113.1004, 0.25608, 0.0], [113.1028, 0.26239, 0.0], [113.09228, 0.26125, 0.0], [113.07499, 0.26847, 0.0], [113.07205, 0.27901, 0.0], [113.0598, 0.28282, 0.0], [113.05471, 0.29167, 0.0], [113.04648, 0.27147, 0.0], [113.02311, 0.2679, 0.0], [113.01333, 0.25217, 0.0], [112.99735, 0.25336, 0.0], [112.98357, 0.22945, 0.0], [112.97457, 0.22584, 0.0], [112.97395, 0.2184, 0.0], [112.96553, 0.21436, 0.0], [112.97549, 0.17586, 0.0], [112.97145, 0.16467, 0.0], [112.96423, 0.16015, 0.0], [112.9633, 0.1506, 0.0], [112.9482, 0.14657, 0.0], [112.82407, 0.16205, 0.0], [112.81617, 0.18043, 0.0], [112.80646, 0.19033, 0.0], [112.75297, 0.23354, 0.0], [112.70038, 0.23481, 0.0], [112.67168, 0.2417, 0.0], [112.65599, 0.2336, 0.0], [112.6461, 0.21542, 0.0], [112.6372, 0.21569, 0.0], [112.62857, 0.20681, 0.0], [112.64539, 0.18226, 0.0], [112.64749, 0.16741, 0.0], [112.62449, 0.18214, 0.0], [112.61397, 0.17778, 0.0], [112.60045, 0.18097, 0.0], [112.56936, 0.20441, 0.0], [112.54968, 0.18185, 0.0], [112.5405, 0.17825, 0.0], [112.52335, 0.18719, 0.0], [112.51156, 0.1836, 0.0], [112.50489, 0.16424, 0.0], [112.51366, 0.12479, 0.0], [112.50562, 0.10483, 0.0], [112.46127, 0.12324, 0.0], [112.43673, 0.12799, 0.0], [112.39572, 0.14701, 0.0], [112.4027, 0.12216, 0.0], [112.39499, 0.11213, 0.0], [112.39338, 0.09478, 0.0], [112.37923, 0.09895, 0.0], [112.34907, 0.09538, 0.0], [112.33604, 0.10595, 0.0], [112.30779, 0.10115, 0.0], [112.29794, 0.08321, 0.0], [112.29063, 0.0826, 0.0], [112.28115, 0.08658, 0.0], [112.26531, 0.11063, 0.0], [112.25062, 0.10721, 0.0], [112.21755, 0.11481, 0.0], [112.21568, 0.1068, 0.0], [112.2028, 0.09907, 0.0], [112.19469, 0.10305, 0.0], [112.19097, 0.09014, 0.0], [112.17565, 0.09361, 0.0], [112.17119, 0.08236, 0.0], [112.14505, 0.0889, 0.0], [112.14844, 0.07676, 0.0], [112.1387, 0.0662, 0.0], [112.13393, 0.06848, 0.0], [112.13425, 0.08002, 0.0], [112.12915, 0.0876, 0.0], [112.12279, 0.09157, 0.0], [112.11125, 0.0895, 0.0], [112.10896, 0.09942, 0.0], [112.1005, 0.10417, 0.0], [112.09383, 0.11874, 0.0], [112.08031, 0.11871, 0.0], [112.04869, 0.13438, 0.0], [112.05922, 0.156, 0.0], [112.05418, 0.1618, 0.0], [112.06162, 0.17344, 0.0], [112.05869, 0.17977, 0.0], [112.006, 0.19508, 0.0], [111.98956, 0.19138, 0.0], [111.98489, 0.17606, 0.0], [111.96876, 0.16279, 0.0], [111.94465, 0.16793, 0.0], [111.92657, 0.18308, 0.0], [111.89822, 0.17569, 0.0], [111.88007, 0.17934, 0.0], [111.85941, 0.1889, 0.0], [111.84093, 0.22806, 0.0], [111.79883, 0.23642, 0.0], [111.79288, 0.23095, 0.0], [111.78226, 0.23533, 0.0], [111.77126, 0.23237, 0.0], [111.76687, 0.23819, 0.0], [111.72093, 0.24969, 0.0], [111.67891, 0.27072, 0.0], [111.66648, 0.30134, 0.0], [111.68564, 0.30012, 0.0], [111.68127, 0.32108, 0.0], [111.66789, 0.34208, 0.0], [111.65083, 0.33311, 0.0], [111.64478, 0.35926, 0.0], [111.66136, 0.36123, 0.0], [111.68602, 0.37746, 0.0], [111.69817, 0.40963, 0.0], [111.70136, 0.43643, 0.0], [111.70643, 0.44607, 0.0], [111.72447, 0.45935, 0.0], [111.71785, 0.51958, 0.0], [111.72258, 0.53342, 0.0], [111.72062, 0.57058, 0.0], [111.71486, 0.58857, 0.0], [111.68736, 0.62757, 0.0], [111.68936, 0.63814, 0.0], [111.71672, 0.67228, 0.0], [111.71787, 0.70699, 0.0], [111.73208, 0.73481, 0.0], [111.74339, 0.73799, 0.0], [111.74747, 0.74722, 0.0], [111.74538, 0.75784, 0.0], [111.72691, 0.78315, 0.0], [111.67651, 0.81542, 0.0], [111.66466, 0.84598, 0.0], [111.64362, 0.8607, 0.0], [111.63669, 0.87162, 0.0], [111.62593, 0.9232, 0.0], [111.60779, 0.93433, 0.0], [111.57335, 0.92062, 0.0], [111.56099, 0.92119, 0.0], [111.53678, 0.93692, 0.0], [111.52898, 0.95438, 0.0], [111.53916, 0.95515, 0.0], [111.55155, 0.94747, 0.0], [111.54639, 0.95447, 0.0], [111.55316, 0.96448, 0.0], [111.54651, 0.97656, 0.0], [111.54879, 0.98843, 0.0], [111.56733, 0.98468, 0.0], [111.57028, 0.97716, 0.0], [111.57351, 0.98172, 0.0], [111.58097, 0.97898, 0.0], [111.58069, 0.99249, 0.0], [111.589, 0.99626, 0.0], [111.59617, 1.00914, 0.0], [111.61381, 1.01354, 0.0], [111.62231, 1.02146, 0.0], [111.63996, 1.02211, 0.0], [111.63919, 1.03076, 0.0], [111.6676, 1.04318, 0.0], [111.68671, 1.02984, 0.0], [111.69299, 1.01838, 0.0], [111.71312, 1.02525, 0.0], [111.71044, 1.01455, 0.0], [111.71744, 1.00677, 0.0], [111.74872, 1.0085, 0.0], [111.76262, 1.02134, 0.0], [111.77125, 1.01726, 0.0], [111.77738, 0.99978, 0.0], [111.79189, 0.9943, 0.0], [111.79956, 1.00113, 0.0], [111.81303, 0.99895, 0.0], [111.81932, 0.98505, 0.0], [111.82863, 0.98619, 0.0], [111.86963, 1.01313, 0.0], [111.87767, 1.03178, 0.0], [111.87099, 1.04512, 0.0], [111.886, 1.06125, 0.0], [111.88101, 1.06552, 0.0], [111.88694, 1.07867, 0.0], [111.89266, 1.07316, 0.0], [111.90222, 1.07457, 0.0], [111.91081, 1.08059, 0.0], [111.90794, 1.08559, 0.0], [111.91309, 1.09098, 0.0], [111.92897, 1.09095, 0.0], [111.93536, 1.12215, 0.0], [111.94884, 1.11976, 0.0], [111.95484, 1.12832, 0.0], [111.98698, 1.12746, 0.0], [111.9946, 1.13015, 0.0], [111.99736, 1.13958, 0.0], [112.01778, 1.12963, 0.0], [112.0275, 1.13363, 0.0], [112.04518, 1.13139, 0.0], [112.05587, 1.1372, 0.0], [112.08498, 1.13243, 0.0], [112.1196, 1.1324, 0.0], [112.13562, 1.13832, 0.0], [112.14296, 1.13503, 0.0], [112.14183, 1.1521, 0.0], [112.14763, 1.16269, 0.0], [112.13531, 1.17802, 0.0], [112.14895, 1.18538, 0.0], [112.1587, 1.19742, 0.0], [112.15778, 1.2072, 0.0], [112.16474, 1.20987, 0.0], [112.15764, 1.24221, 0.0], [112.16829, 1.24471, 0.0], [112.17388, 1.25293, 0.0], [112.16976, 1.27662, 0.0], [112.17827, 1.28572, 0.0], [112.17875, 1.30442, 0.0], [112.2024, 1.31418, 0.0], [112.21801, 1.33667, 0.0], [112.21317, 1.34645, 0.0], [112.22411, 1.35142, 0.0], [112.22362, 1.36674, 0.0], [112.23233, 1.37866, 0.0], [112.23232, 1.39819, 0.0], [112.22383, 1.39225, 0.0], [112.21181, 1.40591, 0.0], [112.20099, 1.40511, 0.0], [112.2, 1.41192, 0.0], [112.2065, 1.41991, 0.0], [112.2051, 1.43767, 0.0], [112.21223, 1.44951, 0.0], [112.22703, 1.45658, 0.0], [112.25208, 1.45791, 0.0], [112.26838, 1.46861, 0.0], [112.27622, 1.46746, 0.0], [112.28857, 1.47402, 0.0], [112.29365, 1.48407, 0.0], [112.31854, 1.50087, 0.0], [112.31928, 1.5076, 0.0], [112.34522, 1.50794, 0.0], [112.35205, 1.50374, 0.0], [112.37424, 1.51661, 0.0], [112.38631, 1.51367, 0.0], [112.39359, 1.52266, 0.0], [112.40356, 1.51996, 0.0], [112.42599, 1.52998, 0.0], [112.43398, 1.52716, 0.0], [112.44436, 1.53784, 0.0], [112.44636, 1.55317, 0.0], [112.46415, 1.55983, 0.0], [112.47597, 1.57265, 0.0], [112.48156, 1.57142, 0.0], [112.48599, 1.57965, 0.0], [112.50103, 1.58372, 0.0], [112.51529, 1.57597, 0.0], [112.5255, 1.58029, 0.0], [112.56027, 1.57233, 0.0], [112.6014, 1.57369, 0.0], [112.63255, 1.56559, 0.0], [112.65774, 1.57138, 0.0], [112.67691, 1.55456, 0.0], [112.69476, 1.55444, 0.0], [112.72718, 1.56796, 0.0], [112.74956, 1.55765, 0.0], [112.77458, 1.56376, 0.0], [112.79465, 1.55621, 0.0], [112.79933, 1.54756, 0.0], [112.81252, 1.54002, 0.0], [112.82311, 1.54033, 0.0], [112.82952, 1.54742, 0.0], [112.84085, 1.53817, 0.0], [112.84623, 1.53993, 0.0], [112.85434, 1.55928, 0.0], [112.86627, 1.56136, 0.0], [112.86655, 1.5676, 0.0], [112.88103, 1.5853, 0.0]]]}}, {"type": "Feature", "id": 6209, "properties": {"WADMKK": "Katingan", "WADMPR": "Kalimantan Tengah", "LUASWH": 20380.5031296, "kode_wilayah": 6209, "nama_resmi": "Kabupaten Katingan", "tipe": "Kabupaten", "provinsi": "Kalimantan Tengah", "pulau": "Kalimantan", "parlemen": 8.0, "pendapatan": 29.97, "pengeluaran": 11691.0, "ahh": 68.53, "profesional": 34.83, "tpak": 47.82, "rls": 8.95, "hls": 12.99, "skor_ekonomi": 26.14, "skor_keputusan": 29.02, "skor_kapasitas_sosial": 52.71, "ikpp_komposit": 32.61, "kuadran": "Kuadran III (Ekonomi Rendah, Keputusan Rendah)", "lisa_cluster_keputusan": "Not Significant", "lisa_cluster_ekonomi": "Low-Low (Coldspot)", "pc1": -0.563, "pc2": -0.563, "lat": -2.185, "lon": 111.428}, "geometry": {"type": "MultiPolygon", "coordinates": [[[[113.15391, -0.47857, 0.0], [113.16703, -0.47823, 0.0], [113.16945, -0.48906, 0.0], [113.17942, -0.48951, 0.0], [113.19217, -0.50355, 0.0], [113.21116, -0.50613, 0.0], [113.19407, -0.50814, 0.0], [113.18449, -0.52648, 0.0], [113.16066, -0.53757, 0.0], [113.15832, -0.54458, 0.0], [113.15756, -0.55919, 0.0], [113.16706, -0.58324, 0.0], [113.17539, -0.5908, 0.0], [113.17263, -0.60201, 0.0], [113.19227, -0.61354, 0.0], [113.19268, -0.62799, 0.0], [113.20064, -0.64229, 0.0], [113.22038, -0.65977, 0.0], [113.22691, -0.68081, 0.0], [113.22382, -0.70442, 0.0], [113.20553, -0.72767, 0.0], [113.19005, -0.73485, 0.0], [113.1847, -0.74415, 0.0], [113.19401, -0.75883, 0.0], [113.19236, -0.76839, 0.0], [113.19788, -0.78413, 0.0], [113.19013, -0.80226, 0.0], [113.20056, -0.83542, 0.0], [113.21306, -0.85238, 0.0], [113.23421, -0.86257, 0.0], [113.21958, -0.89286, 0.0], [113.22987, -0.94245, 0.0], [113.2863, -1.06441, 0.0], [113.28142, -1.07764, 0.0], [113.24887, -1.10778, 0.0], [113.24887, -1.12886, 0.0], [113.2378, -1.1426, 0.0], [113.23869, -1.15458, 0.0], [113.22726, -1.15553, 0.0], [113.20366, -1.1677, 0.0], [113.18373, -1.2165, 0.0], [113.18575, -1.23522, 0.0], [113.19111, -1.24183, 0.0], [113.18574, -1.2517, 0.0], [113.19916, -1.28353, 0.0], [113.29404, -1.4233, 0.0], [113.33898, -1.47988, 0.0], [113.36129, -1.52552, 0.0], [113.39982, -1.54107, 0.0], [113.43374, -1.57744, 0.0], [113.47761, -1.60503, 0.0], [113.49006, -1.61782, 0.0], [113.50203, -1.64448, 0.0], [113.47569, -1.68057, 0.0], [113.48938, -1.78647, 0.0], [113.55692, -1.90327, 0.0], [113.5666, -1.90784, 0.0], [113.5634, -1.91645, 0.0], [113.57321, -1.92132, 0.0], [113.69469, -2.08653, 0.0], [113.69967, -2.15705, 0.0], [113.68992, -2.24324, 0.0], [113.762, -2.40188, 0.0], [113.75095, -2.52165, 0.0], [113.66503, -2.61829, 0.0], [113.58412, -2.73779, 0.0], [113.60411, -2.76192, 0.0], [113.62779, -2.81081, 0.0], [113.64573, -2.85672, 0.0], [113.66034, -2.91389, 0.0], [113.70838, -2.96326, 0.0], [113.7136, -3.02162, 0.0], [113.69256, -3.03017, 0.0], [113.6639, -3.05425, 0.0], [113.65775, -3.06945, 0.0], [113.66566, -3.08537, 0.0], [113.65966, -3.09023, 0.0], [113.6461, -3.08802, 0.0], [113.63679, -3.10551, 0.0], [113.63228, -3.14003, 0.0], [113.62668, -3.14549, 0.0], [113.61447, -3.14151, 0.0], [113.6021, -3.16561, 0.0], [113.5375, -3.16233, 0.0], [113.45015, -3.19054, 0.0], [113.45058, -3.1951, 0.0], [113.43803, -3.2064, 0.0], [113.43604, -3.22525, 0.0], [113.42937, -3.23597, 0.0], [113.39162, -3.2476, 0.0], [113.37248, -3.26047, 0.0], [113.36673, -3.27136, 0.0], [113.3486, -3.26605, 0.0], [113.34213, -3.27314, 0.0], [113.34469, -3.28043, 0.0], [113.32921, -3.26562, 0.0], [113.27474, -3.19151, 0.0], [113.23454, -3.15194, 0.0], [113.23287, -3.12318, 0.0], [113.22219, -3.08424, 0.0], [113.14826, -2.9232, 0.0], [113.09726, -2.79754, 0.0], [113.09473, -2.67528, 0.0], [113.13568, -2.60833, 0.0], [113.21308, -2.45046, 0.0], [113.1722, -2.32305, 0.0], [113.22975, -2.16457, 0.0], [113.26966, -2.02444, 0.0], [113.22013, -1.99098, 0.0], [113.21737, -1.97574, 0.0], [113.20342, -1.9757, 0.0], [113.20362, -1.95236, 0.0], [113.1618, -1.92244, 0.0], [113.16188, -1.91106, 0.0], [113.15631, -1.91074, 0.0], [113.15565, -1.89956, 0.0], [113.14233, -1.89935, 0.0], [113.14251, -1.84562, 0.0], [113.13338, -1.84544, 0.0], [113.13417, -1.8152, 0.0], [113.06176, -1.81329, 0.0], [113.04342, -1.79703, 0.0], [113.04385, -1.77895, 0.0], [113.03393, -1.77886, 0.0], [113.03372, -1.7656, 0.0], [113.01717, -1.76563, 0.0], [113.01755, -1.74959, 0.0], [112.99921, -1.74894, 0.0], [113.00011, -1.71643, 0.0], [112.98112, -1.71583, 0.0], [112.98147, -1.70579, 0.0], [112.92869, -1.70481, 0.0], [112.92991, -1.64097, 0.0], [112.8966, -1.64007, 0.0], [112.89892, -1.59419, 0.0], [112.8638, -1.59171, 0.0], [112.86229, -1.52471, 0.0], [112.85191, -1.52455, 0.0], [112.85151, -1.51402, 0.0], [112.83827, -1.50492, 0.0], [112.83926, -1.4239, 0.0], [112.81563, -1.42387, 0.0], [112.80666, -1.41021, 0.0], [112.79366, -1.40753, 0.0], [112.79136, -1.39298, 0.0], [112.76347, -1.38966, 0.0], [112.74596, -1.3781, 0.0], [112.74892, -1.371, 0.0], [112.74348, -1.35324, 0.0], [112.74952, -1.33346, 0.0], [112.73637, -1.32186, 0.0], [112.69119, -1.30649, 0.0], [112.66958, -1.27236, 0.0], [112.67493, -1.25579, 0.0], [112.66741, -1.25144, 0.0], [112.65207, -1.22495, 0.0], [112.63196, -1.2077, 0.0], [112.53984, -1.19294, 0.0], [112.51542, -1.19914, 0.0], [112.51098, -1.20801, 0.0], [112.4903, -1.20017, 0.0], [112.48025, -1.20372, 0.0], [112.46177, -1.19795, 0.0], [112.4268, -1.20629, 0.0], [112.39223, -1.23962, 0.0], [112.37558, -1.23104, 0.0], [112.35025, -1.23146, 0.0], [112.33387, -1.24598, 0.0], [112.33699, -1.25787, 0.0], [112.32343, -1.27525, 0.0], [112.32859, -1.29062, 0.0], [112.32294, -1.29959, 0.0], [112.30143, -1.30647, 0.0], [112.27909, -1.30372, 0.0], [112.25792, -1.32073, 0.0], [112.22406, -1.31691, 0.0], [112.21761, -1.31304, 0.0], [112.21635, -1.30612, 0.0], [112.20197, -1.30273, 0.0], [112.18693, -1.30302, 0.0], [112.17398, -1.31295, 0.0], [112.16405, -1.31209, 0.0], [112.15147, -1.30213, 0.0], [112.127, -1.31283, 0.0], [112.13004, -1.27783, 0.0], [112.12237, -1.25409, 0.0], [112.1261, -1.23313, 0.0], [112.11263, -1.21831, 0.0], [112.09847, -1.21698, 0.0], [112.09634, -1.21144, 0.0], [112.10852, -1.20067, 0.0], [112.1152, -1.15331, 0.0], [112.12194, -1.15022, 0.0], [112.11869, -1.13979, 0.0], [112.13804, -1.12831, 0.0], [112.13745, -1.12148, 0.0], [112.14569, -1.11792, 0.0], [112.16223, -1.08713, 0.0], [112.15801, -1.03911, 0.0], [112.14673, -1.03587, 0.0], [112.11693, -1.04519, 0.0], [112.11157, -1.02975, 0.0], [112.10018, -1.02076, 0.0], [112.11396, -0.9885, 0.0], [112.11322, -0.92978, 0.0], [112.13121, -0.90027, 0.0], [112.14701, -0.89195, 0.0], [112.14903, -0.88399, 0.0], [112.17231, -0.86631, 0.0], [112.15669, -0.85011, 0.0], [112.14655, -0.83015, 0.0], [112.16006, -0.81307, 0.0], [112.16805, -0.79321, 0.0], [112.18979, -0.77547, 0.0], [112.19422, -0.76544, 0.0], [112.19226, -0.74879, 0.0], [112.17542, -0.72557, 0.0], [112.17749, -0.7183, 0.0], [112.16354, -0.68819, 0.0], [112.17442, -0.68418, 0.0], [112.17605, -0.64362, 0.0], [112.18178, -0.63789, 0.0], [112.20532, -0.63176, 0.0], [112.20951, -0.61503, 0.0], [112.23276, -0.61295, 0.0], [112.24447, -0.63056, 0.0], [112.25063, -0.62761, 0.0], [112.25999, -0.63176, 0.0], [112.28438, -0.66739, 0.0], [112.28409, -0.67504, 0.0], [112.29446, -0.69711, 0.0], [112.29981, -0.699, 0.0], [112.3002, -0.70671, 0.0], [112.31512, -0.72334, 0.0], [112.34866, -0.70356, 0.0], [112.35642, -0.71501, 0.0], [112.37419, -0.71009, 0.0], [112.38568, -0.71364, 0.0], [112.40221, -0.70407, 0.0], [112.41062, -0.68905, 0.0], [112.42829, -0.68264, 0.0], [112.43428, -0.67362, 0.0], [112.46096, -0.66926, 0.0], [112.46574, -0.6802, 0.0], [112.47868, -0.69023, 0.0], [112.48685, -0.69158, 0.0], [112.49674, -0.68466, 0.0], [112.50286, -0.70016, 0.0], [112.51334, -0.70079, 0.0], [112.52229, -0.69179, 0.0], [112.53246, -0.69839, 0.0], [112.54036, -0.69383, 0.0], [112.56127, -0.69617, 0.0], [112.56785, -0.68525, 0.0], [112.57639, -0.68167, 0.0], [112.59329, -0.69007, 0.0], [112.60876, -0.684, 0.0], [112.61637, -0.66875, 0.0], [112.62669, -0.66776, 0.0], [112.63818, -0.65733, 0.0], [112.64498, -0.66003, 0.0], [112.65235, -0.65452, 0.0], [112.66658, -0.65978, 0.0], [112.67721, -0.6546, 0.0], [112.6881, -0.6591, 0.0], [112.6938, -0.64258, 0.0], [112.70238, -0.63863, 0.0], [112.70029, -0.62729, 0.0], [112.70465, -0.6201, 0.0], [112.71669, -0.62797, 0.0], [112.73439, -0.63076, 0.0], [112.72951, -0.58806, 0.0], [112.7446, -0.57189, 0.0], [112.7774, -0.57384, 0.0], [112.78745, -0.58582, 0.0], [112.83236, -0.5776, 0.0], [112.83582, -0.56907, 0.0], [112.86584, -0.54783, 0.0], [112.88928, -0.53857, 0.0], [112.91164, -0.54055, 0.0], [112.92167, -0.53352, 0.0], [112.92304, -0.52202, 0.0], [112.92926, -0.52428, 0.0], [112.93813, -0.51547, 0.0], [112.97568, -0.51114, 0.0], [112.99146, -0.49279, 0.0], [112.99125, -0.4999, 0.0], [112.99808, -0.50344, 0.0], [113.03, -0.5025, 0.0], [113.03766, -0.49592, 0.0], [113.04333, -0.50833, 0.0], [113.0546, -0.51385, 0.0], [113.08974, -0.48969, 0.0], [113.09693, -0.48948, 0.0], [113.13079, -0.45216, 0.0], [113.14258, -0.47172, 0.0], [113.15391, -0.47857, 0.0]]], [[[113.39667, -3.24925, 0.0], [113.40589, -3.26, 0.0], [113.40482, -3.26083, 0.0], [113.40369, -3.26411, 0.0], [113.40093, -3.26739, 0.0], [113.40076, -3.26795, 0.0], [113.40079, -3.2684, 0.0], [113.40199, -3.26779, 0.0], [113.40554, -3.26239, 0.0], [113.40702, -3.26639, 0.0], [113.38213, -3.29619, 0.0], [113.36687, -3.30114, 0.0], [113.35926, -3.27742, 0.0], [113.36895, -3.27253, 0.0], [113.37328, -3.26251, 0.0], [113.39667, -3.24925, 0.0]]], [[[113.40117, -3.26798, 0.0], [113.40096, -3.26748, 0.0], [113.40182, -3.26682, 0.0], [113.40117, -3.26798, 0.0]]], [[[113.43458, -3.34761, 0.0], [113.434, -3.34832, 0.0], [113.43441, -3.34747, 0.0], [113.43458, -3.34761, 0.0]]], [[[113.42063, -3.35955, 0.0], [113.42056, -3.36007, 0.0], [113.42045, -3.35957, 0.0], [113.42063, -3.35955, 0.0]]]]}}, {"type": "Feature", "id": 6106, "properties": {"WADMKK": "Ketapang", "WADMPR": "Kalimantan Barat", "LUASWH": 30012.0225218, "kode_wilayah": 6106, "nama_resmi": "Kabupaten Ketapang", "tipe": "Kabupaten", "provinsi": "Kalimantan Barat", "pulau": "Kalimantan", "parlemen": 6.67, "pendapatan": 26.18, "pengeluaran": 10472.0, "ahh": 73.68, "profesional": 40.74, "tpak": 41.81, "rls": 7.68, "hls": 11.97, "skor_ekonomi": 18.79, "skor_keputusan": 31.77, "skor_kapasitas_sosial": 53.6, "ikpp_komposit": 30.94, "kuadran": "Kuadran III (Ekonomi Rendah, Keputusan Rendah)", "lisa_cluster_keputusan": "Not Significant", "lisa_cluster_ekonomi": "Not Significant", "pc1": -0.588, "pc2": -1.413, "lat": 0.879, "lon": 112.925}, "geometry": {"type": "MultiPolygon", "coordinates": [[[[110.47022, -0.32419, 0.0], [110.49571, -0.33105, 0.0], [110.50967, -0.32438, 0.0], [110.5297, -0.33814, 0.0], [110.53803, -0.35093, 0.0], [110.57045, -0.34646, 0.0], [110.56141, -0.35625, 0.0], [110.56255, -0.3718, 0.0], [110.57497, -0.38999, 0.0], [110.58206, -0.38763, 0.0], [110.58883, -0.39487, 0.0], [110.59755, -0.39534, 0.0], [110.5989, -0.40587, 0.0], [110.61355, -0.43024, 0.0], [110.61184, -0.43773, 0.0], [110.61798, -0.44353, 0.0], [110.61394, -0.47272, 0.0], [110.62055, -0.48674, 0.0], [110.61493, -0.50993, 0.0], [110.6335, -0.55034, 0.0], [110.61676, -0.56456, 0.0], [110.62827, -0.56597, 0.0], [110.63481, -0.58734, 0.0], [110.64773, -0.58961, 0.0], [110.67469, -0.61678, 0.0], [110.69326, -0.61519, 0.0], [110.71718, -0.62251, 0.0], [110.76379, -0.62126, 0.0], [110.78226, -0.60628, 0.0], [110.81, -0.59784, 0.0], [110.82394, -0.59985, 0.0], [110.84134, -0.60802, 0.0], [110.86362, -0.63546, 0.0], [110.87122, -0.67316, 0.0], [110.87891, -0.67511, 0.0], [110.88261, -0.67058, 0.0], [110.89543, -0.68071, 0.0], [110.90329, -0.67365, 0.0], [110.90849, -0.67557, 0.0], [110.91191, -0.66478, 0.0], [110.93014, -0.67757, 0.0], [110.93478, -0.67602, 0.0], [110.93466, -0.65017, 0.0], [110.96025, -0.64303, 0.0], [110.96996, -0.62603, 0.0], [110.96191, -0.61807, 0.0], [110.96262, -0.61191, 0.0], [110.95501, -0.61397, 0.0], [110.95955, -0.60304, 0.0], [110.94872, -0.59826, 0.0], [110.92769, -0.5576, 0.0], [110.94113, -0.54835, 0.0], [110.94708, -0.53397, 0.0], [110.95515, -0.53218, 0.0], [110.96586, -0.52066, 0.0], [110.95873, -0.50946, 0.0], [110.96608, -0.48152, 0.0], [111.00098, -0.49506, 0.0], [111.00766, -0.50604, 0.0], [111.01254, -0.50191, 0.0], [111.02319, -0.50754, 0.0], [111.05841, -0.51236, 0.0], [111.07219, -0.50127, 0.0], [111.07723, -0.50575, 0.0], [111.0907, -0.50228, 0.0], [111.1006, -0.50663, 0.0], [111.11297, -0.50094, 0.0], [111.12562, -0.50735, 0.0], [111.13032, -0.51509, 0.0], [111.15584, -0.51125, 0.0], [111.17119, -0.51817, 0.0], [111.17773, -0.51116, 0.0], [111.18522, -0.51528, 0.0], [111.19225, -0.50959, 0.0], [111.19769, -0.5225, 0.0], [111.21318, -0.53099, 0.0], [111.22063, -0.54309, 0.0], [111.22241, -0.56195, 0.0], [111.23967, -0.5916, 0.0], [111.23907, -0.59824, 0.0], [111.23414, -0.59936, 0.0], [111.23475, -0.61448, 0.0], [111.24055, -0.62336, 0.0], [111.23449, -0.63276, 0.0], [111.21625, -0.63579, 0.0], [111.21446, -0.64733, 0.0], [111.21595, -0.65848, 0.0], [111.24143, -0.69268, 0.0], [111.24268, -0.71816, 0.0], [111.23624, -0.73285, 0.0], [111.24378, -0.73533, 0.0], [111.2237, -0.75409, 0.0], [111.20728, -0.78227, 0.0], [111.20558, -0.81494, 0.0], [111.21478, -0.82258, 0.0], [111.21045, -0.83151, 0.0], [111.21809, -0.84923, 0.0], [111.21494, -0.8564, 0.0], [111.20672, -0.85259, 0.0], [111.20581, -0.842, 0.0], [111.19821, -0.83936, 0.0], [111.18632, -0.82241, 0.0], [111.17456, -0.83377, 0.0], [111.17215, -0.84834, 0.0], [111.1613, -0.84585, 0.0], [111.15177, -0.86561, 0.0], [111.16054, -0.88362, 0.0], [111.16675, -0.88727, 0.0], [111.16702, -0.91128, 0.0], [111.12188, -0.93097, 0.0], [111.11409, -0.95189, 0.0], [111.1222, -0.96336, 0.0], [111.1287, -0.96028, 0.0], [111.15061, -0.96493, 0.0], [111.14371, -0.98516, 0.0], [111.14467, -1.00725, 0.0], [111.15526, -1.01289, 0.0], [111.17643, -1.01044, 0.0], [111.18244, -1.01802, 0.0], [111.19827, -1.01974, 0.0], [111.20402, -1.0378, 0.0], [111.21693, -1.04741, 0.0], [111.21602, -1.05706, 0.0], [111.23979, -1.05686, 0.0], [111.24875, -1.08603, 0.0], [111.26219, -1.09861, 0.0], [111.25349, -1.11861, 0.0], [111.2585, -1.12814, 0.0], [111.24524, -1.16148, 0.0], [111.24815, -1.16705, 0.0], [111.23908, -1.17383, 0.0], [111.23253, -1.18983, 0.0], [111.24661, -1.19352, 0.0], [111.26242, -1.21496, 0.0], [111.25539, -1.24973, 0.0], [111.26734, -1.25269, 0.0], [111.27074, -1.25798, 0.0], [111.31601, -1.25743, 0.0], [111.31758, -1.26606, 0.0], [111.30884, -1.276, 0.0], [111.31343, -1.28775, 0.0], [111.31871, -1.28601, 0.0], [111.31588, -1.30116, 0.0], [111.33511, -1.30637, 0.0], [111.3414, -1.31337, 0.0], [111.34152, -1.32099, 0.0], [111.33188, -1.33371, 0.0], [111.33303, -1.34885, 0.0], [111.32736, -1.35504, 0.0], [111.3267, -1.36712, 0.0], [111.31102, -1.37349, 0.0], [111.30573, -1.38945, 0.0], [111.29239, -1.38151, 0.0], [111.28411, -1.38349, 0.0], [111.28211, -1.40015, 0.0], [111.26178, -1.41385, 0.0], [111.26014, -1.42987, 0.0], [111.25422, -1.43813, 0.0], [111.24596, -1.43476, 0.0], [111.23046, -1.43885, 0.0], [111.22756, -1.43533, 0.0], [111.22539, -1.43935, 0.0], [111.20377, -1.4428, 0.0], [111.19846, -1.44982, 0.0], [111.20278, -1.45537, 0.0], [111.20001, -1.47487, 0.0], [111.18073, -1.47677, 0.0], [111.18224, -1.45813, 0.0], [111.17614, -1.44474, 0.0], [111.15605, -1.43182, 0.0], [111.1384, -1.44474, 0.0], [111.13394, -1.44289, 0.0], [111.13278, -1.4513, 0.0], [111.12382, -1.45059, 0.0], [111.12263, -1.45882, 0.0], [111.11107, -1.46577, 0.0], [111.11426, -1.47391, 0.0], [111.11925, -1.47185, 0.0], [111.11958, -1.48683, 0.0], [111.1158, -1.49092, 0.0], [111.09871, -1.48698, 0.0], [111.09595, -1.49844, 0.0], [111.08381, -1.50188, 0.0], [111.08664, -1.50458, 0.0], [111.07965, -1.52504, 0.0], [111.06738, -1.52759, 0.0], [111.06495, -1.52181, 0.0], [111.04978, -1.51651, 0.0], [111.03494, -1.52881, 0.0], [111.02285, -1.51373, 0.0], [111.02488, -1.50483, 0.0], [111.00631, -1.50363, 0.0], [111.00108, -1.51406, 0.0], [110.9958, -1.51337, 0.0], [110.96619, -1.54424, 0.0], [110.9697, -1.55202, 0.0], [110.96251, -1.55577, 0.0], [110.95264, -1.54919, 0.0], [110.93504, -1.55731, 0.0], [110.92661, -1.57146, 0.0], [110.91808, -1.57527, 0.0], [110.90378, -1.60165, 0.0], [110.89664, -1.60431, 0.0], [110.88701, -1.59864, 0.0], [110.87919, -1.6139, 0.0], [110.86363, -1.62438, 0.0], [110.87085, -1.63612, 0.0], [110.86909, -1.6511, 0.0], [110.87651, -1.65903, 0.0], [110.87334, -1.6655, 0.0], [110.89289, -1.65682, 0.0], [110.90441, -1.67642, 0.0], [110.90313, -1.68745, 0.0], [110.91697, -1.69304, 0.0], [110.92295, -1.68935, 0.0], [110.93995, -1.6573, 0.0], [110.95467, -1.6508, 0.0], [110.96722, -1.65792, 0.0], [110.97822, -1.64853, 0.0], [110.99431, -1.65009, 0.0], [110.99994, -1.65731, 0.0], [110.99383, -1.66705, 0.0], [110.99318, -1.68057, 0.0], [110.99758, -1.68369, 0.0], [110.98446, -1.68912, 0.0], [110.99436, -1.70695, 0.0], [111.00119, -1.70641, 0.0], [111.01014, -1.71571, 0.0], [111.01484, -1.70976, 0.0], [111.0258, -1.71986, 0.0], [111.02058, -1.73001, 0.0], [111.02629, -1.75224, 0.0], [111.02087, -1.75392, 0.0], [111.02102, -1.76098, 0.0], [111.0135, -1.77044, 0.0], [111.01407, -1.78182, 0.0], [110.9951, -1.78792, 0.0], [110.99198, -1.79848, 0.0], [110.96887, -1.81389, 0.0], [110.97783, -1.8285, 0.0], [110.97143, -1.83719, 0.0], [110.9523, -1.84619, 0.0], [110.95019, -1.88686, 0.0], [110.96413, -1.89477, 0.0], [110.96472, -1.90981, 0.0], [110.98772, -1.94037, 0.0], [110.98713, -1.95313, 0.0], [110.99194, -1.95548, 0.0], [110.99997, -1.94736, 0.0], [111.00952, -1.96921, 0.0], [111.05504, -1.95717, 0.0], [111.05871, -1.96292, 0.0], [111.08636, -1.96536, 0.0], [111.09346, -1.97392, 0.0], [111.08919, -1.9821, 0.0], [111.09817, -1.9806, 0.0], [111.10145, -1.98862, 0.0], [111.07886, -2.00944, 0.0], [111.08359, -2.0251, 0.0], [111.08787, -2.02631, 0.0], [111.08818, -2.04451, 0.0], [111.0644, -2.0515, 0.0], [111.05796, -2.06718, 0.0], [111.05713, -2.0731, 0.0], [111.06844, -2.09036, 0.0], [111.06826, -2.1163, 0.0], [111.0865, -2.14912, 0.0], [111.07, -2.17804, 0.0], [111.06937, -2.1952, 0.0], [111.07543, -2.20277, 0.0], [111.06519, -2.2014, 0.0], [111.06465, -2.21503, 0.0], [111.05924, -2.21064, 0.0], [111.05889, -2.21626, 0.0], [111.05302, -2.21292, 0.0], [111.05067, -2.21869, 0.0], [111.04809, -2.21536, 0.0], [111.0527, -2.22809, 0.0], [111.04717, -2.23476, 0.0], [111.05251, -2.2351, 0.0], [111.05316, -2.24061, 0.0], [111.04419, -2.24151, 0.0], [111.04386, -2.24644, 0.0], [111.05298, -2.24483, 0.0], [111.04638, -2.24921, 0.0], [111.0529, -2.24973, 0.0], [111.05442, -2.25643, 0.0], [111.06995, -2.25914, 0.0], [111.06736, -2.27508, 0.0], [111.07213, -2.27631, 0.0], [111.0744, -2.29042, 0.0], [111.08154, -2.28623, 0.0], [111.07928, -2.29261, 0.0], [111.08423, -2.29198, 0.0], [111.08578, -2.29959, 0.0], [111.10027, -2.30122, 0.0], [111.10239, -2.30494, 0.0], [111.09355, -2.30441, 0.0], [111.09524, -2.31131, 0.0], [111.10568, -2.31264, 0.0], [111.11574, -2.32619, 0.0], [111.1097, -2.328, 0.0], [111.11375, -2.33347, 0.0], [111.1088, -2.33836, 0.0], [111.10148, -2.33953, 0.0], [111.11427, -2.34414, 0.0], [111.10856, -2.35102, 0.0], [111.10706, -2.38307, 0.0], [111.11354, -2.38866, 0.0], [111.11583, -2.4001, 0.0], [111.11351, -2.45638, 0.0], [111.1214, -2.45858, 0.0], [111.12111, -2.46335, 0.0], [111.12376, -2.45973, 0.0], [111.1237, -2.478, 0.0], [111.13505, -2.47477, 0.0], [111.13544, -2.48254, 0.0], [111.12618, -2.48529, 0.0], [111.13058, -2.49419, 0.0], [111.17083, -2.51314, 0.0], [111.14819, -2.64233, 0.0], [111.176, -2.68886, 0.0], [111.17036, -2.70695, 0.0], [111.15789, -2.71853, 0.0], [111.14717, -2.74182, 0.0], [111.10131, -2.76863, 0.0], [111.0121, -2.79522, 0.0], [110.99816, -2.8276, 0.0], [110.97572, -2.8427, 0.0], [110.96685, -2.85769, 0.0], [110.92924, -2.86865, 0.0], [110.91536, -2.86624, 0.0], [110.887, -2.87135, 0.0], [110.87829, -2.8828, 0.0], [110.8597, -2.88901, 0.0], [110.8472, -2.88572, 0.0], [110.82826, -2.90565, 0.0], [110.79155, -2.91409, 0.0], [110.75458, -2.94324, 0.0], [110.73683, -2.9819, 0.0], [110.72829, -2.98795, 0.0], [110.72643, -3.00161, 0.0], [110.68861, -3.01476, 0.0], [110.66869, -3.03148, 0.0], [110.64594, -3.036, 0.0], [110.61273, -3.02313, 0.0], [110.61591, -3.0184, 0.0], [110.62096, -3.02229, 0.0], [110.62454, -3.01316, 0.0], [110.61122, -2.9852, 0.0], [110.63539, -2.99256, 0.0], [110.64412, -2.98931, 0.0], [110.63732, -2.98159, 0.0], [110.63496, -2.93964, 0.0], [110.6232, -2.88845, 0.0], [110.59638, -2.85311, 0.0], [110.5633, -2.84086, 0.0], [110.54056, -2.84705, 0.0], [110.53438, -2.84483, 0.0], [110.53849, -2.85297, 0.0], [110.51524, -2.8519, 0.0], [110.49107, -2.85962, 0.0], [110.41349, -2.89992, 0.0], [110.34794, -2.94986, 0.0], [110.31745, -2.97853, 0.0], [110.30681, -2.99051, 0.0], [110.30624, -2.99608, 0.0], [110.29351, -2.97839, 0.0], [110.25951, -2.96014, 0.0], [110.2476, -2.91795, 0.0], [110.22418, -2.88698, 0.0], [110.24655, -2.85972, 0.0], [110.25965, -2.82789, 0.0], [110.26515, -2.79678, 0.0], [110.26095, -2.76744, 0.0], [110.25635, -2.75881, 0.0], [110.21844, -2.73945, 0.0], [110.2308, -2.72468, 0.0], [110.22837, -2.71217, 0.0], [110.23347, -2.69739, 0.0], [110.21718, -2.67052, 0.0], [110.21426, -2.64798, 0.0], [110.19023, -2.63451, 0.0], [110.17097, -2.63083, 0.0], [110.15918, -2.63494, 0.0], [110.14872, -2.62169, 0.0], [110.15719, -2.61809, 0.0], [110.15316, -2.61405, 0.0], [110.15734, -2.61484, 0.0], [110.16298, -2.60188, 0.0], [110.17438, -2.60252, 0.0], [110.17334, -2.59758, 0.0], [110.18361, -2.59032, 0.0], [110.1902, -2.57116, 0.0], [110.19124, -2.54577, 0.0], [110.19887, -2.51951, 0.0], [110.18518, -2.49789, 0.0], [110.18217, -2.45867, 0.0], [110.16382, -2.43751, 0.0], [110.14853, -2.42875, 0.0], [110.15375, -2.41211, 0.0], [110.14957, -2.37328, 0.0], [110.14238, -2.36466, 0.0], [110.14629, -2.36415, 0.0], [110.14576, -2.33023, 0.0], [110.13282, -2.29248, 0.0], [110.1144, -2.26271, 0.0], [110.09583, -2.24501, 0.0], [110.08693, -2.24128, 0.0], [110.07696, -2.24757, 0.0], [110.06197, -2.24577, 0.0], [110.07114, -2.23748, 0.0], [110.08073, -2.2412, 0.0], [110.09177, -2.22464, 0.0], [110.09504, -2.20392, 0.0], [110.09196, -2.19394, 0.0], [110.08432, -2.19037, 0.0], [110.08528, -2.17899, 0.0], [110.09912, -2.17103, 0.0], [110.1089, -2.1562, 0.0], [110.1206, -2.08127, 0.0], [110.11196, -2.04362, 0.0], [110.11759, -2.03268, 0.0], [110.12337, -2.03243, 0.0], [110.10892, -2.02637, 0.0], [110.10011, -1.97979, 0.0], [110.08995, -1.96014, 0.0], [110.06375, -1.9286, 0.0], [110.04566, -1.91756, 0.0], [110.00472, -1.90471, 0.0], [109.96388, -1.8754, 0.0], [109.92439, -1.85738, 0.0], [109.8999, -1.82907, 0.0], [109.90546, -1.82527, 0.0], [109.91909, -1.8303, 0.0], [109.92666, -1.832, 0.0], [109.92848, -1.83072, 0.0], [109.92381, -1.81917, 0.0], [109.90829, -1.804, 0.0], [109.91234, -1.77372, 0.0], [109.9427, -1.77766, 0.0], [109.9459, -1.77483, 0.0], [109.94072, -1.76255, 0.0], [109.95887, -1.76251, 0.0], [109.97591, -1.74941, 0.0], [110.02565, -1.68438, 0.0], [110.03312, -1.66364, 0.0], [110.04198, -1.58278, 0.0], [110.03547, -1.52489, 0.0], [110.04345, -1.49678, 0.0], [110.06393, -1.46034, 0.0], [110.05729, -1.43441, 0.0], [110.07168, -1.42124, 0.0], [110.07442, -1.40496, 0.0], [110.06776, -1.3634, 0.0], [110.07346, -1.36059, 0.0], [110.07723, -1.36385, 0.0], [110.07645, -1.35948, 0.0], [110.09442, -1.35278, 0.0], [110.12774, -1.35573, 0.0], [110.14137, -1.34469, 0.0], [110.15003, -1.3515, 0.0], [110.17009, -1.35463, 0.0], [110.17517, -1.34282, 0.0], [110.18018, -1.34121, 0.0], [110.18845, -1.34507, 0.0], [110.20783, -1.33852, 0.0], [110.21706, -1.34437, 0.0], [110.22352, -1.33501, 0.0], [110.21148, -1.31697, 0.0], [110.21763, -1.28527, 0.0], [110.2522, -1.28843, 0.0], [110.28411, -1.28349, 0.0], [110.29399, -1.27922, 0.0], [110.29557, -1.27126, 0.0], [110.32227, -1.25601, 0.0], [110.34835, -1.2583, 0.0], [110.37209, -1.25453, 0.0], [110.38628, -1.25614, 0.0], [110.39307, -1.26249, 0.0], [110.401, -1.25726, 0.0], [110.41116, -1.26424, 0.0], [110.42166, -1.26017, 0.0], [110.39348, -1.23309, 0.0], [110.39622, -1.21043, 0.0], [110.39376, -1.20254, 0.0], [110.38514, -1.19825, 0.0], [110.38563, -1.19167, 0.0], [110.37825, -1.19067, 0.0], [110.38, -1.18488, 0.0], [110.36486, -1.17087, 0.0], [110.35935, -1.17275, 0.0], [110.35147, -1.16562, 0.0], [110.34379, -1.15552, 0.0], [110.34422, -1.14635, 0.0], [110.32524, -1.13166, 0.0], [110.32456, -1.11437, 0.0], [110.33557, -1.10532, 0.0], [110.34025, -1.11205, 0.0], [110.36058, -1.10913, 0.0], [110.35828, -1.07437, 0.0], [110.33884, -1.07293, 0.0], [110.3428, -1.0535, 0.0], [110.31482, -1.0346, 0.0], [110.31105, -1.0257, 0.0], [110.26923, -1.0005, 0.0], [110.26909, -0.98692, 0.0], [110.28074, -0.98679, 0.0], [110.28142, -0.97541, 0.0], [110.27603, -0.97536, 0.0], [110.27198, -0.96588, 0.0], [110.24298, -0.96584, 0.0], [110.24152, -0.9333, 0.0], [110.16501, -0.9347, 0.0], [110.16486, -0.92322, 0.0], [110.16003, -0.92406, 0.0], [110.15272, -0.91301, 0.0], [110.15948, -0.90937, 0.0], [110.15458, -0.90519, 0.0], [110.16222, -0.90073, 0.0], [110.16962, -0.88361, 0.0], [110.16668, -0.85696, 0.0], [110.1437, -0.85694, 0.0], [110.10749, -0.81855, 0.0], [110.07706, -0.79582, 0.0], [110.07177, -0.77333, 0.0], [110.04053, -0.76052, 0.0], [110.03793, -0.75059, 0.0], [110.02098, -0.74267, 0.0], [110.01067, -0.72447, 0.0], [110.00427, -0.72304, 0.0], [109.99733, -0.72932, 0.0], [109.97765, -0.72549, 0.0], [109.96493, -0.7403, 0.0], [109.93993, -0.74054, 0.0], [109.94129, -0.73258, 0.0], [109.93269, -0.71951, 0.0], [109.89947, -0.73267, 0.0], [109.87959, -0.7167, 0.0], [109.88346, -0.69139, 0.0], [109.8599, -0.65895, 0.0], [109.84297, -0.66181, 0.0], [109.83555, -0.67734, 0.0], [109.82111, -0.67487, 0.0], [109.81801, -0.68426, 0.0], [109.81134, -0.68221, 0.0], [109.80806, -0.67141, 0.0], [109.8183, -0.63773, 0.0], [109.85347, -0.61707, 0.0], [109.8658, -0.59431, 0.0], [109.88051, -0.58761, 0.0], [109.87905, -0.56596, 0.0], [109.88547, -0.55349, 0.0], [109.91914, -0.53227, 0.0], [109.9472, -0.50041, 0.0], [109.97475, -0.49951, 0.0], [109.9886, -0.48503, 0.0], [109.99582, -0.48637, 0.0], [109.99388, -0.47325, 0.0], [110.0051, -0.4724, 0.0], [110.0151, -0.45828, 0.0], [110.01452, -0.44874, 0.0], [110.02713, -0.44493, 0.0], [110.03743, -0.43549, 0.0], [110.03563, -0.42537, 0.0], [110.04373, -0.41459, 0.0], [110.0404, -0.39897, 0.0], [110.05068, -0.38751, 0.0], [110.07604, -0.38914, 0.0], [110.08804, -0.39904, 0.0], [110.09874, -0.39753, 0.0], [110.10838, -0.42867, 0.0], [110.11369, -0.42266, 0.0], [110.1239, -0.42328, 0.0], [110.1311, -0.42931, 0.0], [110.13443, -0.42508, 0.0], [110.13893, -0.43098, 0.0], [110.14671, -0.42935, 0.0], [110.14835, -0.4366, 0.0], [110.15422, -0.43886, 0.0], [110.17018, -0.42538, 0.0], [110.19122, -0.42187, 0.0], [110.19707, -0.41665, 0.0], [110.19801, -0.42474, 0.0], [110.21413, -0.4196, 0.0], [110.21988, -0.42176, 0.0], [110.22023, -0.42839, 0.0], [110.22971, -0.42763, 0.0], [110.23324, -0.43637, 0.0], [110.25232, -0.43903, 0.0], [110.25879, -0.44556, 0.0], [110.2779, -0.43767, 0.0], [110.27782, -0.44254, 0.0], [110.28277, -0.43906, 0.0], [110.30255, -0.45237, 0.0], [110.32065, -0.41054, 0.0], [110.35127, -0.39592, 0.0], [110.37835, -0.40158, 0.0], [110.38119, -0.39698, 0.0], [110.37622, -0.38861, 0.0], [110.38309, -0.38154, 0.0], [110.38737, -0.38756, 0.0], [110.3981, -0.3858, 0.0], [110.40736, -0.39022, 0.0], [110.4277, -0.38518, 0.0], [110.43181, -0.38042, 0.0], [110.42264, -0.36472, 0.0], [110.43716, -0.33947, 0.0], [110.47022, -0.32419, 0.0]]], [[[110.11263, -2.67347, 0.0], [110.12099, -2.67833, 0.0], [110.11933, -2.6871, 0.0], [110.12778, -2.69423, 0.0], [110.12755, -2.70318, 0.0], [110.12346, -2.69772, 0.0], [110.11751, -2.70262, 0.0], [110.12238, -2.71285, 0.0], [110.11528, -2.71871, 0.0], [110.12632, -2.72926, 0.0], [110.12313, -2.73777, 0.0], [110.12825, -2.74243, 0.0], [110.10252, -2.75798, 0.0], [110.0826, -2.76113, 0.0], [110.05464, -2.74768, 0.0], [110.04422, -2.74799, 0.0], [110.04376, -2.7442, 0.0], [110.0667, -2.7314, 0.0], [110.08038, -2.69387, 0.0], [110.08585, -2.69581, 0.0], [110.09152, -2.69085, 0.0], [110.09854, -2.67435, 0.0], [110.11263, -2.67347, 0.0]]], [[[110.1681, -2.85279, 0.0], [110.20148, -2.88349, 0.0], [110.20019, -2.89355, 0.0], [110.19147, -2.90348, 0.0], [110.19273, -2.91216, 0.0], [110.18396, -2.90848, 0.0], [110.1717, -2.91495, 0.0], [110.16119, -2.91386, 0.0], [110.15399, -2.90008, 0.0], [110.14849, -2.90312, 0.0], [110.14491, -2.89828, 0.0], [110.14038, -2.90306, 0.0], [110.13372, -2.89828, 0.0], [110.1314, -2.89086, 0.0], [110.15259, -2.88257, 0.0], [110.16146, -2.86462, 0.0], [110.15892, -2.85682, 0.0], [110.1681, -2.85279, 0.0]]], [[[110.12672, -2.62744, 0.0], [110.12196, -2.63851, 0.0], [110.11486, -2.6338, 0.0], [110.11863, -2.63016, 0.0], [110.12672, -2.62744, 0.0]]], [[[110.05795, -2.37766, 0.0], [110.06911, -2.37402, 0.0], [110.07072, -2.37577, 0.0], [110.05795, -2.37766, 0.0]]], [[[110.01468, -1.4289, 0.0], [110.02065, -1.43429, 0.0], [110.01881, -1.43689, 0.0], [110.01331, -1.43164, 0.0], [110.01468, -1.4289, 0.0]]], [[[110.15027, -2.627, 0.0], [110.15383, -2.63673, 0.0], [110.15293, -2.63815, 0.0], [110.148, -2.63082, 0.0], [110.15027, -2.627, 0.0]]], [[[110.04811, -1.43046, 0.0], [110.05394, -1.43441, 0.0], [110.04963, -1.43862, 0.0], [110.04705, -1.43548, 0.0], [110.04811, -1.43046, 0.0]]], [[[110.08161, -2.83206, 0.0], [110.08512, -2.8326, 0.0], [110.08356, -2.83632, 0.0], [110.08161, -2.83206, 0.0]]], [[[110.0073, -1.42493, 0.0], [110.00627, -1.42974, 0.0], [110.00399, -1.42893, 0.0], [110.00413, -1.42566, 0.0], [110.0073, -1.42493, 0.0]]], [[[109.91748, -1.82108, 0.0], [109.92142, -1.82064, 0.0], [109.92231, -1.82339, 0.0], [109.91748, -1.82108, 0.0]]], [[[109.92821, -1.76573, 0.0], [109.93149, -1.76397, 0.0], [109.93121, -1.76436, 0.0], [109.93304, -1.76535, 0.0], [109.93325, -1.76613, 0.0], [109.92821, -1.76573, 0.0]]], [[[110.08865, -2.8785, 0.0], [110.09203, -2.87962, 0.0], [110.08922, -2.88206, 0.0], [110.08865, -2.8785, 0.0]]], [[[110.11848, -2.67318, 0.0], [110.12021, -2.67011, 0.0], [110.1205, -2.67287, 0.0], [110.11848, -2.67318, 0.0]]], [[[109.93444, -1.77292, 0.0], [109.93684, -1.77291, 0.0], [109.93873, -1.77407, 0.0], [109.93444, -1.77292, 0.0]]], [[[110.20234, -3.06623, 0.0], [110.205, -3.067, 0.0], [110.20377, -3.0679, 0.0], [110.20234, -3.06623, 0.0]]], [[[109.9334, -1.77156, 0.0], [109.93531, -1.76925, 0.0], [109.93619, -1.77077, 0.0], [109.9334, -1.77156, 0.0]]], [[[109.93104, -1.76802, 0.0], [109.93378, -1.7665, 0.0], [109.93461, -1.76819, 0.0], [109.93104, -1.76802, 0.0]]], [[[109.91903, -1.82937, 0.0], [109.92145, -1.82897, 0.0], [109.92257, -1.83042, 0.0], [109.91903, -1.82937, 0.0]]], [[[110.07058, -2.37229, 0.0], [110.07241, -2.37089, 0.0], [110.07233, -2.37177, 0.0], [110.07058, -2.37229, 0.0]]], [[[110.08116, -2.17026, 0.0], [110.08463, -2.17192, 0.0], [110.08383, -2.17312, 0.0], [110.08116, -2.17026, 0.0]]], [[[110.11818, -2.66662, 0.0], [110.1196, -2.666, 0.0], [110.1201, -2.66828, 0.0], [110.11818, -2.66662, 0.0]]], [[[110.07887, -2.16688, 0.0], [110.07935, -2.16869, 0.0], [110.07876, -2.17, 0.0], [110.07887, -2.16688, 0.0]]], [[[110.22383, -3.03982, 0.0], [110.2255, -3.04102, 0.0], [110.22451, -3.04184, 0.0], [110.22383, -3.03982, 0.0]]], [[[110.0917, -2.89416, 0.0], [110.09312, -2.8948, 0.0], [110.09258, -2.89544, 0.0], [110.0917, -2.89416, 0.0]]], [[[110.14475, -2.62686, 0.0], [110.14427, -2.62541, 0.0], [110.14503, -2.62469, 0.0], [110.14475, -2.62686, 0.0]]], [[[110.02341, -1.43743, 0.0], [110.02412, -1.43648, 0.0], [110.02419, -1.43733, 0.0], [110.02341, -1.43743, 0.0]]], [[[110.11259, -2.67036, 0.0], [110.11371, -2.67065, 0.0], [110.11347, -2.6714, 0.0], [110.11259, -2.67036, 0.0]]], [[[110.09892, -2.6697, 0.0], [110.09801, -2.66983, 0.0], [110.098, -2.66933, 0.0], [110.09892, -2.6697, 0.0]]], [[[110.0918, -2.89234, 0.0], [110.09245, -2.89172, 0.0], [110.09266, -2.89289, 0.0], [110.0918, -2.89234, 0.0]]], [[[110.07935, -2.84235, 0.0], [110.07865, -2.84344, 0.0], [110.07889, -2.84237, 0.0], [110.07935, -2.84235, 0.0]]], [[[109.92245, -1.819, 0.0], [109.92362, -1.82049, 0.0], [109.92203, -1.81884, 0.0], [109.92245, -1.819, 0.0]]], [[[110.07005, -2.25061, 0.0], [110.07068, -2.25095, 0.0], [110.06991, -2.25092, 0.0], [110.07005, -2.25061, 0.0]]], [[[110.19271, -2.76034, 0.0], [110.1927, -2.76118, 0.0], [110.19235, -2.76107, 0.0], [110.19271, -2.76034, 0.0]]], [[[110.30441, -3.00613, 0.0], [110.30413, -3.00674, 0.0], [110.30383, -3.00654, 0.0], [110.30441, -3.00613, 0.0]]], [[[110.30684, -2.99477, 0.0], [110.30692, -2.9957, 0.0], [110.30677, -2.99597, 0.0], [110.30684, -2.99477, 0.0]]], [[[110.3047, -3.00524, 0.0], [110.30447, -3.00574, 0.0], [110.30429, -3.0051, 0.0], [110.3047, -3.00524, 0.0]]], [[[110.05557, -2.38022, 0.0], [110.05628, -2.38052, 0.0], [110.05539, -2.38071, 0.0], [110.05557, -2.38022, 0.0]]], [[[110.22665, -2.75986, 0.0], [110.22657, -2.76045, 0.0], [110.22633, -2.76006, 0.0], [110.22665, -2.75986, 0.0]]], [[[110.30728, -2.99683, 0.0], [110.30663, -2.99713, 0.0], [110.30707, -2.99657, 0.0], [110.30728, -2.99683, 0.0]]], [[[110.17917, -2.50208, 0.0], [110.17948, -2.50256, 0.0], [110.17929, -2.50266, 0.0], [110.17917, -2.50208, 0.0]]], [[[110.16932, -2.83931, 0.0], [110.1691, -2.8398, 0.0], [110.16879, -2.83942, 0.0], [110.16932, -2.83931, 0.0]]], [[[110.30392, -3.00508, 0.0], [110.30363, -3.00547, 0.0], [110.30349, -3.005, 0.0], [110.30392, -3.00508, 0.0]]], [[[109.99107, -2.25609, 0.0], [109.99096, -2.25644, 0.0], [109.99073, -2.25625, 0.0], [109.99107, -2.25609, 0.0]]], [[[110.17557, -2.83717, 0.0], [110.17579, -2.83767, 0.0], [110.17565, -2.83805, 0.0], [110.17557, -2.83717, 0.0]]], [[[110.17949, -2.50624, 0.0], [110.1792, -2.50655, 0.0], [110.17897, -2.50617, 0.0], [110.17949, -2.50624, 0.0]]], [[[110.17896, -2.50464, 0.0], [110.17859, -2.50438, 0.0], [110.17865, -2.50414, 0.0], [110.17896, -2.50464, 0.0]]], [[[110.04894, -1.44085, 0.0], [110.04953, -1.44092, 0.0], [110.04914, -1.4412, 0.0], [110.04894, -1.44085, 0.0]]], [[[110.20136, -3.06426, 0.0], [110.20087, -3.06428, 0.0], [110.20114, -3.06406, 0.0], [110.20136, -3.06426, 0.0]]], [[[110.3061, -3.00848, 0.0], [110.30653, -3.00844, 0.0], [110.30631, -3.00881, 0.0], [110.3061, -3.00848, 0.0]]], [[[110.1812, -2.48152, 0.0], [110.1807, -2.48165, 0.0], [110.18113, -2.48128, 0.0], [110.1812, -2.48152, 0.0]]], [[[110.08263, -2.67007, 0.0], [110.08269, -2.6704, 0.0], [110.08242, -2.67032, 0.0], [110.08263, -2.67007, 0.0]]], [[[110.30298, -3.00814, 0.0], [110.30273, -3.00771, 0.0], [110.30292, -3.00739, 0.0], [110.30298, -3.00814, 0.0]]], [[[110.17314, -2.59777, 0.0], [110.17292, -2.59805, 0.0], [110.17288, -2.5978, 0.0], [110.17314, -2.59777, 0.0]]], [[[110.08295, -2.82664, 0.0], [110.08273, -2.82695, 0.0], [110.08273, -2.82664, 0.0], [110.08295, -2.82664, 0.0]]], [[[110.30184, -2.99933, 0.0], [110.30166, -2.99976, 0.0], [110.30155, -2.99967, 0.0], [110.30184, -2.99933, 0.0]]], [[[110.30598, -2.99604, 0.0], [110.30584, -2.99639, 0.0], [110.30583, -2.99617, 0.0], [110.30598, -2.99604, 0.0]]], [[[110.18016, -2.8374, 0.0], [110.17996, -2.83733, 0.0], [110.18021, -2.83729, 0.0], [110.18016, -2.8374, 0.0]]], [[[110.12036, -2.66893, 0.0], [110.12053, -2.6694, 0.0], [110.1203, -2.66933, 0.0], [110.12036, -2.66893, 0.0]]], [[[110.082, -2.82723, 0.0], [110.08252, -2.82724, 0.0], [110.08201, -2.82762, 0.0], [110.082, -2.82723, 0.0]]], [[[110.05672, -2.37974, 0.0], [110.0568, -2.37997, 0.0], [110.05663, -2.38015, 0.0], [110.05672, -2.37974, 0.0]]], [[[110.30372, -3.00752, 0.0], [110.30357, -3.00773, 0.0], [110.30354, -3.00745, 0.0], [110.30372, -3.00752, 0.0]]], [[[110.29834, -2.99992, 0.0], [110.29813, -3.0002, 0.0], [110.29793, -3.00017, 0.0], [110.29834, -2.99992, 0.0]]], [[[110.20452, -3.06452, 0.0], [110.20476, -3.06471, 0.0], [110.2046, -3.06475, 0.0], [110.20452, -3.06452, 0.0]]], [[[110.13234, -2.62446, 0.0], [110.13248, -2.62441, 0.0], [110.13268, -2.62442, 0.0], [110.13234, -2.62446, 0.0]]], [[[110.29691, -3.00199, 0.0], [110.29711, -3.00213, 0.0], [110.29689, -3.00214, 0.0], [110.29691, -3.00199, 0.0]]], [[[110.21784, -3.06126, 0.0], [110.21771, -3.06137, 0.0], [110.21761, -3.06127, 0.0], [110.21784, -3.06126, 0.0]]], [[[110.30159, -3.00462, 0.0], [110.30175, -3.00467, 0.0], [110.30172, -3.0047, 0.0], [110.30159, -3.00462, 0.0]]], [[[110.30296, -3.00446, 0.0], [110.30283, -3.00445, 0.0], [110.30296, -3.00439, 0.0], [110.30296, -3.00446, 0.0]]], [[[110.30521, -2.99726, 0.0], [110.30515, -2.99735, 0.0], [110.30517, -2.99723, 0.0], [110.30521, -2.99726, 0.0]]]]}}, {"type": "Feature", "id": 6471, "properties": {"WADMKK": "Kota Balikpapan", "WADMPR": "Kalimantan Timur", "LUASWH": 509.449727151, "kode_wilayah": 6471, "nama_resmi": "Kota Balikpapan", "tipe": "Kota", "provinsi": "Kalimantan Timur", "pulau": "Kalimantan", "parlemen": 26.67, "pendapatan": 27.56, "pengeluaran": 11190.0, "ahh": 71.76, "profesional": 52.33, "tpak": 57.83, "rls": 9.63, "hls": 13.35, "skor_ekonomi": 30.08, "skor_keputusan": 57.71, "skor_kapasitas_sosial": 58.67, "ikpp_komposit": 46.85, "kuadran": "Kuadran II (Ekonomi Rendah, Keputusan Tinggi)", "lisa_cluster_keputusan": "Not Significant", "lisa_cluster_ekonomi": "Low-Low (Coldspot)", "pc1": 0.594, "pc2": -0.862, "lat": -1.276, "lon": 116.828}, "geometry": {"type": "MultiPolygon", "coordinates": [[[[116.82441, -1.02172, 0.0], [116.85167, -1.01582, 0.0], [116.83934, -1.02897, 0.0], [116.83916, -1.0478, 0.0], [116.84531, -1.04724, 0.0], [116.84712, -1.05259, 0.0], [116.86044, -1.05872, 0.0], [116.88027, -1.05646, 0.0], [116.90184, -1.06325, 0.0], [116.90674, -1.0803, 0.0], [116.93039, -1.10294, 0.0], [116.93067, -1.10989, 0.0], [116.94667, -1.11689, 0.0], [116.94064, -1.12058, 0.0], [116.9453, -1.12607, 0.0], [116.96548, -1.12162, 0.0], [116.98766, -1.1285, 0.0], [117.00086, -1.12517, 0.0], [117.02252, -1.14072, 0.0], [117.01187, -1.18204, 0.0], [117.00135, -1.19925, 0.0], [116.97499, -1.21563, 0.0], [116.9713, -1.22502, 0.0], [116.93566, -1.25179, 0.0], [116.88397, -1.27666, 0.0], [116.88102, -1.27348, 0.0], [116.85197, -1.27516, 0.0], [116.81093, -1.28223, 0.0], [116.80558, -1.27236, 0.0], [116.81644, -1.25887, 0.0], [116.81669, -1.23923, 0.0], [116.80844, -1.22272, 0.0], [116.81623, -1.21885, 0.0], [116.81594, -1.21326, 0.0], [116.81054, -1.21095, 0.0], [116.81249, -1.20318, 0.0], [116.81964, -1.20031, 0.0], [116.81393, -1.19753, 0.0], [116.81736, -1.19166, 0.0], [116.81153, -1.19199, 0.0], [116.81088, -1.19998, 0.0], [116.8093, -1.19595, 0.0], [116.80311, -1.20121, 0.0], [116.80668, -1.20112, 0.0], [116.79925, -1.21509, 0.0], [116.78273, -1.21245, 0.0], [116.78749, -1.2035, 0.0], [116.78363, -1.1943, 0.0], [116.78805, -1.1743, 0.0], [116.78045, -1.15958, 0.0], [116.77876, -1.14294, 0.0], [116.76609, -1.1261, 0.0], [116.74571, -1.1142, 0.0], [116.74444, -1.10658, 0.0], [116.73561, -1.10945, 0.0], [116.72883, -1.10156, 0.0], [116.73743, -1.08557, 0.0], [116.74178, -1.07167, 0.0], [116.76503, -1.07139, 0.0], [116.77456, -1.04882, 0.0], [116.78271, -1.04297, 0.0], [116.80059, -1.05059, 0.0], [116.8055, -1.04288, 0.0], [116.81241, -1.04127, 0.0], [116.82441, -1.02172, 0.0]]], [[[116.73231, -1.0804, 0.0], [116.73127, -1.07572, 0.0], [116.73314, -1.07033, 0.0], [116.73351, -1.07534, 0.0], [116.73231, -1.0804, 0.0]]], [[[116.73476, -1.08738, 0.0], [116.73478, -1.08928, 0.0], [116.73388, -1.08976, 0.0], [116.73476, -1.08738, 0.0]]], [[[116.72976, -1.10602, 0.0], [116.73064, -1.10679, 0.0], [116.72969, -1.1072, 0.0], [116.72976, -1.10602, 0.0]]], [[[116.80455, -1.27441, 0.0], [116.80433, -1.27443, 0.0], [116.80435, -1.27426, 0.0], [116.80455, -1.27441, 0.0]]], [[[116.80883, -1.28009, 0.0], [116.80906, -1.28001, 0.0], [116.80913, -1.28018, 0.0], [116.80883, -1.28009, 0.0]]]]}}, {"type": "Feature", "id": 6372, "properties": {"WADMKK": "Kota Banjarbaru", "WADMPR": "Kalimantan Selatan", "LUASWH": 305.152648495, "kode_wilayah": 6372, "nama_resmi": "Kota Banjar Baru", "tipe": "Kota", "provinsi": "Kalimantan Selatan", "pulau": "Kalimantan", "parlemen": 26.67, "pendapatan": 32.36, "pengeluaran": 14927.0, "ahh": 74.89, "profesional": 40.11, "tpak": 52.65, "rls": 11.0, "hls": 14.86, "skor_ekonomi": 31.43, "skor_keputusan": 49.53, "skor_kapasitas_sosial": 72.22, "ikpp_komposit": 46.83, "kuadran": "Kuadran II (Ekonomi Rendah, Keputusan Tinggi)", "lisa_cluster_keputusan": "High-High (Hotspot)", "lisa_cluster_ekonomi": "Not Significant", "pc1": 2.314, "pc2": 0.301, "lat": -3.439, "lon": 114.831}, "geometry": {"type": "Polygon", "coordinates": [[[114.73657, -3.38414, 0.0], [114.73581, -3.39842, 0.0], [114.73916, -3.38969, 0.0], [114.74762, -3.39106, 0.0], [114.77128, -3.40538, 0.0], [114.78381, -3.4212, 0.0], [114.82945, -3.43051, 0.0], [114.83997, -3.42549, 0.0], [114.84451, -3.43709, 0.0], [114.86025, -3.43935, 0.0], [114.86314, -3.44536, 0.0], [114.87373, -3.43916, 0.0], [114.87902, -3.44555, 0.0], [114.90123, -3.44949, 0.0], [114.90483, -3.45446, 0.0], [114.90139, -3.475, 0.0], [114.89083, -3.47222, 0.0], [114.90765, -3.50373, 0.0], [114.90328, -3.51847, 0.0], [114.90524, -3.53215, 0.0], [114.9001, -3.54072, 0.0], [114.88476, -3.54679, 0.0], [114.88213, -3.55697, 0.0], [114.87718, -3.55154, 0.0], [114.86931, -3.55399, 0.0], [114.86643, -3.56318, 0.0], [114.85677, -3.56921, 0.0], [114.85335, -3.56322, 0.0], [114.85758, -3.55953, 0.0], [114.84451, -3.55787, 0.0], [114.84732, -3.55028, 0.0], [114.84072, -3.55235, 0.0], [114.83581, -3.54684, 0.0], [114.83126, -3.55046, 0.0], [114.81778, -3.53934, 0.0], [114.81188, -3.53954, 0.0], [114.80847, -3.52425, 0.0], [114.77315, -3.52326, 0.0], [114.75993, -3.51479, 0.0], [114.73917, -3.51056, 0.0], [114.69297, -3.51261, 0.0], [114.6821, -3.51777, 0.0], [114.67458, -3.46082, 0.0], [114.68498, -3.44555, 0.0], [114.68173, -3.43917, 0.0], [114.69733, -3.42785, 0.0], [114.69433, -3.42356, 0.0], [114.71925, -3.3775, 0.0], [114.73657, -3.38414, 0.0]]]}}, {"type": "Feature", "id": 6371, "properties": {"WADMKK": "Kota Banjarmasin", "WADMPR": "Kalimantan Selatan", "LUASWH": 98.3720537778, "kode_wilayah": 6371, "nama_resmi": "Kota Banjarmasin", "tipe": "Kota", "provinsi": "Kalimantan Selatan", "pulau": "Kalimantan", "parlemen": 26.67, "pendapatan": 37.46, "pengeluaran": 15714.0, "ahh": 74.15, "profesional": 54.06, "tpak": 50.93, "rls": 10.35, "hls": 14.01, "skor_ekonomi": 35.23, "skor_keputusan": 58.86, "skor_kapasitas_sosial": 68.97, "ikpp_komposit": 51.43, "kuadran": "Kuadran I (Ekonomi Tinggi, Keputusan Tinggi)", "lisa_cluster_keputusan": "Not Significant", "lisa_cluster_ekonomi": "Not Significant", "pc1": 2.114, "pc2": 0.222, "lat": -3.327, "lon": 114.589}, "geometry": {"type": "Polygon", "coordinates": [[[114.5751, -3.269, 0.0], [114.57843, -3.27667, 0.0], [114.58479, -3.27325, 0.0], [114.60214, -3.28897, 0.0], [114.60641, -3.28026, 0.0], [114.62512, -3.28506, 0.0], [114.63861, -3.27561, 0.0], [114.63985, -3.28827, 0.0], [114.62832, -3.31312, 0.0], [114.65959, -3.3356, 0.0], [114.65809, -3.34739, 0.0], [114.63294, -3.34648, 0.0], [114.62504, -3.35064, 0.0], [114.62413, -3.36122, 0.0], [114.61595, -3.36843, 0.0], [114.60788, -3.37242, 0.0], [114.59573, -3.36679, 0.0], [114.58615, -3.38214, 0.0], [114.56662, -3.37358, 0.0], [114.56987, -3.36678, 0.0], [114.54902, -3.37403, 0.0], [114.52228, -3.36342, 0.0], [114.56176, -3.31521, 0.0], [114.56713, -3.26956, 0.0], [114.5751, -3.269, 0.0]]]}}, {"type": "Feature", "id": 6271, "properties": {"WADMKK": "Kota Palangkaraya", "WADMPR": "Kalimantan Tengah", "LUASWH": 2848.69902538, "kode_wilayah": 6271, "nama_resmi": "Kota Palangka Raya", "tipe": "Kota", "provinsi": "Kalimantan Tengah", "pulau": "Kalimantan", "parlemen": 16.67, "pendapatan": 31.56, "pengeluaran": 15188.0, "ahh": 76.22, "profesional": 48.82, "tpak": 49.37, "rls": 11.66, "hls": 15.13, "skor_ekonomi": 28.63, "skor_keputusan": 46.27, "skor_kapasitas_sosial": 76.19, "ikpp_komposit": 45.2, "kuadran": "Kuadran III (Ekonomi Rendah, Keputusan Rendah)", "lisa_cluster_keputusan": "Low-High (Spatial Outlier)", "lisa_cluster_ekonomi": "Low-Low (Coldspot)", "pc1": 2.893, "pc2": 0.535, "lat": -2.174, "lon": 113.88}, "geometry": {"type": "Polygon", "coordinates": [[[113.7495, -1.60575, 0.0], [113.79797, -1.60406, 0.0], [113.82083, -1.70984, 0.0], [113.83236, -1.80645, 0.0], [113.83387, -1.91047, 0.0], [113.82606, -2.0114, 0.0], [113.88477, -2.08181, 0.0], [113.93352, -2.15024, 0.0], [113.92751, -2.15461, 0.0], [113.9357, -2.16344, 0.0], [114.0092, -2.16213, 0.0], [114.10829, -2.18789, 0.0], [114.08497, -2.26885, 0.0], [114.0671, -2.27219, 0.0], [114.05637, -2.29838, 0.0], [114.04178, -2.31063, 0.0], [114.02581, -2.37995, 0.0], [114.02888, -2.39106, 0.0], [114.02493, -2.40356, 0.0], [114.01178, -2.40309, 0.0], [113.99392, -2.39491, 0.0], [113.96294, -2.40184, 0.0], [113.762, -2.40188, 0.0], [113.68992, -2.24324, 0.0], [113.69967, -2.15705, 0.0], [113.69469, -2.08653, 0.0], [113.57321, -1.92132, 0.0], [113.5634, -1.91645, 0.0], [113.5666, -1.90784, 0.0], [113.55692, -1.90327, 0.0], [113.48938, -1.78647, 0.0], [113.47569, -1.68057, 0.0], [113.50203, -1.64448, 0.0], [113.53106, -1.65498, 0.0], [113.56383, -1.65341, 0.0], [113.60725, -1.62601, 0.0], [113.61028, -1.62994, 0.0], [113.6161, -1.62644, 0.0], [113.63486, -1.60897, 0.0], [113.63282, -1.60311, 0.0], [113.64817, -1.58472, 0.0], [113.72989, -1.59046, 0.0], [113.7495, -1.60575, 0.0]]]}}, {"type": "Feature", "id": 6171, "properties": {"WADMKK": "Kota Pontianak", "WADMPR": "Kalimantan Barat", "LUASWH": 118.208752666, "kode_wilayah": 6171, "nama_resmi": "Kota Pontianak", "tipe": "Kabupaten", "provinsi": "Kalimantan Barat", "pulau": "Kalimantan", "parlemen": 8.57, "pendapatan": 34.62, "pengeluaran": 9163.0, "ahh": 73.92, "profesional": 52.13, "tpak": 56.54, "rls": 7.21, "hls": 12.9, "skor_ekonomi": 36.01, "skor_keputusan": 41.12, "skor_kapasitas_sosial": 53.34, "ikpp_komposit": 41.52, "kuadran": "Kuadran IV (Ekonomi Tinggi, Keputusan Rendah)", "lisa_cluster_keputusan": "Not Significant", "lisa_cluster_ekonomi": "Not Significant", "pc1": -0.943, "pc2": -0.033, "lat": -0.022, "lon": 109.338}, "geometry": {"type": "Polygon", "coordinates": [[[109.36984, 0.00935, 0.0], [109.379, -0.01361, 0.0], [109.37607, -0.0231, 0.0], [109.38315, -0.0251, 0.0], [109.38103, -0.03132, 0.0], [109.37411, -0.03327, 0.0], [109.385, -0.05333, 0.0], [109.37289, -0.06278, 0.0], [109.36902, -0.05765, 0.0], [109.36603, -0.06019, 0.0], [109.34289, -0.09816, 0.0], [109.32194, -0.09417, 0.0], [109.32028, -0.08528, 0.0], [109.30661, -0.07722, 0.0], [109.30223, -0.05983, 0.0], [109.28476, -0.04107, 0.0], [109.28239, -0.04325, 0.0], [109.27417, -0.02987, 0.0], [109.28572, -0.01838, 0.0], [109.28724, 0.0059, 0.0], [109.29791, 0.03023, 0.0], [109.30874, 0.03812, 0.0], [109.35711, 0.02582, 0.0], [109.37104, 0.021, 0.0], [109.36984, 0.00935, 0.0]]]}}, {"type": "Feature", "id": 6472, "properties": {"WADMKK": "Kota Samarinda", "WADMPR": "Kalimantan Timur", "LUASWH": 716.783310719, "kode_wilayah": 6472, "nama_resmi": "Kota Samarinda", "tipe": "Kota", "provinsi": "Kalimantan Timur", "pulau": "Kalimantan", "parlemen": 8.89, "pendapatan": 31.34, "pengeluaran": 10581.0, "ahh": 73.75, "profesional": 46.51, "tpak": 53.51, "rls": 9.23, "hls": 13.25, "skor_ekonomi": 30.99, "skor_keputusan": 37.65, "skor_kapasitas_sosial": 59.63, "ikpp_komposit": 39.38, "kuadran": "Kuadran III (Ekonomi Rendah, Keputusan Rendah)", "lisa_cluster_keputusan": "Not Significant", "lisa_cluster_ekonomi": "Low-Low (Coldspot)", "pc1": 0.08, "pc2": -0.024, "lat": -0.491, "lon": 117.146}, "geometry": {"type": "Polygon", "coordinates": [[[117.22817, -0.31592, 0.0], [117.23219, -0.32134, 0.0], [117.22791, -0.32763, 0.0], [117.23875, -0.33769, 0.0], [117.23203, -0.34858, 0.0], [117.2336, -0.35737, 0.0], [117.26197, -0.36535, 0.0], [117.27416, -0.35815, 0.0], [117.292, -0.36564, 0.0], [117.29782, -0.37614, 0.0], [117.29509, -0.40241, 0.0], [117.26898, -0.42261, 0.0], [117.26235, -0.43818, 0.0], [117.27056, -0.4699, 0.0], [117.26401, -0.47754, 0.0], [117.26314, -0.51044, 0.0], [117.25719, -0.52381, 0.0], [117.2695, -0.52556, 0.0], [117.26808, -0.53172, 0.0], [117.26278, -0.53067, 0.0], [117.26757, -0.55977, 0.0], [117.25569, -0.5505, 0.0], [117.25436, -0.55586, 0.0], [117.25175, -0.55033, 0.0], [117.24639, -0.5577, 0.0], [117.23837, -0.55655, 0.0], [117.23557, -0.56988, 0.0], [117.2359, -0.57558, 0.0], [117.24816, -0.57417, 0.0], [117.27508, -0.58352, 0.0], [117.28136, -0.59569, 0.0], [117.27069, -0.59711, 0.0], [117.2695, -0.60913, 0.0], [117.25964, -0.61953, 0.0], [117.22922, -0.63611, 0.0], [117.23141, -0.65483, 0.0], [117.21922, -0.66706, 0.0], [117.20384, -0.67127, 0.0], [117.19125, -0.6821, 0.0], [117.18493, -0.71215, 0.0], [117.1625, -0.71669, 0.0], [117.14725, -0.68931, 0.0], [117.14551, -0.67296, 0.0], [117.13671, -0.6741, 0.0], [117.12619, -0.66456, 0.0], [117.12746, -0.65543, 0.0], [117.13748, -0.64761, 0.0], [117.13791, -0.63135, 0.0], [117.14535, -0.62072, 0.0], [117.1267, -0.61174, 0.0], [117.11421, -0.59852, 0.0], [117.10534, -0.60101, 0.0], [117.09264, -0.59305, 0.0], [117.09583, -0.58403, 0.0], [117.09093, -0.57692, 0.0], [117.083, -0.5761, 0.0], [117.07772, -0.58966, 0.0], [117.06987, -0.59154, 0.0], [117.07155, -0.58087, 0.0], [117.05417, -0.55065, 0.0], [117.06754, -0.53302, 0.0], [117.05458, -0.51388, 0.0], [117.06513, -0.47896, 0.0], [117.05887, -0.4618, 0.0], [117.06606, -0.43851, 0.0], [117.07395, -0.42863, 0.0], [117.12781, -0.40844, 0.0], [117.13299, -0.36282, 0.0], [117.14921, -0.3528, 0.0], [117.14771, -0.34355, 0.0], [117.14355, -0.34739, 0.0], [117.13849, -0.34077, 0.0], [117.14292, -0.32018, 0.0], [117.15097, -0.32016, 0.0], [117.15409, -0.32531, 0.0], [117.16497, -0.31736, 0.0], [117.19207, -0.32284, 0.0], [117.19764, -0.31813, 0.0], [117.20629, -0.32348, 0.0], [117.22817, -0.31592, 0.0]]]}}, {"type": "Feature", "id": 6172, "properties": {"WADMKK": "Kota Singkawang", "WADMPR": "Kalimantan Barat", "LUASWH": 550.344843956, "kode_wilayah": 6172, "nama_resmi": "Kota Singkawang", "tipe": "Kota", "provinsi": "Kalimantan Barat", "pulau": "Kalimantan", "parlemen": 16.67, "pendapatan": 29.16, "pengeluaran": 12945.0, "ahh": 75.06, "profesional": 57.32, "tpak": 50.46, "rls": 8.22, "hls": 12.95, "skor_ekonomi": 27.02, "skor_keputusan": 51.95, "skor_kapasitas_sosial": 60.8, "ikpp_komposit": 43.75, "kuadran": "Kuadran II (Ekonomi Rendah, Keputusan Tinggi)", "lisa_cluster_keputusan": "Not Significant", "lisa_cluster_ekonomi": "Not Significant", "pc1": 0.758, "pc2": -0.821, "lat": 0.905, "lon": 108.977}, "geometry": {"type": "MultiPolygon", "coordinates": [[[[109.13658, 1.00989, 0.0], [109.14665, 1.00889, 0.0], [109.15087, 0.99232, 0.0], [109.1445, 0.98966, 0.0], [109.15027, 0.97874, 0.0], [109.15971, 0.97697, 0.0], [109.16269, 0.97141, 0.0], [109.16708, 0.97358, 0.0], [109.16415, 0.97637, 0.0], [109.17269, 0.97882, 0.0], [109.17571, 0.97417, 0.0], [109.17226, 0.96684, 0.0], [109.17585, 0.96243, 0.0], [109.16205, 0.94882, 0.0], [109.16399, 0.93978, 0.0], [109.15856, 0.94232, 0.0], [109.15676, 0.93815, 0.0], [109.16201, 0.93867, 0.0], [109.15771, 0.93229, 0.0], [109.16195, 0.93166, 0.0], [109.16249, 0.92168, 0.0], [109.17461, 0.90736, 0.0], [109.14531, 0.88149, 0.0], [109.13749, 0.88217, 0.0], [109.1127, 0.87097, 0.0], [109.11271, 0.85992, 0.0], [109.09585, 0.85047, 0.0], [109.09403, 0.84336, 0.0], [109.06122, 0.84232, 0.0], [109.05065, 0.83651, 0.0], [109.05494, 0.81552, 0.0], [109.04952, 0.80186, 0.0], [109.05147, 0.78828, 0.0], [109.07651, 0.78293, 0.0], [109.07017, 0.75468, 0.0], [109.04799, 0.75844, 0.0], [109.05114, 0.74515, 0.0], [109.02519, 0.74872, 0.0], [108.99336, 0.74562, 0.0], [108.98372, 0.76209, 0.0], [108.97442, 0.76401, 0.0], [108.95461, 0.7582, 0.0], [108.96746, 0.77168, 0.0], [108.95257, 0.77429, 0.0], [108.91811, 0.79544, 0.0], [108.89056, 0.81767, 0.0], [108.88033, 0.8391, 0.0], [108.874, 0.84011, 0.0], [108.89129, 0.85771, 0.0], [108.89329, 0.87073, 0.0], [108.89827, 0.8661, 0.0], [108.91277, 0.863, 0.0], [108.94954, 0.89939, 0.0], [108.97136, 0.94512, 0.0], [108.9775, 0.99755, 0.0], [109.01947, 0.99913, 0.0], [109.02477, 1.00476, 0.0], [109.04734, 1.00806, 0.0], [109.08329, 1.001, 0.0], [109.09227, 0.99037, 0.0], [109.09761, 0.99294, 0.0], [109.09509, 1.00423, 0.0], [109.10746, 1.00435, 0.0], [109.10805, 1.01141, 0.0], [109.11918, 1.01019, 0.0], [109.12917, 1.01802, 0.0], [109.13658, 1.00989, 0.0]]], [[[108.90116, 0.8673, 0.0], [108.9015, 0.86734, 0.0], [108.90135, 0.86712, 0.0], [108.90116, 0.8673, 0.0]]]]}}, {"type": "Feature", "id": 6571, "properties": {"WADMKK": "Kota Tarakan", "WADMPR": "Kalimantan Utara", "LUASWH": 248.177291022, "kode_wilayah": 6571, "nama_resmi": "Kota Tarakan", "tipe": "Kota", "provinsi": "Kalimantan Utara", "pulau": "Kalimantan", "parlemen": 20.0, "pendapatan": 25.59, "pengeluaran": 9512.0, "ahh": 73.24, "profesional": 51.95, "tpak": 57.74, "rls": 9.96, "hls": 12.67, "skor_ekonomi": 28.14, "skor_keputusan": 51.39, "skor_kapasitas_sosial": 58.5, "ikpp_komposit": 43.51, "kuadran": "Kuadran II (Ekonomi Rendah, Keputusan Tinggi)", "lisa_cluster_keputusan": "Not Significant", "lisa_cluster_ekonomi": "Low-Low (Coldspot)", "pc1": 0.229, "pc2": -0.902, "lat": 3.314, "lon": 117.605}, "geometry": {"type": "MultiPolygon", "coordinates": [[[[117.59736, 3.44344, 0.0], [117.61507, 3.44067, 0.0], [117.66426, 3.41571, 0.0], [117.66712, 3.40785, 0.0], [117.66424, 3.37918, 0.0], [117.6674, 3.36331, 0.0], [117.66066, 3.34993, 0.0], [117.6534, 3.28585, 0.0], [117.65587, 3.25383, 0.0], [117.65119, 3.24434, 0.0], [117.64105, 3.23866, 0.0], [117.62065, 3.252, 0.0], [117.61125, 3.27276, 0.0], [117.6138, 3.27925, 0.0], [117.59585, 3.28132, 0.0], [117.57996, 3.30029, 0.0], [117.54205, 3.32554, 0.0], [117.53701, 3.34301, 0.0], [117.51892, 3.36622, 0.0], [117.51472, 3.38143, 0.0], [117.51984, 3.41546, 0.0], [117.53223, 3.42276, 0.0], [117.5471, 3.44137, 0.0], [117.56297, 3.43761, 0.0], [117.59736, 3.44344, 0.0]]], [[[117.5221, 3.349, 0.0], [117.52615, 3.34261, 0.0], [117.52124, 3.34367, 0.0], [117.5221, 3.349, 0.0]]], [[[117.52382, 3.3495, 0.0], [117.5228, 3.34953, 0.0], [117.52253, 3.34985, 0.0], [117.52382, 3.3495, 0.0]]]]}}, {"type": "Feature", "id": 6302, "properties": {"WADMKK": "Kotabaru", "WADMPR": "Kalimantan Selatan", "LUASWH": 9345.90975653, "kode_wilayah": 6302, "nama_resmi": "Kabupaten Kota Baru", "tipe": "Kota", "provinsi": "Kalimantan Selatan", "pulau": "Kalimantan", "parlemen": 28.57, "pendapatan": 26.98, "pengeluaran": 12929.0, "ahh": 71.95, "profesional": 42.49, "tpak": 45.25, "rls": 7.56, "hls": 12.08, "skor_ekonomi": 21.69, "skor_keputusan": 52.85, "skor_kapasitas_sosial": 53.6, "ikpp_komposit": 40.54, "kuadran": "Kuadran II (Ekonomi Rendah, Keputusan Tinggi)", "lisa_cluster_keputusan": "Not Significant", "lisa_cluster_ekonomi": "Not Significant", "pc1": 0.04, "pc2": -1.949, "lat": -3.236, "lon": 116.228}, "geometry": {"type": "MultiPolygon", "coordinates": [[[[116.15449, -2.30817, 0.0], [116.23583, -2.30911, 0.0], [116.23631, -2.32789, 0.0], [116.26795, -2.33923, 0.0], [116.32766, -2.34076, 0.0], [116.32907, -2.34524, 0.0], [116.35247, -2.34722, 0.0], [116.41019, -2.37214, 0.0], [116.46264, -2.38722, 0.0], [116.5468, -2.40871, 0.0], [116.54337, -2.40296, 0.0], [116.54712, -2.40231, 0.0], [116.55561, -2.41119, 0.0], [116.5459, -2.44164, 0.0], [116.54604, -2.45931, 0.0], [116.52788, -2.49354, 0.0], [116.52368, -2.51287, 0.0], [116.53092, -2.5371, 0.0], [116.51216, -2.56195, 0.0], [116.48057, -2.57113, 0.0], [116.47641, -2.51208, 0.0], [116.44884, -2.50231, 0.0], [116.41819, -2.50088, 0.0], [116.41047, -2.51943, 0.0], [116.39823, -2.52865, 0.0], [116.38602, -2.52328, 0.0], [116.3613, -2.52495, 0.0], [116.35327, -2.51763, 0.0], [116.3354, -2.53437, 0.0], [116.3019, -2.52512, 0.0], [116.30168, -2.51973, 0.0], [116.289, -2.53345, 0.0], [116.29056, -2.53693, 0.0], [116.30205, -2.53273, 0.0], [116.30461, -2.54168, 0.0], [116.31, -2.53569, 0.0], [116.31487, -2.53903, 0.0], [116.32259, -2.55372, 0.0], [116.31949, -2.55925, 0.0], [116.32403, -2.56555, 0.0], [116.32303, -2.58073, 0.0], [116.33213, -2.58064, 0.0], [116.35757, -2.54959, 0.0], [116.35848, -2.56266, 0.0], [116.37813, -2.56768, 0.0], [116.39142, -2.5873, 0.0], [116.39622, -2.58215, 0.0], [116.41485, -2.57807, 0.0], [116.38, -2.63192, 0.0], [116.36689, -2.66887, 0.0], [116.3588, -2.76523, 0.0], [116.36693, -2.79857, 0.0], [116.37186, -2.80315, 0.0], [116.3588, -2.86456, 0.0], [116.36444, -2.87808, 0.0], [116.34446, -2.89326, 0.0], [116.3156, -2.94733, 0.0], [116.26976, -3.00245, 0.0], [116.22054, -3.00784, 0.0], [116.21236, -3.0, 0.0], [116.20707, -2.93847, 0.0], [116.18922, -2.92172, 0.0], [116.17962, -2.92231, 0.0], [116.18166, -2.91681, 0.0], [116.17323, -2.91697, 0.0], [116.17194, -2.91069, 0.0], [116.15428, -2.89789, 0.0], [116.15277, -2.85608, 0.0], [116.13489, -2.82625, 0.0], [116.14413, -2.79241, 0.0], [116.13475, -2.79883, 0.0], [116.13796, -2.80566, 0.0], [116.12843, -2.81943, 0.0], [116.12246, -2.81819, 0.0], [116.12206, -2.82418, 0.0], [116.11775, -2.82469, 0.0], [116.13398, -2.84889, 0.0], [116.13266, -2.86474, 0.0], [116.12169, -2.86614, 0.0], [116.12101, -2.87183, 0.0], [116.13082, -2.87625, 0.0], [116.13163, -2.88578, 0.0], [116.1034, -2.91698, 0.0], [116.1066, -2.92078, 0.0], [116.10095, -2.93362, 0.0], [116.10493, -2.94891, 0.0], [116.12001, -2.95579, 0.0], [116.12234, -2.96143, 0.0], [116.11782, -2.968, 0.0], [116.11445, -2.96314, 0.0], [116.11178, -2.96364, 0.0], [116.11378, -2.97342, 0.0], [116.0887, -2.98768, 0.0], [116.09254, -2.99961, 0.0], [116.09958, -2.99991, 0.0], [116.10261, -3.00853, 0.0], [116.10791, -3.01009, 0.0], [116.11849, -3.0097, 0.0], [116.12171, -3.01522, 0.0], [116.1345, -3.01123, 0.0], [116.14201, -3.01435, 0.0], [116.1576, -3.0148, 0.0], [116.15335, -3.03141, 0.0], [116.1645, -3.04016, 0.0], [116.17294, -3.06221, 0.0], [116.18808, -3.06505, 0.0], [116.19795, -3.07619, 0.0], [116.21415, -3.07928, 0.0], [116.21846, -3.09303, 0.0], [116.23659, -3.09412, 0.0], [116.25426, -3.10901, 0.0], [116.26792, -3.11012, 0.0], [116.2744, -3.12596, 0.0], [116.27319, -3.13028, 0.0], [116.25194, -3.12348, 0.0], [116.23894, -3.12881, 0.0], [116.22585, -3.12521, 0.0], [116.211, -3.12762, 0.0], [116.18107, -3.16072, 0.0], [116.17111, -3.15664, 0.0], [116.16579, -3.16447, 0.0], [116.16743, -3.17525, 0.0], [116.1838, -3.22888, 0.0], [116.17637, -3.25104, 0.0], [116.14819, -3.25931, 0.0], [116.14525, -3.26622, 0.0], [116.11031, -3.27611, 0.0], [116.10539, -3.28178, 0.0], [116.10238, -3.27899, 0.0], [116.09217, -3.28304, 0.0], [116.08442, -3.27754, 0.0], [116.08155, -3.25736, 0.0], [116.07044, -3.26504, 0.0], [116.06046, -3.25688, 0.0], [116.0607, -3.26089, 0.0], [116.04131, -3.26149, 0.0], [116.03205, -3.24966, 0.0], [116.02187, -3.24807, 0.0], [116.00113, -3.23442, 0.0], [115.99004, -3.21995, 0.0], [115.97394, -3.22373, 0.0], [115.96391, -3.24691, 0.0], [115.95247, -3.24764, 0.0], [115.94681, -3.25391, 0.0], [115.92808, -3.22727, 0.0], [115.93108, -3.2161, 0.0], [115.94671, -3.20521, 0.0], [115.95131, -3.19333, 0.0], [115.93418, -3.15238, 0.0], [115.84053, -3.17025, 0.0], [115.82891, -3.18658, 0.0], [115.79228, -3.1818, 0.0], [115.76881, -3.19517, 0.0], [115.76369, -3.19132, 0.0], [115.76249, -3.18159, 0.0], [115.75513, -3.17958, 0.0], [115.7484, -3.15902, 0.0], [115.74093, -3.15929, 0.0], [115.73055, -3.1184, 0.0], [115.72212, -3.12029, 0.0], [115.72038, -3.11423, 0.0], [115.71088, -3.11407, 0.0], [115.71616, -3.10694, 0.0], [115.71018, -3.10409, 0.0], [115.715, -3.10377, 0.0], [115.71662, -3.0977, 0.0], [115.70619, -3.09607, 0.0], [115.70513, -3.08853, 0.0], [115.7112, -3.08834, 0.0], [115.70314, -3.07857, 0.0], [115.68781, -3.08041, 0.0], [115.68184, -3.07209, 0.0], [115.68286, -3.08222, 0.0], [115.67828, -3.08566, 0.0], [115.67123, -3.07883, 0.0], [115.6726, -3.0718, 0.0], [115.66492, -3.07111, 0.0], [115.66496, -3.0649, 0.0], [115.65111, -3.07109, 0.0], [115.65146, -3.06558, 0.0], [115.64261, -3.06373, 0.0], [115.63704, -3.05654, 0.0], [115.62278, -3.06947, 0.0], [115.6209, -3.06183, 0.0], [115.60669, -3.05698, 0.0], [115.5916, -3.03586, 0.0], [115.59066, -3.00947, 0.0], [115.5845, -3.00496, 0.0], [115.57678, -3.02045, 0.0], [115.56689, -3.01256, 0.0], [115.56207, -3.01702, 0.0], [115.53305, -3.02023, 0.0], [115.52576, -3.0282, 0.0], [115.51786, -3.02699, 0.0], [115.51942, -3.02029, 0.0], [115.51102, -3.01328, 0.0], [115.51211, -3.00837, 0.0], [115.52605, -2.99839, 0.0], [115.52716, -2.98466, 0.0], [115.5329, -2.97997, 0.0], [115.54433, -2.97749, 0.0], [115.55726, -2.98462, 0.0], [115.55421, -2.94448, 0.0], [115.56826, -2.94078, 0.0], [115.5772, -2.93086, 0.0], [115.58127, -2.91161, 0.0], [115.59581, -2.89164, 0.0], [115.57726, -2.88348, 0.0], [115.57158, -2.85165, 0.0], [115.55564, -2.83461, 0.0], [115.56946, -2.81478, 0.0], [115.57234, -2.79803, 0.0], [115.58357, -2.78513, 0.0], [115.58957, -2.76017, 0.0], [115.6111, -2.7573, 0.0], [115.62631, -2.76386, 0.0], [115.644, -2.75941, 0.0], [115.64978, -2.76683, 0.0], [115.66675, -2.76598, 0.0], [115.6677, -2.75916, 0.0], [115.66081, -2.74806, 0.0], [115.66873, -2.73922, 0.0], [115.66523, -2.72112, 0.0], [115.68115, -2.71018, 0.0], [115.69415, -2.7104, 0.0], [115.70767, -2.70217, 0.0], [115.71555, -2.69157, 0.0], [115.70942, -2.67675, 0.0], [115.71655, -2.66456, 0.0], [115.71516, -2.67671, 0.0], [115.73203, -2.68456, 0.0], [115.7469, -2.66667, 0.0], [115.73414, -2.65757, 0.0], [115.72717, -2.63879, 0.0], [115.70881, -2.6298, 0.0], [115.70198, -2.62063, 0.0], [115.67672, -2.6131, 0.0], [115.68963, -2.59039, 0.0], [115.71159, -2.59004, 0.0], [115.7445, -2.61682, 0.0], [115.75694, -2.60023, 0.0], [115.75694, -2.61667, 0.0], [115.80904, -2.61667, 0.0], [115.81958, -2.6014, 0.0], [115.81867, -2.5619, 0.0], [115.80338, -2.56271, 0.0], [115.79602, -2.5679, 0.0], [115.79037, -2.55119, 0.0], [115.78124, -2.5458, 0.0], [115.77083, -2.55443, 0.0], [115.75937, -2.55252, 0.0], [115.75271, -2.54713, 0.0], [115.75058, -2.53239, 0.0], [115.78203, -2.51409, 0.0], [115.79468, -2.47863, 0.0], [115.79065, -2.46845, 0.0], [115.7907, -2.43529, 0.0], [115.81243, -2.40486, 0.0], [115.82643, -2.39255, 0.0], [115.85728, -2.38604, 0.0], [115.87397, -2.37068, 0.0], [115.88751, -2.37427, 0.0], [115.88983, -2.33713, 0.0], [115.89843, -2.3333, 0.0], [115.91161, -2.33612, 0.0], [115.92602, -2.32527, 0.0], [115.94596, -2.32993, 0.0], [115.96894, -2.32581, 0.0], [115.98394, -2.31694, 0.0], [116.00395, -2.31531, 0.0], [116.01398, -2.3222, 0.0], [116.0224, -2.31026, 0.0], [116.03304, -2.30739, 0.0], [116.04514, -2.32872, 0.0], [116.06307, -2.32573, 0.0], [116.07571, -2.32967, 0.0], [116.07342, -2.33472, 0.0], [116.07967, -2.33641, 0.0], [116.10488, -2.32698, 0.0], [116.11361, -2.33775, 0.0], [116.14969, -2.32413, 0.0], [116.15449, -2.30817, 0.0]]], [[[116.25836, -3.21015, 0.0], [116.26732, -3.22127, 0.0], [116.27335, -3.2213, 0.0], [116.27897, -3.21407, 0.0], [116.28316, -3.21652, 0.0], [116.27089, -3.24156, 0.0], [116.27341, -3.28294, 0.0], [116.26736, -3.28919, 0.0], [116.26464, -3.32593, 0.0], [116.25015, -3.36152, 0.0], [116.24949, -3.3794, 0.0], [116.25838, -3.39725, 0.0], [116.30175, -3.4398, 0.0], [116.31399, -3.4756, 0.0], [116.3124, -3.50629, 0.0], [116.3011, -3.50487, 0.0], [116.29584, -3.50545, 0.0], [116.29038, -3.50756, 0.0], [116.28845, -3.5142, 0.0], [116.27351, -3.52363, 0.0], [116.27107, -3.54648, 0.0], [116.28015, -3.56455, 0.0], [116.29159, -3.56674, 0.0], [116.30628, -3.5904, 0.0], [116.29323, -3.60164, 0.0], [116.28927, -3.61137, 0.0], [116.30082, -3.64011, 0.0], [116.29486, -3.67084, 0.0], [116.29739, -3.68101, 0.0], [116.30491, -3.68242, 0.0], [116.30031, -3.71329, 0.0], [116.31437, -3.72865, 0.0], [116.32985, -3.7249, 0.0], [116.33878, -3.72835, 0.0], [116.32276, -3.74988, 0.0], [116.31466, -3.77298, 0.0], [116.30578, -3.78141, 0.0], [116.29207, -3.78526, 0.0], [116.28539, -3.79725, 0.0], [116.27616, -3.7977, 0.0], [116.27119, -3.81642, 0.0], [116.28505, -3.84112, 0.0], [116.2907, -3.84317, 0.0], [116.2926, -3.84574, 0.0], [116.29823, -3.8483, 0.0], [116.29557, -3.86379, 0.0], [116.3053, -3.86874, 0.0], [116.31644, -3.86275, 0.0], [116.31423, -3.87109, 0.0], [116.30771, -3.87228, 0.0], [116.30557, -3.87817, 0.0], [116.30772, -3.88326, 0.0], [116.30363, -3.88612, 0.0], [116.31017, -3.90058, 0.0], [116.30997, -3.91844, 0.0], [116.28961, -3.91918, 0.0], [116.28277, -3.90669, 0.0], [116.2739, -3.90669, 0.0], [116.26338, -3.91423, 0.0], [116.25612, -3.9318, 0.0], [116.24331, -3.94209, 0.0], [116.23024, -3.94045, 0.0], [116.22961, -3.94416, 0.0], [116.20738, -3.95164, 0.0], [116.20213, -3.97032, 0.0], [116.20955, -3.98532, 0.0], [116.1932, -3.98452, 0.0], [116.17268, -3.99655, 0.0], [116.14303, -4.03525, 0.0], [116.12766, -4.03401, 0.0], [116.12238, -4.02656, 0.0], [116.11511, -4.03068, 0.0], [116.11857, -4.03633, 0.0], [116.11557, -4.03923, 0.0], [116.10901, -4.03498, 0.0], [116.0992, -4.05433, 0.0], [116.098, -4.0761, 0.0], [116.09074, -4.08518, 0.0], [116.08783, -4.07995, 0.0], [116.09454, -4.07098, 0.0], [116.08351, -4.07089, 0.0], [116.09725, -4.0551, 0.0], [116.09091, -4.05617, 0.0], [116.08988, -4.05233, 0.0], [116.08474, -4.05711, 0.0], [116.08695, -4.05003, 0.0], [116.072, -4.04842, 0.0], [116.06866, -4.03684, 0.0], [116.05543, -4.04176, 0.0], [116.05469, -4.05267, 0.0], [116.04832, -4.0623, 0.0], [116.04904, -4.03525, 0.0], [116.03882, -4.02738, 0.0], [116.0444, -4.02775, 0.0], [116.03866, -4.02256, 0.0], [116.04424, -4.0149, 0.0], [116.04317, -4.01106, 0.0], [116.04794, -4.01568, 0.0], [116.05777, -4.00513, 0.0], [116.05036, -3.98943, 0.0], [116.0654, -3.96612, 0.0], [116.0683, -3.93738, 0.0], [116.07146, -3.93902, 0.0], [116.07793, -3.92889, 0.0], [116.07266, -3.90807, 0.0], [116.05668, -3.90398, 0.0], [116.06511, -3.89485, 0.0], [116.06674, -3.87605, 0.0], [116.05965, -3.87347, 0.0], [116.06524, -3.85601, 0.0], [116.06192, -3.85008, 0.0], [116.07585, -3.84592, 0.0], [116.08104, -3.82518, 0.0], [116.07222, -3.79575, 0.0], [116.05304, -3.76073, 0.0], [116.02399, -3.72962, 0.0], [116.02078, -3.70751, 0.0], [116.01604, -3.70595, 0.0], [116.01355, -3.68969, 0.0], [116.00546, -3.68175, 0.0], [116.01107, -3.67171, 0.0], [116.00748, -3.6615, 0.0], [116.01219, -3.65394, 0.0], [116.01057, -3.64931, 0.0], [116.00492, -3.65086, 0.0], [116.00441, -3.65039, 0.0], [116.01018, -3.64911, 0.0], [116.01121, -3.64238, 0.0], [116.00233, -3.63804, 0.0], [116.01045, -3.62786, 0.0], [116.01027, -3.6123, 0.0], [116.02907, -3.5958, 0.0], [116.03643, -3.5824, 0.0], [116.0411, -3.56407, 0.0], [116.03702, -3.55749, 0.0], [116.04694, -3.5436, 0.0], [116.03767, -3.48153, 0.0], [116.06946, -3.43961, 0.0], [116.10364, -3.35522, 0.0], [116.09791, -3.34955, 0.0], [116.10517, -3.34026, 0.0], [116.11474, -3.30663, 0.0], [116.12378, -3.29873, 0.0], [116.14017, -3.30331, 0.0], [116.14335, -3.29367, 0.0], [116.18453, -3.26952, 0.0], [116.25305, -3.21051, 0.0], [116.25836, -3.21015, 0.0]]], [[[116.41226, -3.36144, 0.0], [116.43129, -3.36731, 0.0], [116.43458, -3.42165, 0.0], [116.42027, -3.46056, 0.0], [116.41985, -3.49249, 0.0], [116.40618, -3.53521, 0.0], [116.40861, -3.56079, 0.0], [116.40215, -3.58972, 0.0], [116.39864, -3.6271, 0.0], [116.38658, -3.62741, 0.0], [116.37975, -3.65194, 0.0], [116.36144, -3.65299, 0.0], [116.34961, -3.61062, 0.0], [116.3546, -3.60239, 0.0], [116.348, -3.59445, 0.0], [116.34373, -3.56886, 0.0], [116.33325, -3.55863, 0.0], [116.31408, -3.55868, 0.0], [116.31254, -3.55462, 0.0], [116.3334, -3.50496, 0.0], [116.34512, -3.45165, 0.0], [116.36387, -3.43075, 0.0], [116.39037, -3.41319, 0.0], [116.39852, -3.40054, 0.0], [116.39965, -3.38344, 0.0], [116.40573, -3.38071, 0.0], [116.41206, -3.35488, 0.0], [116.41226, -3.36144, 0.0]]], [[[115.85681, -4.75452, 0.0], [115.83393, -4.77682, 0.0], [115.83968, -4.77726, 0.0], [115.83953, -4.78445, 0.0], [115.85367, -4.78191, 0.0], [115.85448, -4.78522, 0.0], [115.84836, -4.78593, 0.0], [115.84699, -4.7923, 0.0], [115.82427, -4.81013, 0.0], [115.80858, -4.81583, 0.0], [115.80188, -4.82458, 0.0], [115.76482, -4.83734, 0.0], [115.77952, -4.8229, 0.0], [115.7771, -4.8174, 0.0], [115.78629, -4.81216, 0.0], [115.79196, -4.79805, 0.0], [115.82777, -4.76863, 0.0], [115.85681, -4.75452, 0.0]]], [[[116.14991, -2.89931, 0.0], [116.16937, -2.91189, 0.0], [116.18027, -2.92792, 0.0], [116.18824, -2.92805, 0.0], [116.20351, -2.943, 0.0], [116.18112, -2.95038, 0.0], [116.14901, -2.93529, 0.0], [116.14445, -2.91627, 0.0], [116.14991, -2.89931, 0.0]]], [[[116.13765, -2.97684, 0.0], [116.1454, -2.98869, 0.0], [116.17652, -2.99778, 0.0], [116.16964, -3.03807, 0.0], [116.15555, -3.02992, 0.0], [116.1597, -3.013, 0.0], [116.13902, -3.00609, 0.0], [116.13384, -2.99781, 0.0], [116.13834, -2.98985, 0.0], [116.13768, -2.98854, 0.0], [116.13449, -2.98628, 0.0], [116.13765, -2.97684, 0.0]]], [[[115.67725, -4.89431, 0.0], [115.66095, -4.92638, 0.0], [115.64624, -4.93723, 0.0], [115.63341, -4.93772, 0.0], [115.65239, -4.9128, 0.0], [115.67725, -4.89431, 0.0]]], [[[115.75304, -4.68908, 0.0], [115.73993, -4.70897, 0.0], [115.722, -4.71969, 0.0], [115.70721, -4.7203, 0.0], [115.71906, -4.70592, 0.0], [115.75304, -4.68908, 0.0]]], [[[116.11325, -2.99688, 0.0], [116.13233, -2.99503, 0.0], [116.13119, -3.00069, 0.0], [116.14307, -3.01169, 0.0], [116.13333, -3.00828, 0.0], [116.12341, -3.012, 0.0], [116.11895, -3.00803, 0.0], [116.10973, -3.00697, 0.0], [116.11325, -2.99688, 0.0]]], [[[116.32041, -3.81656, 0.0], [116.31408, -3.84442, 0.0], [116.30535, -3.84999, 0.0], [116.29693, -3.84638, 0.0], [116.31381, -3.81975, 0.0], [116.32041, -3.81656, 0.0]]], [[[116.33302, -3.59188, 0.0], [116.35039, -3.60266, 0.0], [116.34191, -3.61781, 0.0], [116.33461, -3.61435, 0.0], [116.33302, -3.59188, 0.0]]], [[[116.17412, -3.03663, 0.0], [116.18645, -3.04313, 0.0], [116.17469, -3.06062, 0.0], [116.16745, -3.0417, 0.0], [116.17412, -3.03663, 0.0]]], [[[115.80056, -4.36277, 0.0], [115.81207, -4.3647, 0.0], [115.81227, -4.3739, 0.0], [115.79749, -4.37248, 0.0], [115.79517, -4.36757, 0.0], [115.80056, -4.36277, 0.0]]], [[[116.13405, -2.9858, 0.0], [116.1347, -2.98728, 0.0], [116.13796, -2.98962, 0.0], [116.13499, -2.99363, 0.0], [116.12338, -2.98842, 0.0], [116.13453, -2.97484, 0.0], [116.13405, -2.9858, 0.0]]], [[[116.10436, -2.99476, 0.0], [116.11181, -3.00012, 0.0], [116.10823, -3.0091, 0.0], [116.09989, -2.99967, 0.0], [116.09379, -2.99884, 0.0], [116.10436, -2.99476, 0.0]]], [[[116.17875, -4.04417, 0.0], [116.17836, -4.05041, 0.0], [116.1633, -4.05721, 0.0], [116.16265, -4.05243, 0.0], [116.17875, -4.04417, 0.0]]], [[[116.21166, -4.09696, 0.0], [116.20584, -4.10103, 0.0], [116.19954, -4.08859, 0.0], [116.21001, -4.08588, 0.0], [116.21166, -4.09696, 0.0]]], [[[116.19713, -4.02511, 0.0], [116.20822, -4.0265, 0.0], [116.21453, -4.03045, 0.0], [116.20658, -4.0375, 0.0], [116.19713, -4.02511, 0.0]]], [[[116.0458, -4.07668, 0.0], [116.04893, -4.08892, 0.0], [116.04409, -4.09803, 0.0], [116.04114, -4.08716, 0.0], [116.04205, -4.07704, 0.0], [116.0458, -4.07668, 0.0]]], [[[116.27561, -3.07913, 0.0], [116.28239, -3.08439, 0.0], [116.2783, -3.09314, 0.0], [116.27216, -3.08924, 0.0], [116.27561, -3.07913, 0.0]]], [[[115.81825, -4.32922, 0.0], [115.82152, -4.33361, 0.0], [115.81322, -4.33559, 0.0], [115.814, -4.33254, 0.0], [115.81825, -4.32922, 0.0]]], [[[116.18538, -3.23428, 0.0], [116.18675, -3.23942, 0.0], [116.18282, -3.24326, 0.0], [116.18296, -3.23641, 0.0], [116.18538, -3.23428, 0.0]]], [[[116.26606, -3.09574, 0.0], [116.26199, -3.09638, 0.0], [116.26025, -3.09212, 0.0], [116.26354, -3.0897, 0.0], [116.26606, -3.09574, 0.0]]], [[[116.04851, -4.06389, 0.0], [116.04934, -4.07144, 0.0], [116.04589, -4.07514, 0.0], [116.04495, -4.06926, 0.0], [116.04851, -4.06389, 0.0]]], [[[116.34402, -3.70358, 0.0], [116.34819, -3.70716, 0.0], [116.34821, -3.7086, 0.0], [116.34298, -3.70883, 0.0], [116.34402, -3.70358, 0.0]]], [[[116.10122, -2.98687, 0.0], [116.10551, -2.9878, 0.0], [116.09811, -2.98973, 0.0], [116.10122, -2.98687, 0.0]]], [[[116.12369, -2.8246, 0.0], [116.12665, -2.82791, 0.0], [116.12633, -2.8285, 0.0], [116.12249, -2.82802, 0.0], [116.12369, -2.8246, 0.0]]], [[[116.09896, -2.98274, 0.0], [116.10197, -2.98423, 0.0], [116.09684, -2.98586, 0.0], [116.09896, -2.98274, 0.0]]], [[[116.29572, -3.50606, 0.0], [116.30279, -3.50687, 0.0], [116.29463, -3.50666, 0.0], [116.29572, -3.50606, 0.0]]], [[[116.12442, -4.22481, 0.0], [116.12109, -4.22953, 0.0], [116.12014, -4.23314, 0.0], [116.119, -4.22918, 0.0], [116.12442, -4.22481, 0.0]]], [[[115.83383, -4.38042, 0.0], [115.83749, -4.38589, 0.0], [115.83645, -4.38618, 0.0], [115.83383, -4.38042, 0.0]]], [[[116.38311, -3.65672, 0.0], [116.38646, -3.6563, 0.0], [116.38492, -3.6585, 0.0], [116.38311, -3.65672, 0.0]]], [[[116.27888, -3.06927, 0.0], [116.28337, -3.06944, 0.0], [116.28367, -3.07046, 0.0], [116.28155, -3.07224, 0.0], [116.27888, -3.06927, 0.0]]], [[[116.37215, -3.36936, 0.0], [116.36891, -3.36947, 0.0], [116.37009, -3.36691, 0.0], [116.37215, -3.36936, 0.0]]], [[[116.37948, -3.66871, 0.0], [116.38197, -3.67149, 0.0], [116.37986, -3.67307, 0.0], [116.37948, -3.66871, 0.0]]], [[[116.31623, -3.78386, 0.0], [116.31313, -3.78429, 0.0], [116.3138, -3.78266, 0.0], [116.31623, -3.78386, 0.0]]], [[[115.87695, -4.75086, 0.0], [115.88176, -4.75353, 0.0], [115.87916, -4.75387, 0.0], [115.87695, -4.75086, 0.0]]], [[[116.60651, -3.65769, 0.0], [116.60273, -3.65877, 0.0], [116.60341, -3.65647, 0.0], [116.60651, -3.65769, 0.0]]], [[[117.45833, -3.50987, 0.0], [117.45595, -3.50977, 0.0], [117.45671, -3.50853, 0.0], [117.45833, -3.50987, 0.0]]], [[[116.29634, -3.84481, 0.0], [116.29435, -3.84561, 0.0], [116.29545, -3.84407, 0.0], [116.29634, -3.84481, 0.0]]], [[[116.05733, -4.07871, 0.0], [116.05936, -4.07753, 0.0], [116.05896, -4.07883, 0.0], [116.05733, -4.07871, 0.0]]], [[[116.61496, -3.65525, 0.0], [116.61632, -3.65633, 0.0], [116.6151, -3.65749, 0.0], [116.61496, -3.65525, 0.0]]], [[[116.33702, -3.72201, 0.0], [116.33744, -3.72388, 0.0], [116.33596, -3.7231, 0.0], [116.33702, -3.72201, 0.0]]], [[[115.71183, -4.72623, 0.0], [115.71103, -4.72381, 0.0], [115.71216, -4.72303, 0.0], [115.71183, -4.72623, 0.0]]], [[[115.86366, -4.77594, 0.0], [115.86217, -4.77619, 0.0], [115.86353, -4.77555, 0.0], [115.86366, -4.77594, 0.0]]], [[[116.30628, -3.59222, 0.0], [116.308, -3.59083, 0.0], [116.30808, -3.59129, 0.0], [116.30628, -3.59222, 0.0]]], [[[115.84052, -4.7775, 0.0], [115.84233, -4.77725, 0.0], [115.84108, -4.77772, 0.0], [115.84052, -4.7775, 0.0]]], [[[115.64926, -4.94115, 0.0], [115.6499, -4.94246, 0.0], [115.64876, -4.94132, 0.0], [115.64926, -4.94115, 0.0]]], [[[116.19508, -4.08812, 0.0], [116.19352, -4.08819, 0.0], [116.19364, -4.08748, 0.0], [116.19508, -4.08812, 0.0]]], [[[116.29131, -3.92033, 0.0], [116.2902, -3.92091, 0.0], [116.29067, -3.92001, 0.0], [116.29131, -3.92033, 0.0]]], [[[116.13127, -2.83294, 0.0], [116.13018, -2.83352, 0.0], [116.13021, -2.83196, 0.0], [116.13127, -2.83294, 0.0]]], [[[116.3076, -3.88147, 0.0], [116.30989, -3.88266, 0.0], [116.30999, -3.88309, 0.0], [116.3076, -3.88147, 0.0]]], [[[116.18109, -2.91751, 0.0], [116.17943, -2.91892, 0.0], [116.18059, -2.9173, 0.0], [116.18109, -2.91751, 0.0]]], [[[116.17237, -4.40309, 0.0], [116.17125, -4.40291, 0.0], [116.17219, -4.40226, 0.0], [116.17237, -4.40309, 0.0]]], [[[116.17101, -4.40471, 0.0], [116.16978, -4.40576, 0.0], [116.16946, -4.40557, 0.0], [116.17101, -4.40471, 0.0]]], [[[116.3476, -3.70179, 0.0], [116.34632, -3.70219, 0.0], [116.34719, -3.70138, 0.0], [116.3476, -3.70179, 0.0]]], [[[116.13674, -4.03823, 0.0], [116.13768, -4.03829, 0.0], [116.13741, -4.03883, 0.0], [116.13674, -4.03823, 0.0]]], [[[115.77333, -4.82046, 0.0], [115.7724, -4.82058, 0.0], [115.77319, -4.81993, 0.0], [115.77333, -4.82046, 0.0]]], [[[116.05599, -4.05287, 0.0], [116.05569, -4.05393, 0.0], [116.05545, -4.05281, 0.0], [116.05599, -4.05287, 0.0]]], [[[115.79146, -4.39416, 0.0], [115.79073, -4.39434, 0.0], [115.79074, -4.39328, 0.0], [115.79146, -4.39416, 0.0]]], [[[116.14276, -4.03974, 0.0], [116.14317, -4.03927, 0.0], [116.1436, -4.04023, 0.0], [116.14276, -4.03974, 0.0]]], [[[116.31036, -3.88207, 0.0], [116.31117, -3.88142, 0.0], [116.31109, -3.8823, 0.0], [116.31036, -3.88207, 0.0]]], [[[115.83444, -4.81082, 0.0], [115.83336, -4.81145, 0.0], [115.83442, -4.81052, 0.0], [115.83444, -4.81082, 0.0]]], [[[116.24693, -3.07385, 0.0], [116.24725, -3.07457, 0.0], [116.24668, -3.07474, 0.0], [116.24693, -3.07385, 0.0]]], [[[116.60144, -3.65729, 0.0], [116.6008, -3.6574, 0.0], [116.60087, -3.65688, 0.0], [116.60144, -3.65729, 0.0]]], [[[116.30362, -3.63992, 0.0], [116.30425, -3.64033, 0.0], [116.30363, -3.64014, 0.0], [116.30362, -3.63992, 0.0]]], [[[116.30769, -3.59274, 0.0], [116.30785, -3.59343, 0.0], [116.30752, -3.59283, 0.0], [116.30769, -3.59274, 0.0]]], [[[116.37745, -2.56334, 0.0], [116.3781, -2.56334, 0.0], [116.37792, -2.56372, 0.0], [116.37745, -2.56334, 0.0]]], [[[116.12936, -4.03457, 0.0], [116.12879, -4.0345, 0.0], [116.12938, -4.03425, 0.0], [116.12936, -4.03457, 0.0]]], [[[116.24803, -4.08929, 0.0], [116.24742, -4.08927, 0.0], [116.24804, -4.08899, 0.0], [116.24803, -4.08929, 0.0]]], [[[116.12914, -2.83136, 0.0], [116.12857, -2.8314, 0.0], [116.12891, -2.8311, 0.0], [116.12914, -2.83136, 0.0]]], [[[115.82558, -4.40825, 0.0], [115.82537, -4.40863, 0.0], [115.82549, -4.4082, 0.0], [115.82558, -4.40825, 0.0]]], [[[116.30523, -3.64029, 0.0], [116.30581, -3.64042, 0.0], [116.30576, -3.64063, 0.0], [116.30523, -3.64029, 0.0]]], [[[116.12819, -2.87115, 0.0], [116.12786, -2.87141, 0.0], [116.1278, -2.87108, 0.0], [116.12819, -2.87115, 0.0]]], [[[116.05157, -3.90998, 0.0], [116.05223, -3.90996, 0.0], [116.05219, -3.91028, 0.0], [116.05157, -3.90998, 0.0]]], [[[115.83459, -4.37909, 0.0], [115.83417, -4.37931, 0.0], [115.8344, -4.37889, 0.0], [115.83459, -4.37909, 0.0]]], [[[116.18305, -4.0114, 0.0], [116.18262, -4.01154, 0.0], [116.183, -4.01131, 0.0], [116.18305, -4.0114, 0.0]]], [[[116.16013, -4.02989, 0.0], [116.16006, -4.03029, 0.0], [116.16, -4.02978, 0.0], [116.16013, -4.02989, 0.0]]], [[[115.8344, -4.39796, 0.0], [115.83411, -4.39796, 0.0], [115.83418, -4.39778, 0.0], [115.8344, -4.39796, 0.0]]], [[[116.26543, -3.93825, 0.0], [116.26507, -3.93816, 0.0], [116.26497, -3.93773, 0.0], [116.26543, -3.93825, 0.0]]], [[[116.21382, -4.03158, 0.0], [116.21352, -4.03178, 0.0], [116.21358, -4.03157, 0.0], [116.21382, -4.03158, 0.0]]], [[[116.01181, -3.6941, 0.0], [116.01204, -3.69431, 0.0], [116.01181, -3.69432, 0.0], [116.01181, -3.6941, 0.0]]], [[[116.02286, -3.72601, 0.0], [116.02305, -3.72578, 0.0], [116.0231, -3.72604, 0.0], [116.02286, -3.72601, 0.0]]], [[[115.65364, -4.94142, 0.0], [115.65335, -4.94166, 0.0], [115.65307, -4.94159, 0.0], [115.65364, -4.94142, 0.0]]], [[[116.17496, -4.05362, 0.0], [116.17473, -4.0535, 0.0], [116.17498, -4.05342, 0.0], [116.17496, -4.05362, 0.0]]], [[[115.83404, -4.3786, 0.0], [115.83386, -4.3788, 0.0], [115.83373, -4.37871, 0.0], [115.83404, -4.3786, 0.0]]], [[[115.84944, -4.78641, 0.0], [115.84922, -4.78639, 0.0], [115.84936, -4.78627, 0.0], [115.84944, -4.78641, 0.0]]], [[[116.0522, -3.89847, 0.0], [116.05209, -3.89872, 0.0], [116.05201, -3.8985, 0.0], [116.0522, -3.89847, 0.0]]], [[[116.12457, -4.03644, 0.0], [116.12434, -4.03658, 0.0], [116.12452, -4.03631, 0.0], [116.12457, -4.03644, 0.0]]], [[[116.60611, -3.6489, 0.0], [116.60603, -3.64911, 0.0], [116.60597, -3.64893, 0.0], [116.60611, -3.6489, 0.0]]], [[[116.05446, -3.90452, 0.0], [116.05426, -3.90451, 0.0], [116.05437, -3.90437, 0.0], [116.05446, -3.90452, 0.0]]], [[[116.16631, -4.03256, 0.0], [116.16611, -4.03259, 0.0], [116.16624, -4.03246, 0.0], [116.16631, -4.03256, 0.0]]], [[[116.38354, -3.6644, 0.0], [116.38338, -3.66438, 0.0], [116.38349, -3.66429, 0.0], [116.38354, -3.6644, 0.0]]], [[[116.17422, -4.02976, 0.0], [116.1741, -4.02977, 0.0], [116.17413, -4.02971, 0.0], [116.17422, -4.02976, 0.0]]], [[[116.16404, -4.0285, 0.0], [116.16412, -4.02862, 0.0], [116.16403, -4.02864, 0.0], [116.16404, -4.0285, 0.0]]], [[[116.04305, -4.01408, 0.0], [116.04312, -4.01416, 0.0], [116.043, -4.01426, 0.0], [116.04305, -4.01408, 0.0]]], [[[115.79215, -4.37096, 0.0], [115.79211, -4.37106, 0.0], [115.79208, -4.37098, 0.0], [115.79215, -4.37096, 0.0]]], [[[115.66055, -4.92701, 0.0], [115.66047, -4.9271, 0.0], [115.66046, -4.927, 0.0], [115.66055, -4.92701, 0.0]]], [[[116.18306, -4.01266, 0.0], [116.18314, -4.01282, 0.0], [116.18305, -4.01267, 0.0], [116.18306, -4.01266, 0.0]]], [[[116.40343, -3.58525, 0.0], [116.40345, -3.58533, 0.0], [116.40337, -3.58527, 0.0], [116.40343, -3.58525, 0.0]]], [[[116.16412, -4.03123, 0.0], [116.16413, -4.03131, 0.0], [116.16408, -4.03124, 0.0], [116.16412, -4.03123, 0.0]]], [[[116.00729, -3.66766, 0.0], [116.00722, -3.66769, 0.0], [116.00726, -3.66764, 0.0], [116.00729, -3.66766, 0.0]]], [[[116.40346, -3.58503, 0.0], [116.40346, -3.5851, 0.0], [116.40341, -3.58505, 0.0], [116.40346, -3.58503, 0.0]]], [[[116.40338, -3.58481, 0.0], [116.40337, -3.58487, 0.0], [116.40334, -3.58481, 0.0], [116.40338, -3.58481, 0.0]]], [[[116.40352, -3.58454, 0.0], [116.40352, -3.58458, 0.0], [116.40349, -3.58455, 0.0], [116.40352, -3.58454, 0.0]]]]}}, {"type": "Feature", "id": 6201, "properties": {"WADMKK": "Kotawaringin Barat", "WADMPR": "Kalimantan Tengah", "LUASWH": 9475.85421751, "kode_wilayah": 6201, "nama_resmi": "Kabupaten Kotawaringin Barat", "tipe": "Kota", "provinsi": "Kalimantan Tengah", "pulau": "Kalimantan", "parlemen": 20.0, "pendapatan": 24.52, "pengeluaran": 14095.0, "ahh": 73.41, "profesional": 50.41, "tpak": 47.87, "rls": 8.77, "hls": 12.78, "skor_ekonomi": 20.98, "skor_keputusan": 50.36, "skor_kapasitas_sosial": 60.64, "ikpp_komposit": 40.66, "kuadran": "Kuadran II (Ekonomi Rendah, Keputusan Tinggi)", "lisa_cluster_keputusan": "Not Significant", "lisa_cluster_ekonomi": "Low-Low (Coldspot)", "pc1": 0.986, "pc2": -1.399, "lat": -2.692, "lon": 111.634}, "geometry": {"type": "MultiPolygon", "coordinates": [[[[111.91705, -1.61801, 0.0], [111.95596, -1.76188, 0.0], [111.95274, -1.79446, 0.0], [111.93388, -1.84171, 0.0], [111.93713, -1.86885, 0.0], [111.96845, -1.90413, 0.0], [111.99922, -1.9242, 0.0], [112.05762, -1.95001, 0.0], [112.07444, -1.972, 0.0], [112.06409, -1.98188, 0.0], [112.06544, -1.99639, 0.0], [112.05809, -2.01226, 0.0], [112.0564, -2.06736, 0.0], [112.04633, -2.08087, 0.0], [112.0457, -2.09616, 0.0], [112.02754, -2.09981, 0.0], [112.01803, -2.12537, 0.0], [112.02553, -2.18293, 0.0], [112.02483, -2.23201, 0.0], [112.04226, -2.25094, 0.0], [112.04243, -2.26485, 0.0], [112.03735, -2.26788, 0.0], [112.06386, -2.31404, 0.0], [112.07295, -2.34735, 0.0], [112.03996, -2.3455, 0.0], [112.04003, -2.39299, 0.0], [112.06217, -2.39349, 0.0], [112.06135, -2.42776, 0.0], [112.05023, -2.42751, 0.0], [112.04998, -2.45168, 0.0], [112.02417, -2.4484, 0.0], [112.01809, -2.45213, 0.0], [112.01741, -2.46175, 0.0], [112.01095, -2.462, 0.0], [112.01532, -2.48245, 0.0], [112.02357, -2.48267, 0.0], [112.02286, -2.52021, 0.0], [112.03407, -2.52029, 0.0], [112.03284, -2.55694, 0.0], [112.04162, -2.55761, 0.0], [112.044, -2.57539, 0.0], [112.03677, -2.59184, 0.0], [112.05274, -2.61644, 0.0], [112.06181, -2.64924, 0.0], [112.042, -2.68831, 0.0], [112.05751, -2.70545, 0.0], [112.09273, -2.72749, 0.0], [112.12948, -2.76567, 0.0], [112.13981, -2.80337, 0.0], [112.138, -2.8293, 0.0], [112.11128, -2.92152, 0.0], [112.09891, -2.988, 0.0], [112.09695, -3.05385, 0.0], [112.132, -3.13982, 0.0], [112.13145, -3.15897, 0.0], [112.11851, -3.18162, 0.0], [112.05276, -3.24679, 0.0], [111.79514, -3.52528, 0.0], [111.77999, -3.51653, 0.0], [111.7735, -3.50991, 0.0], [111.77041, -3.50568, 0.0], [111.77013, -3.50506, 0.0], [111.77003, -3.50447, 0.0], [111.77455, -3.50676, 0.0], [111.80147, -3.46279, 0.0], [111.81969, -3.39029, 0.0], [111.81744, -3.3053, 0.0], [111.7982, -3.20034, 0.0], [111.80919, -3.14714, 0.0], [111.80788, -3.12831, 0.0], [111.81993, -3.09727, 0.0], [111.82546, -3.05001, 0.0], [111.80993, -2.98882, 0.0], [111.76898, -2.93376, 0.0], [111.74985, -2.88622, 0.0], [111.72694, -2.86696, 0.0], [111.73239, -2.85545, 0.0], [111.71817, -2.84635, 0.0], [111.68531, -2.87046, 0.0], [111.66927, -2.89426, 0.0], [111.68043, -2.9153, 0.0], [111.68829, -2.92003, 0.0], [111.69829, -2.9193, 0.0], [111.70344, -2.90871, 0.0], [111.70683, -2.90498, 0.0], [111.69078, -2.94148, 0.0], [111.66149, -2.94627, 0.0], [111.63237, -2.95934, 0.0], [111.59894, -2.98825, 0.0], [111.55998, -3.0065, 0.0], [111.54753, -3.02291, 0.0], [111.54281, -3.00409, 0.0], [111.5273, -2.98018, 0.0], [111.50662, -2.96565, 0.0], [111.48649, -2.94293, 0.0], [111.45237, -2.92287, 0.0], [111.42559, -2.9182, 0.0], [111.41258, -2.90286, 0.0], [111.38811, -2.92059, 0.0], [111.36155, -2.90834, 0.0], [111.37995, -2.87682, 0.0], [111.38266, -2.81748, 0.0], [111.37929, -2.79129, 0.0], [111.38243, -2.76004, 0.0], [111.36227, -2.75983, 0.0], [111.39982, -2.65339, 0.0], [111.39772, -2.64811, 0.0], [111.37756, -2.64558, 0.0], [111.34375, -2.62574, 0.0], [111.33009, -2.60252, 0.0], [111.30834, -2.58903, 0.0], [111.30832, -2.58422, 0.0], [111.2799, -2.58331, 0.0], [111.22552, -2.562, 0.0], [111.21756, -2.50514, 0.0], [111.24278, -2.50595, 0.0], [111.25515, -2.50041, 0.0], [111.28723, -2.51803, 0.0], [111.28667, -2.50723, 0.0], [111.28079, -2.50715, 0.0], [111.27517, -2.42993, 0.0], [111.28169, -2.42802, 0.0], [111.29555, -2.40834, 0.0], [111.28412, -2.40021, 0.0], [111.28364, -2.37277, 0.0], [111.26495, -2.37256, 0.0], [111.266, -2.34701, 0.0], [111.27481, -2.33603, 0.0], [111.31636, -2.33249, 0.0], [111.31687, -2.30517, 0.0], [111.34688, -2.30617, 0.0], [111.35249, -2.29975, 0.0], [111.34836, -2.28591, 0.0], [111.36477, -2.27723, 0.0], [111.37566, -2.28768, 0.0], [111.382, -2.28209, 0.0], [111.39754, -2.28964, 0.0], [111.41895, -2.28986, 0.0], [111.41901, -2.30621, 0.0], [111.44002, -2.30614, 0.0], [111.46043, -2.3144, 0.0], [111.54007, -2.30442, 0.0], [111.58486, -2.30714, 0.0], [111.58528, -2.2955, 0.0], [111.5973, -2.29536, 0.0], [111.59665, -2.24698, 0.0], [111.60516, -2.2435, 0.0], [111.60899, -2.22464, 0.0], [111.59426, -2.22374, 0.0], [111.60268, -2.20205, 0.0], [111.61224, -2.19153, 0.0], [111.62412, -2.19647, 0.0], [111.63767, -2.18671, 0.0], [111.6603, -2.18058, 0.0], [111.64938, -2.15025, 0.0], [111.6615, -2.13651, 0.0], [111.67506, -2.13565, 0.0], [111.68056, -2.12149, 0.0], [111.7231, -2.11363, 0.0], [111.74516, -2.12183, 0.0], [111.73924, -2.07981, 0.0], [111.75773, -2.07132, 0.0], [111.77036, -2.07222, 0.0], [111.77636, -2.0661, 0.0], [111.77651, -2.03316, 0.0], [111.80372, -2.00301, 0.0], [111.82245, -1.99943, 0.0], [111.81855, -1.9949, 0.0], [111.82425, -1.98811, 0.0], [111.81965, -1.96005, 0.0], [111.82438, -1.95673, 0.0], [111.81051, -1.94018, 0.0], [111.8099, -1.9271, 0.0], [111.83433, -1.91523, 0.0], [111.83493, -1.90357, 0.0], [111.82682, -1.90072, 0.0], [111.82966, -1.8801, 0.0], [111.81663, -1.88091, 0.0], [111.83541, -1.84422, 0.0], [111.82342, -1.8427, 0.0], [111.82721, -1.82294, 0.0], [111.81815, -1.8211, 0.0], [111.81949, -1.81518, 0.0], [111.81137, -1.81304, 0.0], [111.82173, -1.79252, 0.0], [111.82063, -1.77856, 0.0], [111.83209, -1.77612, 0.0], [111.83185, -1.75908, 0.0], [111.84368, -1.75257, 0.0], [111.8451, -1.7209, 0.0], [111.83881, -1.69668, 0.0], [111.81602, -1.68209, 0.0], [111.8053, -1.68361, 0.0], [111.78835, -1.65439, 0.0], [111.78695, -1.64077, 0.0], [111.79236, -1.62566, 0.0], [111.80662, -1.62234, 0.0], [111.81767, -1.60144, 0.0], [111.80908, -1.58457, 0.0], [111.80498, -1.56166, 0.0], [111.79785, -1.55127, 0.0], [111.77547, -1.54441, 0.0], [111.76693, -1.52244, 0.0], [111.761, -1.51997, 0.0], [111.75, -1.48316, 0.0], [111.872, -1.54443, 0.0], [111.91705, -1.61801, 0.0]]], [[[111.413, -2.90945, 0.0], [111.41606, -2.90938, 0.0], [111.41321, -2.91045, 0.0], [111.413, -2.90945, 0.0]]]]}}, {"type": "Feature", "id": 6202, "properties": {"WADMKK": "Kotawaringin Timur", "WADMPR": "Kalimantan Tengah", "LUASWH": 15541.8799001, "kode_wilayah": 6202, "nama_resmi": "Kabupaten Kotawaringin Timur", "tipe": "Kota", "provinsi": "Kalimantan Tengah", "pulau": "Kalimantan", "parlemen": 17.95, "pendapatan": 26.19, "pengeluaran": 13042.0, "ahh": 72.52, "profesional": 42.98, "tpak": 40.77, "rls": 8.18, "hls": 12.89, "skor_ekonomi": 18.15, "skor_keputusan": 43.52, "skor_kapasitas_sosial": 57.34, "ikpp_komposit": 36.14, "kuadran": "Kuadran III (Ekonomi Rendah, Keputusan Rendah)", "lisa_cluster_keputusan": "Not Significant", "lisa_cluster_ekonomi": "Low-Low (Coldspot)", "pc1": 0.525, "pc2": -1.58, "lat": -2.538, "lon": 112.941}, "geometry": {"type": "Polygon", "coordinates": [[[112.54079, -1.19321, 0.0], [112.63196, -1.2077, 0.0], [112.65207, -1.22495, 0.0], [112.66741, -1.25144, 0.0], [112.67493, -1.25579, 0.0], [112.66958, -1.27236, 0.0], [112.69119, -1.30649, 0.0], [112.73637, -1.32186, 0.0], [112.74952, -1.33346, 0.0], [112.74348, -1.35324, 0.0], [112.74892, -1.371, 0.0], [112.74596, -1.3781, 0.0], [112.76347, -1.38966, 0.0], [112.79136, -1.39298, 0.0], [112.79366, -1.40753, 0.0], [112.80666, -1.41021, 0.0], [112.81563, -1.42387, 0.0], [112.83926, -1.4239, 0.0], [112.83827, -1.50492, 0.0], [112.85151, -1.51402, 0.0], [112.85191, -1.52455, 0.0], [112.86229, -1.52471, 0.0], [112.8638, -1.59171, 0.0], [112.89892, -1.59419, 0.0], [112.8966, -1.64007, 0.0], [112.92991, -1.64097, 0.0], [112.92869, -1.70481, 0.0], [112.98147, -1.70579, 0.0], [112.98112, -1.71583, 0.0], [113.00011, -1.71643, 0.0], [112.99921, -1.74894, 0.0], [113.01755, -1.74959, 0.0], [113.01717, -1.76563, 0.0], [113.03372, -1.7656, 0.0], [113.03393, -1.77886, 0.0], [113.04385, -1.77895, 0.0], [113.04342, -1.79703, 0.0], [113.06176, -1.81329, 0.0], [113.13417, -1.8152, 0.0], [113.13338, -1.84544, 0.0], [113.14251, -1.84562, 0.0], [113.14233, -1.89935, 0.0], [113.15565, -1.89956, 0.0], [113.15631, -1.91074, 0.0], [113.16188, -1.91106, 0.0], [113.1618, -1.92244, 0.0], [113.20362, -1.95236, 0.0], [113.20342, -1.9757, 0.0], [113.21737, -1.97574, 0.0], [113.22013, -1.99098, 0.0], [113.26966, -2.02444, 0.0], [113.22975, -2.16457, 0.0], [113.1722, -2.32305, 0.0], [113.21308, -2.45046, 0.0], [113.13568, -2.60833, 0.0], [113.09473, -2.67528, 0.0], [113.09788, -2.80002, 0.0], [113.14826, -2.9232, 0.0], [113.22219, -3.08424, 0.0], [113.23287, -3.12318, 0.0], [113.23454, -3.15194, 0.0], [113.18464, -3.1019, 0.0], [113.1879, -3.10505, 0.0], [113.18467, -3.10034, 0.0], [113.18429, -3.09947, 0.0], [113.18429, -3.0986, 0.0], [113.18874, -3.10553, 0.0], [113.19151, -3.10219, 0.0], [113.19037, -3.09354, 0.0], [113.17419, -3.07348, 0.0], [113.09178, -3.03689, 0.0], [113.08305, -3.02217, 0.0], [113.0571, -3.00526, 0.0], [113.05676, -2.99064, 0.0], [113.04699, -2.974, 0.0], [113.03287, -2.97492, 0.0], [113.01342, -3.02987, 0.0], [113.00141, -3.04226, 0.0], [112.98341, -3.04785, 0.0], [112.94498, -3.10193, 0.0], [112.9416, -3.11901, 0.0], [112.95763, -3.14042, 0.0], [112.99463, -3.15571, 0.0], [113.00976, -3.15727, 0.0], [113.03926, -3.12776, 0.0], [113.04241, -3.12993, 0.0], [112.91806, -3.24143, 0.0], [112.80979, -3.2999, 0.0], [112.81407, -3.05016, 0.0], [112.845, -2.99798, 0.0], [112.84015, -2.9246, 0.0], [112.84379, -2.84575, 0.0], [112.82195, -2.80572, 0.0], [112.74476, -2.7548, 0.0], [112.63635, -2.72869, 0.0], [112.60905, -2.70442, 0.0], [112.6042, -2.66682, 0.0], [112.58055, -2.65226, 0.0], [112.52363, -2.63373, 0.0], [112.52376, -2.62943, 0.0], [112.51184, -2.62898, 0.0], [112.51139, -2.60119, 0.0], [112.50175, -2.60105, 0.0], [112.50242, -2.56436, 0.0], [112.49526, -2.56418, 0.0], [112.49539, -2.54533, 0.0], [112.52092, -2.54732, 0.0], [112.52487, -2.5454, 0.0], [112.50506, -2.54414, 0.0], [112.50521, -2.53749, 0.0], [112.49278, -2.54299, 0.0], [112.49541, -2.53539, 0.0], [112.489, -2.53443, 0.0], [112.48675, -2.51821, 0.0], [112.4789, -2.51821, 0.0], [112.47428, -2.49655, 0.0], [112.45487, -2.48803, 0.0], [112.45048, -2.49099, 0.0], [112.45089, -2.47871, 0.0], [112.45579, -2.47699, 0.0], [112.45188, -2.46044, 0.0], [112.44726, -2.46018, 0.0], [112.45193, -2.4596, 0.0], [112.45208, -2.4329, 0.0], [112.44374, -2.43251, 0.0], [112.44327, -2.42944, 0.0], [112.44836, -2.42821, 0.0], [112.44803, -2.42685, 0.0], [112.44237, -2.4292, 0.0], [112.44466, -2.43487, 0.0], [112.43483, -2.43496, 0.0], [112.43619, -2.36203, 0.0], [112.43075, -2.33128, 0.0], [112.40867, -2.33103, 0.0], [112.40822, -2.26704, 0.0], [112.37345, -2.26714, 0.0], [112.37369, -2.19671, 0.0], [112.35729, -2.19272, 0.0], [112.34235, -2.18024, 0.0], [112.33615, -2.1822, 0.0], [112.32848, -2.16643, 0.0], [112.31397, -2.15642, 0.0], [112.31835, -2.15196, 0.0], [112.30806, -2.12735, 0.0], [112.30584, -2.06223, 0.0], [112.31121, -2.06215, 0.0], [112.3108, -2.05225, 0.0], [112.33115, -2.05225, 0.0], [112.34084, -2.01267, 0.0], [112.34067, -2.00825, 0.0], [112.31211, -1.99594, 0.0], [112.31267, -1.98406, 0.0], [112.32358, -1.97076, 0.0], [112.32893, -1.97217, 0.0], [112.33847, -1.95692, 0.0], [112.34744, -1.93828, 0.0], [112.34464, -1.92697, 0.0], [112.31818, -1.9017, 0.0], [112.25161, -1.86011, 0.0], [112.25098, -1.83136, 0.0], [112.23676, -1.82737, 0.0], [112.2279, -1.80989, 0.0], [112.2187, -1.80988, 0.0], [112.21853, -1.79695, 0.0], [112.20095, -1.78954, 0.0], [112.19213, -1.758, 0.0], [112.13286, -1.69606, 0.0], [112.09117, -1.64432, 0.0], [112.067, -1.59471, 0.0], [112.06913, -1.56756, 0.0], [112.10776, -1.50035, 0.0], [112.12672, -1.44786, 0.0], [112.13277, -1.41224, 0.0], [112.127, -1.31283, 0.0], [112.15147, -1.30213, 0.0], [112.16405, -1.31209, 0.0], [112.17398, -1.31295, 0.0], [112.18693, -1.30302, 0.0], [112.20197, -1.30273, 0.0], [112.21635, -1.30612, 0.0], [112.21761, -1.31304, 0.0], [112.22406, -1.31691, 0.0], [112.25792, -1.32073, 0.0], [112.27909, -1.30372, 0.0], [112.29496, -1.30687, 0.0], [112.31673, -1.30381, 0.0], [112.32859, -1.29062, 0.0], [112.32343, -1.27525, 0.0], [112.33699, -1.25787, 0.0], [112.33387, -1.24598, 0.0], [112.35025, -1.23146, 0.0], [112.37558, -1.23104, 0.0], [112.39223, -1.23962, 0.0], [112.4268, -1.20629, 0.0], [112.46177, -1.19795, 0.0], [112.48025, -1.20372, 0.0], [112.4903, -1.20017, 0.0], [112.51098, -1.20801, 0.0], [112.51542, -1.19914, 0.0], [112.54079, -1.19321, 0.0]]]}}, {"type": "Feature", "id": 6402, "properties": {"WADMKK": "Kutai Barat", "WADMPR": "Kalimantan Timur", "LUASWH": 13611.1678552, "kode_wilayah": 6402, "nama_resmi": "Kabupaten Kutai Barat", "tipe": "Kabupaten", "provinsi": "Kalimantan Timur", "pulau": "Kalimantan", "parlemen": 20.0, "pendapatan": 27.19, "pengeluaran": 11903.0, "ahh": 75.6, "profesional": 54.16, "tpak": 55.1, "rls": 8.89, "hls": 13.36, "skor_ekonomi": 28.02, "skor_keputusan": 52.87, "skor_kapasitas_sosial": 62.77, "ikpp_komposit": 44.91, "kuadran": "Kuadran II (Ekonomi Rendah, Keputusan Tinggi)", "lisa_cluster_keputusan": "Not Significant", "lisa_cluster_ekonomi": "Low-Low (Coldspot)", "pc1": 0.899, "pc2": -0.685, "lat": -0.443, "lon": 116.999}, "geometry": {"type": "Polygon", "coordinates": [[[115.68883, 0.32968, 0.0], [115.70308, 0.31413, 0.0], [115.72339, 0.30541, 0.0], [115.73054, 0.31111, 0.0], [115.75001, 0.3061, 0.0], [115.7818, 0.28445, 0.0], [115.7753, 0.27546, 0.0], [115.77772, 0.26816, 0.0], [115.76764, 0.25743, 0.0], [115.77007, 0.24785, 0.0], [115.76369, 0.23182, 0.0], [115.76741, 0.22703, 0.0], [115.78106, 0.22637, 0.0], [115.79202, 0.23162, 0.0], [115.79713, 0.22711, 0.0], [115.79596, 0.21306, 0.0], [115.80452, 0.20888, 0.0], [115.82723, 0.21879, 0.0], [115.83952, 0.19488, 0.0], [115.83819, 0.18595, 0.0], [115.85073, 0.18627, 0.0], [115.86143, 0.16991, 0.0], [115.87578, 0.16641, 0.0], [115.8815, 0.15815, 0.0], [115.87881, 0.15354, 0.0], [115.88848, 0.14904, 0.0], [115.89004, 0.13802, 0.0], [115.90145, 0.13162, 0.0], [115.90226, 0.12266, 0.0], [115.91028, 0.12646, 0.0], [115.91514, 0.11822, 0.0], [115.92429, 0.12219, 0.0], [115.94758, 0.1168, 0.0], [115.94722, 0.10958, 0.0], [115.95908, 0.10884, 0.0], [115.96181, 0.1006, 0.0], [115.97547, 0.10642, 0.0], [115.98142, 0.08582, 0.0], [115.97663, 0.07354, 0.0], [115.99403, 0.06069, 0.0], [115.99286, 0.04962, 0.0], [115.98694, 0.04299, 0.0], [115.98934, 0.02068, 0.0], [115.97863, 0.01465, 0.0], [115.9677, 0.02304, 0.0], [115.96431, 0.01866, 0.0], [115.9688, 0.01081, 0.0], [115.96657, 0.00197, 0.0], [115.94769, -0.01951, 0.0], [115.94789, -0.02958, 0.0], [115.9609, -0.04589, 0.0], [115.96079, -0.05784, 0.0], [115.97701, -0.07435, 0.0], [115.97128, -0.08432, 0.0], [115.98873, -0.09052, 0.0], [115.99825, -0.10408, 0.0], [116.007, -0.10264, 0.0], [116.007, -0.10758, 0.0], [116.01639, -0.11211, 0.0], [116.01889, -0.12778, 0.0], [116.03412, -0.14566, 0.0], [116.06052, -0.1588, 0.0], [116.0655, -0.16782, 0.0], [116.10831, -0.17379, 0.0], [116.12305, -0.171, 0.0], [116.13075, -0.17867, 0.0], [116.13863, -0.17483, 0.0], [116.16091, -0.17828, 0.0], [116.16378, -0.18849, 0.0], [116.1602, -0.19955, 0.0], [116.16495, -0.21397, 0.0], [116.27739, -0.28904, 0.0], [116.30639, -0.32985, 0.0], [116.30129, -0.34851, 0.0], [116.32217, -0.38247, 0.0], [116.3225, -0.39019, 0.0], [116.30084, -0.38625, 0.0], [116.28965, -0.39979, 0.0], [116.27108, -0.403, 0.0], [116.23623, -0.40034, 0.0], [116.23283, -0.40786, 0.0], [116.23538, -0.42515, 0.0], [116.26585, -0.44968, 0.0], [116.25057, -0.48593, 0.0], [116.255, -0.49601, 0.0], [116.287, -0.52406, 0.0], [116.32, -0.5342, 0.0], [116.375, -0.6159, 0.0], [116.375, -0.63257, 0.0], [116.37971, -0.63142, 0.0], [116.4095, -0.65931, 0.0], [116.44937, -0.71218, 0.0], [116.455, -0.73505, 0.0], [116.47262, -0.7387, 0.0], [116.48485, -0.73483, 0.0], [116.49592, -0.75183, 0.0], [116.51718, -0.74822, 0.0], [116.52234, -0.75447, 0.0], [116.51413, -0.76354, 0.0], [116.50584, -0.7653, 0.0], [116.50999, -0.77268, 0.0], [116.5087, -0.7848, 0.0], [116.50084, -0.78308, 0.0], [116.50345, -0.7888, 0.0], [116.49721, -0.79293, 0.0], [116.49909, -0.79942, 0.0], [116.49354, -0.79871, 0.0], [116.49065, -0.80707, 0.0], [116.50086, -0.85814, 0.0], [116.48878, -0.86423, 0.0], [116.46768, -0.86238, 0.0], [116.4509, -0.88363, 0.0], [116.45739, -0.89332, 0.0], [116.45418, -0.90428, 0.0], [116.46123, -0.91659, 0.0], [116.46997, -0.91676, 0.0], [116.47951, -0.94455, 0.0], [116.44345, -0.95333, 0.0], [116.44042, -0.96996, 0.0], [116.39544, -0.9738, 0.0], [116.38446, -0.96647, 0.0], [116.37953, -0.98717, 0.0], [116.37001, -0.99626, 0.0], [116.35914, -0.99758, 0.0], [116.33637, -1.02195, 0.0], [116.31542, -1.02997, 0.0], [116.29959, -1.0519, 0.0], [116.26214, -1.056, 0.0], [116.24825, -1.08487, 0.0], [116.22895, -1.08638, 0.0], [116.22468, -1.0956, 0.0], [116.21209, -1.10409, 0.0], [116.15264, -1.09553, 0.0], [116.13934, -1.08847, 0.0], [116.13329, -1.09272, 0.0], [116.11534, -1.0827, 0.0], [116.09301, -1.08578, 0.0], [116.07919, -1.08259, 0.0], [116.07564, -1.07624, 0.0], [116.01861, -1.09271, 0.0], [116.01265, -1.09068, 0.0], [116.01261, -1.08112, 0.0], [115.98533, -1.08181, 0.0], [115.97889, -1.11325, 0.0], [115.95179, -1.12563, 0.0], [115.94453, -1.13725, 0.0], [115.92184, -1.15404, 0.0], [115.91788, -1.14225, 0.0], [115.90679, -1.14186, 0.0], [115.90345, -1.1376, 0.0], [115.89526, -1.10517, 0.0], [115.86974, -1.10186, 0.0], [115.85345, -1.11097, 0.0], [115.84444, -1.11054, 0.0], [115.84199, -1.09634, 0.0], [115.81975, -1.08858, 0.0], [115.79944, -1.10082, 0.0], [115.78906, -1.11766, 0.0], [115.77685, -1.12347, 0.0], [115.76644, -1.1377, 0.0], [115.75647, -1.13351, 0.0], [115.75017, -1.12117, 0.0], [115.7496, -1.1049, 0.0], [115.71094, -1.07496, 0.0], [115.69993, -1.02971, 0.0], [115.68981, -1.02542, 0.0], [115.67924, -1.00895, 0.0], [115.66426, -1.00883, 0.0], [115.63994, -1.01945, 0.0], [115.62462, -1.0166, 0.0], [115.63089, -0.97632, 0.0], [115.62253, -0.96106, 0.0], [115.60351, -0.94962, 0.0], [115.59139, -0.93496, 0.0], [115.55445, -0.85984, 0.0], [115.54726, -0.85442, 0.0], [115.49294, -0.87497, 0.0], [115.48683, -0.87139, 0.0], [115.4776, -0.88196, 0.0], [115.47389, -0.87251, 0.0], [115.44643, -0.87843, 0.0], [115.42714, -0.87633, 0.0], [115.42835, -0.87174, 0.0], [115.41365, -0.87355, 0.0], [115.40796, -0.86869, 0.0], [115.41606, -0.86471, 0.0], [115.3992, -0.84526, 0.0], [115.39766, -0.86488, 0.0], [115.39402, -0.85733, 0.0], [115.38743, -0.86196, 0.0], [115.38159, -0.8518, 0.0], [115.37531, -0.87716, 0.0], [115.3626, -0.87359, 0.0], [115.35725, -0.86357, 0.0], [115.35548, -0.86966, 0.0], [115.36025, -0.8766, 0.0], [115.34994, -0.89119, 0.0], [115.34843, -0.86316, 0.0], [115.33678, -0.84133, 0.0], [115.34172, -0.83908, 0.0], [115.32541, -0.83221, 0.0], [115.32112, -0.81675, 0.0], [115.3086, -0.81539, 0.0], [115.29999, -0.79724, 0.0], [115.28946, -0.79942, 0.0], [115.29082, -0.78413, 0.0], [115.28592, -0.78207, 0.0], [115.2891, -0.77823, 0.0], [115.28596, -0.7713, 0.0], [115.30092, -0.7612, 0.0], [115.3008, -0.74498, 0.0], [115.32201, -0.73139, 0.0], [115.32269, -0.72663, 0.0], [115.343, -0.72455, 0.0], [115.34659, -0.72045, 0.0], [115.33728, -0.69305, 0.0], [115.34194, -0.68623, 0.0], [115.33304, -0.68551, 0.0], [115.33618, -0.6785, 0.0], [115.32565, -0.67152, 0.0], [115.33872, -0.67405, 0.0], [115.34562, -0.66692, 0.0], [115.35707, -0.67046, 0.0], [115.3727, -0.65369, 0.0], [115.37774, -0.62949, 0.0], [115.36977, -0.63253, 0.0], [115.35652, -0.61338, 0.0], [115.36474, -0.60133, 0.0], [115.37413, -0.59841, 0.0], [115.38093, -0.57224, 0.0], [115.36687, -0.55812, 0.0], [115.35611, -0.5545, 0.0], [115.35667, -0.5492, 0.0], [115.33674, -0.54353, 0.0], [115.33073, -0.5479, 0.0], [115.30598, -0.54599, 0.0], [115.29044, -0.55545, 0.0], [115.28264, -0.54821, 0.0], [115.28995, -0.54065, 0.0], [115.28842, -0.52822, 0.0], [115.29361, -0.51647, 0.0], [115.29645, -0.51869, 0.0], [115.30711, -0.51103, 0.0], [115.29747, -0.49414, 0.0], [115.30577, -0.49121, 0.0], [115.3071, -0.48602, 0.0], [115.30464, -0.47826, 0.0], [115.29749, -0.47884, 0.0], [115.29894, -0.45628, 0.0], [115.29304, -0.46001, 0.0], [115.27353, -0.45482, 0.0], [115.2741, -0.45052, 0.0], [115.26784, -0.44718, 0.0], [115.27167, -0.44049, 0.0], [115.26427, -0.43568, 0.0], [115.26731, -0.43195, 0.0], [115.25402, -0.41228, 0.0], [115.24833, -0.41152, 0.0], [115.25164, -0.40273, 0.0], [115.26262, -0.40091, 0.0], [115.25045, -0.37809, 0.0], [115.24604, -0.37913, 0.0], [115.24639, -0.36744, 0.0], [115.23272, -0.36183, 0.0], [115.23755, -0.35309, 0.0], [115.23178, -0.34637, 0.0], [115.23721, -0.34166, 0.0], [115.22935, -0.33586, 0.0], [115.23281, -0.32323, 0.0], [115.2249, -0.31174, 0.0], [115.22991, -0.30597, 0.0], [115.25324, -0.30263, 0.0], [115.25415, -0.27044, 0.0], [115.24655, -0.2536, 0.0], [115.24857, -0.24776, 0.0], [115.26038, -0.23892, 0.0], [115.27324, -0.24333, 0.0], [115.27484, -0.22812, 0.0], [115.29378, -0.21804, 0.0], [115.29847, -0.21043, 0.0], [115.28683, -0.1934, 0.0], [115.25601, -0.18233, 0.0], [115.24182, -0.17009, 0.0], [115.24118, -0.16457, 0.0], [115.25704, -0.16068, 0.0], [115.27094, -0.14269, 0.0], [115.28602, -0.14516, 0.0], [115.28712, -0.12808, 0.0], [115.30963, -0.11783, 0.0], [115.31653, -0.09707, 0.0], [115.30897, -0.08046, 0.0], [115.30243, -0.08324, 0.0], [115.29126, -0.07807, 0.0], [115.28733, -0.05871, 0.0], [115.29505, -0.0532, 0.0], [115.2912, -0.03645, 0.0], [115.30657, -0.01994, 0.0], [115.31346, -0.01967, 0.0], [115.31562, -0.00267, 0.0], [115.33593, -0.00161, 0.0], [115.39063, 0.05558, 0.0], [115.40226, 0.05684, 0.0], [115.41003, 0.05213, 0.0], [115.44059, 0.06194, 0.0], [115.4614, 0.05191, 0.0], [115.46141, 0.06354, 0.0], [115.48374, 0.06641, 0.0], [115.49222, 0.06021, 0.0], [115.5089, 0.06175, 0.0], [115.52028, 0.07002, 0.0], [115.52355, 0.07951, 0.0], [115.54246, 0.08258, 0.0], [115.55021, 0.09437, 0.0], [115.55739, 0.09647, 0.0], [115.56517, 0.11343, 0.0], [115.57593, 0.12355, 0.0], [115.57432, 0.13111, 0.0], [115.57999, 0.13463, 0.0], [115.58086, 0.1454, 0.0], [115.60669, 0.14057, 0.0], [115.65626, 0.16293, 0.0], [115.66037, 0.15639, 0.0], [115.67735, 0.16193, 0.0], [115.67709, 0.16826, 0.0], [115.69174, 0.18852, 0.0], [115.69147, 0.19625, 0.0], [115.69442, 0.20085, 0.0], [115.7005, 0.1997, 0.0], [115.70782, 0.21301, 0.0], [115.71362, 0.21482, 0.0], [115.71438, 0.22516, 0.0], [115.71133, 0.27829, 0.0], [115.68471, 0.28058, 0.0], [115.68333, 0.30249, 0.0], [115.67611, 0.30387, 0.0], [115.67086, 0.31129, 0.0], [115.68292, 0.32954, 0.0], [115.68883, 0.32968, 0.0]]]}}, {"type": "Feature", "id": 6403, "properties": {"WADMKK": "Kutai Kartanegara", "WADMPR": "Kalimantan Timur", "LUASWH": 26912.0648723, "kode_wilayah": 6403, "nama_resmi": "Kabupaten Kutai Kartanegara", "tipe": "Kabupaten", "provinsi": "Kalimantan Timur", "pulau": "Kalimantan", "parlemen": 26.67, "pendapatan": 24.38, "pengeluaran": 12957.0, "ahh": 75.01, "profesional": 53.41, "tpak": 44.86, "rls": 9.27, "hls": 13.65, "skor_ekonomi": 18.97, "skor_keputusan": 58.43, "skor_kapasitas_sosial": 64.39, "ikpp_komposit": 43.84, "kuadran": "Kuadran II (Ekonomi Rendah, Keputusan Tinggi)", "lisa_cluster_keputusan": "Not Significant", "lisa_cluster_ekonomi": "Low-Low (Coldspot)", "pc1": 1.727, "pc2": -1.553, "lat": 2.15, "lon": 117.508}, "geometry": {"type": "MultiPolygon", "coordinates": [[[[115.97268, 1.5313, 0.0], [116.00766, 1.5259, 0.0], [116.02057, 1.51602, 0.0], [116.0421, 1.51662, 0.0], [116.04558, 1.51151, 0.0], [116.06134, 1.50863, 0.0], [116.06659, 1.49998, 0.0], [116.09206, 1.4999, 0.0], [116.10148, 1.48976, 0.0], [116.1233, 1.48447, 0.0], [116.1312, 1.47812, 0.0], [116.14075, 1.47888, 0.0], [116.15284, 1.4897, 0.0], [116.14864, 1.47344, 0.0], [116.15435, 1.4505, 0.0], [116.14442, 1.43247, 0.0], [116.14098, 1.41381, 0.0], [116.14465, 1.40583, 0.0], [116.15752, 1.40176, 0.0], [116.17465, 1.38135, 0.0], [116.17166, 1.37158, 0.0], [116.15853, 1.36274, 0.0], [116.1479, 1.29522, 0.0], [116.12987, 1.28651, 0.0], [116.12993, 1.27484, 0.0], [116.11219, 1.27063, 0.0], [116.1107, 1.25752, 0.0], [116.09479, 1.24833, 0.0], [116.08341, 1.22757, 0.0], [116.08062, 1.21143, 0.0], [116.06245, 1.19665, 0.0], [116.0642, 1.17685, 0.0], [116.04905, 1.1795, 0.0], [116.03567, 1.17558, 0.0], [116.03016, 1.16858, 0.0], [116.03707, 1.1395, 0.0], [116.03182, 1.12836, 0.0], [116.04078, 1.11439, 0.0], [116.03906, 1.10446, 0.0], [116.045, 1.08433, 0.0], [116.05394, 1.07063, 0.0], [116.04973, 1.06126, 0.0], [116.05928, 1.05475, 0.0], [116.07431, 1.02432, 0.0], [116.06535, 1.01052, 0.0], [116.04039, 1.00684, 0.0], [116.04705, 0.99131, 0.0], [116.02902, 0.97139, 0.0], [116.04219, 0.95337, 0.0], [116.04707, 0.91959, 0.0], [116.06246, 0.91349, 0.0], [116.06811, 0.90183, 0.0], [116.06221, 0.89511, 0.0], [116.03944, 0.8878, 0.0], [116.03959, 0.87549, 0.0], [116.02664, 0.86922, 0.0], [116.03225, 0.8521, 0.0], [116.0217, 0.84517, 0.0], [116.01598, 0.83444, 0.0], [116.00484, 0.83476, 0.0], [115.99262, 0.8269, 0.0], [115.97212, 0.83493, 0.0], [115.9681, 0.82092, 0.0], [115.99111, 0.80328, 0.0], [115.99717, 0.78973, 0.0], [115.99387, 0.78027, 0.0], [116.01121, 0.77081, 0.0], [116.01497, 0.77764, 0.0], [116.03275, 0.77507, 0.0], [116.04759, 0.78712, 0.0], [116.05975, 0.8065, 0.0], [116.06636, 0.81085, 0.0], [116.07567, 0.80941, 0.0], [116.08675, 0.79995, 0.0], [116.08512, 0.78771, 0.0], [116.10049, 0.78171, 0.0], [116.12343, 0.75483, 0.0], [116.14704, 0.7499, 0.0], [116.13843, 0.73753, 0.0], [116.14239, 0.72249, 0.0], [116.17047, 0.73263, 0.0], [116.17976, 0.72537, 0.0], [116.18006, 0.7193, 0.0], [116.20034, 0.72051, 0.0], [116.20917, 0.7128, 0.0], [116.22438, 0.70978, 0.0], [116.22683, 0.68204, 0.0], [116.23766, 0.65988, 0.0], [116.23697, 0.65242, 0.0], [116.25052, 0.63973, 0.0], [116.24202, 0.63199, 0.0], [116.27388, 0.58377, 0.0], [116.25417, 0.56573, 0.0], [116.25585, 0.55255, 0.0], [116.2643, 0.55287, 0.0], [116.25991, 0.54195, 0.0], [116.26705, 0.53672, 0.0], [116.26232, 0.52906, 0.0], [116.28557, 0.51151, 0.0], [116.27962, 0.50405, 0.0], [116.28826, 0.46524, 0.0], [116.29813, 0.46024, 0.0], [116.32347, 0.45837, 0.0], [116.3343, 0.44908, 0.0], [116.33742, 0.43147, 0.0], [116.36156, 0.4133, 0.0], [116.40221, 0.35617, 0.0], [116.42473, 0.34567, 0.0], [116.4708, 0.30904, 0.0], [116.47633, 0.295, 0.0], [116.45947, 0.29502, 0.0], [116.45926, 0.28954, 0.0], [116.45946, 0.236, 0.0], [116.46922, 0.1839, 0.0], [116.65247, 0.18389, 0.0], [116.77664, 0.22725, 0.0], [116.80364, 0.22599, 0.0], [116.82639, 0.23594, 0.0], [116.85161, 0.27055, 0.0], [116.84776, 0.30015, 0.0], [116.86175, 0.32432, 0.0], [116.87659, 0.36614, 0.0], [116.8739, 0.38961, 0.0], [116.90403, 0.39004, 0.0], [116.91903, 0.41492, 0.0], [116.93104, 0.41866, 0.0], [116.93835, 0.43465, 0.0], [116.93622, 0.44156, 0.0], [116.94153, 0.44317, 0.0], [116.93791, 0.45999, 0.0], [116.94432, 0.48633, 0.0], [116.94038, 0.5033, 0.0], [116.94731, 0.52198, 0.0], [116.94028, 0.53985, 0.0], [116.95703, 0.54409, 0.0], [116.96489, 0.54087, 0.0], [116.96348, 0.55698, 0.0], [116.9696, 0.55656, 0.0], [116.98073, 0.57603, 0.0], [116.99311, 0.58331, 0.0], [117.00021, 0.56551, 0.0], [117.00938, 0.5623, 0.0], [117.00978, 0.55013, 0.0], [117.01828, 0.5427, 0.0], [117.025, 0.54519, 0.0], [117.05678, 0.47607, 0.0], [117.07423, 0.46482, 0.0], [117.07855, 0.44833, 0.0], [117.10667, 0.4382, 0.0], [117.11829, 0.40765, 0.0], [117.13623, 0.39477, 0.0], [117.14437, 0.37057, 0.0], [117.16276, 0.36582, 0.0], [117.18292, 0.34938, 0.0], [117.19298, 0.35374, 0.0], [117.1958, 0.35008, 0.0], [117.2087, 0.35383, 0.0], [117.21446, 0.34964, 0.0], [117.21565, 0.33941, 0.0], [117.19585, 0.30903, 0.0], [117.20012, 0.30271, 0.0], [117.17664, 0.27418, 0.0], [117.18196, 0.25662, 0.0], [117.17685, 0.25255, 0.0], [117.18242, 0.23233, 0.0], [117.18185, 0.2054, 0.0], [117.17483, 0.18279, 0.0], [117.17263, 0.15096, 0.0], [117.20384, 0.11784, 0.0], [117.20759, 0.11861, 0.0], [117.2047, 0.11228, 0.0], [117.21182, 0.09512, 0.0], [117.20686, 0.09111, 0.0], [117.21006, 0.08282, 0.0], [117.2202, 0.07658, 0.0], [117.22516, 0.08588, 0.0], [117.23174, 0.0831, 0.0], [117.23093, 0.07496, 0.0], [117.24356, 0.07123, 0.0], [117.24179, 0.06601, 0.0], [117.24728, 0.05735, 0.0], [117.26177, 0.05223, 0.0], [117.26401, 0.04852, 0.0], [117.25934, 0.04309, 0.0], [117.27655, 0.03588, 0.0], [117.28262, 0.0395, 0.0], [117.2841, 0.03386, 0.0], [117.28899, 0.0373, 0.0], [117.30679, 0.03334, 0.0], [117.30808, 0.03935, 0.0], [117.33231, 0.04544, 0.0], [117.33667, 0.051, 0.0], [117.33962, 0.03387, 0.0], [117.34885, 0.02779, 0.0], [117.36695, 0.03122, 0.0], [117.37066, 0.02282, 0.0], [117.51669, 0.02233, 0.0], [117.50859, 0.0137, 0.0], [117.50667, 0.00234, 0.0], [117.51392, -0.00768, 0.0], [117.51883, -0.03124, 0.0], [117.47595, -0.07718, 0.0], [117.4723, -0.10413, 0.0], [117.44533, -0.17685, 0.0], [117.44187, -0.20265, 0.0], [117.43154, -0.21783, 0.0], [117.42306, -0.22183, 0.0], [117.43681, -0.20828, 0.0], [117.43307, -0.20402, 0.0], [117.42299, -0.2085, 0.0], [117.41661, -0.22369, 0.0], [117.41697, -0.24643, 0.0], [117.42551, -0.27589, 0.0], [117.44178, -0.29796, 0.0], [117.45207, -0.30318, 0.0], [117.44627, -0.31862, 0.0], [117.45123, -0.35016, 0.0], [117.46433, -0.37214, 0.0], [117.45808, -0.3869, 0.0], [117.44487, -0.379, 0.0], [117.43603, -0.37991, 0.0], [117.43434, -0.38454, 0.0], [117.43698, -0.39091, 0.0], [117.42834, -0.39678, 0.0], [117.43071, -0.41546, 0.0], [117.43776, -0.42121, 0.0], [117.43509, -0.42733, 0.0], [117.42946, -0.42625, 0.0], [117.42473, -0.42852, 0.0], [117.42457, -0.4335, 0.0], [117.43691, -0.43951, 0.0], [117.44263, -0.43703, 0.0], [117.4445, -0.44213, 0.0], [117.45413, -0.44713, 0.0], [117.45521, -0.45369, 0.0], [117.43702, -0.4837, 0.0], [117.43662, -0.50215, 0.0], [117.41223, -0.53935, 0.0], [117.39132, -0.54687, 0.0], [117.36875, -0.56893, 0.0], [117.34794, -0.57498, 0.0], [117.34982, -0.57979, 0.0], [117.32907, -0.57769, 0.0], [117.31194, -0.56711, 0.0], [117.27597, -0.57692, 0.0], [117.27508, -0.58352, 0.0], [117.24816, -0.57417, 0.0], [117.2359, -0.57558, 0.0], [117.23837, -0.55655, 0.0], [117.24639, -0.5577, 0.0], [117.25175, -0.55033, 0.0], [117.25704, -0.55514, 0.0], [117.25534, -0.55044, 0.0], [117.26757, -0.55977, 0.0], [117.26278, -0.53067, 0.0], [117.26808, -0.53172, 0.0], [117.2695, -0.52556, 0.0], [117.25719, -0.52381, 0.0], [117.26314, -0.51044, 0.0], [117.26401, -0.47754, 0.0], [117.27056, -0.4699, 0.0], [117.26235, -0.43818, 0.0], [117.26898, -0.42261, 0.0], [117.29509, -0.40241, 0.0], [117.29823, -0.38316, 0.0], [117.29225, -0.36587, 0.0], [117.28066, -0.36015, 0.0], [117.27324, -0.35832, 0.0], [117.26197, -0.36535, 0.0], [117.2336, -0.35737, 0.0], [117.23203, -0.34858, 0.0], [117.23875, -0.33769, 0.0], [117.22791, -0.32763, 0.0], [117.23222, -0.31917, 0.0], [117.22573, -0.3144, 0.0], [117.22053, -0.32065, 0.0], [117.21614, -0.31786, 0.0], [117.20629, -0.32348, 0.0], [117.19764, -0.31813, 0.0], [117.19207, -0.32284, 0.0], [117.16497, -0.31736, 0.0], [117.15409, -0.32531, 0.0], [117.15097, -0.32016, 0.0], [117.14292, -0.32018, 0.0], [117.13849, -0.34077, 0.0], [117.14355, -0.34739, 0.0], [117.14771, -0.34355, 0.0], [117.14921, -0.3528, 0.0], [117.13299, -0.36282, 0.0], [117.12781, -0.40844, 0.0], [117.07395, -0.42863, 0.0], [117.06552, -0.43972, 0.0], [117.05887, -0.4618, 0.0], [117.06513, -0.47896, 0.0], [117.05458, -0.51388, 0.0], [117.06754, -0.53302, 0.0], [117.05417, -0.55065, 0.0], [117.07155, -0.58087, 0.0], [117.06987, -0.59154, 0.0], [117.07772, -0.58966, 0.0], [117.083, -0.5761, 0.0], [117.09093, -0.57692, 0.0], [117.09583, -0.58403, 0.0], [117.09264, -0.59305, 0.0], [117.10534, -0.60101, 0.0], [117.11421, -0.59852, 0.0], [117.1267, -0.61174, 0.0], [117.14535, -0.62072, 0.0], [117.13791, -0.63135, 0.0], [117.13748, -0.64761, 0.0], [117.12746, -0.65543, 0.0], [117.12619, -0.66456, 0.0], [117.13671, -0.6741, 0.0], [117.14551, -0.67296, 0.0], [117.14725, -0.68931, 0.0], [117.16222, -0.71654, 0.0], [117.18493, -0.71215, 0.0], [117.19125, -0.6821, 0.0], [117.20384, -0.67127, 0.0], [117.22573, -0.66205, 0.0], [117.23343, -0.64971, 0.0], [117.22829, -0.63735, 0.0], [117.26225, -0.6173, 0.0], [117.27276, -0.59622, 0.0], [117.27983, -0.59791, 0.0], [117.28967, -0.60942, 0.0], [117.3001, -0.64299, 0.0], [117.30295, -0.67788, 0.0], [117.2884, -0.72097, 0.0], [117.28167, -0.7918, 0.0], [117.2697, -0.80519, 0.0], [117.25684, -0.80407, 0.0], [117.25273, -0.80923, 0.0], [117.24885, -0.90673, 0.0], [117.19969, -0.92987, 0.0], [117.1701, -0.95175, 0.0], [117.14283, -0.99463, 0.0], [117.11973, -1.01714, 0.0], [117.0998, -1.0581, 0.0], [117.06962, -1.09657, 0.0], [117.0734, -1.10029, 0.0], [117.02316, -1.14089, 0.0], [117.00086, -1.12517, 0.0], [116.98766, -1.1285, 0.0], [116.96548, -1.12162, 0.0], [116.9453, -1.12607, 0.0], [116.94064, -1.12058, 0.0], [116.94667, -1.11689, 0.0], [116.93067, -1.10989, 0.0], [116.93039, -1.10294, 0.0], [116.90674, -1.0803, 0.0], [116.90184, -1.06325, 0.0], [116.88027, -1.05646, 0.0], [116.86044, -1.05872, 0.0], [116.84712, -1.05259, 0.0], [116.84531, -1.04724, 0.0], [116.83899, -1.04754, 0.0], [116.83696, -1.04028, 0.0], [116.8432, -1.02087, 0.0], [116.87393, -1.00902, 0.0], [116.87088, -1.00057, 0.0], [116.87426, -0.9897, 0.0], [116.90486, -0.98545, 0.0], [116.90144, -0.97912, 0.0], [116.91029, -0.97246, 0.0], [116.90911, -0.96883, 0.0], [116.93111, -0.95156, 0.0], [116.93272, -0.93365, 0.0], [116.93824, -0.92601, 0.0], [116.93223, -0.91861, 0.0], [116.94513, -0.90668, 0.0], [116.94516, -0.8796, 0.0], [116.92409, -0.8797, 0.0], [116.91804, -0.88324, 0.0], [116.91637, -0.89138, 0.0], [116.90775, -0.88972, 0.0], [116.90437, -0.89564, 0.0], [116.88723, -0.89135, 0.0], [116.89561, -0.86648, 0.0], [116.88747, -0.86275, 0.0], [116.88403, -0.85059, 0.0], [116.86718, -0.83402, 0.0], [116.83089, -0.82377, 0.0], [116.82431, -0.81591, 0.0], [116.82517, -0.80976, 0.0], [116.80684, -0.80605, 0.0], [116.79274, -0.8221, 0.0], [116.77247, -0.82576, 0.0], [116.7733, -0.80138, 0.0], [116.75618, -0.8087, 0.0], [116.74677, -0.82359, 0.0], [116.73533, -0.82585, 0.0], [116.73411, -0.80604, 0.0], [116.72586, -0.80025, 0.0], [116.71134, -0.80736, 0.0], [116.68417, -0.79831, 0.0], [116.65123, -0.82518, 0.0], [116.64741, -0.85021, 0.0], [116.62834, -0.87633, 0.0], [116.60244, -0.88277, 0.0], [116.58863, -0.87341, 0.0], [116.59098, -0.86431, 0.0], [116.58096, -0.86021, 0.0], [116.57635, -0.86453, 0.0], [116.56833, -0.8599, 0.0], [116.57222, -0.83121, 0.0], [116.56411, -0.81266, 0.0], [116.555, -0.81003, 0.0], [116.53925, -0.81325, 0.0], [116.53203, -0.82621, 0.0], [116.51401, -0.82705, 0.0], [116.51211, -0.83586, 0.0], [116.51671, -0.84579, 0.0], [116.50086, -0.85814, 0.0], [116.49065, -0.80707, 0.0], [116.49354, -0.79871, 0.0], [116.49909, -0.79942, 0.0], [116.49721, -0.79293, 0.0], [116.50345, -0.7888, 0.0], [116.50084, -0.78308, 0.0], [116.5087, -0.7848, 0.0], [116.50999, -0.77268, 0.0], [116.50584, -0.7653, 0.0], [116.51413, -0.76354, 0.0], [116.51585, -0.75782, 0.0], [116.51993, -0.75963, 0.0], [116.52186, -0.75334, 0.0], [116.51718, -0.74822, 0.0], [116.49592, -0.75183, 0.0], [116.48485, -0.73483, 0.0], [116.47262, -0.7387, 0.0], [116.455, -0.73505, 0.0], [116.44937, -0.71218, 0.0], [116.4095, -0.65931, 0.0], [116.37971, -0.63142, 0.0], [116.375, -0.63257, 0.0], [116.375, -0.6159, 0.0], [116.32, -0.5342, 0.0], [116.287, -0.52406, 0.0], [116.255, -0.49601, 0.0], [116.25057, -0.48593, 0.0], [116.26585, -0.44968, 0.0], [116.23538, -0.42515, 0.0], [116.23283, -0.40786, 0.0], [116.23623, -0.40034, 0.0], [116.27108, -0.403, 0.0], [116.28965, -0.39979, 0.0], [116.30314, -0.3858, 0.0], [116.3225, -0.39019, 0.0], [116.32217, -0.38247, 0.0], [116.30129, -0.34851, 0.0], [116.30639, -0.32985, 0.0], [116.27739, -0.28904, 0.0], [116.16495, -0.21397, 0.0], [116.1602, -0.19955, 0.0], [116.16378, -0.18849, 0.0], [116.16091, -0.17828, 0.0], [116.13863, -0.17483, 0.0], [116.13075, -0.17867, 0.0], [116.12305, -0.171, 0.0], [116.10831, -0.17379, 0.0], [116.0655, -0.16782, 0.0], [116.06052, -0.1588, 0.0], [116.03412, -0.14566, 0.0], [116.01889, -0.12778, 0.0], [116.01639, -0.11211, 0.0], [116.007, -0.10758, 0.0], [116.007, -0.10264, 0.0], [115.99825, -0.10408, 0.0], [115.98873, -0.09052, 0.0], [115.97128, -0.08432, 0.0], [115.97701, -0.07435, 0.0], [115.96079, -0.05784, 0.0], [115.9609, -0.04589, 0.0], [115.94789, -0.02958, 0.0], [115.94769, -0.01951, 0.0], [115.96657, 0.00197, 0.0], [115.9688, 0.01081, 0.0], [115.96431, 0.01866, 0.0], [115.9677, 0.02304, 0.0], [115.97863, 0.01465, 0.0], [115.98934, 0.02068, 0.0], [115.98694, 0.04299, 0.0], [115.99286, 0.04962, 0.0], [115.99403, 0.06069, 0.0], [115.97663, 0.07354, 0.0], [115.98142, 0.08582, 0.0], [115.97547, 0.10642, 0.0], [115.96181, 0.1006, 0.0], [115.95908, 0.10884, 0.0], [115.94722, 0.10958, 0.0], [115.94758, 0.1168, 0.0], [115.92429, 0.12219, 0.0], [115.91514, 0.11822, 0.0], [115.91028, 0.12646, 0.0], [115.90226, 0.12266, 0.0], [115.90145, 0.13162, 0.0], [115.89004, 0.13802, 0.0], [115.88848, 0.14904, 0.0], [115.87881, 0.15354, 0.0], [115.8815, 0.15815, 0.0], [115.87578, 0.16641, 0.0], [115.86143, 0.16991, 0.0], [115.85073, 0.18627, 0.0], [115.83819, 0.18595, 0.0], [115.83952, 0.19488, 0.0], [115.82723, 0.21879, 0.0], [115.80452, 0.20888, 0.0], [115.79596, 0.21306, 0.0], [115.79713, 0.22711, 0.0], [115.79202, 0.23162, 0.0], [115.78106, 0.22637, 0.0], [115.76457, 0.23, 0.0], [115.77007, 0.24785, 0.0], [115.76764, 0.25743, 0.0], [115.77772, 0.26816, 0.0], [115.7753, 0.27546, 0.0], [115.7818, 0.28445, 0.0], [115.75001, 0.3061, 0.0], [115.73054, 0.31111, 0.0], [115.72339, 0.30541, 0.0], [115.70308, 0.31413, 0.0], [115.69205, 0.32935, 0.0], [115.67475, 0.33483, 0.0], [115.67154, 0.34317, 0.0], [115.67997, 0.34641, 0.0], [115.68452, 0.35936, 0.0], [115.69585, 0.36951, 0.0], [115.70562, 0.36981, 0.0], [115.71479, 0.38406, 0.0], [115.72409, 0.38618, 0.0], [115.7261, 0.39102, 0.0], [115.73476, 0.38816, 0.0], [115.73762, 0.3982, 0.0], [115.76832, 0.40492, 0.0], [115.769, 0.41124, 0.0], [115.75855, 0.41827, 0.0], [115.75519, 0.43602, 0.0], [115.74765, 0.44162, 0.0], [115.74879, 0.47197, 0.0], [115.75439, 0.48482, 0.0], [115.74163, 0.49309, 0.0], [115.73491, 0.51921, 0.0], [115.72354, 0.51224, 0.0], [115.71202, 0.51595, 0.0], [115.69991, 0.54381, 0.0], [115.68622, 0.53829, 0.0], [115.64769, 0.54032, 0.0], [115.6409, 0.56348, 0.0], [115.66379, 0.56761, 0.0], [115.67346, 0.58064, 0.0], [115.65786, 0.59119, 0.0], [115.65766, 0.60083, 0.0], [115.64718, 0.60526, 0.0], [115.65152, 0.62133, 0.0], [115.63689, 0.6246, 0.0], [115.62949, 0.61532, 0.0], [115.6078, 0.63438, 0.0], [115.59501, 0.63557, 0.0], [115.59492, 0.64506, 0.0], [115.59019, 0.64231, 0.0], [115.58576, 0.64602, 0.0], [115.57482, 0.66875, 0.0], [115.56892, 0.68249, 0.0], [115.57266, 0.68724, 0.0], [115.5653, 0.70014, 0.0], [115.55462, 0.70219, 0.0], [115.54701, 0.72062, 0.0], [115.52915, 0.72912, 0.0], [115.51883, 0.74779, 0.0], [115.50229, 0.75357, 0.0], [115.4959, 0.76322, 0.0], [115.46449, 0.76814, 0.0], [115.44825, 0.77782, 0.0], [115.41872, 0.77686, 0.0], [115.40543, 0.7839, 0.0], [115.39666, 0.78186, 0.0], [115.39217, 0.77062, 0.0], [115.38935, 0.78393, 0.0], [115.37574, 0.79511, 0.0], [115.38242, 0.80889, 0.0], [115.35497, 0.8171, 0.0], [115.3522, 0.81197, 0.0], [115.34424, 0.81329, 0.0], [115.32708, 0.81889, 0.0], [115.31941, 0.82829, 0.0], [115.29569, 0.81107, 0.0], [115.2855, 0.80775, 0.0], [115.28287, 0.81275, 0.0], [115.27842, 0.83931, 0.0], [115.29097, 0.85958, 0.0], [115.29105, 0.87557, 0.0], [115.30774, 0.89645, 0.0], [115.30257, 0.89632, 0.0], [115.29662, 0.90431, 0.0], [115.27833, 0.90609, 0.0], [115.26724, 0.91513, 0.0], [115.26954, 0.92896, 0.0], [115.26194, 0.9317, 0.0], [115.26128, 0.94499, 0.0], [115.24165, 0.95255, 0.0], [115.23242, 0.96371, 0.0], [115.24441, 0.97049, 0.0], [115.24635, 0.98648, 0.0], [115.25538, 0.99102, 0.0], [115.2497, 0.99894, 0.0], [115.25572, 1.01081, 0.0], [115.25576, 1.02624, 0.0], [115.27494, 1.03229, 0.0], [115.3, 1.06045, 0.0], [115.32536, 1.05416, 0.0], [115.32931, 1.06071, 0.0], [115.33793, 1.05764, 0.0], [115.34415, 1.06346, 0.0], [115.35932, 1.06292, 0.0], [115.37135, 1.07019, 0.0], [115.37788, 1.10053, 0.0], [115.40097, 1.1097, 0.0], [115.41115, 1.12872, 0.0], [115.41046, 1.13789, 0.0], [115.42092, 1.13995, 0.0], [115.41873, 1.159, 0.0], [115.40573, 1.17167, 0.0], [115.40519, 1.18081, 0.0], [115.41071, 1.19266, 0.0], [115.42198, 1.19067, 0.0], [115.42026, 1.20081, 0.0], [115.42763, 1.22315, 0.0], [115.43913, 1.23177, 0.0], [115.48501, 1.24536, 0.0], [115.48746, 1.25247, 0.0], [115.50821, 1.25325, 0.0], [115.51078, 1.2583, 0.0], [115.55413, 1.26541, 0.0], [115.58321, 1.28058, 0.0], [115.6467, 1.28204, 0.0], [115.65853, 1.29013, 0.0], [115.68583, 1.28196, 0.0], [115.70075, 1.26422, 0.0], [115.7098, 1.26601, 0.0], [115.71108, 1.2753, 0.0], [115.72498, 1.26063, 0.0], [115.73603, 1.2646, 0.0], [115.76448, 1.25907, 0.0], [115.77268, 1.26379, 0.0], [115.77664, 1.27544, 0.0], [115.7714, 1.2874, 0.0], [115.77339, 1.30768, 0.0], [115.7845, 1.30899, 0.0], [115.80703, 1.32462, 0.0], [115.8087, 1.33318, 0.0], [115.83153, 1.35673, 0.0], [115.83045, 1.37028, 0.0], [115.83526, 1.37929, 0.0], [115.85688, 1.40141, 0.0], [115.8506, 1.41989, 0.0], [115.85431, 1.43404, 0.0], [115.87499, 1.44949, 0.0], [115.89033, 1.45471, 0.0], [115.91403, 1.47727, 0.0], [115.95741, 1.49056, 0.0], [115.96036, 1.49736, 0.0], [115.95584, 1.50424, 0.0], [115.96304, 1.52074, 0.0], [115.97268, 1.5313, 0.0]]], [[[117.30336, -0.61449, 0.0], [117.32263, -0.6325, 0.0], [117.31996, -0.63362, 0.0], [117.32005, -0.64009, 0.0], [117.32411, -0.64404, 0.0], [117.32011, -0.64639, 0.0], [117.31982, -0.64771, 0.0], [117.32116, -0.64896, 0.0], [117.32465, -0.64935, 0.0], [117.32404, -0.65366, 0.0], [117.32732, -0.65957, 0.0], [117.32901, -0.66014, 0.0], [117.33149, -0.65922, 0.0], [117.33612, -0.65521, 0.0], [117.33804, -0.65641, 0.0], [117.33772, -0.66211, 0.0], [117.32918, -0.66521, 0.0], [117.32779, -0.66773, 0.0], [117.3316, -0.67061, 0.0], [117.33956, -0.67098, 0.0], [117.34407, -0.67736, 0.0], [117.35301, -0.68258, 0.0], [117.34645, -0.68624, 0.0], [117.347, -0.69142, 0.0], [117.34804, -0.69392, 0.0], [117.35693, -0.69698, 0.0], [117.35726, -0.70337, 0.0], [117.36442, -0.70586, 0.0], [117.36071, -0.71102, 0.0], [117.36173, -0.71813, 0.0], [117.36541, -0.721, 0.0], [117.37481, -0.71809, 0.0], [117.38835, -0.73368, 0.0], [117.38895, -0.73814, 0.0], [117.3811, -0.73808, 0.0], [117.3783, -0.74866, 0.0], [117.37212, -0.75109, 0.0], [117.37229, -0.75919, 0.0], [117.37832, -0.76566, 0.0], [117.37807, -0.76726, 0.0], [117.37629, -0.76685, 0.0], [117.37489, -0.76768, 0.0], [117.37081, -0.77276, 0.0], [117.37149, -0.77861, 0.0], [117.37377, -0.78143, 0.0], [117.39088, -0.77847, 0.0], [117.41068, -0.84054, 0.0], [117.43403, -0.84432, 0.0], [117.43574, -0.86358, 0.0], [117.44659, -0.88726, 0.0], [117.44206, -0.89155, 0.0], [117.43518, -0.88656, 0.0], [117.43701, -0.88362, 0.0], [117.43346, -0.87615, 0.0], [117.43627, -0.8732, 0.0], [117.436, -0.87106, 0.0], [117.43241, -0.86665, 0.0], [117.42484, -0.86704, 0.0], [117.42707, -0.86327, 0.0], [117.4265, -0.86086, 0.0], [117.41966, -0.86481, 0.0], [117.41527, -0.87073, 0.0], [117.41533, -0.87228, 0.0], [117.41666, -0.87326, 0.0], [117.42231, -0.87543, 0.0], [117.42357, -0.88107, 0.0], [117.41471, -0.88683, 0.0], [117.40978, -0.88433, 0.0], [117.40047, -0.85679, 0.0], [117.38751, -0.84333, 0.0], [117.38313, -0.82851, 0.0], [117.37784, -0.81961, 0.0], [117.3621, -0.80357, 0.0], [117.35357, -0.77537, 0.0], [117.34889, -0.76891, 0.0], [117.33394, -0.75756, 0.0], [117.33206, -0.75028, 0.0], [117.33297, -0.74157, 0.0], [117.33069, -0.72724, 0.0], [117.3231, -0.71402, 0.0], [117.31999, -0.68597, 0.0], [117.3081, -0.66451, 0.0], [117.30049, -0.63126, 0.0], [117.30336, -0.61449, 0.0]]], [[[117.46159, -0.70256, 0.0], [117.47172, -0.71098, 0.0], [117.4888, -0.71384, 0.0], [117.51696, -0.73688, 0.0], [117.55004, -0.72752, 0.0], [117.59079, -0.73663, 0.0], [117.60434, -0.72838, 0.0], [117.60924, -0.73656, 0.0], [117.60664, -0.74148, 0.0], [117.61235, -0.74235, 0.0], [117.61595, -0.75031, 0.0], [117.61421, -0.76654, 0.0], [117.59789, -0.78446, 0.0], [117.58444, -0.7795, 0.0], [117.5531, -0.78509, 0.0], [117.5217, -0.77589, 0.0], [117.51471, -0.77265, 0.0], [117.51224, -0.76647, 0.0], [117.49719, -0.74835, 0.0], [117.48379, -0.75028, 0.0], [117.47656, -0.74442, 0.0], [117.46381, -0.74204, 0.0], [117.4608, -0.74501, 0.0], [117.44483, -0.7402, 0.0], [117.44012, -0.73059, 0.0], [117.44831, -0.72763, 0.0], [117.4527, -0.72485, 0.0], [117.45302, -0.7237, 0.0], [117.45091, -0.7195, 0.0], [117.446, -0.71787, 0.0], [117.44755, -0.7128, 0.0], [117.44156, -0.70692, 0.0], [117.46159, -0.70256, 0.0]]], [[[117.30613, -0.57777, 0.0], [117.34473, -0.59, 0.0], [117.37801, -0.58518, 0.0], [117.37153, -0.58956, 0.0], [117.37124, -0.59778, 0.0], [117.37349, -0.60048, 0.0], [117.37217, -0.6002, 0.0], [117.37111, -0.60043, 0.0], [117.37075, -0.59926, 0.0], [117.37006, -0.59919, 0.0], [117.3695, -0.59983, 0.0], [117.37012, -0.60122, 0.0], [117.36909, -0.60241, 0.0], [117.37031, -0.60371, 0.0], [117.37186, -0.60338, 0.0], [117.37342, -0.60557, 0.0], [117.37416, -0.60553, 0.0], [117.37569, -0.60421, 0.0], [117.3748, -0.60652, 0.0], [117.3753, -0.60739, 0.0], [117.38099, -0.60743, 0.0], [117.37727, -0.61026, 0.0], [117.37785, -0.61178, 0.0], [117.37957, -0.6129, 0.0], [117.38154, -0.61308, 0.0], [117.38267, -0.61246, 0.0], [117.38333, -0.60904, 0.0], [117.38624, -0.60893, 0.0], [117.38805, -0.61462, 0.0], [117.3824, -0.61373, 0.0], [117.38177, -0.61617, 0.0], [117.38327, -0.61746, 0.0], [117.38965, -0.62058, 0.0], [117.39306, -0.6146, 0.0], [117.39121, -0.62088, 0.0], [117.39549, -0.62422, 0.0], [117.39821, -0.62236, 0.0], [117.39894, -0.61762, 0.0], [117.40435, -0.62246, 0.0], [117.41102, -0.61804, 0.0], [117.42216, -0.6308, 0.0], [117.42687, -0.62972, 0.0], [117.43113, -0.62349, 0.0], [117.43622, -0.63324, 0.0], [117.45858, -0.63454, 0.0], [117.46913, -0.65773, 0.0], [117.4759, -0.66649, 0.0], [117.47072, -0.67904, 0.0], [117.46265, -0.68096, 0.0], [117.45559, -0.66699, 0.0], [117.43485, -0.65477, 0.0], [117.42477, -0.65669, 0.0], [117.42216, -0.64577, 0.0], [117.41289, -0.64714, 0.0], [117.41495, -0.64075, 0.0], [117.4116, -0.63617, 0.0], [117.39686, -0.62938, 0.0], [117.38746, -0.63096, 0.0], [117.38528, -0.62289, 0.0], [117.3823, -0.61994, 0.0], [117.37548, -0.62269, 0.0], [117.37386, -0.61895, 0.0], [117.36952, -0.61387, 0.0], [117.37408, -0.61195, 0.0], [117.37506, -0.61031, 0.0], [117.37503, -0.6079, 0.0], [117.37025, -0.60381, 0.0], [117.36978, -0.6046, 0.0], [117.36729, -0.60478, 0.0], [117.36609, -0.60579, 0.0], [117.36715, -0.61294, 0.0], [117.36254, -0.6141, 0.0], [117.36592, -0.61467, 0.0], [117.36909, -0.61031, 0.0], [117.36684, -0.60546, 0.0], [117.37135, -0.6058, 0.0], [117.37467, -0.61, 0.0], [117.36934, -0.61299, 0.0], [117.36923, -0.61651, 0.0], [117.37321, -0.62044, 0.0], [117.36803, -0.62159, 0.0], [117.36619, -0.61703, 0.0], [117.36444, -0.61578, 0.0], [117.36193, -0.61947, 0.0], [117.36482, -0.61633, 0.0], [117.36823, -0.62287, 0.0], [117.37636, -0.62402, 0.0], [117.38229, -0.6209, 0.0], [117.38596, -0.6289, 0.0], [117.38173, -0.63383, 0.0], [117.37471, -0.63027, 0.0], [117.37225, -0.63097, 0.0], [117.36838, -0.65252, 0.0], [117.3606, -0.64738, 0.0], [117.36641, -0.64618, 0.0], [117.36807, -0.64476, 0.0], [117.36793, -0.64336, 0.0], [117.3573, -0.64074, 0.0], [117.35015, -0.6286, 0.0], [117.34531, -0.62673, 0.0], [117.34185, -0.62849, 0.0], [117.34722, -0.63611, 0.0], [117.32412, -0.6292, 0.0], [117.28535, -0.58336, 0.0], [117.30613, -0.57777, 0.0]]], [[[117.5508, -0.44079, 0.0], [117.55204, -0.44554, 0.0], [117.55584, -0.44693, 0.0], [117.55484, -0.44904, 0.0], [117.55018, -0.44849, 0.0], [117.54848, -0.44963, 0.0], [117.54779, -0.45061, 0.0], [117.5489, -0.45713, 0.0], [117.55097, -0.45959, 0.0], [117.54738, -0.45951, 0.0], [117.54629, -0.46192, 0.0], [117.54969, -0.46697, 0.0], [117.55617, -0.46778, 0.0], [117.56078, -0.46177, 0.0], [117.56422, -0.46508, 0.0], [117.56783, -0.46559, 0.0], [117.56928, -0.46071, 0.0], [117.5786, -0.46217, 0.0], [117.58828, -0.46008, 0.0], [117.58983, -0.46638, 0.0], [117.58858, -0.46303, 0.0], [117.5844, -0.46573, 0.0], [117.58962, -0.47254, 0.0], [117.59598, -0.47438, 0.0], [117.58712, -0.47886, 0.0], [117.58079, -0.47644, 0.0], [117.57367, -0.47866, 0.0], [117.5711, -0.47378, 0.0], [117.56479, -0.47274, 0.0], [117.55437, -0.47527, 0.0], [117.55403, -0.47649, 0.0], [117.55014, -0.47147, 0.0], [117.5437, -0.47141, 0.0], [117.54531, -0.47411, 0.0], [117.5415, -0.47378, 0.0], [117.54039, -0.47434, 0.0], [117.53603, -0.48565, 0.0], [117.53525, -0.49706, 0.0], [117.51464, -0.50643, 0.0], [117.5085, -0.50039, 0.0], [117.5016, -0.50196, 0.0], [117.49875, -0.50668, 0.0], [117.49434, -0.4978, 0.0], [117.48467, -0.49941, 0.0], [117.47836, -0.50858, 0.0], [117.47822, -0.50561, 0.0], [117.47498, -0.50222, 0.0], [117.47281, -0.50779, 0.0], [117.47861, -0.51309, 0.0], [117.47814, -0.50936, 0.0], [117.47969, -0.51041, 0.0], [117.48315, -0.50839, 0.0], [117.4817, -0.51047, 0.0], [117.48209, -0.51198, 0.0], [117.48387, -0.50915, 0.0], [117.48347, -0.50708, 0.0], [117.4851, -0.50961, 0.0], [117.48597, -0.50064, 0.0], [117.49485, -0.5002, 0.0], [117.49876, -0.50851, 0.0], [117.50282, -0.5027, 0.0], [117.51022, -0.50354, 0.0], [117.49626, -0.51635, 0.0], [117.45535, -0.53495, 0.0], [117.44821, -0.53388, 0.0], [117.44343, -0.54313, 0.0], [117.43585, -0.54338, 0.0], [117.43837, -0.56181, 0.0], [117.44011, -0.56264, 0.0], [117.44604, -0.56097, 0.0], [117.44501, -0.56211, 0.0], [117.43514, -0.56392, 0.0], [117.41802, -0.56112, 0.0], [117.42178, -0.54893, 0.0], [117.41502, -0.53854, 0.0], [117.42011, -0.53111, 0.0], [117.45856, -0.50232, 0.0], [117.47757, -0.49447, 0.0], [117.49817, -0.4711, 0.0], [117.51864, -0.46268, 0.0], [117.54328, -0.44205, 0.0], [117.5508, -0.44079, 0.0]]], [[[117.47286, -0.55003, 0.0], [117.4779, -0.56482, 0.0], [117.50556, -0.5706, 0.0], [117.50862, -0.57515, 0.0], [117.50123, -0.58917, 0.0], [117.49343, -0.59312, 0.0], [117.49029, -0.58852, 0.0], [117.47625, -0.58788, 0.0], [117.47203, -0.58985, 0.0], [117.47578, -0.59486, 0.0], [117.47214, -0.59882, 0.0], [117.46602, -0.59305, 0.0], [117.46314, -0.59514, 0.0], [117.4661, -0.6044, 0.0], [117.47275, -0.6079, 0.0], [117.46872, -0.61838, 0.0], [117.46986, -0.62387, 0.0], [117.44875, -0.62856, 0.0], [117.45084, -0.61543, 0.0], [117.44895, -0.60908, 0.0], [117.43857, -0.60363, 0.0], [117.43276, -0.60331, 0.0], [117.43532, -0.59759, 0.0], [117.43393, -0.59421, 0.0], [117.42874, -0.59669, 0.0], [117.42552, -0.59266, 0.0], [117.43402, -0.58767, 0.0], [117.4263, -0.58328, 0.0], [117.42316, -0.58345, 0.0], [117.41887, -0.59128, 0.0], [117.41757, -0.59769, 0.0], [117.4136, -0.5924, 0.0], [117.40008, -0.59202, 0.0], [117.39112, -0.59583, 0.0], [117.38939, -0.60185, 0.0], [117.38449, -0.60042, 0.0], [117.38764, -0.5964, 0.0], [117.38752, -0.59351, 0.0], [117.38544, -0.59107, 0.0], [117.38281, -0.59075, 0.0], [117.38079, -0.59244, 0.0], [117.38064, -0.59869, 0.0], [117.38021, -0.5928, 0.0], [117.37226, -0.59072, 0.0], [117.37889, -0.58696, 0.0], [117.37883, -0.58495, 0.0], [117.3757, -0.58285, 0.0], [117.38327, -0.58139, 0.0], [117.38565, -0.57577, 0.0], [117.4066, -0.56721, 0.0], [117.43286, -0.56841, 0.0], [117.44821, -0.56458, 0.0], [117.45529, -0.55446, 0.0], [117.46583, -0.55565, 0.0], [117.47286, -0.55003, 0.0]]], [[[117.57501, -0.51029, 0.0], [117.5879, -0.51767, 0.0], [117.57782, -0.57755, 0.0], [117.55624, -0.59789, 0.0], [117.51261, -0.60171, 0.0], [117.50845, -0.5938, 0.0], [117.51154, -0.57133, 0.0], [117.52609, -0.56487, 0.0], [117.52659, -0.56455, 0.0], [117.52789, -0.56236, 0.0], [117.5292, -0.564, 0.0], [117.53056, -0.56439, 0.0], [117.53819, -0.56296, 0.0], [117.54029, -0.56083, 0.0], [117.54084, -0.55824, 0.0], [117.53898, -0.55312, 0.0], [117.5325, -0.54531, 0.0], [117.53611, -0.54473, 0.0], [117.5485, -0.52878, 0.0], [117.54953, -0.52868, 0.0], [117.54976, -0.52976, 0.0], [117.55067, -0.5307, 0.0], [117.55173, -0.53145, 0.0], [117.55347, -0.5318, 0.0], [117.55675, -0.52728, 0.0], [117.57119, -0.52551, 0.0], [117.57189, -0.5197, 0.0], [117.5688, -0.51435, 0.0], [117.57501, -0.51029, 0.0]]], [[[117.52401, -0.35057, 0.0], [117.53966, -0.377, 0.0], [117.51992, -0.39143, 0.0], [117.51954, -0.3979, 0.0], [117.5, -0.40046, 0.0], [117.49896, -0.40548, 0.0], [117.5045, -0.4156, 0.0], [117.49896, -0.42652, 0.0], [117.5005, -0.43805, 0.0], [117.48578, -0.44192, 0.0], [117.4831, -0.4519, 0.0], [117.47489, -0.45905, 0.0], [117.47245, -0.46305, 0.0], [117.47107, -0.47334, 0.0], [117.46583, -0.47446, 0.0], [117.46307, -0.4766, 0.0], [117.46291, -0.47874, 0.0], [117.46546, -0.48116, 0.0], [117.46519, -0.48325, 0.0], [117.46156, -0.4843, 0.0], [117.45179, -0.49277, 0.0], [117.44982, -0.49562, 0.0], [117.44901, -0.49829, 0.0], [117.44284, -0.50036, 0.0], [117.44141, -0.48137, 0.0], [117.45779, -0.46341, 0.0], [117.46936, -0.4184, 0.0], [117.49831, -0.38266, 0.0], [117.51509, -0.35196, 0.0], [117.52401, -0.35057, 0.0]]], [[[117.60229, -0.40685, 0.0], [117.62799, -0.42564, 0.0], [117.6216, -0.45726, 0.0], [117.60596, -0.47566, 0.0], [117.59063, -0.47131, 0.0], [117.58855, -0.45786, 0.0], [117.58387, -0.4602, 0.0], [117.57892, -0.45572, 0.0], [117.57851, -0.46094, 0.0], [117.56985, -0.45913, 0.0], [117.56555, -0.46476, 0.0], [117.56036, -0.46104, 0.0], [117.55557, -0.46722, 0.0], [117.54722, -0.46239, 0.0], [117.55276, -0.45983, 0.0], [117.55105, -0.45508, 0.0], [117.55721, -0.45874, 0.0], [117.55928, -0.45824, 0.0], [117.55994, -0.45584, 0.0], [117.55826, -0.45054, 0.0], [117.56283, -0.4499, 0.0], [117.56423, -0.44813, 0.0], [117.56404, -0.44692, 0.0], [117.56286, -0.44564, 0.0], [117.55255, -0.43989, 0.0], [117.55218, -0.43807, 0.0], [117.60229, -0.40685, 0.0]]], [[[117.48891, -0.32877, 0.0], [117.49343, -0.34714, 0.0], [117.45538, -0.42454, 0.0], [117.45221, -0.43983, 0.0], [117.44512, -0.44113, 0.0], [117.44341, -0.43583, 0.0], [117.42618, -0.43318, 0.0], [117.42704, -0.42843, 0.0], [117.43481, -0.42953, 0.0], [117.4396, -0.42369, 0.0], [117.43783, -0.41718, 0.0], [117.4316, -0.41343, 0.0], [117.43431, -0.40552, 0.0], [117.43059, -0.39781, 0.0], [117.43923, -0.38986, 0.0], [117.43648, -0.38166, 0.0], [117.46145, -0.38788, 0.0], [117.46737, -0.37503, 0.0], [117.45813, -0.35322, 0.0], [117.46037, -0.34696, 0.0], [117.47326, -0.33103, 0.0], [117.48891, -0.32877, 0.0]]], [[[117.48717, -0.60305, 0.0], [117.49368, -0.61192, 0.0], [117.49688, -0.61368, 0.0], [117.50266, -0.61365, 0.0], [117.51062, -0.60776, 0.0], [117.56411, -0.61985, 0.0], [117.56859, -0.62583, 0.0], [117.56178, -0.6406, 0.0], [117.56334, -0.64908, 0.0], [117.55645, -0.65408, 0.0], [117.5267, -0.65394, 0.0], [117.51641, -0.63946, 0.0], [117.50162, -0.6388, 0.0], [117.49946, -0.62302, 0.0], [117.47143, -0.62366, 0.0], [117.47024, -0.62008, 0.0], [117.47387, -0.62051, 0.0], [117.47871, -0.61881, 0.0], [117.48628, -0.61018, 0.0], [117.48717, -0.60305, 0.0]]], [[[117.34925, -0.62967, 0.0], [117.35664, -0.64096, 0.0], [117.3674, -0.64426, 0.0], [117.36, -0.64722, 0.0], [117.36643, -0.65341, 0.0], [117.3687, -0.65305, 0.0], [117.36962, -0.65174, 0.0], [117.37325, -0.63093, 0.0], [117.38137, -0.63454, 0.0], [117.39485, -0.6303, 0.0], [117.4121, -0.63862, 0.0], [117.41108, -0.64834, 0.0], [117.4209, -0.64692, 0.0], [117.42288, -0.65747, 0.0], [117.43284, -0.65913, 0.0], [117.42639, -0.6802, 0.0], [117.41837, -0.67739, 0.0], [117.42031, -0.6682, 0.0], [117.41528, -0.6613, 0.0], [117.41168, -0.66105, 0.0], [117.4043, -0.66896, 0.0], [117.39321, -0.66482, 0.0], [117.39557, -0.66065, 0.0], [117.40339, -0.66203, 0.0], [117.40599, -0.66124, 0.0], [117.40751, -0.65853, 0.0], [117.40731, -0.65353, 0.0], [117.40407, -0.66127, 0.0], [117.39369, -0.65552, 0.0], [117.38938, -0.65665, 0.0], [117.3908, -0.65341, 0.0], [117.38982, -0.65286, 0.0], [117.38769, -0.65302, 0.0], [117.38845, -0.65662, 0.0], [117.39509, -0.65883, 0.0], [117.39179, -0.66338, 0.0], [117.39441, -0.67028, 0.0], [117.38916, -0.6732, 0.0], [117.38556, -0.66329, 0.0], [117.37291, -0.66079, 0.0], [117.37776, -0.65629, 0.0], [117.37874, -0.65309, 0.0], [117.37829, -0.65268, 0.0], [117.37217, -0.66102, 0.0], [117.38485, -0.66377, 0.0], [117.38882, -0.67448, 0.0], [117.39548, -0.67326, 0.0], [117.3963, -0.66843, 0.0], [117.4059, -0.67058, 0.0], [117.4127, -0.66276, 0.0], [117.4183, -0.66723, 0.0], [117.41544, -0.67624, 0.0], [117.40933, -0.67559, 0.0], [117.40689, -0.67779, 0.0], [117.41395, -0.68855, 0.0], [117.41289, -0.69598, 0.0], [117.40282, -0.68656, 0.0], [117.39459, -0.68649, 0.0], [117.34264, -0.62858, 0.0], [117.34925, -0.62967, 0.0]]], [[[117.38676, -0.69481, 0.0], [117.43015, -0.72193, 0.0], [117.43688, -0.73395, 0.0], [117.43299, -0.73822, 0.0], [117.43599, -0.7525, 0.0], [117.45726, -0.77468, 0.0], [117.4588, -0.78377, 0.0], [117.4217, -0.75856, 0.0], [117.38157, -0.71933, 0.0], [117.37987, -0.70873, 0.0], [117.38676, -0.69481, 0.0]]], [[[117.38293, -0.73894, 0.0], [117.39087, -0.73903, 0.0], [117.39558, -0.74632, 0.0], [117.41057, -0.78723, 0.0], [117.43328, -0.78758, 0.0], [117.43139, -0.79395, 0.0], [117.43987, -0.81637, 0.0], [117.42766, -0.83102, 0.0], [117.41588, -0.83639, 0.0], [117.39249, -0.77626, 0.0], [117.37381, -0.77809, 0.0], [117.3822, -0.76724, 0.0], [117.38235, -0.75684, 0.0], [117.37547, -0.75468, 0.0], [117.38293, -0.73894, 0.0]]], [[[117.30224, -0.69625, 0.0], [117.30339, -0.70371, 0.0], [117.3082, -0.70617, 0.0], [117.31074, -0.70641, 0.0], [117.30526, -0.70967, 0.0], [117.3068, -0.71224, 0.0], [117.31187, -0.71249, 0.0], [117.30806, -0.71707, 0.0], [117.30811, -0.71942, 0.0], [117.31256, -0.72447, 0.0], [117.31718, -0.72123, 0.0], [117.31059, -0.73075, 0.0], [117.31754, -0.73466, 0.0], [117.30813, -0.74129, 0.0], [117.31809, -0.74469, 0.0], [117.31436, -0.76108, 0.0], [117.32029, -0.76983, 0.0], [117.31377, -0.776, 0.0], [117.32318, -0.78666, 0.0], [117.30601, -0.80074, 0.0], [117.30349, -0.80899, 0.0], [117.29269, -0.79893, 0.0], [117.29108, -0.78408, 0.0], [117.29825, -0.77083, 0.0], [117.29181, -0.74901, 0.0], [117.29162, -0.72667, 0.0], [117.30224, -0.69625, 0.0]]], [[[117.53725, -0.39351, 0.0], [117.51519, -0.43445, 0.0], [117.49595, -0.45554, 0.0], [117.48126, -0.48075, 0.0], [117.44974, -0.49813, 0.0], [117.46583, -0.48291, 0.0], [117.46575, -0.48073, 0.0], [117.46333, -0.47713, 0.0], [117.47146, -0.47362, 0.0], [117.47326, -0.46356, 0.0], [117.48426, -0.45205, 0.0], [117.48638, -0.44254, 0.0], [117.49964, -0.44065, 0.0], [117.5024, -0.43709, 0.0], [117.50112, -0.42682, 0.0], [117.50664, -0.41567, 0.0], [117.50081, -0.40269, 0.0], [117.51798, -0.40152, 0.0], [117.53246, -0.38668, 0.0], [117.53725, -0.39351, 0.0]]], [[[117.33813, -0.78119, 0.0], [117.34776, -0.80419, 0.0], [117.3554, -0.81295, 0.0], [117.35982, -0.81521, 0.0], [117.35819, -0.82193, 0.0], [117.35398, -0.82769, 0.0], [117.35385, -0.82844, 0.0], [117.35422, -0.82952, 0.0], [117.35789, -0.83431, 0.0], [117.35967, -0.83499, 0.0], [117.36327, -0.83453, 0.0], [117.36527, -0.83608, 0.0], [117.36384, -0.84168, 0.0], [117.36407, -0.84346, 0.0], [117.36535, -0.84442, 0.0], [117.3696, -0.84577, 0.0], [117.35275, -0.87885, 0.0], [117.35006, -0.87223, 0.0], [117.34516, -0.87081, 0.0], [117.33973, -0.87294, 0.0], [117.34453, -0.86761, 0.0], [117.3428, -0.86236, 0.0], [117.33048, -0.86538, 0.0], [117.32935, -0.8569, 0.0], [117.32706, -0.85456, 0.0], [117.32314, -0.8556, 0.0], [117.32312, -0.85494, 0.0], [117.32296, -0.85458, 0.0], [117.32094, -0.85202, 0.0], [117.32007, -0.8483, 0.0], [117.34685, -0.83547, 0.0], [117.34419, -0.81464, 0.0], [117.33138, -0.80479, 0.0], [117.33164, -0.78578, 0.0], [117.33813, -0.78119, 0.0]]], [[[117.50007, -0.5255, 0.0], [117.50375, -0.53393, 0.0], [117.50831, -0.53445, 0.0], [117.50627, -0.53726, 0.0], [117.5072, -0.53978, 0.0], [117.509, -0.54071, 0.0], [117.51065, -0.53893, 0.0], [117.51272, -0.54047, 0.0], [117.50683, -0.54357, 0.0], [117.50631, -0.54681, 0.0], [117.50486, -0.54643, 0.0], [117.50509, -0.54273, 0.0], [117.50418, -0.54175, 0.0], [117.5021, -0.54251, 0.0], [117.50134, -0.54459, 0.0], [117.49832, -0.54442, 0.0], [117.49801, -0.54573, 0.0], [117.49842, -0.5511, 0.0], [117.50185, -0.55314, 0.0], [117.49822, -0.5565, 0.0], [117.48077, -0.56377, 0.0], [117.47245, -0.54826, 0.0], [117.46557, -0.55343, 0.0], [117.45424, -0.55279, 0.0], [117.44795, -0.56034, 0.0], [117.43891, -0.56147, 0.0], [117.43696, -0.54395, 0.0], [117.44388, -0.54424, 0.0], [117.44873, -0.53489, 0.0], [117.45525, -0.53676, 0.0], [117.47635, -0.52804, 0.0], [117.50007, -0.5255, 0.0]]], [[[117.48735, -0.64914, 0.0], [117.49502, -0.66135, 0.0], [117.50768, -0.66713, 0.0], [117.52387, -0.66059, 0.0], [117.53106, -0.67322, 0.0], [117.52814, -0.68944, 0.0], [117.50473, -0.69419, 0.0], [117.47306, -0.68561, 0.0], [117.47361, -0.67715, 0.0], [117.48766, -0.66097, 0.0], [117.483, -0.65123, 0.0], [117.48735, -0.64914, 0.0]]], [[[117.32356, -0.63333, 0.0], [117.33885, -0.63825, 0.0], [117.36838, -0.664, 0.0], [117.38358, -0.69428, 0.0], [117.38186, -0.70395, 0.0], [117.37908, -0.6929, 0.0], [117.36358, -0.69451, 0.0], [117.36312, -0.68729, 0.0], [117.36158, -0.6846, 0.0], [117.33962, -0.67029, 0.0], [117.32869, -0.66761, 0.0], [117.3374, -0.66304, 0.0], [117.33886, -0.66097, 0.0], [117.33903, -0.65832, 0.0], [117.3377, -0.65483, 0.0], [117.33493, -0.65403, 0.0], [117.32793, -0.65955, 0.0], [117.325, -0.64884, 0.0], [117.32045, -0.64786, 0.0], [117.3245, -0.64445, 0.0], [117.32051, -0.64011, 0.0], [117.32356, -0.63333, 0.0]]], [[[117.50989, -0.77193, 0.0], [117.51397, -0.77865, 0.0], [117.55268, -0.7923, 0.0], [117.54608, -0.80928, 0.0], [117.52643, -0.81375, 0.0], [117.50167, -0.80036, 0.0], [117.49808, -0.79202, 0.0], [117.48825, -0.78208, 0.0], [117.4903, -0.78161, 0.0], [117.49693, -0.77277, 0.0], [117.4983, -0.77939, 0.0], [117.50135, -0.7793, 0.0], [117.50223, -0.77827, 0.0], [117.50297, -0.77621, 0.0], [117.50359, -0.7755, 0.0], [117.50557, -0.77994, 0.0], [117.50863, -0.78037, 0.0], [117.50989, -0.77193, 0.0]]], [[[117.46255, -0.62667, 0.0], [117.49775, -0.62603, 0.0], [117.49907, -0.6409, 0.0], [117.51536, -0.6433, 0.0], [117.51723, -0.65314, 0.0], [117.51038, -0.66297, 0.0], [117.49887, -0.66102, 0.0], [117.48818, -0.64686, 0.0], [117.48081, -0.65114, 0.0], [117.48464, -0.66019, 0.0], [117.4815, -0.66459, 0.0], [117.47267, -0.66023, 0.0], [117.4587, -0.63162, 0.0], [117.46255, -0.62667, 0.0]]], [[[117.28527, -0.79605, 0.0], [117.29736, -0.80832, 0.0], [117.29496, -0.8177, 0.0], [117.30216, -0.84795, 0.0], [117.29352, -0.87153, 0.0], [117.28543, -0.87653, 0.0], [117.28041, -0.87426, 0.0], [117.2758, -0.85487, 0.0], [117.28775, -0.82548, 0.0], [117.28016, -0.81301, 0.0], [117.28527, -0.79605, 0.0]]], [[[117.4104, -0.67692, 0.0], [117.42638, -0.68651, 0.0], [117.42967, -0.68622, 0.0], [117.42652, -0.68927, 0.0], [117.43657, -0.69559, 0.0], [117.44764, -0.69818, 0.0], [117.43887, -0.70957, 0.0], [117.44628, -0.71197, 0.0], [117.44519, -0.7176, 0.0], [117.45232, -0.72458, 0.0], [117.44102, -0.72946, 0.0], [117.43938, -0.73147, 0.0], [117.42216, -0.70877, 0.0], [117.38719, -0.69127, 0.0], [117.38519, -0.68111, 0.0], [117.39462, -0.6882, 0.0], [117.40246, -0.68765, 0.0], [117.41311, -0.69706, 0.0], [117.41569, -0.69039, 0.0], [117.4104, -0.67692, 0.0]]], [[[117.33976, -0.86346, 0.0], [117.34252, -0.86803, 0.0], [117.33907, -0.87379, 0.0], [117.34829, -0.87258, 0.0], [117.35245, -0.88026, 0.0], [117.35814, -0.87745, 0.0], [117.35921, -0.89421, 0.0], [117.3484, -0.90643, 0.0], [117.33666, -0.91116, 0.0], [117.31834, -0.88591, 0.0], [117.32055, -0.87948, 0.0], [117.32283, -0.88095, 0.0], [117.32613, -0.88153, 0.0], [117.3283, -0.88596, 0.0], [117.32993, -0.88642, 0.0], [117.3282, -0.87447, 0.0], [117.32568, -0.87302, 0.0], [117.32598, -0.86798, 0.0], [117.3331, -0.86696, 0.0], [117.33976, -0.86346, 0.0]]], [[[117.30785, -0.6763, 0.0], [117.31773, -0.69278, 0.0], [117.32915, -0.76638, 0.0], [117.33813, -0.77594, 0.0], [117.3291, -0.78647, 0.0], [117.32551, -0.80145, 0.0], [117.32013, -0.79839, 0.0], [117.32795, -0.78518, 0.0], [117.31977, -0.77942, 0.0], [117.32375, -0.76889, 0.0], [117.31788, -0.76194, 0.0], [117.32129, -0.7438, 0.0], [117.31656, -0.739, 0.0], [117.31872, -0.73316, 0.0], [117.31288, -0.73084, 0.0], [117.31786, -0.72144, 0.0], [117.31548, -0.72003, 0.0], [117.31275, -0.72357, 0.0], [117.30843, -0.7189, 0.0], [117.31252, -0.71256, 0.0], [117.30571, -0.70965, 0.0], [117.31116, -0.70633, 0.0], [117.30429, -0.70376, 0.0], [117.30602, -0.69861, 0.0], [117.30128, -0.69497, 0.0], [117.30785, -0.6763, 0.0]]], [[[117.44245, -0.74131, 0.0], [117.46327, -0.74812, 0.0], [117.46703, -0.76266, 0.0], [117.48236, -0.77248, 0.0], [117.49232, -0.80243, 0.0], [117.47915, -0.79545, 0.0], [117.43958, -0.75384, 0.0], [117.43809, -0.74531, 0.0], [117.44245, -0.74131, 0.0]]], [[[117.40579, -0.75327, 0.0], [117.46073, -0.8012, 0.0], [117.46726, -0.81879, 0.0], [117.46263, -0.82044, 0.0], [117.44281, -0.80466, 0.0], [117.43063, -0.78079, 0.0], [117.41226, -0.78475, 0.0], [117.40469, -0.76357, 0.0], [117.40579, -0.75327, 0.0]]], [[[117.31428, -0.79608, 0.0], [117.33877, -0.82329, 0.0], [117.34141, -0.83624, 0.0], [117.31765, -0.83395, 0.0], [117.30809, -0.83839, 0.0], [117.30139, -0.80826, 0.0], [117.32204, -0.81643, 0.0], [117.30515, -0.80664, 0.0], [117.31428, -0.79608, 0.0]]], [[[117.43155, -0.58666, 0.0], [117.42485, -0.59163, 0.0], [117.42511, -0.59438, 0.0], [117.42837, -0.59758, 0.0], [117.43344, -0.59534, 0.0], [117.43152, -0.60367, 0.0], [117.4467, -0.60869, 0.0], [117.44912, -0.61489, 0.0], [117.44448, -0.62825, 0.0], [117.43787, -0.63141, 0.0], [117.43144, -0.6214, 0.0], [117.42205, -0.62939, 0.0], [117.41409, -0.61902, 0.0], [117.41739, -0.61375, 0.0], [117.41211, -0.61238, 0.0], [117.41146, -0.60607, 0.0], [117.40862, -0.60607, 0.0], [117.40462, -0.61145, 0.0], [117.40333, -0.60673, 0.0], [117.40028, -0.60488, 0.0], [117.40527, -0.60406, 0.0], [117.40612, -0.59818, 0.0], [117.40579, -0.60202, 0.0], [117.40776, -0.60247, 0.0], [117.40852, -0.60221, 0.0], [117.41253, -0.59293, 0.0], [117.41655, -0.598, 0.0], [117.41809, -0.59801, 0.0], [117.42426, -0.58417, 0.0], [117.43155, -0.58666, 0.0]]], [[[117.37645, -0.84843, 0.0], [117.39278, -0.87739, 0.0], [117.37194, -0.89477, 0.0], [117.36217, -0.88989, 0.0], [117.36167, -0.87332, 0.0], [117.36534, -0.85679, 0.0], [117.37645, -0.84843, 0.0]]], [[[117.41354, -0.54201, 0.0], [117.41944, -0.54796, 0.0], [117.41672, -0.55414, 0.0], [117.37703, -0.57478, 0.0], [117.36868, -0.58173, 0.0], [117.35979, -0.5833, 0.0], [117.34867, -0.57649, 0.0], [117.37314, -0.56755, 0.0], [117.39521, -0.54605, 0.0], [117.41354, -0.54201, 0.0]]], [[[117.46384, -0.74261, 0.0], [117.48256, -0.75083, 0.0], [117.49771, -0.74958, 0.0], [117.51202, -0.76948, 0.0], [117.50739, -0.77273, 0.0], [117.50867, -0.7792, 0.0], [117.50398, -0.77437, 0.0], [117.49876, -0.77869, 0.0], [117.49879, -0.77325, 0.0], [117.4961, -0.77182, 0.0], [117.4922, -0.77351, 0.0], [117.48807, -0.78176, 0.0], [117.48617, -0.77093, 0.0], [117.46859, -0.76268, 0.0], [117.46384, -0.74261, 0.0]]], [[[117.54829, -0.50557, 0.0], [117.5555, -0.50821, 0.0], [117.56945, -0.5065, 0.0], [117.57245, -0.50973, 0.0], [117.56686, -0.51616, 0.0], [117.57052, -0.52295, 0.0], [117.55434, -0.52078, 0.0], [117.55354, -0.53126, 0.0], [117.54954, -0.52851, 0.0], [117.54677, -0.52917, 0.0], [117.53255, -0.54436, 0.0], [117.52761, -0.53213, 0.0], [117.53154, -0.52987, 0.0], [117.5412, -0.51576, 0.0], [117.53964, -0.5095, 0.0], [117.54829, -0.50557, 0.0]]], [[[117.43581, -0.66298, 0.0], [117.45246, -0.67716, 0.0], [117.47201, -0.70729, 0.0], [117.46322, -0.7005, 0.0], [117.44821, -0.70198, 0.0], [117.44849, -0.69729, 0.0], [117.43735, -0.69489, 0.0], [117.42964, -0.68567, 0.0], [117.42655, -0.6863, 0.0], [117.43581, -0.66298, 0.0]]], [[[117.50179, -0.54471, 0.0], [117.50475, -0.54275, 0.0], [117.50442, -0.54672, 0.0], [117.50503, -0.54725, 0.0], [117.50728, -0.54655, 0.0], [117.50742, -0.54362, 0.0], [117.51223, -0.54358, 0.0], [117.51287, -0.55265, 0.0], [117.51468, -0.55138, 0.0], [117.51898, -0.55275, 0.0], [117.52771, -0.55248, 0.0], [117.52865, -0.55189, 0.0], [117.5294, -0.55079, 0.0], [117.53103, -0.54427, 0.0], [117.53998, -0.56064, 0.0], [117.52766, -0.56227, 0.0], [117.51085, -0.57005, 0.0], [117.48896, -0.56265, 0.0], [117.48962, -0.56052, 0.0], [117.49721, -0.55738, 0.0], [117.5019, -0.55396, 0.0], [117.50193, -0.55248, 0.0], [117.4987, -0.55013, 0.0], [117.49832, -0.54559, 0.0], [117.50179, -0.54471, 0.0]]], [[[117.5455, -0.47436, 0.0], [117.55415, -0.47713, 0.0], [117.5648, -0.47362, 0.0], [117.57343, -0.47961, 0.0], [117.58421, -0.48017, 0.0], [117.57608, -0.48721, 0.0], [117.53823, -0.49753, 0.0], [117.54169, -0.49129, 0.0], [117.54027, -0.48957, 0.0], [117.53709, -0.48986, 0.0], [117.53647, -0.48572, 0.0], [117.54099, -0.47431, 0.0], [117.5455, -0.47436, 0.0]]], [[[117.53815, -0.50465, 0.0], [117.53946, -0.51517, 0.0], [117.52962, -0.52965, 0.0], [117.52009, -0.52602, 0.0], [117.50822, -0.52696, 0.0], [117.50117, -0.52316, 0.0], [117.51023, -0.51337, 0.0], [117.53815, -0.50465, 0.0]]], [[[117.35509, -0.68325, 0.0], [117.3619, -0.6863, 0.0], [117.3638, -0.69562, 0.0], [117.37816, -0.69414, 0.0], [117.375, -0.71639, 0.0], [117.36296, -0.71784, 0.0], [117.36521, -0.70558, 0.0], [117.35763, -0.70289, 0.0], [117.35738, -0.69631, 0.0], [117.34738, -0.69134, 0.0], [117.34728, -0.68629, 0.0], [117.35509, -0.68325, 0.0]]], [[[117.38393, -0.59156, 0.0], [117.38696, -0.5954, 0.0], [117.38299, -0.60101, 0.0], [117.38446, -0.60313, 0.0], [117.3911, -0.60203, 0.0], [117.39138, -0.59675, 0.0], [117.39539, -0.60004, 0.0], [117.39381, -0.60518, 0.0], [117.38904, -0.60334, 0.0], [117.38675, -0.60388, 0.0], [117.3866, -0.60603, 0.0], [117.38867, -0.60869, 0.0], [117.39656, -0.61201, 0.0], [117.40228, -0.60696, 0.0], [117.4031, -0.61122, 0.0], [117.40564, -0.61231, 0.0], [117.41024, -0.60643, 0.0], [117.41079, -0.61234, 0.0], [117.41582, -0.61567, 0.0], [117.40728, -0.61711, 0.0], [117.40462, -0.6217, 0.0], [117.39858, -0.61704, 0.0], [117.39583, -0.62361, 0.0], [117.3919, -0.62085, 0.0], [117.39328, -0.61394, 0.0], [117.38945, -0.6142, 0.0], [117.38941, -0.62003, 0.0], [117.38337, -0.61688, 0.0], [117.38867, -0.61464, 0.0], [117.38654, -0.60857, 0.0], [117.38357, -0.60745, 0.0], [117.37962, -0.61246, 0.0], [117.37774, -0.61025, 0.0], [117.38102, -0.60937, 0.0], [117.38111, -0.60691, 0.0], [117.37558, -0.60712, 0.0], [117.37574, -0.6034, 0.0], [117.36932, -0.60239, 0.0], [117.37371, -0.60061, 0.0], [117.37382, -0.59291, 0.0], [117.37896, -0.5927, 0.0], [117.37923, -0.59892, 0.0], [117.38346, -0.59908, 0.0], [117.38393, -0.59156, 0.0]]], [[[117.50509, -0.5265, 0.0], [117.5141, -0.52805, 0.0], [117.52009, -0.52704, 0.0], [117.52378, -0.52848, 0.0], [117.53059, -0.5431, 0.0], [117.52848, -0.5518, 0.0], [117.51343, -0.55129, 0.0], [117.51395, -0.5402, 0.0], [117.51134, -0.53825, 0.0], [117.50761, -0.53911, 0.0], [117.50916, -0.53462, 0.0], [117.5046, -0.53312, 0.0], [117.50509, -0.5265, 0.0]]], [[[117.50991, -0.35014, 0.0], [117.49833, -0.37778, 0.0], [117.48574, -0.3869, 0.0], [117.4855, -0.37778, 0.0], [117.49841, -0.35109, 0.0], [117.50991, -0.35014, 0.0]]], [[[117.31939, -0.84842, 0.0], [117.32038, -0.85177, 0.0], [117.32301, -0.85566, 0.0], [117.32917, -0.85711, 0.0], [117.32994, -0.86544, 0.0], [117.32467, -0.86853, 0.0], [117.32579, -0.88127, 0.0], [117.32051, -0.87889, 0.0], [117.31649, -0.8792, 0.0], [117.31195, -0.86302, 0.0], [117.31155, -0.85418, 0.0], [117.31939, -0.84842, 0.0]]], [[[117.27553, -0.80967, 0.0], [117.28533, -0.82748, 0.0], [117.27473, -0.84418, 0.0], [117.26844, -0.84446, 0.0], [117.2787, -0.83378, 0.0], [117.27199, -0.82564, 0.0], [117.26355, -0.82855, 0.0], [117.26389, -0.81826, 0.0], [117.27553, -0.80967, 0.0]]], [[[117.47143, -0.81265, 0.0], [117.48627, -0.82511, 0.0], [117.49237, -0.83762, 0.0], [117.48255, -0.83938, 0.0], [117.4683, -0.82993, 0.0], [117.47143, -0.81265, 0.0]]], [[[117.47759, -0.59002, 0.0], [117.4828, -0.5965, 0.0], [117.49035, -0.59143, 0.0], [117.48915, -0.60037, 0.0], [117.48602, -0.60347, 0.0], [117.48534, -0.61004, 0.0], [117.47856, -0.61794, 0.0], [117.47142, -0.61957, 0.0], [117.47363, -0.60757, 0.0], [117.46386, -0.59607, 0.0], [117.47155, -0.60109, 0.0], [117.47518, -0.59983, 0.0], [117.47759, -0.59002, 0.0]]], [[[117.27505, -0.84505, 0.0], [117.27288, -0.85158, 0.0], [117.27596, -0.88747, 0.0], [117.26737, -0.88276, 0.0], [117.26494, -0.85709, 0.0], [117.26967, -0.85572, 0.0], [117.26983, -0.85194, 0.0], [117.26821, -0.84712, 0.0], [117.26384, -0.84513, 0.0], [117.27505, -0.84505, 0.0]]], [[[117.35987, -0.81495, 0.0], [117.37281, -0.83055, 0.0], [117.37004, -0.84524, 0.0], [117.36441, -0.84305, 0.0], [117.36543, -0.83573, 0.0], [117.35395, -0.82851, 0.0], [117.35825, -0.82197, 0.0], [117.35989, -0.81621, 0.0], [117.35987, -0.81495, 0.0]]], [[[117.42675, -0.86315, 0.0], [117.42455, -0.86603, 0.0], [117.42496, -0.86775, 0.0], [117.43257, -0.86711, 0.0], [117.43582, -0.87138, 0.0], [117.4331, -0.87633, 0.0], [117.43522, -0.89173, 0.0], [117.4267, -0.8884, 0.0], [117.42311, -0.87554, 0.0], [117.41571, -0.8717, 0.0], [117.42675, -0.86315, 0.0]]], [[[117.26053, -0.85236, 0.0], [117.26391, -0.8686, 0.0], [117.26174, -0.88605, 0.0], [117.25552, -0.88148, 0.0], [117.25583, -0.85561, 0.0], [117.26053, -0.85236, 0.0]]], [[[117.34102, -0.7813, 0.0], [117.35209, -0.79356, 0.0], [117.35947, -0.8146, 0.0], [117.34795, -0.80354, 0.0], [117.34102, -0.7813, 0.0]]], [[[117.51973, -0.43708, 0.0], [117.52913, -0.41602, 0.0], [117.53946, -0.41068, 0.0], [117.53503, -0.42143, 0.0], [117.51973, -0.43708, 0.0]]], [[[117.40768, -0.59416, 0.0], [117.4083, -0.60212, 0.0], [117.40662, -0.59807, 0.0], [117.40582, -0.59806, 0.0], [117.4035, -0.59892, 0.0], [117.40513, -0.60382, 0.0], [117.40024, -0.60434, 0.0], [117.39751, -0.61085, 0.0], [117.38769, -0.60643, 0.0], [117.39495, -0.60532, 0.0], [117.39986, -0.59362, 0.0], [117.40768, -0.59416, 0.0]]], [[[117.56613, -0.49536, 0.0], [117.57391, -0.50046, 0.0], [117.57242, -0.50474, 0.0], [117.55073, -0.50375, 0.0], [117.56613, -0.49536, 0.0]]], [[[117.27212, -0.82675, 0.0], [117.276, -0.83186, 0.0], [117.26361, -0.84503, 0.0], [117.26341, -0.82975, 0.0], [117.27212, -0.82675, 0.0]]], [[[117.52236, -0.70468, 0.0], [117.5044, -0.70557, 0.0], [117.49974, -0.70233, 0.0], [117.51778, -0.69754, 0.0], [117.52236, -0.70468, 0.0]]], [[[117.50468, -0.6066, 0.0], [117.50193, -0.61301, 0.0], [117.49379, -0.61045, 0.0], [117.49325, -0.60226, 0.0], [117.49952, -0.59384, 0.0], [117.50468, -0.6066, 0.0]]], [[[117.29192, -0.76385, 0.0], [117.29588, -0.77188, 0.0], [117.28897, -0.7817, 0.0], [117.28843, -0.7921, 0.0], [117.28623, -0.77774, 0.0], [117.29192, -0.76385, 0.0]]], [[[117.47004, -0.80272, 0.0], [117.48034, -0.80921, 0.0], [117.48849, -0.8207, 0.0], [117.47324, -0.81197, 0.0], [117.47004, -0.80272, 0.0]]], [[[117.55155, -0.43988, 0.0], [117.5638, -0.44731, 0.0], [117.55783, -0.45043, 0.0], [117.55824, -0.45833, 0.0], [117.55206, -0.45437, 0.0], [117.55032, -0.45479, 0.0], [117.54921, -0.4566, 0.0], [117.54813, -0.45044, 0.0], [117.55485, -0.44932, 0.0], [117.55609, -0.447, 0.0], [117.55155, -0.43988, 0.0]]], [[[117.49495, -0.46066, 0.0], [117.49796, -0.45427, 0.0], [117.51574, -0.43628, 0.0], [117.50442, -0.45303, 0.0], [117.49495, -0.46066, 0.0]]], [[[117.33121, -0.73476, 0.0], [117.33118, -0.7471, 0.0], [117.32709, -0.72592, 0.0], [117.33121, -0.73476, 0.0]]], [[[117.34386, -0.76754, 0.0], [117.35022, -0.77102, 0.0], [117.35378, -0.78171, 0.0], [117.34703, -0.77464, 0.0], [117.34386, -0.76754, 0.0]]], [[[117.50165, -0.80213, 0.0], [117.51192, -0.81092, 0.0], [117.51111, -0.81239, 0.0], [117.50296, -0.80851, 0.0], [117.50165, -0.80213, 0.0]]], [[[117.55301, -0.79364, 0.0], [117.5538, -0.80084, 0.0], [117.54837, -0.80586, 0.0], [117.55301, -0.79364, 0.0]]], [[[117.33978, -0.77517, 0.0], [117.33048, -0.76717, 0.0], [117.33117, -0.7631, 0.0], [117.33714, -0.76858, 0.0], [117.33978, -0.77517, 0.0]]], [[[117.26439, -0.8471, 0.0], [117.26899, -0.85056, 0.0], [117.26917, -0.85512, 0.0], [117.26468, -0.85585, 0.0], [117.26439, -0.8471, 0.0]]], [[[117.27494, -0.80381, 0.0], [117.27579, -0.80802, 0.0], [117.2665, -0.80991, 0.0], [117.27494, -0.80381, 0.0]]], [[[117.5576, -0.52137, 0.0], [117.56258, -0.52553, 0.0], [117.55658, -0.5264, 0.0], [117.5576, -0.52137, 0.0]]], [[[117.45579, -0.50096, 0.0], [117.4482, -0.50687, 0.0], [117.44473, -0.50793, 0.0], [117.44872, -0.50304, 0.0], [117.45579, -0.50096, 0.0]]], [[[117.53663, -0.44405, 0.0], [117.52836, -0.45361, 0.0], [117.52452, -0.45502, 0.0], [117.53663, -0.44405, 0.0]]], [[[117.3473, -0.58547, 0.0], [117.35655, -0.58608, 0.0], [117.34537, -0.5866, 0.0], [117.3473, -0.58547, 0.0]]], [[[117.25715, -0.82495, 0.0], [117.25759, -0.83232, 0.0], [117.25596, -0.83578, 0.0], [117.25513, -0.82845, 0.0], [117.25715, -0.82495, 0.0]]], [[[117.31043, -0.57181, 0.0], [117.31604, -0.57121, 0.0], [117.32002, -0.57438, 0.0], [117.31043, -0.57181, 0.0]]], [[[117.49855, -0.51654, 0.0], [117.49603, -0.52029, 0.0], [117.4903, -0.52137, 0.0], [117.49378, -0.5186, 0.0], [117.49855, -0.51654, 0.0]]], [[[117.49911, -0.51614, 0.0], [117.50842, -0.51106, 0.0], [117.49844, -0.51857, 0.0], [117.49911, -0.51614, 0.0]]], [[[117.4375, -0.74067, 0.0], [117.4409, -0.74243, 0.0], [117.4376, -0.74477, 0.0], [117.4375, -0.74067, 0.0]]], [[[117.32966, -0.88615, 0.0], [117.32637, -0.88139, 0.0], [117.3271, -0.87821, 0.0], [117.32836, -0.88025, 0.0], [117.32966, -0.88615, 0.0]]], [[[117.25629, -0.84772, 0.0], [117.25902, -0.84821, 0.0], [117.25651, -0.85193, 0.0], [117.25629, -0.84772, 0.0]]], [[[117.59679, -0.4769, 0.0], [117.59406, -0.48227, 0.0], [117.59299, -0.4827, 0.0], [117.59679, -0.4769, 0.0]]], [[[117.48172, -0.59101, 0.0], [117.48511, -0.59029, 0.0], [117.4838, -0.59452, 0.0], [117.48172, -0.59101, 0.0]]], [[[117.49615, -0.79442, 0.0], [117.49944, -0.79536, 0.0], [117.49873, -0.79764, 0.0], [117.49615, -0.79442, 0.0]]], [[[117.38154, -0.57321, 0.0], [117.38321, -0.5743, 0.0], [117.37849, -0.57536, 0.0], [117.38154, -0.57321, 0.0]]], [[[117.54013, -0.49002, 0.0], [117.5384, -0.49229, 0.0], [117.53683, -0.49025, 0.0], [117.54013, -0.49002, 0.0]]], [[[117.25651, -0.84374, 0.0], [117.2587, -0.8454, 0.0], [117.25684, -0.84546, 0.0], [117.25651, -0.84374, 0.0]]], [[[117.43539, -0.73681, 0.0], [117.43813, -0.73833, 0.0], [117.43697, -0.73935, 0.0], [117.43539, -0.73681, 0.0]]], [[[117.25636, -0.8416, 0.0], [117.25801, -0.84203, 0.0], [117.25658, -0.84295, 0.0], [117.25636, -0.8416, 0.0]]], [[[117.36096, -0.81211, 0.0], [117.36031, -0.8135, 0.0], [117.35906, -0.81058, 0.0], [117.36096, -0.81211, 0.0]]], [[[117.53598, -0.40673, 0.0], [117.53412, -0.40658, 0.0], [117.53563, -0.4055, 0.0], [117.53598, -0.40673, 0.0]]], [[[117.35997, -0.65557, 0.0], [117.36149, -0.65535, 0.0], [117.36341, -0.65794, 0.0], [117.35997, -0.65557, 0.0]]], [[[117.38325, -0.83429, 0.0], [117.38186, -0.83056, 0.0], [117.38158, -0.82812, 0.0], [117.38271, -0.83026, 0.0], [117.38325, -0.83429, 0.0]]], [[[117.49012, -0.77822, 0.0], [117.49096, -0.77979, 0.0], [117.49005, -0.78042, 0.0], [117.49012, -0.77822, 0.0]]], [[[117.37583, -0.76747, 0.0], [117.377, -0.76874, 0.0], [117.37517, -0.76897, 0.0], [117.37583, -0.76747, 0.0]]], [[[117.36515, -0.89214, 0.0], [117.36497, -0.8943, 0.0], [117.36386, -0.89165, 0.0], [117.36515, -0.89214, 0.0]]], [[[117.32566, -0.72687, 0.0], [117.3268, -0.7265, 0.0], [117.32599, -0.7297, 0.0], [117.32566, -0.72687, 0.0]]], [[[117.49325, -0.59775, 0.0], [117.49197, -0.5983, 0.0], [117.4928, -0.59665, 0.0], [117.49325, -0.59775, 0.0]]], [[[117.43241, -0.2085, 0.0], [117.4324, -0.20945, 0.0], [117.43105, -0.20952, 0.0], [117.43241, -0.2085, 0.0]]], [[[117.47685, -0.50658, 0.0], [117.47778, -0.5066, 0.0], [117.47651, -0.50745, 0.0], [117.47605, -0.50699, 0.0], [117.47685, -0.50658, 0.0]]], [[[117.38266, -0.57981, 0.0], [117.38395, -0.57965, 0.0], [117.38266, -0.58093, 0.0], [117.38266, -0.57981, 0.0]]], [[[117.27738, -0.80863, 0.0], [117.27819, -0.81056, 0.0], [117.27632, -0.80935, 0.0], [117.27738, -0.80863, 0.0]]], [[[117.47866, -0.50909, 0.0], [117.47999, -0.50886, 0.0], [117.47984, -0.51009, 0.0], [117.47866, -0.50909, 0.0]]], [[[117.397, -0.85847, 0.0], [117.39823, -0.86108, 0.0], [117.39783, -0.86126, 0.0], [117.397, -0.85847, 0.0]]], [[[117.51415, -0.77604, 0.0], [117.51346, -0.77667, 0.0], [117.51323, -0.77405, 0.0], [117.51415, -0.77604, 0.0]]], [[[117.33837, -0.78093, 0.0], [117.33994, -0.78122, 0.0], [117.33893, -0.7819, 0.0], [117.33837, -0.78093, 0.0]]], [[[117.47543, -0.50613, 0.0], [117.47675, -0.50632, 0.0], [117.4758, -0.50665, 0.0], [117.47543, -0.50613, 0.0]]], [[[117.589, -0.46788, 0.0], [117.58778, -0.46905, 0.0], [117.5888, -0.46765, 0.0], [117.589, -0.46788, 0.0]]], [[[117.48391, -0.50425, 0.0], [117.48481, -0.50469, 0.0], [117.48408, -0.50522, 0.0], [117.48391, -0.50425, 0.0]]], [[[117.42759, -0.71768, 0.0], [117.42843, -0.71772, 0.0], [117.42874, -0.71838, 0.0], [117.42759, -0.71768, 0.0]]], [[[117.48074, -0.50859, 0.0], [117.48157, -0.5079, 0.0], [117.48166, -0.50801, 0.0], [117.48074, -0.50859, 0.0]]], [[[117.48266, -0.59583, 0.0], [117.48308, -0.59616, 0.0], [117.48262, -0.59602, 0.0], [117.48266, -0.59583, 0.0]]], [[[117.47991, -0.50719, 0.0], [117.47948, -0.50711, 0.0], [117.47988, -0.50696, 0.0], [117.47991, -0.50719, 0.0]]], [[[117.47977, -0.50824, 0.0], [117.48007, -0.50833, 0.0], [117.47996, -0.50846, 0.0], [117.47977, -0.50824, 0.0]]], [[[117.39801, -0.86347, 0.0], [117.39782, -0.86345, 0.0], [117.39787, -0.86326, 0.0], [117.39801, -0.86347, 0.0]]], [[[117.51853, -0.0317, 0.0], [117.51853, -0.03171, 0.0], [117.51853, -0.0317, 0.0], [117.51853, -0.0317, 0.0]]]]}}, {"type": "Feature", "id": 6404, "properties": {"WADMKK": "Kutai Timur", "WADMPR": "Kalimantan Timur", "LUASWH": 31572.691008, "kode_wilayah": 6404, "nama_resmi": "Kabupaten Kutai Timur", "tipe": "Kabupaten", "provinsi": "Kalimantan Timur", "pulau": "Kalimantan", "parlemen": 15.0, "pendapatan": 18.71, "pengeluaran": 12490.0, "ahh": 76.13, "profesional": 58.38, "tpak": 43.71, "rls": 9.47, "hls": 13.02, "skor_ekonomi": 12.84, "skor_keputusan": 51.14, "skor_kapasitas_sosial": 64.7, "ikpp_komposit": 38.53, "kuadran": "Kuadran II (Ekonomi Rendah, Keputusan Tinggi)", "lisa_cluster_keputusan": "Not Significant", "lisa_cluster_ekonomi": "Low-Low (Coldspot)", "pc1": 1.629, "pc2": -1.843, "lat": 0.943, "lon": 116.985}, "geometry": {"type": "MultiPolygon", "coordinates": [[[[116.29442, 1.86589, 0.0], [116.29953, 1.85628, 0.0], [116.31733, 1.84699, 0.0], [116.3283, 1.81744, 0.0], [116.35103, 1.80322, 0.0], [116.34954, 1.77912, 0.0], [116.36706, 1.77723, 0.0], [116.37211, 1.78692, 0.0], [116.38611, 1.78762, 0.0], [116.40236, 1.80535, 0.0], [116.39974, 1.80881, 0.0], [116.40689, 1.81084, 0.0], [116.41029, 1.82308, 0.0], [116.4156, 1.82247, 0.0], [116.42796, 1.80976, 0.0], [116.43812, 1.81207, 0.0], [116.45694, 1.7945, 0.0], [116.48931, 1.7859, 0.0], [116.47055, 1.75986, 0.0], [116.45315, 1.7607, 0.0], [116.44969, 1.75152, 0.0], [116.44022, 1.74774, 0.0], [116.45223, 1.74215, 0.0], [116.46045, 1.72481, 0.0], [116.47558, 1.72523, 0.0], [116.47713, 1.71938, 0.0], [116.4849, 1.71587, 0.0], [116.49446, 1.71851, 0.0], [116.50213, 1.71327, 0.0], [116.5129, 1.72324, 0.0], [116.5281, 1.72392, 0.0], [116.54409, 1.69529, 0.0], [116.55897, 1.69178, 0.0], [116.58962, 1.6974, 0.0], [116.59242, 1.69182, 0.0], [116.60374, 1.69235, 0.0], [116.62214, 1.67371, 0.0], [116.61955, 1.6671, 0.0], [116.6268, 1.67059, 0.0], [116.64008, 1.66182, 0.0], [116.64472, 1.66493, 0.0], [116.65901, 1.64283, 0.0], [116.66787, 1.6477, 0.0], [116.68449, 1.64343, 0.0], [116.69857, 1.66508, 0.0], [116.7113, 1.66716, 0.0], [116.73298, 1.6803, 0.0], [116.73949, 1.67753, 0.0], [116.76215, 1.6827, 0.0], [116.76015, 1.69367, 0.0], [116.78176, 1.69193, 0.0], [116.7945, 1.68196, 0.0], [116.80515, 1.68524, 0.0], [116.81979, 1.67954, 0.0], [116.84048, 1.69263, 0.0], [116.84365, 1.68159, 0.0], [116.85335, 1.67197, 0.0], [116.86129, 1.68076, 0.0], [116.88337, 1.66926, 0.0], [116.8929, 1.67596, 0.0], [116.89796, 1.66907, 0.0], [116.89518, 1.6605, 0.0], [116.88687, 1.65668, 0.0], [116.89206, 1.65212, 0.0], [116.88742, 1.64184, 0.0], [116.91091, 1.64149, 0.0], [116.90149, 1.60931, 0.0], [116.91467, 1.60329, 0.0], [116.92705, 1.60826, 0.0], [116.92725, 1.57627, 0.0], [116.94235, 1.55521, 0.0], [116.97453, 1.53592, 0.0], [116.98452, 1.52232, 0.0], [116.97589, 1.49169, 0.0], [116.98225, 1.47992, 0.0], [116.97862, 1.47205, 0.0], [116.98753, 1.4584, 0.0], [116.98735, 1.44428, 0.0], [116.99457, 1.44399, 0.0], [116.9939, 1.43398, 0.0], [117.00593, 1.42573, 0.0], [117.00855, 1.41073, 0.0], [117.01767, 1.40606, 0.0], [117.03493, 1.42226, 0.0], [117.04348, 1.41901, 0.0], [117.04406, 1.41445, 0.0], [117.05901, 1.41737, 0.0], [117.06831, 1.40507, 0.0], [117.08497, 1.41312, 0.0], [117.08771, 1.40691, 0.0], [117.10779, 1.39484, 0.0], [117.13113, 1.39122, 0.0], [117.13594, 1.38181, 0.0], [117.1448, 1.38819, 0.0], [117.14449, 1.38435, 0.0], [117.15141, 1.38198, 0.0], [117.15594, 1.38442, 0.0], [117.16044, 1.38071, 0.0], [117.16742, 1.38633, 0.0], [117.16991, 1.38164, 0.0], [117.18471, 1.3832, 0.0], [117.1892, 1.37849, 0.0], [117.19604, 1.39081, 0.0], [117.20143, 1.39127, 0.0], [117.19546, 1.39314, 0.0], [117.19638, 1.39707, 0.0], [117.20112, 1.39685, 0.0], [117.20289, 1.4046, 0.0], [117.21178, 1.40995, 0.0], [117.22262, 1.38579, 0.0], [117.23208, 1.38014, 0.0], [117.2408, 1.3819, 0.0], [117.25881, 1.4188, 0.0], [117.27536, 1.42161, 0.0], [117.27981, 1.44635, 0.0], [117.28828, 1.43998, 0.0], [117.3045, 1.43816, 0.0], [117.33391, 1.45117, 0.0], [117.32936, 1.47164, 0.0], [117.33403, 1.48813, 0.0], [117.37341, 1.513, 0.0], [117.38581, 1.58486, 0.0], [117.39403, 1.59092, 0.0], [117.40734, 1.57668, 0.0], [117.43115, 1.56778, 0.0], [117.44304, 1.55468, 0.0], [117.45571, 1.5574, 0.0], [117.45913, 1.54618, 0.0], [117.46733, 1.53986, 0.0], [117.4678, 1.52846, 0.0], [117.48542, 1.51396, 0.0], [117.48585, 1.50184, 0.0], [117.49453, 1.50129, 0.0], [117.4974, 1.5092, 0.0], [117.51303, 1.51129, 0.0], [117.51037, 1.52463, 0.0], [117.51714, 1.53437, 0.0], [117.52863, 1.53659, 0.0], [117.53365, 1.5491, 0.0], [117.53239, 1.56246, 0.0], [117.54845, 1.58622, 0.0], [117.5441, 1.59083, 0.0], [117.54905, 1.598, 0.0], [117.56006, 1.59637, 0.0], [117.55985, 1.58943, 0.0], [117.56676, 1.6031, 0.0], [117.58052, 1.61274, 0.0], [117.58828, 1.60235, 0.0], [117.60459, 1.60854, 0.0], [117.60303, 1.59585, 0.0], [117.61398, 1.58898, 0.0], [117.62404, 1.59499, 0.0], [117.64243, 1.59005, 0.0], [117.64107, 1.59722, 0.0], [117.64977, 1.6066, 0.0], [117.65689, 1.63018, 0.0], [117.66381, 1.62979, 0.0], [117.66053, 1.64421, 0.0], [117.66823, 1.6514, 0.0], [117.66442, 1.671, 0.0], [117.67183, 1.66837, 0.0], [117.68785, 1.67924, 0.0], [117.68713, 1.6831, 0.0], [117.7249, 1.69511, 0.0], [117.75531, 1.67804, 0.0], [117.77237, 1.65853, 0.0], [117.77368, 1.64654, 0.0], [117.78244, 1.63683, 0.0], [117.78176, 1.62626, 0.0], [117.79238, 1.61227, 0.0], [117.80883, 1.60776, 0.0], [117.81969, 1.59757, 0.0], [117.82796, 1.56451, 0.0], [117.82663, 1.54659, 0.0], [117.83606, 1.53593, 0.0], [117.83477, 1.52172, 0.0], [117.83868, 1.51587, 0.0], [117.83916, 1.49949, 0.0], [117.83318, 1.49859, 0.0], [117.83219, 1.48734, 0.0], [117.83993, 1.47286, 0.0], [117.85196, 1.46918, 0.0], [117.84824, 1.45347, 0.0], [117.85138, 1.44775, 0.0], [117.85538, 1.44457, 0.0], [117.85919, 1.45023, 0.0], [117.86524, 1.43933, 0.0], [117.86306, 1.43385, 0.0], [117.85636, 1.43277, 0.0], [117.85909, 1.42959, 0.0], [117.85425, 1.41969, 0.0], [117.84641, 1.42861, 0.0], [117.84079, 1.42101, 0.0], [117.84734, 1.4113, 0.0], [117.85001, 1.38772, 0.0], [117.84615, 1.3821, 0.0], [117.84808, 1.3742, 0.0], [117.83674, 1.37157, 0.0], [117.83717, 1.36578, 0.0], [117.85028, 1.36053, 0.0], [117.87344, 1.36065, 0.0], [117.90735, 1.34195, 0.0], [117.907, 1.32484, 0.0], [117.9286, 1.30287, 0.0], [117.94106, 1.27908, 0.0], [117.97521, 1.25275, 0.0], [117.9818, 1.25753, 0.0], [117.99051, 1.23985, 0.0], [117.99456, 1.20101, 0.0], [118.03845, 1.16191, 0.0], [118.08634, 1.15912, 0.0], [118.14958, 1.17114, 0.0], [118.18763, 1.16994, 0.0], [118.22294, 1.18689, 0.0], [118.26962, 1.18569, 0.0], [118.31001, 1.17778, 0.0], [118.31747, 1.18409, 0.0], [118.34888, 1.28508, 0.0], [118.36399, 1.28225, 0.0], [118.38058, 1.26175, 0.0], [118.39492, 1.2663, 0.0], [118.41681, 1.28298, 0.0], [118.45529, 1.28979, 0.0], [118.49518, 1.28754, 0.0], [118.52277, 1.27761, 0.0], [118.57335, 1.23284, 0.0], [118.58862, 1.1256, 0.0], [118.60241, 1.11171, 0.0], [118.61391, 1.10862, 0.0], [118.64995, 1.11245, 0.0], [118.67602, 1.12247, 0.0], [118.69933, 1.12218, 0.0], [118.75075, 1.10855, 0.0], [118.76374, 1.08927, 0.0], [118.75665, 1.07372, 0.0], [118.77135, 1.05167, 0.0], [118.76841, 1.03678, 0.0], [118.7728, 1.02932, 0.0], [118.78569, 1.02283, 0.0], [118.78715, 0.99578, 0.0], [118.83098, 0.99517, 0.0], [118.84109, 0.98449, 0.0], [118.84839, 0.9891, 0.0], [118.85636, 0.98539, 0.0], [118.86388, 0.99146, 0.0], [118.86446, 1.00655, 0.0], [118.88028, 1.00437, 0.0], [118.90256, 1.00888, 0.0], [118.91749, 1.01701, 0.0], [118.92607, 1.02889, 0.0], [118.92415, 1.03564, 0.0], [118.93275, 1.04063, 0.0], [118.94032, 1.03835, 0.0], [118.95252, 1.05155, 0.0], [118.96601, 1.03572, 0.0], [118.977, 1.03676, 0.0], [118.98861, 1.0227, 0.0], [118.98034, 1.0153, 0.0], [118.97862, 1.00654, 0.0], [118.98459, 1.0, 0.0], [118.98581, 0.98607, 0.0], [118.97239, 0.96912, 0.0], [118.96268, 0.94656, 0.0], [118.93133, 0.91438, 0.0], [118.91907, 0.91249, 0.0], [118.91582, 0.90492, 0.0], [118.90616, 0.90261, 0.0], [118.89406, 0.87715, 0.0], [118.88383, 0.87222, 0.0], [118.86476, 0.8804, 0.0], [118.86108, 0.87469, 0.0], [118.85546, 0.87703, 0.0], [118.83846, 0.85061, 0.0], [118.82477, 0.84264, 0.0], [118.8242, 0.82937, 0.0], [118.81367, 0.82657, 0.0], [118.81611, 0.81932, 0.0], [118.79159, 0.80118, 0.0], [118.78708, 0.80326, 0.0], [118.79739, 0.80918, 0.0], [118.79479, 0.81195, 0.0], [118.78229, 0.81124, 0.0], [118.78498, 0.80583, 0.0], [118.78159, 0.80816, 0.0], [118.7598, 0.80559, 0.0], [118.72589, 0.82377, 0.0], [118.71254, 0.81962, 0.0], [118.70805, 0.81345, 0.0], [118.70911, 0.83033, 0.0], [118.70025, 0.84456, 0.0], [118.67546, 0.85916, 0.0], [118.66339, 0.85612, 0.0], [118.65095, 0.84582, 0.0], [118.63799, 0.84477, 0.0], [118.63075, 0.85063, 0.0], [118.62134, 0.84544, 0.0], [118.60766, 0.82653, 0.0], [118.58704, 0.81269, 0.0], [118.57478, 0.81611, 0.0], [118.5565, 0.81217, 0.0], [118.55273, 0.81558, 0.0], [118.55124, 0.80924, 0.0], [118.54641, 0.80845, 0.0], [118.50112, 0.82055, 0.0], [118.4793, 0.83317, 0.0], [118.47036, 0.83023, 0.0], [118.4423, 0.84505, 0.0], [118.43355, 0.83537, 0.0], [118.42274, 0.83977, 0.0], [118.4147, 0.83389, 0.0], [118.41587, 0.82388, 0.0], [118.40502, 0.82438, 0.0], [118.38554, 0.8089, 0.0], [118.36983, 0.80597, 0.0], [118.34349, 0.8168, 0.0], [118.34257, 0.83802, 0.0], [118.32043, 0.84984, 0.0], [118.21112, 0.86706, 0.0], [118.06378, 0.90328, 0.0], [118.05229, 0.91295, 0.0], [118.05693, 0.93967, 0.0], [118.04449, 0.95022, 0.0], [118.02196, 0.95131, 0.0], [118.00869, 0.96002, 0.0], [118.01226, 0.96213, 0.0], [118.00426, 0.97103, 0.0], [118.00737, 0.98596, 0.0], [118.00654, 0.99033, 0.0], [118.00288, 0.99272, 0.0], [117.99763, 0.99287, 0.0], [117.99146, 1.00106, 0.0], [117.99544, 1.02211, 0.0], [117.9869, 1.03613, 0.0], [117.98431, 1.0575, 0.0], [117.97813, 1.06207, 0.0], [117.9808, 1.06812, 0.0], [117.96533, 1.07051, 0.0], [117.95303, 1.07817, 0.0], [117.9447, 1.08837, 0.0], [117.94889, 1.0909, 0.0], [117.93849, 1.09459, 0.0], [117.92785, 1.1071, 0.0], [117.91573, 1.10661, 0.0], [117.91248, 1.115, 0.0], [117.90653, 1.11239, 0.0], [117.89878, 1.12587, 0.0], [117.89254, 1.12195, 0.0], [117.89333, 1.10151, 0.0], [117.88591, 1.10103, 0.0], [117.88398, 1.0975, 0.0], [117.88671, 1.08956, 0.0], [117.88435, 1.08886, 0.0], [117.89369, 1.0833, 0.0], [117.89712, 1.06733, 0.0], [117.92239, 1.06611, 0.0], [117.92236, 1.05552, 0.0], [117.93376, 1.05527, 0.0], [117.93126, 1.05376, 0.0], [117.92779, 1.05018, 0.0], [117.9282, 1.04944, 0.0], [117.92627, 1.04903, 0.0], [117.93126, 1.03733, 0.0], [117.94485, 1.03286, 0.0], [117.94475, 1.02415, 0.0], [117.95259, 1.00748, 0.0], [117.96037, 1.00272, 0.0], [117.96317, 0.9877, 0.0], [117.97324, 0.97917, 0.0], [117.9687, 0.95776, 0.0], [117.97904, 0.94489, 0.0], [117.97719, 0.92955, 0.0], [117.99631, 0.89403, 0.0], [118.01017, 0.88512, 0.0], [118.01926, 0.86653, 0.0], [118.01893, 0.85232, 0.0], [118.02841, 0.83008, 0.0], [118.01886, 0.81571, 0.0], [118.021, 0.80299, 0.0], [118.02989, 0.80002, 0.0], [118.02921, 0.78043, 0.0], [118.00803, 0.77513, 0.0], [117.99178, 0.77719, 0.0], [117.99193, 0.77276, 0.0], [117.99156, 0.77716, 0.0], [117.98193, 0.77768, 0.0], [117.97301, 0.77366, 0.0], [117.96204, 0.78351, 0.0], [117.95935, 0.79377, 0.0], [117.92377, 0.80601, 0.0], [117.92123, 0.82666, 0.0], [117.91435, 0.837, 0.0], [117.87447, 0.82455, 0.0], [117.87099, 0.81865, 0.0], [117.8746, 0.80704, 0.0], [117.85552, 0.81358, 0.0], [117.81363, 0.79846, 0.0], [117.75127, 0.75592, 0.0], [117.71134, 0.69725, 0.0], [117.71365, 0.64199, 0.0], [117.71041, 0.62745, 0.0], [117.67398, 0.61624, 0.0], [117.66737, 0.59416, 0.0], [117.67185, 0.58535, 0.0], [117.66778, 0.58815, 0.0], [117.66026, 0.583, 0.0], [117.6573, 0.57664, 0.0], [117.66014, 0.57651, 0.0], [117.66266, 0.57615, 0.0], [117.65908, 0.57633, 0.0], [117.65929, 0.57008, 0.0], [117.66282, 0.57133, 0.0], [117.64778, 0.55491, 0.0], [117.65167, 0.55238, 0.0], [117.64813, 0.55288, 0.0], [117.64418, 0.53537, 0.0], [117.63956, 0.53388, 0.0], [117.6458, 0.52879, 0.0], [117.63888, 0.53245, 0.0], [117.63155, 0.52376, 0.0], [117.62856, 0.50925, 0.0], [117.60471, 0.48678, 0.0], [117.60019, 0.47549, 0.0], [117.60562, 0.47265, 0.0], [117.60084, 0.47265, 0.0], [117.60059, 0.4673, 0.0], [117.61262, 0.43696, 0.0], [117.61045, 0.43, 0.0], [117.60242, 0.41675, 0.0], [117.58368, 0.4045, 0.0], [117.57185, 0.40484, 0.0], [117.57649, 0.41181, 0.0], [117.56636, 0.42303, 0.0], [117.55312, 0.42189, 0.0], [117.56483, 0.41838, 0.0], [117.55604, 0.40764, 0.0], [117.56465, 0.40492, 0.0], [117.56131, 0.39942, 0.0], [117.56697, 0.38413, 0.0], [117.56357, 0.38564, 0.0], [117.55286, 0.36186, 0.0], [117.55214, 0.33574, 0.0], [117.54388, 0.31934, 0.0], [117.53733, 0.3163, 0.0], [117.53267, 0.32386, 0.0], [117.5256, 0.32201, 0.0], [117.53043, 0.31632, 0.0], [117.52167, 0.32132, 0.0], [117.53356, 0.2866, 0.0], [117.51411, 0.27662, 0.0], [117.5222, 0.26396, 0.0], [117.51689, 0.26049, 0.0], [117.53014, 0.25794, 0.0], [117.51635, 0.24455, 0.0], [117.52664, 0.23649, 0.0], [117.52804, 0.22042, 0.0], [117.5204, 0.21216, 0.0], [117.50666, 0.21496, 0.0], [117.50576, 0.20652, 0.0], [117.49266, 0.19817, 0.0], [117.48853, 0.20177, 0.0], [117.46917, 0.19917, 0.0], [117.46778, 0.17577, 0.0], [117.44972, 0.16694, 0.0], [117.42826, 0.10587, 0.0], [117.40292, 0.09181, 0.0], [117.39736, 0.08087, 0.0], [117.38998, 0.06398, 0.0], [117.38833, 0.0225, 0.0], [117.37066, 0.02282, 0.0], [117.36695, 0.03122, 0.0], [117.34847, 0.02791, 0.0], [117.33619, 0.03866, 0.0], [117.33667, 0.051, 0.0], [117.33231, 0.04544, 0.0], [117.30808, 0.03935, 0.0], [117.30679, 0.03334, 0.0], [117.28899, 0.0373, 0.0], [117.2841, 0.03386, 0.0], [117.28262, 0.0395, 0.0], [117.27224, 0.03722, 0.0], [117.2592, 0.04328, 0.0], [117.26401, 0.04852, 0.0], [117.26129, 0.05278, 0.0], [117.24728, 0.05735, 0.0], [117.24179, 0.06601, 0.0], [117.24356, 0.07123, 0.0], [117.23093, 0.07496, 0.0], [117.23174, 0.0831, 0.0], [117.22516, 0.08588, 0.0], [117.2202, 0.07658, 0.0], [117.21006, 0.08282, 0.0], [117.20686, 0.09111, 0.0], [117.21182, 0.09512, 0.0], [117.2047, 0.11228, 0.0], [117.20825, 0.11439, 0.0], [117.20759, 0.11861, 0.0], [117.20384, 0.11784, 0.0], [117.17263, 0.15096, 0.0], [117.17483, 0.18279, 0.0], [117.18185, 0.2054, 0.0], [117.18242, 0.23233, 0.0], [117.17685, 0.25255, 0.0], [117.18196, 0.25662, 0.0], [117.17664, 0.27418, 0.0], [117.20012, 0.30271, 0.0], [117.19585, 0.30903, 0.0], [117.21565, 0.33941, 0.0], [117.21446, 0.34964, 0.0], [117.2087, 0.35383, 0.0], [117.1958, 0.35008, 0.0], [117.19298, 0.35374, 0.0], [117.18292, 0.34938, 0.0], [117.16276, 0.36582, 0.0], [117.14437, 0.37057, 0.0], [117.13623, 0.39477, 0.0], [117.11829, 0.40765, 0.0], [117.10667, 0.4382, 0.0], [117.07855, 0.44833, 0.0], [117.07423, 0.46482, 0.0], [117.05678, 0.47607, 0.0], [117.025, 0.54519, 0.0], [117.01828, 0.5427, 0.0], [117.00978, 0.55013, 0.0], [117.00938, 0.5623, 0.0], [117.00021, 0.56551, 0.0], [116.99311, 0.58331, 0.0], [116.98073, 0.57603, 0.0], [116.9696, 0.55656, 0.0], [116.96348, 0.55698, 0.0], [116.96489, 0.54087, 0.0], [116.95703, 0.54409, 0.0], [116.94028, 0.53985, 0.0], [116.94731, 0.52198, 0.0], [116.94038, 0.5033, 0.0], [116.94432, 0.48633, 0.0], [116.93791, 0.45999, 0.0], [116.94153, 0.44317, 0.0], [116.93622, 0.44156, 0.0], [116.93835, 0.43465, 0.0], [116.93104, 0.41866, 0.0], [116.91903, 0.41492, 0.0], [116.90403, 0.39004, 0.0], [116.8739, 0.38961, 0.0], [116.87659, 0.36614, 0.0], [116.86175, 0.32432, 0.0], [116.84776, 0.30015, 0.0], [116.85161, 0.27055, 0.0], [116.82639, 0.23594, 0.0], [116.80364, 0.22599, 0.0], [116.77664, 0.22725, 0.0], [116.65247, 0.18389, 0.0], [116.46922, 0.1839, 0.0], [116.45946, 0.236, 0.0], [116.45926, 0.28954, 0.0], [116.45947, 0.29502, 0.0], [116.47633, 0.295, 0.0], [116.4708, 0.30904, 0.0], [116.42473, 0.34567, 0.0], [116.40221, 0.35617, 0.0], [116.36156, 0.4133, 0.0], [116.33742, 0.43147, 0.0], [116.3343, 0.44908, 0.0], [116.32347, 0.45837, 0.0], [116.29813, 0.46024, 0.0], [116.28826, 0.46524, 0.0], [116.27962, 0.50405, 0.0], [116.28557, 0.51151, 0.0], [116.26232, 0.52906, 0.0], [116.26705, 0.53672, 0.0], [116.25991, 0.54195, 0.0], [116.2643, 0.55287, 0.0], [116.25585, 0.55255, 0.0], [116.25417, 0.56573, 0.0], [116.27388, 0.58377, 0.0], [116.24202, 0.63199, 0.0], [116.25052, 0.63973, 0.0], [116.23697, 0.65242, 0.0], [116.23766, 0.65988, 0.0], [116.22683, 0.68204, 0.0], [116.22438, 0.70978, 0.0], [116.20917, 0.7128, 0.0], [116.20034, 0.72051, 0.0], [116.18006, 0.7193, 0.0], [116.17976, 0.72537, 0.0], [116.17047, 0.73263, 0.0], [116.14239, 0.72249, 0.0], [116.13843, 0.73753, 0.0], [116.14704, 0.7499, 0.0], [116.12343, 0.75483, 0.0], [116.10049, 0.78171, 0.0], [116.08512, 0.78771, 0.0], [116.08675, 0.79995, 0.0], [116.07567, 0.80941, 0.0], [116.06636, 0.81085, 0.0], [116.05975, 0.8065, 0.0], [116.04759, 0.78712, 0.0], [116.03275, 0.77507, 0.0], [116.01497, 0.77764, 0.0], [116.01121, 0.77081, 0.0], [115.99387, 0.78027, 0.0], [115.99717, 0.78973, 0.0], [115.99111, 0.80328, 0.0], [115.9681, 0.82092, 0.0], [115.97212, 0.83493, 0.0], [115.99262, 0.8269, 0.0], [116.00484, 0.83476, 0.0], [116.01598, 0.83444, 0.0], [116.0217, 0.84517, 0.0], [116.03225, 0.8521, 0.0], [116.02664, 0.86922, 0.0], [116.03959, 0.87549, 0.0], [116.03944, 0.8878, 0.0], [116.06221, 0.89511, 0.0], [116.06811, 0.90183, 0.0], [116.06246, 0.91349, 0.0], [116.04707, 0.91959, 0.0], [116.04219, 0.95337, 0.0], [116.02902, 0.97139, 0.0], [116.04705, 0.99131, 0.0], [116.04039, 1.00684, 0.0], [116.06535, 1.01052, 0.0], [116.07431, 1.02432, 0.0], [116.05928, 1.05475, 0.0], [116.04973, 1.06126, 0.0], [116.05394, 1.07063, 0.0], [116.045, 1.08433, 0.0], [116.03906, 1.10446, 0.0], [116.04078, 1.11439, 0.0], [116.03182, 1.12836, 0.0], [116.03707, 1.1395, 0.0], [116.03016, 1.16858, 0.0], [116.03567, 1.17558, 0.0], [116.04905, 1.1795, 0.0], [116.0642, 1.17685, 0.0], [116.06245, 1.19665, 0.0], [116.08062, 1.21143, 0.0], [116.08341, 1.22757, 0.0], [116.09479, 1.24833, 0.0], [116.1107, 1.25752, 0.0], [116.11219, 1.27063, 0.0], [116.12993, 1.27484, 0.0], [116.12987, 1.28651, 0.0], [116.1479, 1.29522, 0.0], [116.15853, 1.36274, 0.0], [116.17166, 1.37158, 0.0], [116.17465, 1.38135, 0.0], [116.15752, 1.40176, 0.0], [116.14465, 1.40583, 0.0], [116.14098, 1.41381, 0.0], [116.14442, 1.43247, 0.0], [116.15435, 1.4505, 0.0], [116.14864, 1.47344, 0.0], [116.15284, 1.4897, 0.0], [116.14075, 1.47888, 0.0], [116.1312, 1.47812, 0.0], [116.1233, 1.48447, 0.0], [116.10148, 1.48976, 0.0], [116.09206, 1.4999, 0.0], [116.06659, 1.49998, 0.0], [116.06134, 1.50863, 0.0], [116.04558, 1.51151, 0.0], [116.0413, 1.51688, 0.0], [116.02057, 1.51602, 0.0], [116.0076, 1.52592, 0.0], [116.01497, 1.53649, 0.0], [116.0205, 1.53684, 0.0], [116.02764, 1.55138, 0.0], [116.04142, 1.55664, 0.0], [116.04559, 1.5795, 0.0], [116.03644, 1.6061, 0.0], [116.05435, 1.62919, 0.0], [116.06426, 1.63516, 0.0], [116.06865, 1.64846, 0.0], [116.10235, 1.66721, 0.0], [116.11501, 1.65454, 0.0], [116.13347, 1.66807, 0.0], [116.13083, 1.67859, 0.0], [116.14188, 1.68688, 0.0], [116.1496, 1.72686, 0.0], [116.16173, 1.74409, 0.0], [116.15699, 1.75087, 0.0], [116.15916, 1.76987, 0.0], [116.17019, 1.78244, 0.0], [116.16794, 1.79212, 0.0], [116.18273, 1.8266, 0.0], [116.18383, 1.84099, 0.0], [116.20639, 1.83719, 0.0], [116.24012, 1.8618, 0.0], [116.24868, 1.86168, 0.0], [116.2561, 1.85377, 0.0], [116.27612, 1.86183, 0.0], [116.28467, 1.85758, 0.0], [116.28877, 1.86626, 0.0], [116.29442, 1.86589, 0.0]]], [[[117.93596, 1.05808, 0.0], [117.95046, 1.05281, 0.0], [117.96338, 1.03362, 0.0], [117.97933, 1.0213, 0.0], [117.97483, 1.01493, 0.0], [117.98161, 1.00316, 0.0], [117.9792, 0.99471, 0.0], [117.98624, 0.98689, 0.0], [117.98491, 0.97781, 0.0], [117.97881, 0.97629, 0.0], [117.9674, 0.98674, 0.0], [117.96362, 1.00318, 0.0], [117.95317, 1.01239, 0.0], [117.94724, 1.02424, 0.0], [117.948, 1.03537, 0.0], [117.93858, 1.04248, 0.0], [117.93937, 1.05005, 0.0], [117.93455, 1.04894, 0.0], [117.93596, 1.05808, 0.0]]], [[[118.01102, 0.74506, 0.0], [118.01392, 0.74076, 0.0], [118.01644, 0.74438, 0.0], [118.02179, 0.7336, 0.0], [118.02115, 0.72129, 0.0], [118.0133, 0.71279, 0.0], [118.00318, 0.71798, 0.0], [117.99751, 0.73319, 0.0], [118.01102, 0.74506, 0.0]]], [[[118.00647, 0.9288, 0.0], [118.00963, 0.90367, 0.0], [118.00288, 0.90041, 0.0], [117.99241, 0.9319, 0.0], [117.99894, 0.93872, 0.0], [118.00647, 0.9288, 0.0]]], [[[117.90772, 1.08379, 0.0], [117.91905, 1.07772, 0.0], [117.92454, 1.07042, 0.0], [117.90469, 1.07221, 0.0], [117.90302, 1.08213, 0.0], [117.90635, 1.08229, 0.0], [117.90772, 1.08379, 0.0]]], [[[117.9976, 0.99172, 0.0], [118.00604, 0.98946, 0.0], [118.00324, 0.97312, 0.0], [118.00433, 0.9689, 0.0], [118.0077, 0.96453, 0.0], [118.00104, 0.96429, 0.0], [117.99778, 0.97203, 0.0], [118.00207, 0.98197, 0.0], [117.9976, 0.99172, 0.0]]], [[[117.89056, 1.09184, 0.0], [117.90101, 1.08282, 0.0], [117.90066, 1.07151, 0.0], [117.89437, 1.08388, 0.0], [117.88771, 1.08865, 0.0], [117.89056, 1.09184, 0.0]]], [[[118.01912, 0.8969, 0.0], [118.02578, 0.89094, 0.0], [118.02597, 0.88273, 0.0], [118.01777, 0.88903, 0.0], [118.01934, 0.89135, 0.0], [118.01971, 0.89321, 0.0], [118.0148, 0.89201, 0.0], [118.01912, 0.8969, 0.0]]], [[[117.90831, 1.10946, 0.0], [117.91987, 1.10097, 0.0], [117.92083, 1.09395, 0.0], [117.90831, 1.10946, 0.0]]], [[[117.90436, 1.09048, 0.0], [117.9107, 1.08532, 0.0], [117.90962, 1.08403, 0.0], [117.90743, 1.0841, 0.0], [117.90594, 1.08246, 0.0], [117.90269, 1.0826, 0.0], [117.89935, 1.08654, 0.0], [117.90436, 1.09048, 0.0]]], [[[117.93835, 1.04691, 0.0], [117.9378, 1.04167, 0.0], [117.94443, 1.03699, 0.0], [117.93303, 1.03943, 0.0], [117.93139, 1.04534, 0.0], [117.93835, 1.04691, 0.0]]], [[[118.04255, 0.78123, 0.0], [118.04567, 0.7777, 0.0], [118.04512, 0.77153, 0.0], [118.04008, 0.774, 0.0], [118.04255, 0.78123, 0.0]]], [[[117.8968, 1.09661, 0.0], [117.90223, 1.09109, 0.0], [117.89801, 1.08746, 0.0], [117.89339, 1.09383, 0.0], [117.8968, 1.09661, 0.0]]], [[[118.05342, 0.93402, 0.0], [118.04945, 0.93397, 0.0], [118.05501, 0.93765, 0.0], [118.05342, 0.93402, 0.0]]], [[[118.91346, 0.90243, 0.0], [118.92001, 0.90304, 0.0], [118.91461, 0.89847, 0.0], [118.91346, 0.90243, 0.0]]], [[[117.9344, 1.05471, 0.0], [117.9328, 1.04763, 0.0], [117.93095, 1.04679, 0.0], [117.93007, 1.05107, 0.0], [117.9344, 1.05471, 0.0]]], [[[118.47275, 0.69303, 0.0], [118.47209, 0.69643, 0.0], [118.47692, 0.69674, 0.0], [118.47706, 0.69534, 0.0], [118.47275, 0.69303, 0.0]]], [[[118.90506, 0.89144, 0.0], [118.90256, 0.88599, 0.0], [118.8997, 0.88677, 0.0], [118.90506, 0.89144, 0.0]]], [[[118.78181, 0.80124, 0.0], [118.78053, 0.80439, 0.0], [118.78209, 0.80646, 0.0], [118.7835, 0.8044, 0.0], [118.78181, 0.80124, 0.0]]], [[[117.96576, 1.03533, 0.0], [117.96396, 1.03393, 0.0], [117.96289, 1.03747, 0.0], [117.96576, 1.03533, 0.0]]], [[[117.8896, 1.09832, 0.0], [117.88715, 1.09761, 0.0], [117.88732, 1.10029, 0.0], [117.8896, 1.09832, 0.0]]], [[[118.92582, 0.91067, 0.0], [118.929, 0.90927, 0.0], [118.92617, 0.90814, 0.0], [118.92582, 0.91067, 0.0]]], [[[118.01338, 0.90649, 0.0], [118.01277, 0.90855, 0.0], [118.01509, 0.90778, 0.0], [118.01338, 0.90649, 0.0]]], [[[117.89494, 1.09918, 0.0], [117.89298, 1.09899, 0.0], [117.89446, 1.10097, 0.0], [117.89494, 1.09918, 0.0]]], [[[118.71669, 0.81786, 0.0], [118.71846, 0.81694, 0.0], [118.71643, 0.81529, 0.0], [118.71669, 0.81786, 0.0]]], [[[118.05236, 0.92313, 0.0], [118.05147, 0.92023, 0.0], [118.05029, 0.92012, 0.0], [118.05236, 0.92313, 0.0]]], [[[117.88702, 1.0997, 0.0], [117.88524, 1.09753, 0.0], [117.8863, 1.10086, 0.0], [117.88702, 1.0997, 0.0]]], [[[117.88838, 1.09628, 0.0], [117.8891, 1.09395, 0.0], [117.88719, 1.09547, 0.0], [117.88838, 1.09628, 0.0]]], [[[117.8923, 1.09736, 0.0], [117.89073, 1.09693, 0.0], [117.89115, 1.09792, 0.0], [117.8923, 1.09736, 0.0]]], [[[117.8913, 1.099, 0.0], [117.89291, 1.09823, 0.0], [117.89284, 1.09803, 0.0], [117.8913, 1.099, 0.0]]], [[[117.89182, 1.09409, 0.0], [117.89108, 1.09301, 0.0], [117.89102, 1.09431, 0.0], [117.89182, 1.09409, 0.0]]], [[[117.89102, 1.09352, 0.0], [117.89004, 1.09344, 0.0], [117.89079, 1.09426, 0.0], [117.89102, 1.09352, 0.0]]], [[[117.89256, 1.09525, 0.0], [117.89176, 1.09544, 0.0], [117.8926, 1.09564, 0.0], [117.89256, 1.09525, 0.0]]], [[[117.89106, 1.09951, 0.0], [117.89064, 1.09893, 0.0], [117.89061, 1.09967, 0.0], [117.89106, 1.09951, 0.0]]], [[[117.89015, 1.0956, 0.0], [117.88962, 1.09525, 0.0], [117.88976, 1.09599, 0.0], [117.89015, 1.0956, 0.0]]], [[[117.88675, 1.09728, 0.0], [117.88657, 1.0966, 0.0], [117.88627, 1.09697, 0.0], [117.88675, 1.09728, 0.0]]], [[[117.89218, 1.09665, 0.0], [117.89274, 1.09655, 0.0], [117.892, 1.09611, 0.0], [117.89218, 1.09665, 0.0]]], [[[117.88782, 1.09653, 0.0], [117.88734, 1.09673, 0.0], [117.88787, 1.09688, 0.0], [117.88782, 1.09653, 0.0]]], [[[117.89239, 1.09594, 0.0], [117.89291, 1.09623, 0.0], [117.89279, 1.09569, 0.0], [117.89239, 1.09594, 0.0]]], [[[117.88695, 1.09771, 0.0], [117.88641, 1.09755, 0.0], [117.88672, 1.09812, 0.0], [117.88695, 1.09771, 0.0]]], [[[117.99111, 0.93299, 0.0], [117.99081, 0.93287, 0.0], [117.99089, 0.93312, 0.0], [117.99111, 0.93299, 0.0]]], [[[117.88896, 1.09652, 0.0], [117.88955, 1.09623, 0.0], [117.88908, 1.09603, 0.0], [117.88896, 1.09652, 0.0]]], [[[117.89125, 1.09549, 0.0], [117.89133, 1.09505, 0.0], [117.89098, 1.09521, 0.0], [117.89125, 1.09549, 0.0]]], [[[117.89135, 1.0998, 0.0], [117.89181, 1.0998, 0.0], [117.89161, 1.09963, 0.0], [117.89135, 1.0998, 0.0]]], [[[117.89012, 1.09644, 0.0], [117.88986, 1.09631, 0.0], [117.88982, 1.09652, 0.0], [117.89012, 1.09644, 0.0]]], [[[117.89033, 1.09924, 0.0], [117.89002, 1.09914, 0.0], [117.89023, 1.09936, 0.0], [117.89033, 1.09924, 0.0]]], [[[117.89109, 1.09566, 0.0], [117.89088, 1.09559, 0.0], [117.89096, 1.0958, 0.0], [117.89109, 1.09566, 0.0]]], [[[117.89061, 1.09677, 0.0], [117.89049, 1.09671, 0.0], [117.89047, 1.09689, 0.0], [117.89061, 1.09677, 0.0]]], [[[117.88997, 1.09948, 0.0], [117.8898, 1.09951, 0.0], [117.88993, 1.09958, 0.0], [117.88997, 1.09948, 0.0]]], [[[117.8903, 1.09785, 0.0], [117.89027, 1.09771, 0.0], [117.89018, 1.09783, 0.0], [117.8903, 1.09785, 0.0]]]]}}, {"type": "Feature", "id": 6207, "properties": {"WADMKK": "Lamandau", "WADMPR": "Kalimantan Tengah", "LUASWH": 7632.39429497, "kode_wilayah": 6207, "nama_resmi": "Kabupaten Lamandau", "tipe": "Kabupaten", "provinsi": "Kalimantan Tengah", "pulau": "Kalimantan", "parlemen": 33.33, "pendapatan": 27.98, "pengeluaran": 12278.0, "ahh": 72.0, "profesional": 50.45, "tpak": 53.78, "rls": 8.82, "hls": 12.53, "skor_ekonomi": 27.96, "skor_keputusan": 62.5, "skor_kapasitas_sosial": 56.7, "ikpp_komposit": 47.52, "kuadran": "Kuadran II (Ekonomi Rendah, Keputusan Tinggi)", "lisa_cluster_keputusan": "Not Significant", "lisa_cluster_ekonomi": "Low-Low (Coldspot)", "pc1": 0.486, "pc2": -1.466, "lat": -3.414, "lon": 112.542}, "geometry": {"type": "Polygon", "coordinates": [[[111.44488, -1.24328, 0.0], [111.45245, -1.25974, 0.0], [111.46323, -1.25292, 0.0], [111.48779, -1.25887, 0.0], [111.50404, -1.25355, 0.0], [111.51608, -1.26968, 0.0], [111.5442, -1.28572, 0.0], [111.54687, -1.29704, 0.0], [111.56059, -1.31105, 0.0], [111.56934, -1.31743, 0.0], [111.57719, -1.31396, 0.0], [111.57785, -1.32236, 0.0], [111.56872, -1.33432, 0.0], [111.58961, -1.34748, 0.0], [111.59676, -1.3644, 0.0], [111.60913, -1.37774, 0.0], [111.61029, -1.39224, 0.0], [111.63871, -1.40121, 0.0], [111.64483, -1.41933, 0.0], [111.67785, -1.42099, 0.0], [111.69228, -1.44559, 0.0], [111.73288, -1.46542, 0.0], [111.75, -1.48316, 0.0], [111.761, -1.51997, 0.0], [111.76693, -1.52244, 0.0], [111.77547, -1.54441, 0.0], [111.79785, -1.55127, 0.0], [111.80498, -1.56166, 0.0], [111.80908, -1.58457, 0.0], [111.81767, -1.60144, 0.0], [111.80662, -1.62234, 0.0], [111.79236, -1.62566, 0.0], [111.78695, -1.64077, 0.0], [111.78835, -1.65439, 0.0], [111.8053, -1.68361, 0.0], [111.81602, -1.68209, 0.0], [111.83881, -1.69668, 0.0], [111.84606, -1.72813, 0.0], [111.84368, -1.75257, 0.0], [111.83185, -1.75908, 0.0], [111.83209, -1.77612, 0.0], [111.82063, -1.77856, 0.0], [111.82173, -1.79252, 0.0], [111.81137, -1.81304, 0.0], [111.81949, -1.81518, 0.0], [111.81815, -1.8211, 0.0], [111.82721, -1.82294, 0.0], [111.82342, -1.8427, 0.0], [111.83541, -1.84422, 0.0], [111.81663, -1.88091, 0.0], [111.82966, -1.8801, 0.0], [111.82682, -1.90072, 0.0], [111.83493, -1.90357, 0.0], [111.83433, -1.91523, 0.0], [111.8099, -1.9271, 0.0], [111.81051, -1.94018, 0.0], [111.82438, -1.95673, 0.0], [111.81965, -1.96005, 0.0], [111.82425, -1.98811, 0.0], [111.81855, -1.9949, 0.0], [111.82245, -1.99943, 0.0], [111.80372, -2.00301, 0.0], [111.77651, -2.03316, 0.0], [111.77636, -2.0661, 0.0], [111.77036, -2.07222, 0.0], [111.75773, -2.07132, 0.0], [111.73924, -2.07981, 0.0], [111.74516, -2.12183, 0.0], [111.7231, -2.11363, 0.0], [111.68056, -2.12149, 0.0], [111.67506, -2.13565, 0.0], [111.6615, -2.13651, 0.0], [111.64938, -2.15025, 0.0], [111.6603, -2.18058, 0.0], [111.63767, -2.18671, 0.0], [111.62412, -2.19647, 0.0], [111.61224, -2.19153, 0.0], [111.60268, -2.20205, 0.0], [111.59426, -2.22374, 0.0], [111.60899, -2.22464, 0.0], [111.60516, -2.2435, 0.0], [111.59665, -2.24698, 0.0], [111.5973, -2.29536, 0.0], [111.58528, -2.2955, 0.0], [111.58486, -2.30714, 0.0], [111.54007, -2.30442, 0.0], [111.46043, -2.3144, 0.0], [111.44002, -2.30614, 0.0], [111.41901, -2.30621, 0.0], [111.41895, -2.28986, 0.0], [111.39754, -2.28964, 0.0], [111.37927, -2.28277, 0.0], [111.36436, -2.27319, 0.0], [111.36449, -2.22776, 0.0], [111.35916, -2.22284, 0.0], [111.35766, -2.20974, 0.0], [111.35903, -2.20064, 0.0], [111.36694, -2.19216, 0.0], [111.35496, -2.16418, 0.0], [111.35525, -2.15231, 0.0], [111.29396, -2.14937, 0.0], [111.26551, -2.14078, 0.0], [111.2536, -2.12601, 0.0], [111.24121, -2.12455, 0.0], [111.24091, -2.06435, 0.0], [111.20455, -2.06425, 0.0], [111.19393, -2.05599, 0.0], [111.20524, -2.03763, 0.0], [111.17156, -2.03575, 0.0], [111.15607, -2.02838, 0.0], [111.15689, -2.01565, 0.0], [111.14086, -2.02322, 0.0], [111.12353, -2.02033, 0.0], [111.11031, -2.02493, 0.0], [111.09354, -2.03289, 0.0], [111.08711, -2.04099, 0.0], [111.08787, -2.02631, 0.0], [111.08359, -2.0251, 0.0], [111.07886, -2.00944, 0.0], [111.10145, -1.98862, 0.0], [111.09817, -1.9806, 0.0], [111.08919, -1.9821, 0.0], [111.09346, -1.97392, 0.0], [111.08636, -1.96536, 0.0], [111.05871, -1.96292, 0.0], [111.05504, -1.95717, 0.0], [111.01066, -1.96974, 0.0], [111.00388, -1.96274, 0.0], [110.99997, -1.94736, 0.0], [110.98851, -1.95481, 0.0], [110.98509, -1.94744, 0.0], [110.98772, -1.94037, 0.0], [110.96472, -1.90981, 0.0], [110.96413, -1.89477, 0.0], [110.96039, -1.88931, 0.0], [110.95043, -1.88795, 0.0], [110.94987, -1.85241, 0.0], [110.95338, -1.84405, 0.0], [110.97143, -1.83719, 0.0], [110.97783, -1.8285, 0.0], [110.97198, -1.823, 0.0], [110.97333, -1.81688, 0.0], [110.96911, -1.81615, 0.0], [110.97096, -1.81099, 0.0], [110.99198, -1.79848, 0.0], [110.9951, -1.78792, 0.0], [111.01407, -1.78182, 0.0], [111.0135, -1.77044, 0.0], [111.02102, -1.76098, 0.0], [111.02087, -1.75392, 0.0], [111.02629, -1.75224, 0.0], [111.02058, -1.73001, 0.0], [111.0258, -1.71986, 0.0], [111.01484, -1.70976, 0.0], [111.01014, -1.71571, 0.0], [111.00119, -1.70641, 0.0], [110.99436, -1.70695, 0.0], [110.98446, -1.68912, 0.0], [110.99758, -1.68369, 0.0], [110.99318, -1.68057, 0.0], [110.99383, -1.66705, 0.0], [110.99994, -1.65731, 0.0], [110.99431, -1.65009, 0.0], [110.97822, -1.64853, 0.0], [110.96722, -1.65792, 0.0], [110.95467, -1.6508, 0.0], [110.93995, -1.6573, 0.0], [110.92295, -1.68935, 0.0], [110.91697, -1.69304, 0.0], [110.90313, -1.68745, 0.0], [110.90441, -1.67642, 0.0], [110.89289, -1.65682, 0.0], [110.87334, -1.6655, 0.0], [110.87676, -1.66115, 0.0], [110.86909, -1.6511, 0.0], [110.87085, -1.63612, 0.0], [110.86314, -1.62868, 0.0], [110.87919, -1.6139, 0.0], [110.88701, -1.59864, 0.0], [110.89664, -1.60431, 0.0], [110.90378, -1.60165, 0.0], [110.91808, -1.57527, 0.0], [110.92661, -1.57146, 0.0], [110.93504, -1.55731, 0.0], [110.95264, -1.54919, 0.0], [110.96251, -1.55577, 0.0], [110.9697, -1.55202, 0.0], [110.96619, -1.54424, 0.0], [110.9958, -1.51337, 0.0], [111.00108, -1.51406, 0.0], [111.00631, -1.50363, 0.0], [111.02488, -1.50483, 0.0], [111.02285, -1.51373, 0.0], [111.03494, -1.52881, 0.0], [111.04978, -1.51651, 0.0], [111.06495, -1.52181, 0.0], [111.06738, -1.52759, 0.0], [111.07965, -1.52504, 0.0], [111.08664, -1.50458, 0.0], [111.08381, -1.50188, 0.0], [111.09595, -1.49844, 0.0], [111.09871, -1.48698, 0.0], [111.1158, -1.49092, 0.0], [111.11958, -1.48683, 0.0], [111.11925, -1.47185, 0.0], [111.11426, -1.47391, 0.0], [111.11107, -1.46577, 0.0], [111.12263, -1.45882, 0.0], [111.12382, -1.45059, 0.0], [111.13278, -1.4513, 0.0], [111.13394, -1.44289, 0.0], [111.1384, -1.44474, 0.0], [111.15605, -1.43182, 0.0], [111.17614, -1.44474, 0.0], [111.18224, -1.45813, 0.0], [111.18073, -1.47677, 0.0], [111.20001, -1.47487, 0.0], [111.20278, -1.45537, 0.0], [111.19846, -1.44982, 0.0], [111.20377, -1.4428, 0.0], [111.22539, -1.43935, 0.0], [111.22756, -1.43533, 0.0], [111.23046, -1.43885, 0.0], [111.24596, -1.43476, 0.0], [111.25422, -1.43813, 0.0], [111.26014, -1.42987, 0.0], [111.26178, -1.41385, 0.0], [111.28211, -1.40015, 0.0], [111.28411, -1.38349, 0.0], [111.29239, -1.38151, 0.0], [111.30573, -1.38945, 0.0], [111.31102, -1.37349, 0.0], [111.3267, -1.36712, 0.0], [111.32736, -1.35504, 0.0], [111.33303, -1.34885, 0.0], [111.33188, -1.33371, 0.0], [111.34364, -1.31701, 0.0], [111.36477, -1.30957, 0.0], [111.37155, -1.29033, 0.0], [111.38386, -1.29636, 0.0], [111.3804, -1.28308, 0.0], [111.38701, -1.2735, 0.0], [111.39082, -1.25286, 0.0], [111.40225, -1.25253, 0.0], [111.4001, -1.2629, 0.0], [111.40674, -1.26586, 0.0], [111.41334, -1.25945, 0.0], [111.42351, -1.26739, 0.0], [111.42821, -1.25264, 0.0], [111.44488, -1.24328, 0.0]]]}}, {"type": "Feature", "id": 6103, "properties": {"WADMKK": "Landak", "WADMPR": "Kalimantan Barat", "LUASWH": 8430.71056033, "kode_wilayah": 6103, "nama_resmi": "Kabupaten Landak", "tipe": "Kabupaten", "provinsi": "Kalimantan Barat", "pulau": "Kalimantan", "parlemen": 20.0, "pendapatan": 36.14, "pengeluaran": 8868.0, "ahh": 76.46, "profesional": 45.29, "tpak": 56.55, "rls": 7.46, "hls": 12.54, "skor_ekonomi": 37.47, "skor_keputusan": 46.93, "skor_kapasitas_sosial": 56.29, "ikpp_komposit": 45.02, "kuadran": "Kuadran IV (Ekonomi Tinggi, Keputusan Rendah)", "lisa_cluster_keputusan": "Not Significant", "lisa_cluster_ekonomi": "Not Significant", "pc1": -0.692, "pc2": -0.142, "lat": 0.123, "lon": 110.596}, "geometry": {"type": "Polygon", "coordinates": [[[110.07695, 1.03694, 0.0], [110.08703, 1.02867, 0.0], [110.08877, 1.01836, 0.0], [110.10699, 1.01603, 0.0], [110.1127, 1.00762, 0.0], [110.11918, 1.01253, 0.0], [110.12403, 1.00954, 0.0], [110.13452, 1.02059, 0.0], [110.13144, 1.0152, 0.0], [110.13525, 1.00542, 0.0], [110.18449, 1.00247, 0.0], [110.22395, 0.98105, 0.0], [110.21648, 0.97272, 0.0], [110.22489, 0.96146, 0.0], [110.21676, 0.95551, 0.0], [110.21709, 0.91824, 0.0], [110.26026, 0.86591, 0.0], [110.25818, 0.85841, 0.0], [110.24242, 0.84871, 0.0], [110.21387, 0.84235, 0.0], [110.20504, 0.84786, 0.0], [110.18427, 0.8361, 0.0], [110.18103, 0.82824, 0.0], [110.17897, 0.80534, 0.0], [110.19364, 0.76457, 0.0], [110.20671, 0.74679, 0.0], [110.21619, 0.74029, 0.0], [110.22492, 0.74105, 0.0], [110.23963, 0.72675, 0.0], [110.24007, 0.70798, 0.0], [110.24553, 0.69903, 0.0], [110.24154, 0.69055, 0.0], [110.24505, 0.67438, 0.0], [110.22825, 0.66092, 0.0], [110.23614, 0.65004, 0.0], [110.21835, 0.62483, 0.0], [110.22289, 0.61568, 0.0], [110.21989, 0.60221, 0.0], [110.22136, 0.59476, 0.0], [110.22764, 0.59298, 0.0], [110.2304, 0.57624, 0.0], [110.2492, 0.57542, 0.0], [110.24376, 0.56492, 0.0], [110.25456, 0.55081, 0.0], [110.23504, 0.53954, 0.0], [110.2308, 0.53243, 0.0], [110.21605, 0.53719, 0.0], [110.19933, 0.52594, 0.0], [110.20498, 0.50362, 0.0], [110.19912, 0.48568, 0.0], [110.18358, 0.48787, 0.0], [110.17543, 0.47989, 0.0], [110.18071, 0.47109, 0.0], [110.16387, 0.45759, 0.0], [110.16516, 0.4461, 0.0], [110.17501, 0.44777, 0.0], [110.1814, 0.44254, 0.0], [110.18258, 0.42767, 0.0], [110.20624, 0.42465, 0.0], [110.21034, 0.41048, 0.0], [110.20095, 0.40944, 0.0], [110.19446, 0.41454, 0.0], [110.18907, 0.38043, 0.0], [110.18049, 0.38218, 0.0], [110.17428, 0.37491, 0.0], [110.15934, 0.37863, 0.0], [110.16174, 0.34997, 0.0], [110.15331, 0.34389, 0.0], [110.14872, 0.32327, 0.0], [110.13578, 0.3223, 0.0], [110.13877, 0.30637, 0.0], [110.13327, 0.30247, 0.0], [110.1348, 0.29197, 0.0], [110.14089, 0.28735, 0.0], [110.13994, 0.27819, 0.0], [110.15025, 0.27338, 0.0], [110.12584, 0.24655, 0.0], [110.11933, 0.24994, 0.0], [110.11685, 0.23596, 0.0], [110.12187, 0.22775, 0.0], [110.1171, 0.20724, 0.0], [110.09765, 0.21888, 0.0], [110.08648, 0.20988, 0.0], [110.08447, 0.21694, 0.0], [110.07121, 0.22235, 0.0], [110.057, 0.21026, 0.0], [110.04934, 0.21111, 0.0], [110.02861, 0.17373, 0.0], [110.02492, 0.1404, 0.0], [110.00708, 0.14747, 0.0], [109.99776, 0.14452, 0.0], [109.9889, 0.13107, 0.0], [109.98138, 0.13114, 0.0], [109.97534, 0.12267, 0.0], [109.96284, 0.11866, 0.0], [109.95822, 0.1075, 0.0], [109.9365, 0.11417, 0.0], [109.91973, 0.10603, 0.0], [109.9077, 0.09321, 0.0], [109.90964, 0.08409, 0.0], [109.89044, 0.08733, 0.0], [109.87641, 0.07703, 0.0], [109.84936, 0.08597, 0.0], [109.83337, 0.08655, 0.0], [109.82576, 0.08093, 0.0], [109.81567, 0.08938, 0.0], [109.80159, 0.08759, 0.0], [109.79765, 0.07866, 0.0], [109.78597, 0.08754, 0.0], [109.77262, 0.07689, 0.0], [109.76472, 0.07776, 0.0], [109.75016, 0.09272, 0.0], [109.74821, 0.08445, 0.0], [109.7308, 0.07623, 0.0], [109.70641, 0.0896, 0.0], [109.70481, 0.09809, 0.0], [109.6998, 0.09838, 0.0], [109.70192, 0.0886, 0.0], [109.69481, 0.08967, 0.0], [109.68985, 0.08307, 0.0], [109.69558, 0.0631, 0.0], [109.67652, 0.06672, 0.0], [109.67285, 0.05605, 0.0], [109.67132, 0.07135, 0.0], [109.66655, 0.0604, 0.0], [109.65916, 0.06486, 0.0], [109.66736, 0.0554, 0.0], [109.65584, 0.05633, 0.0], [109.65625, 0.04907, 0.0], [109.66465, 0.04374, 0.0], [109.66241, 0.04019, 0.0], [109.64896, 0.05007, 0.0], [109.65612, 0.03543, 0.0], [109.64224, 0.03967, 0.0], [109.645, 0.05103, 0.0], [109.63361, 0.04936, 0.0], [109.62866, 0.04503, 0.0], [109.6351, 0.04118, 0.0], [109.63523, 0.03253, 0.0], [109.62809, 0.03635, 0.0], [109.62712, 0.02506, 0.0], [109.62025, 0.02313, 0.0], [109.61508, 0.02668, 0.0], [109.61452, 0.03503, 0.0], [109.61317, 0.01873, 0.0], [109.60443, 0.03505, 0.0], [109.59379, 0.02363, 0.0], [109.59236, 0.03872, 0.0], [109.58696, 0.03971, 0.0], [109.5822, 0.0341, 0.0], [109.57266, 0.03753, 0.0], [109.56843, 0.03108, 0.0], [109.57718, 0.0277, 0.0], [109.57917, 0.02146, 0.0], [109.58522, 0.02672, 0.0], [109.58916, 0.02107, 0.0], [109.58752, 0.00854, 0.0], [109.58037, 0.01381, 0.0], [109.57105, 0.00738, 0.0], [109.58114, -0.005, 0.0], [109.5686, -0.00375, 0.0], [109.56395, -0.01434, 0.0], [109.55924, -0.00526, 0.0], [109.56483, 0.00071, 0.0], [109.54533, -0.00032, 0.0], [109.55034, -0.01131, 0.0], [109.53209, -0.01837, 0.0], [109.52605, -0.02592, 0.0], [109.51464, -0.02539, 0.0], [109.50492, -0.03236, 0.0], [109.50329, -0.02497, 0.0], [109.51277, -0.00947, 0.0], [109.5083, 0.00963, 0.0], [109.52159, 0.03763, 0.0], [109.50075, 0.06828, 0.0], [109.50037, 0.08597, 0.0], [109.49541, 0.08976, 0.0], [109.5034, 0.09231, 0.0], [109.5008, 0.09786, 0.0], [109.51143, 0.11724, 0.0], [109.50681, 0.13514, 0.0], [109.50136, 0.13798, 0.0], [109.50771, 0.13865, 0.0], [109.5071, 0.14489, 0.0], [109.49994, 0.14535, 0.0], [109.49514, 0.16396, 0.0], [109.49204, 0.16156, 0.0], [109.4879, 0.1661, 0.0], [109.49301, 0.20076, 0.0], [109.48845, 0.2151, 0.0], [109.45975, 0.21997, 0.0], [109.45903, 0.2289, 0.0], [109.43606, 0.22978, 0.0], [109.43257, 0.22282, 0.0], [109.42534, 0.22167, 0.0], [109.42632, 0.21664, 0.0], [109.37913, 0.21154, 0.0], [109.3788, 0.20437, 0.0], [109.36783, 0.19667, 0.0], [109.32029, 0.24642, 0.0], [109.3101, 0.23956, 0.0], [109.29516, 0.23903, 0.0], [109.29201, 0.24962, 0.0], [109.28367, 0.23708, 0.0], [109.26227, 0.23916, 0.0], [109.253, 0.22837, 0.0], [109.24554, 0.2303, 0.0], [109.2493, 0.24169, 0.0], [109.24367, 0.24593, 0.0], [109.17934, 0.24654, 0.0], [109.17194, 0.27313, 0.0], [109.17782, 0.28443, 0.0], [109.20414, 0.30686, 0.0], [109.20897, 0.31613, 0.0], [109.20707, 0.32269, 0.0], [109.22517, 0.32951, 0.0], [109.24114, 0.3262, 0.0], [109.26221, 0.33488, 0.0], [109.27098, 0.33318, 0.0], [109.31063, 0.36011, 0.0], [109.3222, 0.37616, 0.0], [109.31105, 0.37699, 0.0], [109.30304, 0.38726, 0.0], [109.30113, 0.4156, 0.0], [109.27375, 0.43891, 0.0], [109.27105, 0.45562, 0.0], [109.2477, 0.45323, 0.0], [109.23814, 0.47382, 0.0], [109.22334, 0.47004, 0.0], [109.22702, 0.46536, 0.0], [109.22046, 0.4617, 0.0], [109.21161, 0.46089, 0.0], [109.20833, 0.46541, 0.0], [109.20525, 0.49866, 0.0], [109.21385, 0.50684, 0.0], [109.22357, 0.50803, 0.0], [109.22166, 0.51645, 0.0], [109.23181, 0.51822, 0.0], [109.23483, 0.53901, 0.0], [109.23895, 0.54082, 0.0], [109.23458, 0.55545, 0.0], [109.25277, 0.57673, 0.0], [109.25993, 0.61066, 0.0], [109.27588, 0.61721, 0.0], [109.2746, 0.62457, 0.0], [109.28368, 0.62537, 0.0], [109.27577, 0.6437, 0.0], [109.25718, 0.65031, 0.0], [109.25736, 0.65995, 0.0], [109.2505, 0.66774, 0.0], [109.20374, 0.66661, 0.0], [109.19559, 0.67085, 0.0], [109.18761, 0.66505, 0.0], [109.17401, 0.66408, 0.0], [109.15161, 0.68181, 0.0], [109.16184, 0.68378, 0.0], [109.1726, 0.70098, 0.0], [109.18104, 0.70511, 0.0], [109.19953, 0.70252, 0.0], [109.20608, 0.70795, 0.0], [109.21981, 0.70239, 0.0], [109.21655, 0.71193, 0.0], [109.22517, 0.71953, 0.0], [109.23606, 0.71943, 0.0], [109.25462, 0.72843, 0.0], [109.26007, 0.74048, 0.0], [109.25777, 0.74905, 0.0], [109.26254, 0.75304, 0.0], [109.27799, 0.74126, 0.0], [109.27089, 0.73713, 0.0], [109.2698, 0.72367, 0.0], [109.27371, 0.72031, 0.0], [109.28258, 0.72276, 0.0], [109.28746, 0.73028, 0.0], [109.31537, 0.72662, 0.0], [109.32744, 0.74411, 0.0], [109.3244, 0.75752, 0.0], [109.34918, 0.77631, 0.0], [109.36351, 0.77323, 0.0], [109.36936, 0.75629, 0.0], [109.37752, 0.7611, 0.0], [109.38164, 0.75479, 0.0], [109.39085, 0.75378, 0.0], [109.4037, 0.7379, 0.0], [109.41196, 0.73592, 0.0], [109.42134, 0.74148, 0.0], [109.42816, 0.76183, 0.0], [109.44208, 0.76252, 0.0], [109.44449, 0.75724, 0.0], [109.45922, 0.75648, 0.0], [109.47178, 0.76264, 0.0], [109.47695, 0.77081, 0.0], [109.4889, 0.73336, 0.0], [109.52333, 0.71643, 0.0], [109.5206, 0.70484, 0.0], [109.54205, 0.70492, 0.0], [109.54846, 0.7155, 0.0], [109.55506, 0.71082, 0.0], [109.56633, 0.71203, 0.0], [109.57106, 0.72081, 0.0], [109.58954, 0.72664, 0.0], [109.59874, 0.73502, 0.0], [109.61019, 0.73409, 0.0], [109.61421, 0.73963, 0.0], [109.62208, 0.73449, 0.0], [109.62638, 0.74429, 0.0], [109.66062, 0.75312, 0.0], [109.66156, 0.7684, 0.0], [109.67065, 0.77228, 0.0], [109.66459, 0.77749, 0.0], [109.67336, 0.79415, 0.0], [109.67166, 0.80545, 0.0], [109.68421, 0.81558, 0.0], [109.68406, 0.841, 0.0], [109.69256, 0.84758, 0.0], [109.70711, 0.83837, 0.0], [109.71862, 0.84169, 0.0], [109.73824, 0.83754, 0.0], [109.74453, 0.84306, 0.0], [109.76922, 0.83203, 0.0], [109.77224, 0.85028, 0.0], [109.78029, 0.84581, 0.0], [109.79328, 0.85514, 0.0], [109.82112, 0.86068, 0.0], [109.82469, 0.857, 0.0], [109.85513, 0.85739, 0.0], [109.85821, 0.86545, 0.0], [109.86717, 0.867, 0.0], [109.87106, 0.89415, 0.0], [109.8999, 0.90584, 0.0], [109.90282, 0.92608, 0.0], [109.91123, 0.9279, 0.0], [109.91205, 0.93355, 0.0], [109.93183, 0.94913, 0.0], [109.92975, 0.96129, 0.0], [109.93458, 0.97342, 0.0], [109.92443, 0.9893, 0.0], [109.93043, 0.99327, 0.0], [109.92746, 0.99742, 0.0], [109.93303, 1.00218, 0.0], [109.93537, 1.0264, 0.0], [109.94222, 1.03144, 0.0], [109.95197, 1.02786, 0.0], [109.97248, 1.03121, 0.0], [109.99533, 1.02543, 0.0], [110.04916, 1.03783, 0.0], [110.07695, 1.03694, 0.0]]]}}, {"type": "Feature", "id": 6411, "properties": {"WADMKK": "Mahakam Ulu", "WADMPR": "Kalimantan Timur", "LUASWH": 18492.238171, "kode_wilayah": 6411, "nama_resmi": "Kabupaten Mahakam Hulu", "tipe": "Kabupaten", "provinsi": "Kalimantan Timur", "pulau": "Kalimantan", "parlemen": 40.0, "pendapatan": 28.39, "pengeluaran": 10197.0, "ahh": 74.79, "profesional": 46.54, "tpak": 52.14, "rls": 9.35, "hls": 13.21, "skor_ekonomi": 27.33, "skor_keputusan": 65.95, "skor_kapasitas_sosial": 60.83, "ikpp_komposit": 49.48, "kuadran": "Kuadran II (Ekonomi Rendah, Keputusan Tinggi)", "lisa_cluster_keputusan": "High-High (Hotspot)", "lisa_cluster_ekonomi": "Not Significant", "pc1": 0.937, "pc2": -1.429, "lat": 0.506, "lon": 115.271}, "geometry": {"type": "Polygon", "coordinates": [[[114.40957, 1.52076, 0.0], [114.4143, 1.51145, 0.0], [114.46263, 1.48513, 0.0], [114.47254, 1.47515, 0.0], [114.51198, 1.46206, 0.0], [114.52601, 1.44285, 0.0], [114.56321, 1.43315, 0.0], [114.56581, 1.42338, 0.0], [114.57697, 1.41209, 0.0], [114.57181, 1.38919, 0.0], [114.59531, 1.39427, 0.0], [114.60954, 1.38955, 0.0], [114.61371, 1.38052, 0.0], [114.60886, 1.37532, 0.0], [114.61491, 1.3719, 0.0], [114.6168, 1.36324, 0.0], [114.62501, 1.36422, 0.0], [114.6494, 1.35461, 0.0], [114.65779, 1.35939, 0.0], [114.67008, 1.3519, 0.0], [114.69011, 1.35989, 0.0], [114.70418, 1.35146, 0.0], [114.69932, 1.34136, 0.0], [114.70297, 1.33594, 0.0], [114.71249, 1.33536, 0.0], [114.72248, 1.31333, 0.0], [114.74089, 1.318, 0.0], [114.74071, 1.32494, 0.0], [114.74532, 1.32747, 0.0], [114.75977, 1.32605, 0.0], [114.76477, 1.34515, 0.0], [114.79624, 1.36736, 0.0], [114.79485, 1.3762, 0.0], [114.80222, 1.38249, 0.0], [114.83595, 1.39466, 0.0], [114.84242, 1.40239, 0.0], [114.86718, 1.40388, 0.0], [114.87968, 1.41844, 0.0], [114.90182, 1.41901, 0.0], [114.90752, 1.41758, 0.0], [114.90857, 1.40345, 0.0], [114.93059, 1.4017, 0.0], [114.95393, 1.37317, 0.0], [114.97308, 1.36677, 0.0], [114.98817, 1.35368, 0.0], [115.01701, 1.34793, 0.0], [115.01704, 1.33825, 0.0], [115.02186, 1.33513, 0.0], [115.03016, 1.30941, 0.0], [115.04613, 1.29264, 0.0], [115.0477, 1.27897, 0.0], [115.04241, 1.27443, 0.0], [115.04519, 1.26745, 0.0], [115.07811, 1.26854, 0.0], [115.09792, 1.24985, 0.0], [115.0937, 1.21196, 0.0], [115.0992, 1.19918, 0.0], [115.11662, 1.19239, 0.0], [115.11446, 1.18111, 0.0], [115.13037, 1.18873, 0.0], [115.14531, 1.187, 0.0], [115.18202, 1.19675, 0.0], [115.21034, 1.17688, 0.0], [115.23242, 1.17278, 0.0], [115.24679, 1.18138, 0.0], [115.27355, 1.16075, 0.0], [115.28035, 1.13447, 0.0], [115.30221, 1.13411, 0.0], [115.31494, 1.12526, 0.0], [115.33458, 1.12696, 0.0], [115.36764, 1.11406, 0.0], [115.38079, 1.11799, 0.0], [115.38451, 1.13035, 0.0], [115.3985, 1.13881, 0.0], [115.40062, 1.14637, 0.0], [115.4181, 1.15166, 0.0], [115.42082, 1.13973, 0.0], [115.41046, 1.13789, 0.0], [115.41115, 1.12872, 0.0], [115.40097, 1.1097, 0.0], [115.37788, 1.10053, 0.0], [115.36733, 1.06677, 0.0], [115.34415, 1.06346, 0.0], [115.33793, 1.05764, 0.0], [115.32931, 1.06071, 0.0], [115.32377, 1.05397, 0.0], [115.3, 1.06045, 0.0], [115.28332, 1.03877, 0.0], [115.25398, 1.02273, 0.0], [115.25572, 1.01081, 0.0], [115.2497, 0.99894, 0.0], [115.25538, 0.99102, 0.0], [115.24635, 0.98648, 0.0], [115.24441, 0.97049, 0.0], [115.23215, 0.9619, 0.0], [115.24165, 0.95255, 0.0], [115.26128, 0.94499, 0.0], [115.26194, 0.9317, 0.0], [115.26954, 0.92896, 0.0], [115.26724, 0.91513, 0.0], [115.27833, 0.90609, 0.0], [115.2976, 0.90389, 0.0], [115.30821, 0.89465, 0.0], [115.29192, 0.87722, 0.0], [115.29097, 0.85958, 0.0], [115.27842, 0.83931, 0.0], [115.28404, 0.80981, 0.0], [115.30941, 0.81734, 0.0], [115.31941, 0.82829, 0.0], [115.32708, 0.81889, 0.0], [115.34424, 0.81329, 0.0], [115.3522, 0.81197, 0.0], [115.35497, 0.8171, 0.0], [115.38242, 0.80889, 0.0], [115.37574, 0.79511, 0.0], [115.38935, 0.78393, 0.0], [115.39217, 0.77062, 0.0], [115.39666, 0.78186, 0.0], [115.40496, 0.78389, 0.0], [115.42983, 0.77433, 0.0], [115.44825, 0.77782, 0.0], [115.47037, 0.76645, 0.0], [115.49205, 0.76556, 0.0], [115.50229, 0.75357, 0.0], [115.51883, 0.74779, 0.0], [115.52915, 0.72912, 0.0], [115.54701, 0.72062, 0.0], [115.55317, 0.70366, 0.0], [115.56467, 0.70066, 0.0], [115.57027, 0.69286, 0.0], [115.57272, 0.68582, 0.0], [115.5692, 0.68152, 0.0], [115.58537, 0.64648, 0.0], [115.59019, 0.64231, 0.0], [115.59492, 0.64506, 0.0], [115.59501, 0.63557, 0.0], [115.6078, 0.63438, 0.0], [115.62949, 0.61532, 0.0], [115.63689, 0.6246, 0.0], [115.65202, 0.62057, 0.0], [115.64718, 0.60526, 0.0], [115.65766, 0.60083, 0.0], [115.65786, 0.59119, 0.0], [115.67346, 0.58064, 0.0], [115.66379, 0.56761, 0.0], [115.6409, 0.56348, 0.0], [115.64769, 0.54032, 0.0], [115.68622, 0.53829, 0.0], [115.70091, 0.54352, 0.0], [115.71049, 0.51746, 0.0], [115.72354, 0.51224, 0.0], [115.73465, 0.51949, 0.0], [115.74163, 0.49309, 0.0], [115.75439, 0.48482, 0.0], [115.74655, 0.44694, 0.0], [115.75638, 0.43352, 0.0], [115.75855, 0.41827, 0.0], [115.769, 0.41124, 0.0], [115.76832, 0.40492, 0.0], [115.73762, 0.3982, 0.0], [115.73476, 0.38816, 0.0], [115.7261, 0.39102, 0.0], [115.72409, 0.38618, 0.0], [115.71479, 0.38406, 0.0], [115.70874, 0.37237, 0.0], [115.69585, 0.36951, 0.0], [115.68452, 0.35936, 0.0], [115.67997, 0.34641, 0.0], [115.67154, 0.34317, 0.0], [115.68292, 0.32954, 0.0], [115.6704, 0.31436, 0.0], [115.67611, 0.30387, 0.0], [115.68333, 0.30249, 0.0], [115.68471, 0.28058, 0.0], [115.70479, 0.28062, 0.0], [115.71133, 0.27829, 0.0], [115.7139, 0.27121, 0.0], [115.71362, 0.21482, 0.0], [115.70782, 0.21301, 0.0], [115.7005, 0.1997, 0.0], [115.69442, 0.20085, 0.0], [115.67735, 0.16193, 0.0], [115.66037, 0.15639, 0.0], [115.65626, 0.16293, 0.0], [115.60669, 0.14057, 0.0], [115.58086, 0.1454, 0.0], [115.57999, 0.13463, 0.0], [115.57432, 0.13111, 0.0], [115.57593, 0.12355, 0.0], [115.56517, 0.11343, 0.0], [115.55739, 0.09647, 0.0], [115.55021, 0.09437, 0.0], [115.54246, 0.08258, 0.0], [115.52355, 0.07951, 0.0], [115.52028, 0.07002, 0.0], [115.50878, 0.0617, 0.0], [115.49222, 0.06021, 0.0], [115.48374, 0.06641, 0.0], [115.46141, 0.06354, 0.0], [115.4614, 0.05191, 0.0], [115.44059, 0.06194, 0.0], [115.41003, 0.05213, 0.0], [115.39484, 0.05788, 0.0], [115.33593, -0.00161, 0.0], [115.31562, -0.00267, 0.0], [115.31346, -0.01967, 0.0], [115.30657, -0.01994, 0.0], [115.2912, -0.03645, 0.0], [115.29158, -0.04955, 0.0], [115.28081, -0.04562, 0.0], [115.26174, -0.04795, 0.0], [115.24785, -0.05788, 0.0], [115.24016, -0.05711, 0.0], [115.22842, -0.07236, 0.0], [115.1837, -0.08111, 0.0], [115.18143, -0.09465, 0.0], [115.17378, -0.09601, 0.0], [115.16455, -0.08781, 0.0], [115.15337, -0.10564, 0.0], [115.15186, -0.11775, 0.0], [115.14627, -0.1211, 0.0], [115.1504, -0.13902, 0.0], [115.14339, -0.13681, 0.0], [115.1337, -0.14262, 0.0], [115.12639, -0.1364, 0.0], [115.12004, -0.14915, 0.0], [115.10569, -0.14477, 0.0], [115.08711, -0.15439, 0.0], [115.07317, -0.14772, 0.0], [115.05976, -0.1518, 0.0], [115.05023, -0.16169, 0.0], [115.05584, -0.17777, 0.0], [115.03971, -0.19915, 0.0], [115.04648, -0.20251, 0.0], [115.03771, -0.20767, 0.0], [115.02806, -0.20239, 0.0], [115.02015, -0.21207, 0.0], [115.02177, -0.21841, 0.0], [115.03679, -0.22697, 0.0], [115.03921, -0.24001, 0.0], [115.01189, -0.26709, 0.0], [114.99567, -0.27338, 0.0], [114.97109, -0.27262, 0.0], [114.9597, -0.26374, 0.0], [114.95363, -0.24483, 0.0], [114.94556, -0.24713, 0.0], [114.92041, -0.23338, 0.0], [114.92413, -0.21747, 0.0], [114.91695, -0.2043, 0.0], [114.92282, -0.19225, 0.0], [114.93065, -0.19216, 0.0], [114.92213, -0.18168, 0.0], [114.92903, -0.16537, 0.0], [114.92163, -0.13869, 0.0], [114.91642, -0.1364, 0.0], [114.92331, -0.11519, 0.0], [114.92103, -0.10033, 0.0], [114.90809, -0.09187, 0.0], [114.90476, -0.07368, 0.0], [114.90992, -0.06092, 0.0], [114.89768, -0.03168, 0.0], [114.8761, -0.01535, 0.0], [114.83736, -0.04646, 0.0], [114.82381, -0.0362, 0.0], [114.82159, -0.02301, 0.0], [114.81119, -0.00716, 0.0], [114.79585, 0.00094, 0.0], [114.79527, 0.0114, 0.0], [114.74547, 0.03468, 0.0], [114.73734, 0.03104, 0.0], [114.73098, 0.04567, 0.0], [114.71835, 0.0535, 0.0], [114.70671, 0.08444, 0.0], [114.72519, 0.07939, 0.0], [114.74698, 0.09378, 0.0], [114.74926, 0.11017, 0.0], [114.7578, 0.10862, 0.0], [114.75925, 0.11573, 0.0], [114.77111, 0.11984, 0.0], [114.75839, 0.13515, 0.0], [114.76245, 0.14637, 0.0], [114.79168, 0.16853, 0.0], [114.80128, 0.1699, 0.0], [114.80594, 0.17941, 0.0], [114.81477, 0.17946, 0.0], [114.82975, 0.19161, 0.0], [114.82697, 0.20926, 0.0], [114.83156, 0.21723, 0.0], [114.81964, 0.23671, 0.0], [114.84491, 0.24303, 0.0], [114.86289, 0.27509, 0.0], [114.8843, 0.27849, 0.0], [114.88486, 0.29687, 0.0], [114.90259, 0.31772, 0.0], [114.94159, 0.33325, 0.0], [114.94956, 0.33239, 0.0], [114.95435, 0.32008, 0.0], [114.9898, 0.33454, 0.0], [115.0017, 0.32745, 0.0], [115.02287, 0.33035, 0.0], [115.03713, 0.31452, 0.0], [115.03955, 0.29919, 0.0], [115.04762, 0.29828, 0.0], [115.06493, 0.32503, 0.0], [115.07774, 0.33071, 0.0], [115.08419, 0.34218, 0.0], [115.12123, 0.37256, 0.0], [115.12523, 0.37013, 0.0], [115.12932, 0.37441, 0.0], [115.13739, 0.42549, 0.0], [115.11674, 0.44856, 0.0], [115.10861, 0.4419, 0.0], [115.09789, 0.45265, 0.0], [115.09143, 0.45296, 0.0], [115.08829, 0.4643, 0.0], [115.07719, 0.46982, 0.0], [115.09162, 0.48038, 0.0], [115.06652, 0.52349, 0.0], [115.04782, 0.54085, 0.0], [115.01354, 0.59934, 0.0], [114.99597, 0.69822, 0.0], [114.98556, 0.73166, 0.0], [114.95577, 0.76182, 0.0], [114.94627, 0.76402, 0.0], [114.9433, 0.77289, 0.0], [114.92412, 0.77222, 0.0], [114.92428, 0.77934, 0.0], [114.9085, 0.79065, 0.0], [114.91081, 0.77036, 0.0], [114.87225, 0.74107, 0.0], [114.85276, 0.74039, 0.0], [114.82991, 0.75519, 0.0], [114.81281, 0.75064, 0.0], [114.80601, 0.74086, 0.0], [114.79358, 0.74134, 0.0], [114.78681, 0.73039, 0.0], [114.76098, 0.7317, 0.0], [114.71612, 0.70124, 0.0], [114.70146, 0.70151, 0.0], [114.68977, 0.70753, 0.0], [114.67965, 0.70238, 0.0], [114.66237, 0.70273, 0.0], [114.65198, 0.67472, 0.0], [114.63943, 0.67142, 0.0], [114.63793, 0.66058, 0.0], [114.60992, 0.64505, 0.0], [114.59788, 0.63178, 0.0], [114.58505, 0.63196, 0.0], [114.56681, 0.62445, 0.0], [114.54587, 0.63056, 0.0], [114.5406, 0.62036, 0.0], [114.54686, 0.59964, 0.0], [114.54565, 0.58519, 0.0], [114.52446, 0.56279, 0.0], [114.5123, 0.56164, 0.0], [114.48895, 0.57003, 0.0], [114.46338, 0.56507, 0.0], [114.45994, 0.55618, 0.0], [114.43031, 0.54162, 0.0], [114.37088, 0.55874, 0.0], [114.35871, 0.54799, 0.0], [114.36627, 0.53724, 0.0], [114.3641, 0.53024, 0.0], [114.32307, 0.53792, 0.0], [114.29962, 0.53256, 0.0], [114.29194, 0.5366, 0.0], [114.26657, 0.52777, 0.0], [114.25461, 0.53168, 0.0], [114.24384, 0.52258, 0.0], [114.21986, 0.52929, 0.0], [114.20308, 0.54007, 0.0], [114.19468, 0.58235, 0.0], [114.1472, 0.5864, 0.0], [114.1465, 0.59468, 0.0], [114.17666, 0.61037, 0.0], [114.17797, 0.63667, 0.0], [114.1643, 0.64853, 0.0], [114.16152, 0.65459, 0.0], [114.16536, 0.66278, 0.0], [114.158, 0.67774, 0.0], [114.12954, 0.68793, 0.0], [114.12309, 0.69536, 0.0], [114.10132, 0.69383, 0.0], [114.09086, 0.69828, 0.0], [114.08143, 0.68931, 0.0], [114.06945, 0.69017, 0.0], [114.06945, 0.68289, 0.0], [114.04595, 0.66792, 0.0], [114.02342, 0.66722, 0.0], [114.00394, 0.64107, 0.0], [113.975, 0.66072, 0.0], [113.96172, 0.64816, 0.0], [113.94189, 0.65283, 0.0], [113.92129, 0.644, 0.0], [113.85346, 0.65459, 0.0], [113.84609, 0.66048, 0.0], [113.84184, 0.65774, 0.0], [113.83615, 0.66549, 0.0], [113.83934, 0.69543, 0.0], [113.86797, 0.69905, 0.0], [113.87719, 0.7106, 0.0], [113.87719, 0.71735, 0.0], [113.89483, 0.72604, 0.0], [113.89409, 0.74662, 0.0], [113.89966, 0.75495, 0.0], [113.88466, 0.75894, 0.0], [113.87258, 0.78332, 0.0], [113.87948, 0.78202, 0.0], [113.88832, 0.79543, 0.0], [113.9104, 0.81273, 0.0], [113.92649, 0.84141, 0.0], [113.92176, 0.8483, 0.0], [113.89999, 0.85924, 0.0], [113.89555, 0.87275, 0.0], [113.88956, 0.8708, 0.0], [113.87733, 0.87813, 0.0], [113.87092, 0.88868, 0.0], [113.8785, 0.89718, 0.0], [113.873, 0.90277, 0.0], [113.87249, 0.91761, 0.0], [113.89588, 0.9466, 0.0], [113.89548, 0.95625, 0.0], [113.91351, 0.97249, 0.0], [113.91546, 1.00234, 0.0], [113.90958, 1.01314, 0.0], [113.89289, 1.02011, 0.0], [113.88827, 1.03725, 0.0], [113.89282, 1.05263, 0.0], [113.90143, 1.05984, 0.0], [113.94752, 1.06035, 0.0], [113.96269, 1.08909, 0.0], [113.96026, 1.10173, 0.0], [113.96402, 1.11306, 0.0], [113.97142, 1.12106, 0.0], [113.98154, 1.12049, 0.0], [113.987, 1.12694, 0.0], [113.98515, 1.13684, 0.0], [113.9964, 1.14256, 0.0], [114.00847, 1.14337, 0.0], [114.01706, 1.13465, 0.0], [114.03802, 1.1457, 0.0], [114.04255, 1.13425, 0.0], [114.05261, 1.12745, 0.0], [114.08305, 1.14794, 0.0], [114.08778, 1.1591, 0.0], [114.10598, 1.14486, 0.0], [114.12156, 1.1477, 0.0], [114.12717, 1.15345, 0.0], [114.1253, 1.16428, 0.0], [114.13394, 1.18308, 0.0], [114.14463, 1.18665, 0.0], [114.14988, 1.1991, 0.0], [114.13601, 1.22264, 0.0], [114.14807, 1.23809, 0.0], [114.15327, 1.25433, 0.0], [114.17109, 1.26535, 0.0], [114.16354, 1.28421, 0.0], [114.14887, 1.29188, 0.0], [114.16307, 1.30907, 0.0], [114.15871, 1.31609, 0.0], [114.16472, 1.33602, 0.0], [114.15882, 1.34783, 0.0], [114.16258, 1.35618, 0.0], [114.1556, 1.37002, 0.0], [114.15745, 1.37756, 0.0], [114.1781, 1.39473, 0.0], [114.19683, 1.39687, 0.0], [114.2057, 1.41045, 0.0], [114.22299, 1.41655, 0.0], [114.22279, 1.42552, 0.0], [114.23742, 1.43848, 0.0], [114.23832, 1.44828, 0.0], [114.29911, 1.4572, 0.0], [114.30717, 1.47189, 0.0], [114.32763, 1.47753, 0.0], [114.33268, 1.48416, 0.0], [114.37915, 1.49295, 0.0], [114.38649, 1.50152, 0.0], [114.38688, 1.51862, 0.0], [114.40957, 1.52076, 0.0]]]}}, {"type": "Feature", "id": 6501, "properties": {"WADMKK": "Malinau", "WADMPR": "Kalimantan Utara", "LUASWH": 38901.8192033, "kode_wilayah": 6501, "nama_resmi": "Kabupaten Malinau", "tipe": "Kabupaten", "provinsi": "Kalimantan Utara", "pulau": "Kalimantan", "parlemen": 25.0, "pendapatan": 29.05, "pengeluaran": 11998.0, "ahh": 74.76, "profesional": 45.16, "tpak": 49.59, "rls": 9.84, "hls": 12.97, "skor_ekonomi": 26.37, "skor_keputusan": 51.39, "skor_kapasitas_sosial": 63.16, "ikpp_komposit": 43.74, "kuadran": "Kuadran II (Ekonomi Rendah, Keputusan Tinggi)", "lisa_cluster_keputusan": "Not Significant", "lisa_cluster_ekonomi": "Low-Low (Coldspot)", "pc1": 1.017, "pc2": -0.853, "lat": 2.841, "lon": 117.398}, "geometry": {"type": "Polygon", "coordinates": [[[116.12573, 4.12241, 0.0], [116.14462, 4.11339, 0.0], [116.16747, 4.11207, 0.0], [116.16045, 4.09255, 0.0], [116.16949, 4.09185, 0.0], [116.18583, 4.07825, 0.0], [116.20151, 4.07436, 0.0], [116.21544, 4.07985, 0.0], [116.22245, 4.07693, 0.0], [116.23636, 4.05867, 0.0], [116.23664, 4.04783, 0.0], [116.25265, 4.04288, 0.0], [116.27518, 4.03979, 0.0], [116.28268, 4.05857, 0.0], [116.28914, 4.05861, 0.0], [116.29602, 4.05107, 0.0], [116.30841, 4.05132, 0.0], [116.3136, 4.06142, 0.0], [116.3228, 4.06571, 0.0], [116.32473, 4.06036, 0.0], [116.33226, 4.05835, 0.0], [116.34043, 4.04214, 0.0], [116.35478, 4.03605, 0.0], [116.35242, 4.02205, 0.0], [116.35649, 4.00789, 0.0], [116.36941, 3.99388, 0.0], [116.38094, 3.99592, 0.0], [116.39078, 3.99171, 0.0], [116.3822, 3.98139, 0.0], [116.38721, 3.96292, 0.0], [116.38442, 3.94426, 0.0], [116.38744, 3.92874, 0.0], [116.40695, 3.89585, 0.0], [116.42548, 3.8813, 0.0], [116.46398, 3.88052, 0.0], [116.49479, 3.85736, 0.0], [116.51679, 3.85829, 0.0], [116.53346, 3.84754, 0.0], [116.55653, 3.84523, 0.0], [116.56432, 3.83371, 0.0], [116.58363, 3.82488, 0.0], [116.59287, 3.82662, 0.0], [116.59954, 3.81649, 0.0], [116.61549, 3.81227, 0.0], [116.62605, 3.79918, 0.0], [116.64327, 3.79821, 0.0], [116.64585, 3.78466, 0.0], [116.66335, 3.77607, 0.0], [116.67463, 3.75158, 0.0], [116.68166, 3.74879, 0.0], [116.67265, 3.73831, 0.0], [116.67797, 3.73494, 0.0], [116.68317, 3.71937, 0.0], [116.68941, 3.71861, 0.0], [116.69567, 3.7019, 0.0], [116.71806, 3.69926, 0.0], [116.73129, 3.6829, 0.0], [116.74261, 3.68132, 0.0], [116.73706, 3.65635, 0.0], [116.72162, 3.65033, 0.0], [116.71441, 3.63904, 0.0], [116.72488, 3.61773, 0.0], [116.73064, 3.6167, 0.0], [116.73798, 3.60566, 0.0], [116.73439, 3.60171, 0.0], [116.72736, 3.6056, 0.0], [116.71914, 3.5991, 0.0], [116.69816, 3.57253, 0.0], [116.69553, 3.56153, 0.0], [116.71151, 3.55572, 0.0], [116.71151, 3.55041, 0.0], [116.69347, 3.54989, 0.0], [116.68479, 3.5443, 0.0], [116.6765, 3.53327, 0.0], [116.67572, 3.51802, 0.0], [116.68987, 3.49894, 0.0], [116.68943, 3.4861, 0.0], [116.70204, 3.45077, 0.0], [116.69705, 3.43347, 0.0], [116.70829, 3.42996, 0.0], [116.70954, 3.4242, 0.0], [116.69631, 3.39937, 0.0], [116.71002, 3.35394, 0.0], [116.71606, 3.35596, 0.0], [116.72426, 3.35094, 0.0], [116.73197, 3.33281, 0.0], [116.74124, 3.34126, 0.0], [116.75083, 3.33443, 0.0], [116.76086, 3.31915, 0.0], [116.76103, 3.30466, 0.0], [116.76957, 3.29574, 0.0], [116.78217, 3.29146, 0.0], [116.77981, 3.27374, 0.0], [116.78947, 3.2614, 0.0], [116.78611, 3.25128, 0.0], [116.79407, 3.23468, 0.0], [116.79377, 3.23092, 0.0], [116.78788, 3.23395, 0.0], [116.78018, 3.22753, 0.0], [116.77241, 3.19045, 0.0], [116.77427, 3.1767, 0.0], [116.76792, 3.17302, 0.0], [116.76804, 3.16429, 0.0], [116.74059, 3.17056, 0.0], [116.74384, 3.15404, 0.0], [116.72476, 3.10297, 0.0], [116.74056, 3.08668, 0.0], [116.74947, 3.06747, 0.0], [116.74467, 3.04116, 0.0], [116.71664, 3.02545, 0.0], [116.6948, 3.02851, 0.0], [116.6631, 3.00701, 0.0], [116.65772, 2.97409, 0.0], [116.63701, 2.97419, 0.0], [116.62658, 2.9606, 0.0], [116.60837, 2.94871, 0.0], [116.61444, 2.92943, 0.0], [116.60343, 2.91773, 0.0], [116.59071, 2.92069, 0.0], [116.58652, 2.91651, 0.0], [116.5838, 2.89041, 0.0], [116.55025, 2.87872, 0.0], [116.51826, 2.84781, 0.0], [116.49869, 2.83875, 0.0], [116.49272, 2.82762, 0.0], [116.47968, 2.82275, 0.0], [116.47282, 2.82752, 0.0], [116.45529, 2.82582, 0.0], [116.43554, 2.81159, 0.0], [116.42968, 2.78842, 0.0], [116.4321, 2.77738, 0.0], [116.42229, 2.77681, 0.0], [116.40814, 2.76734, 0.0], [116.40397, 2.75602, 0.0], [116.36707, 2.72615, 0.0], [116.36333, 2.7145, 0.0], [116.32614, 2.69114, 0.0], [116.32351, 2.67447, 0.0], [116.31307, 2.66333, 0.0], [116.30222, 2.63667, 0.0], [116.29212, 2.63233, 0.0], [116.30035, 2.59423, 0.0], [116.29658, 2.58766, 0.0], [116.30948, 2.57434, 0.0], [116.30264, 2.5573, 0.0], [116.30369, 2.54644, 0.0], [116.29524, 2.54123, 0.0], [116.29415, 2.5279, 0.0], [116.27059, 2.48448, 0.0], [116.26025, 2.47793, 0.0], [116.24177, 2.48907, 0.0], [116.22893, 2.4825, 0.0], [116.19492, 2.44, 0.0], [116.18808, 2.414, 0.0], [116.17789, 2.40492, 0.0], [116.17186, 2.40223, 0.0], [116.16583, 2.40602, 0.0], [116.1312, 2.39193, 0.0], [116.12313, 2.3936, 0.0], [116.104, 2.3569, 0.0], [116.08615, 2.34811, 0.0], [116.08042, 2.33258, 0.0], [116.06018, 2.31631, 0.0], [116.06221, 2.3034, 0.0], [116.05411, 2.29313, 0.0], [116.04595, 2.26837, 0.0], [116.03492, 2.25568, 0.0], [116.01419, 2.25483, 0.0], [116.00495, 2.26116, 0.0], [115.98854, 2.26158, 0.0], [115.99252, 2.23613, 0.0], [116.00867, 2.21309, 0.0], [116.01098, 2.19152, 0.0], [116.0247, 2.1823, 0.0], [116.05585, 2.14528, 0.0], [116.07013, 2.16143, 0.0], [116.09497, 2.17019, 0.0], [116.10994, 2.16406, 0.0], [116.12588, 2.16496, 0.0], [116.13781, 2.15256, 0.0], [116.14799, 2.15258, 0.0], [116.15723, 2.12357, 0.0], [116.19028, 2.12498, 0.0], [116.20367, 2.11343, 0.0], [116.2166, 2.11265, 0.0], [116.22313, 2.10008, 0.0], [116.22136, 2.07552, 0.0], [116.21243, 2.061, 0.0], [116.22656, 2.05245, 0.0], [116.22845, 2.03831, 0.0], [116.23475, 2.03505, 0.0], [116.23116, 2.01331, 0.0], [116.21496, 1.9968, 0.0], [116.19446, 1.98571, 0.0], [116.19941, 1.95084, 0.0], [116.19114, 1.9451, 0.0], [116.18844, 1.92713, 0.0], [116.17517, 1.90185, 0.0], [116.17851, 1.88977, 0.0], [116.17574, 1.85753, 0.0], [116.18482, 1.84627, 0.0], [116.18383, 1.83174, 0.0], [116.16794, 1.79212, 0.0], [116.17019, 1.78244, 0.0], [116.15916, 1.76987, 0.0], [116.15699, 1.75087, 0.0], [116.16173, 1.74409, 0.0], [116.1496, 1.72686, 0.0], [116.14188, 1.68688, 0.0], [116.13083, 1.67859, 0.0], [116.13347, 1.66807, 0.0], [116.11501, 1.65454, 0.0], [116.10235, 1.66721, 0.0], [116.06865, 1.64846, 0.0], [116.06426, 1.63516, 0.0], [116.05435, 1.62919, 0.0], [116.03644, 1.6061, 0.0], [116.04559, 1.5795, 0.0], [116.04142, 1.55664, 0.0], [116.02764, 1.55138, 0.0], [116.0205, 1.53684, 0.0], [116.01497, 1.53649, 0.0], [116.00704, 1.5249, 0.0], [115.97268, 1.5313, 0.0], [115.95584, 1.50424, 0.0], [115.96036, 1.49736, 0.0], [115.95741, 1.49056, 0.0], [115.91403, 1.47727, 0.0], [115.89033, 1.45471, 0.0], [115.87499, 1.44949, 0.0], [115.85431, 1.43404, 0.0], [115.8506, 1.41989, 0.0], [115.85688, 1.40141, 0.0], [115.83526, 1.37929, 0.0], [115.82926, 1.35244, 0.0], [115.8087, 1.33318, 0.0], [115.80703, 1.32462, 0.0], [115.7845, 1.30899, 0.0], [115.77339, 1.30768, 0.0], [115.7714, 1.2874, 0.0], [115.77664, 1.27544, 0.0], [115.77268, 1.26379, 0.0], [115.76192, 1.2584, 0.0], [115.73603, 1.2646, 0.0], [115.72702, 1.26005, 0.0], [115.71108, 1.2753, 0.0], [115.7098, 1.26601, 0.0], [115.70075, 1.26422, 0.0], [115.68583, 1.28196, 0.0], [115.65853, 1.29013, 0.0], [115.6467, 1.28204, 0.0], [115.58693, 1.28147, 0.0], [115.55413, 1.26541, 0.0], [115.51078, 1.2583, 0.0], [115.50821, 1.25325, 0.0], [115.48746, 1.25247, 0.0], [115.48501, 1.24536, 0.0], [115.43913, 1.23177, 0.0], [115.42763, 1.22315, 0.0], [115.42026, 1.20081, 0.0], [115.42198, 1.19067, 0.0], [115.41071, 1.19266, 0.0], [115.40519, 1.18081, 0.0], [115.40573, 1.17167, 0.0], [115.41873, 1.159, 0.0], [115.4181, 1.15166, 0.0], [115.40062, 1.14637, 0.0], [115.3985, 1.13881, 0.0], [115.38451, 1.13035, 0.0], [115.38079, 1.11799, 0.0], [115.36829, 1.11408, 0.0], [115.33458, 1.12696, 0.0], [115.31494, 1.12526, 0.0], [115.30221, 1.13411, 0.0], [115.28035, 1.13447, 0.0], [115.27355, 1.16075, 0.0], [115.24679, 1.18138, 0.0], [115.23242, 1.17278, 0.0], [115.21034, 1.17688, 0.0], [115.18202, 1.19675, 0.0], [115.14531, 1.187, 0.0], [115.13037, 1.18873, 0.0], [115.11446, 1.18111, 0.0], [115.11662, 1.19239, 0.0], [115.0992, 1.19918, 0.0], [115.0937, 1.21196, 0.0], [115.09792, 1.24985, 0.0], [115.07811, 1.26854, 0.0], [115.04519, 1.26745, 0.0], [115.04241, 1.27443, 0.0], [115.0477, 1.27897, 0.0], [115.04613, 1.29264, 0.0], [115.03016, 1.30941, 0.0], [115.02186, 1.33513, 0.0], [115.01704, 1.33825, 0.0], [115.01701, 1.34793, 0.0], [114.98817, 1.35368, 0.0], [114.97308, 1.36677, 0.0], [114.95393, 1.37317, 0.0], [114.93059, 1.4017, 0.0], [114.90857, 1.40345, 0.0], [114.90752, 1.41758, 0.0], [114.87968, 1.41844, 0.0], [114.86718, 1.40388, 0.0], [114.84242, 1.40239, 0.0], [114.83595, 1.39466, 0.0], [114.80222, 1.38249, 0.0], [114.79485, 1.3762, 0.0], [114.79624, 1.36736, 0.0], [114.76477, 1.34515, 0.0], [114.75977, 1.32605, 0.0], [114.74532, 1.32747, 0.0], [114.74071, 1.32494, 0.0], [114.74089, 1.318, 0.0], [114.72842, 1.31314, 0.0], [114.72248, 1.31333, 0.0], [114.71249, 1.33536, 0.0], [114.70037, 1.33934, 0.0], [114.70484, 1.35088, 0.0], [114.69011, 1.35989, 0.0], [114.67008, 1.3519, 0.0], [114.65779, 1.35939, 0.0], [114.6494, 1.35461, 0.0], [114.62501, 1.36422, 0.0], [114.6168, 1.36324, 0.0], [114.61491, 1.3719, 0.0], [114.60886, 1.37532, 0.0], [114.61371, 1.38052, 0.0], [114.60954, 1.38955, 0.0], [114.59531, 1.39427, 0.0], [114.57181, 1.38919, 0.0], [114.57697, 1.41209, 0.0], [114.567, 1.42183, 0.0], [114.56516, 1.42625, 0.0], [114.57555, 1.44247, 0.0], [114.58652, 1.44719, 0.0], [114.59387, 1.48054, 0.0], [114.6067, 1.48826, 0.0], [114.60535, 1.49978, 0.0], [114.61597, 1.51553, 0.0], [114.61125, 1.52547, 0.0], [114.59958, 1.5315, 0.0], [114.61131, 1.55872, 0.0], [114.61048, 1.57522, 0.0], [114.6394, 1.58956, 0.0], [114.65169, 1.58934, 0.0], [114.65494, 1.59897, 0.0], [114.66922, 1.60145, 0.0], [114.68086, 1.61037, 0.0], [114.69349, 1.633, 0.0], [114.709, 1.63789, 0.0], [114.71364, 1.68422, 0.0], [114.71052, 1.70649, 0.0], [114.71927, 1.71885, 0.0], [114.71028, 1.7387, 0.0], [114.71136, 1.75234, 0.0], [114.70527, 1.76051, 0.0], [114.71436, 1.77131, 0.0], [114.71501, 1.78529, 0.0], [114.7088, 1.79751, 0.0], [114.69444, 1.80955, 0.0], [114.70262, 1.81148, 0.0], [114.70504, 1.82058, 0.0], [114.71214, 1.81922, 0.0], [114.72748, 1.8313, 0.0], [114.72681, 1.84577, 0.0], [114.71782, 1.85647, 0.0], [114.73185, 1.85828, 0.0], [114.7354, 1.86498, 0.0], [114.74733, 1.86937, 0.0], [114.7682, 1.85742, 0.0], [114.77111, 1.85011, 0.0], [114.79443, 1.84867, 0.0], [114.79977, 1.8522, 0.0], [114.79816, 1.86124, 0.0], [114.81846, 1.87979, 0.0], [114.81962, 1.89265, 0.0], [114.85596, 1.89525, 0.0], [114.86952, 1.903, 0.0], [114.8695, 1.90931, 0.0], [114.88246, 1.91436, 0.0], [114.87547, 1.92808, 0.0], [114.86761, 1.9297, 0.0], [114.86658, 1.93636, 0.0], [114.85877, 1.93629, 0.0], [114.85321, 1.94341, 0.0], [114.85054, 1.96203, 0.0], [114.85183, 1.97217, 0.0], [114.87134, 1.98892, 0.0], [114.87387, 2.01359, 0.0], [114.88843, 2.02332, 0.0], [114.88138, 2.0308, 0.0], [114.86739, 2.03404, 0.0], [114.8675, 2.0391, 0.0], [114.85898, 2.044, 0.0], [114.8287, 2.02733, 0.0], [114.80899, 2.02452, 0.0], [114.79327, 2.05824, 0.0], [114.8118, 2.06235, 0.0], [114.80991, 2.07473, 0.0], [114.80208, 2.08044, 0.0], [114.80003, 2.08923, 0.0], [114.81947, 2.10749, 0.0], [114.82039, 2.12988, 0.0], [114.80428, 2.13501, 0.0], [114.80033, 2.14433, 0.0], [114.79108, 2.14588, 0.0], [114.76031, 2.14235, 0.0], [114.74035, 2.13234, 0.0], [114.73434, 2.14718, 0.0], [114.73897, 2.15378, 0.0], [114.73744, 2.16594, 0.0], [114.74217, 2.16741, 0.0], [114.74107, 2.19121, 0.0], [114.76736, 2.1969, 0.0], [114.77615, 2.19431, 0.0], [114.78698, 2.20005, 0.0], [114.78961, 2.22315, 0.0], [114.80189, 2.23611, 0.0], [114.79907, 2.24851, 0.0], [114.81642, 2.26389, 0.0], [114.82685, 2.24524, 0.0], [114.85621, 2.25401, 0.0], [114.87066, 2.26377, 0.0], [114.90312, 2.25952, 0.0], [114.90722, 2.25343, 0.0], [114.91707, 2.25493, 0.0], [114.93662, 2.27969, 0.0], [114.95342, 2.27929, 0.0], [114.96665, 2.28882, 0.0], [114.96709, 2.29533, 0.0], [114.95087, 2.30843, 0.0], [114.94801, 2.31608, 0.0], [114.95258, 2.34907, 0.0], [114.96106, 2.36472, 0.0], [114.97438, 2.36673, 0.0], [114.9872, 2.35145, 0.0], [114.99811, 2.34906, 0.0], [115.00921, 2.36304, 0.0], [115.02624, 2.36481, 0.0], [115.03893, 2.39211, 0.0], [115.04813, 2.38511, 0.0], [115.05301, 2.38652, 0.0], [115.04867, 2.39356, 0.0], [115.05272, 2.40561, 0.0], [115.07127, 2.40749, 0.0], [115.08851, 2.4022, 0.0], [115.09983, 2.40509, 0.0], [115.09848, 2.4255, 0.0], [115.10792, 2.44131, 0.0], [115.11348, 2.44235, 0.0], [115.11809, 2.45626, 0.0], [115.13109, 2.45715, 0.0], [115.14381, 2.47572, 0.0], [115.18913, 2.48261, 0.0], [115.20439, 2.47116, 0.0], [115.21067, 2.48001, 0.0], [115.24252, 2.49878, 0.0], [115.24925, 2.50942, 0.0], [115.24257, 2.51902, 0.0], [115.25074, 2.52346, 0.0], [115.2512, 2.54119, 0.0], [115.23767, 2.53518, 0.0], [115.22346, 2.54226, 0.0], [115.21596, 2.55292, 0.0], [115.21913, 2.56058, 0.0], [115.21081, 2.56875, 0.0], [115.2123, 2.57371, 0.0], [115.20577, 2.57299, 0.0], [115.1944, 2.58193, 0.0], [115.19252, 2.59328, 0.0], [115.18203, 2.59766, 0.0], [115.17782, 2.61048, 0.0], [115.16972, 2.61353, 0.0], [115.16002, 2.6057, 0.0], [115.15152, 2.60813, 0.0], [115.13938, 2.59717, 0.0], [115.13498, 2.58503, 0.0], [115.1241, 2.58787, 0.0], [115.11646, 2.58318, 0.0], [115.10823, 2.58817, 0.0], [115.10702, 2.60049, 0.0], [115.09168, 2.60632, 0.0], [115.08803, 2.61627, 0.0], [115.09213, 2.624, 0.0], [115.10204, 2.62521, 0.0], [115.11304, 2.6366, 0.0], [115.11241, 2.64774, 0.0], [115.1216, 2.65113, 0.0], [115.10914, 2.68043, 0.0], [115.11514, 2.68932, 0.0], [115.09475, 2.6977, 0.0], [115.10221, 2.7124, 0.0], [115.10004, 2.71695, 0.0], [115.13795, 2.74371, 0.0], [115.14343, 2.75569, 0.0], [115.13983, 2.77502, 0.0], [115.15435, 2.79038, 0.0], [115.14203, 2.80505, 0.0], [115.12646, 2.8022, 0.0], [115.09098, 2.82353, 0.0], [115.11854, 2.83651, 0.0], [115.12651, 2.84901, 0.0], [115.13881, 2.85618, 0.0], [115.14172, 2.86854, 0.0], [115.15209, 2.8706, 0.0], [115.14991, 2.88899, 0.0], [115.15332, 2.89819, 0.0], [115.14807, 2.90813, 0.0], [115.16378, 2.92757, 0.0], [115.19002, 2.93366, 0.0], [115.21059, 2.95821, 0.0], [115.23459, 2.95953, 0.0], [115.24958, 2.96564, 0.0], [115.24581, 2.98116, 0.0], [115.25342, 2.98524, 0.0], [115.25172, 2.99477, 0.0], [115.27706, 3.02584, 0.0], [115.28451, 3.04747, 0.0], [115.29925, 3.04091, 0.0], [115.30764, 3.01899, 0.0], [115.31499, 3.02019, 0.0], [115.3212, 3.01248, 0.0], [115.3208, 3.0014, 0.0], [115.32645, 2.99357, 0.0], [115.32399, 2.98173, 0.0], [115.33117, 2.97507, 0.0], [115.34676, 2.97667, 0.0], [115.35287, 2.98181, 0.0], [115.37183, 2.98051, 0.0], [115.3781, 2.98624, 0.0], [115.39363, 2.97969, 0.0], [115.41774, 2.99924, 0.0], [115.42682, 3.01587, 0.0], [115.43799, 3.01417, 0.0], [115.44057, 3.0238, 0.0], [115.45343, 3.02816, 0.0], [115.4855, 3.01818, 0.0], [115.49363, 3.02979, 0.0], [115.49749, 3.02781, 0.0], [115.49884, 3.03575, 0.0], [115.51589, 3.0569, 0.0], [115.51668, 3.06907, 0.0], [115.51085, 3.08384, 0.0], [115.51384, 3.10879, 0.0], [115.52659, 3.11704, 0.0], [115.53495, 3.14229, 0.0], [115.5486, 3.14086, 0.0], [115.56288, 3.15012, 0.0], [115.56161, 3.17024, 0.0], [115.54246, 3.18184, 0.0], [115.52775, 3.18337, 0.0], [115.51992, 3.19133, 0.0], [115.51562, 3.22379, 0.0], [115.53355, 3.22631, 0.0], [115.53078, 3.24085, 0.0], [115.52404, 3.24148, 0.0], [115.52302, 3.24995, 0.0], [115.52945, 3.28005, 0.0], [115.53734, 3.28511, 0.0], [115.53041, 3.29703, 0.0], [115.53224, 3.31815, 0.0], [115.54803, 3.32779, 0.0], [115.544, 3.36343, 0.0], [115.55838, 3.38568, 0.0], [115.55605, 3.39303, 0.0], [115.56376, 3.39689, 0.0], [115.56356, 3.40493, 0.0], [115.57893, 3.41895, 0.0], [115.57807, 3.43262, 0.0], [115.58496, 3.44916, 0.0], [115.59674, 3.4431, 0.0], [115.60959, 3.44668, 0.0], [115.62369, 3.40778, 0.0], [115.64113, 3.41879, 0.0], [115.64103, 3.42515, 0.0], [115.64993, 3.4285, 0.0], [115.6493, 3.43559, 0.0], [115.65764, 3.43952, 0.0], [115.67505, 3.42952, 0.0], [115.68651, 3.40886, 0.0], [115.69612, 3.40679, 0.0], [115.71171, 3.43679, 0.0], [115.72213, 3.44493, 0.0], [115.74428, 3.44929, 0.0], [115.75715, 3.44436, 0.0], [115.76499, 3.45086, 0.0], [115.76972, 3.46601, 0.0], [115.78529, 3.46079, 0.0], [115.80182, 3.4669, 0.0], [115.80606, 3.47055, 0.0], [115.805, 3.48969, 0.0], [115.81196, 3.49287, 0.0], [115.81362, 3.5003, 0.0], [115.83356, 3.48802, 0.0], [115.84855, 3.49238, 0.0], [115.8566, 3.46938, 0.0], [115.87815, 3.45838, 0.0], [115.89604, 3.48425, 0.0], [115.89938, 3.49802, 0.0], [115.90621, 3.50133, 0.0], [115.92096, 3.49885, 0.0], [115.92816, 3.51718, 0.0], [115.93593, 3.51861, 0.0], [115.93863, 3.52704, 0.0], [115.95408, 3.51887, 0.0], [115.96364, 3.51925, 0.0], [115.97084, 3.52938, 0.0], [115.97299, 3.5634, 0.0], [115.95866, 3.57178, 0.0], [115.95248, 3.5947, 0.0], [115.95328, 3.61843, 0.0], [115.93191, 3.64012, 0.0], [115.93126, 3.65171, 0.0], [115.92112, 3.67475, 0.0], [115.91248, 3.68283, 0.0], [115.9107, 3.69446, 0.0], [115.92123, 3.71634, 0.0], [115.92634, 3.75065, 0.0], [115.93047, 3.75777, 0.0], [115.94298, 3.7607, 0.0], [115.94278, 3.76945, 0.0], [115.94804, 3.77552, 0.0], [115.94374, 3.79356, 0.0], [115.93325, 3.794, 0.0], [115.92253, 3.80396, 0.0], [115.92067, 3.82173, 0.0], [115.92503, 3.83478, 0.0], [115.91027, 3.83803, 0.0], [115.90758, 3.84368, 0.0], [115.91374, 3.87814, 0.0], [115.94296, 3.88438, 0.0], [115.95655, 3.91427, 0.0], [115.97417, 3.92278, 0.0], [115.98937, 3.92381, 0.0], [116.00806, 3.93982, 0.0], [116.02131, 4.00941, 0.0], [116.00209, 4.03181, 0.0], [115.99439, 4.05855, 0.0], [115.9805, 4.06023, 0.0], [115.96657, 4.0748, 0.0], [115.95785, 4.07626, 0.0], [115.95967, 4.10601, 0.0], [115.96481, 4.11797, 0.0], [115.97432, 4.11701, 0.0], [115.98217, 4.09996, 0.0], [115.99207, 4.09463, 0.0], [115.9996, 4.09724, 0.0], [116.00281, 4.08945, 0.0], [116.02351, 4.08925, 0.0], [116.03302, 4.08114, 0.0], [116.07079, 4.09925, 0.0], [116.08522, 4.11787, 0.0], [116.11196, 4.1123, 0.0], [116.12573, 4.12241, 0.0]]]}}, {"type": "Feature", "id": 6110, "properties": {"WADMKK": "Melawi", "WADMPR": "Kalimantan Barat", "LUASWH": 10122.5133898, "kode_wilayah": 6110, "nama_resmi": "Kabupaten Melawi", "tipe": "Kabupaten", "provinsi": "Kalimantan Barat", "pulau": "Kalimantan", "parlemen": 20.0, "pendapatan": 35.45, "pengeluaran": 9596.0, "ahh": 75.76, "profesional": 55.96, "tpak": 60.51, "rls": 7.66, "hls": 11.37, "skor_ekonomi": 39.27, "skor_keputusan": 54.07, "skor_kapasitas_sosial": 54.34, "ikpp_komposit": 48.2, "kuadran": "Kuadran I (Ekonomi Tinggi, Keputusan Tinggi)", "lisa_cluster_keputusan": "High-Low (Spatial Outlier)", "lisa_cluster_ekonomi": "Not Significant", "pc1": -0.854, "pc2": -0.376, "lat": -0.377, "lon": 111.764}, "geometry": {"type": "Polygon", "coordinates": [[[111.70229, -0.12754, 0.0], [111.71512, -0.15322, 0.0], [111.7316, -0.14973, 0.0], [111.72739, -0.15357, 0.0], [111.72883, -0.17197, 0.0], [111.72466, -0.17498, 0.0], [111.72866, -0.17819, 0.0], [111.73407, -0.17812, 0.0], [111.73268, -0.17373, 0.0], [111.7396, -0.17468, 0.0], [111.74105, -0.18064, 0.0], [111.74903, -0.18002, 0.0], [111.7462, -0.18573, 0.0], [111.75158, -0.19055, 0.0], [111.76859, -0.18611, 0.0], [111.76203, -0.17955, 0.0], [111.76514, -0.17692, 0.0], [111.78094, -0.1782, 0.0], [111.80079, -0.19932, 0.0], [111.81142, -0.20099, 0.0], [111.80885, -0.20838, 0.0], [111.81456, -0.21589, 0.0], [111.83083, -0.20614, 0.0], [111.85581, -0.20801, 0.0], [111.86295, -0.20195, 0.0], [111.86012, -0.19005, 0.0], [111.861, -0.19347, 0.0], [111.87601, -0.19461, 0.0], [111.87727, -0.20448, 0.0], [111.8817, -0.20183, 0.0], [111.89247, -0.21338, 0.0], [111.89272, -0.20656, 0.0], [111.9064, -0.20485, 0.0], [111.91044, -0.19248, 0.0], [111.93173, -0.1864, 0.0], [111.95512, -0.19527, 0.0], [111.97691, -0.21789, 0.0], [111.99731, -0.20791, 0.0], [112.03091, -0.2199, 0.0], [112.02777, -0.21291, 0.0], [112.03708, -0.204, 0.0], [112.04664, -0.23575, 0.0], [112.08249, -0.25725, 0.0], [112.10718, -0.26235, 0.0], [112.13239, -0.30395, 0.0], [112.15096, -0.30897, 0.0], [112.17443, -0.29344, 0.0], [112.17465, -0.27867, 0.0], [112.19901, -0.26723, 0.0], [112.22812, -0.24345, 0.0], [112.24846, -0.24178, 0.0], [112.2888, -0.2187, 0.0], [112.32139, -0.20858, 0.0], [112.3541, -0.1913, 0.0], [112.39373, -0.18141, 0.0], [112.41063, -0.18226, 0.0], [112.41182, -0.18601, 0.0], [112.39706, -0.20151, 0.0], [112.3847, -0.24004, 0.0], [112.37258, -0.25583, 0.0], [112.37863, -0.26846, 0.0], [112.37895, -0.28319, 0.0], [112.38654, -0.29263, 0.0], [112.37209, -0.30215, 0.0], [112.37051, -0.33654, 0.0], [112.36483, -0.33916, 0.0], [112.3635, -0.34674, 0.0], [112.38035, -0.36834, 0.0], [112.39176, -0.37016, 0.0], [112.41695, -0.39982, 0.0], [112.42288, -0.41885, 0.0], [112.43738, -0.43075, 0.0], [112.42988, -0.46175, 0.0], [112.41374, -0.48938, 0.0], [112.41752, -0.49698, 0.0], [112.42988, -0.49785, 0.0], [112.43538, -0.50575, 0.0], [112.43466, -0.51105, 0.0], [112.42396, -0.51632, 0.0], [112.42324, -0.52642, 0.0], [112.42428, -0.53195, 0.0], [112.43809, -0.54025, 0.0], [112.43999, -0.54765, 0.0], [112.43346, -0.57714, 0.0], [112.42467, -0.58623, 0.0], [112.42894, -0.60035, 0.0], [112.41421, -0.61088, 0.0], [112.41254, -0.62117, 0.0], [112.41587, -0.63098, 0.0], [112.43322, -0.64509, 0.0], [112.44748, -0.64988, 0.0], [112.45081, -0.65993, 0.0], [112.46275, -0.66908, 0.0], [112.43428, -0.67362, 0.0], [112.42829, -0.68264, 0.0], [112.41062, -0.68905, 0.0], [112.40221, -0.70407, 0.0], [112.38568, -0.71364, 0.0], [112.37419, -0.71009, 0.0], [112.35642, -0.71501, 0.0], [112.34866, -0.70356, 0.0], [112.31512, -0.72334, 0.0], [112.3002, -0.70671, 0.0], [112.29981, -0.699, 0.0], [112.29446, -0.69711, 0.0], [112.28409, -0.67504, 0.0], [112.28438, -0.66739, 0.0], [112.25999, -0.63176, 0.0], [112.25063, -0.62761, 0.0], [112.24447, -0.63056, 0.0], [112.23276, -0.61295, 0.0], [112.21234, -0.61336, 0.0], [112.20532, -0.63176, 0.0], [112.18178, -0.63789, 0.0], [112.17605, -0.64362, 0.0], [112.17442, -0.68418, 0.0], [112.16482, -0.68568, 0.0], [112.16344, -0.68977, 0.0], [112.17749, -0.7183, 0.0], [112.17542, -0.72557, 0.0], [112.15819, -0.72546, 0.0], [112.14685, -0.73055, 0.0], [112.11386, -0.70828, 0.0], [112.10229, -0.70985, 0.0], [112.09781, -0.69845, 0.0], [112.08517, -0.69966, 0.0], [112.07788, -0.71912, 0.0], [112.07238, -0.72049, 0.0], [112.07427, -0.73404, 0.0], [112.05404, -0.75159, 0.0], [112.05488, -0.77058, 0.0], [112.04586, -0.76991, 0.0], [112.0274, -0.77934, 0.0], [112.0226, -0.79109, 0.0], [111.98439, -0.79936, 0.0], [111.97676, -0.81326, 0.0], [111.96431, -0.81127, 0.0], [111.95174, -0.7926, 0.0], [111.92344, -0.79273, 0.0], [111.91938, -0.79869, 0.0], [111.9221, -0.8136, 0.0], [111.91661, -0.82239, 0.0], [111.91725, -0.84109, 0.0], [111.90812, -0.84556, 0.0], [111.90217, -0.84023, 0.0], [111.88693, -0.8417, 0.0], [111.88552, -0.85816, 0.0], [111.8431, -0.89189, 0.0], [111.83818, -0.90645, 0.0], [111.80494, -0.90362, 0.0], [111.79701, -0.91298, 0.0], [111.78593, -0.90783, 0.0], [111.74813, -0.91156, 0.0], [111.7409, -0.91823, 0.0], [111.73694, -0.9318, 0.0], [111.72391, -0.94262, 0.0], [111.70525, -0.94107, 0.0], [111.70164, -0.95297, 0.0], [111.67594, -0.95776, 0.0], [111.6556, -0.96933, 0.0], [111.63957, -0.96799, 0.0], [111.63661, -0.97979, 0.0], [111.62509, -0.99106, 0.0], [111.62523, -1.01118, 0.0], [111.61613, -1.02605, 0.0], [111.61728, -1.02966, 0.0], [111.62417, -1.02881, 0.0], [111.62465, -1.03696, 0.0], [111.61615, -1.05627, 0.0], [111.60646, -1.06396, 0.0], [111.60363, -1.05785, 0.0], [111.58952, -1.05875, 0.0], [111.58467, -1.06524, 0.0], [111.57778, -1.05818, 0.0], [111.57125, -1.0581, 0.0], [111.55825, -1.10128, 0.0], [111.54431, -1.09852, 0.0], [111.54336, -1.11539, 0.0], [111.56117, -1.12985, 0.0], [111.55709, -1.15271, 0.0], [111.55966, -1.15742, 0.0], [111.56968, -1.15688, 0.0], [111.57759, -1.16922, 0.0], [111.55466, -1.20242, 0.0], [111.54939, -1.20727, 0.0], [111.5359, -1.20093, 0.0], [111.53289, -1.20495, 0.0], [111.52567, -1.20282, 0.0], [111.51237, -1.21674, 0.0], [111.49403, -1.22099, 0.0], [111.48656, -1.23115, 0.0], [111.47132, -1.23211, 0.0], [111.42821, -1.25264, 0.0], [111.42351, -1.26739, 0.0], [111.41334, -1.25945, 0.0], [111.40674, -1.26586, 0.0], [111.4001, -1.2629, 0.0], [111.40225, -1.25253, 0.0], [111.39082, -1.25286, 0.0], [111.38701, -1.2735, 0.0], [111.3804, -1.28308, 0.0], [111.38386, -1.29636, 0.0], [111.37155, -1.29033, 0.0], [111.36477, -1.30957, 0.0], [111.34809, -1.31355, 0.0], [111.34148, -1.32033, 0.0], [111.33596, -1.30681, 0.0], [111.31588, -1.30116, 0.0], [111.31871, -1.28601, 0.0], [111.31343, -1.28775, 0.0], [111.30884, -1.276, 0.0], [111.31758, -1.26606, 0.0], [111.31601, -1.25743, 0.0], [111.27074, -1.25798, 0.0], [111.26734, -1.25269, 0.0], [111.25539, -1.24973, 0.0], [111.26242, -1.21496, 0.0], [111.24661, -1.19352, 0.0], [111.23253, -1.18983, 0.0], [111.23908, -1.17383, 0.0], [111.24815, -1.16705, 0.0], [111.24524, -1.16148, 0.0], [111.2585, -1.12814, 0.0], [111.25349, -1.11861, 0.0], [111.26219, -1.09861, 0.0], [111.24875, -1.08603, 0.0], [111.23979, -1.05686, 0.0], [111.21602, -1.05706, 0.0], [111.21693, -1.04741, 0.0], [111.20402, -1.0378, 0.0], [111.19827, -1.01974, 0.0], [111.18244, -1.01802, 0.0], [111.17643, -1.01044, 0.0], [111.15526, -1.01289, 0.0], [111.14467, -1.00725, 0.0], [111.14371, -0.98516, 0.0], [111.15061, -0.96493, 0.0], [111.1287, -0.96028, 0.0], [111.1222, -0.96336, 0.0], [111.11409, -0.95189, 0.0], [111.12188, -0.93097, 0.0], [111.16702, -0.91128, 0.0], [111.16675, -0.88727, 0.0], [111.16054, -0.88362, 0.0], [111.15173, -0.86502, 0.0], [111.1613, -0.84585, 0.0], [111.17215, -0.84834, 0.0], [111.17609, -0.8316, 0.0], [111.18726, -0.82261, 0.0], [111.19821, -0.83936, 0.0], [111.20581, -0.842, 0.0], [111.20617, -0.85207, 0.0], [111.21494, -0.8564, 0.0], [111.21822, -0.84279, 0.0], [111.21045, -0.83151, 0.0], [111.21495, -0.82325, 0.0], [111.20555, -0.81465, 0.0], [111.20728, -0.78227, 0.0], [111.2237, -0.75409, 0.0], [111.24378, -0.73533, 0.0], [111.23624, -0.73285, 0.0], [111.24268, -0.71816, 0.0], [111.24143, -0.69268, 0.0], [111.21595, -0.65848, 0.0], [111.21446, -0.64733, 0.0], [111.21625, -0.63579, 0.0], [111.23449, -0.63276, 0.0], [111.24055, -0.62336, 0.0], [111.23475, -0.61448, 0.0], [111.23414, -0.59936, 0.0], [111.23907, -0.59824, 0.0], [111.23967, -0.5916, 0.0], [111.22241, -0.56195, 0.0], [111.22063, -0.54309, 0.0], [111.21318, -0.53099, 0.0], [111.19769, -0.5225, 0.0], [111.19285, -0.50982, 0.0], [111.18522, -0.51528, 0.0], [111.18518, -0.5106, 0.0], [111.19622, -0.50539, 0.0], [111.20332, -0.5107, 0.0], [111.20224, -0.49594, 0.0], [111.20913, -0.49958, 0.0], [111.22187, -0.47615, 0.0], [111.24155, -0.46862, 0.0], [111.2395, -0.45529, 0.0], [111.26067, -0.43537, 0.0], [111.29731, -0.42302, 0.0], [111.31251, -0.41408, 0.0], [111.3072, -0.40807, 0.0], [111.31756, -0.39883, 0.0], [111.33776, -0.38754, 0.0], [111.34359, -0.39079, 0.0], [111.35533, -0.38399, 0.0], [111.35762, -0.37904, 0.0], [111.35347, -0.37677, 0.0], [111.3675, -0.35905, 0.0], [111.37453, -0.36038, 0.0], [111.38121, -0.35242, 0.0], [111.39159, -0.34969, 0.0], [111.43082, -0.36627, 0.0], [111.43626, -0.35754, 0.0], [111.46853, -0.34601, 0.0], [111.47603, -0.32917, 0.0], [111.49502, -0.32199, 0.0], [111.49303, -0.29323, 0.0], [111.47921, -0.29295, 0.0], [111.47924, -0.27275, 0.0], [111.48046, -0.2569, 0.0], [111.48821, -0.25701, 0.0], [111.48901, -0.24508, 0.0], [111.49805, -0.24581, 0.0], [111.49806, -0.23362, 0.0], [111.50351, -0.2308, 0.0], [111.51644, -0.23426, 0.0], [111.51669, -0.2286, 0.0], [111.52871, -0.2279, 0.0], [111.53184, -0.23423, 0.0], [111.5415, -0.23485, 0.0], [111.5474, -0.21604, 0.0], [111.56574, -0.20893, 0.0], [111.56585, -0.20261, 0.0], [111.56977, -0.20888, 0.0], [111.57298, -0.2041, 0.0], [111.59067, -0.20314, 0.0], [111.61755, -0.17899, 0.0], [111.63075, -0.18032, 0.0], [111.63943, -0.16857, 0.0], [111.6619, -0.16463, 0.0], [111.67879, -0.14325, 0.0], [111.685, -0.14185, 0.0], [111.68515, -0.1314, 0.0], [111.70229, -0.12754, 0.0]]]}}, {"type": "Feature", "id": 6171, "properties": {"WADMKK": "Mempawah", "WADMPR": "Kalimantan Barat", "LUASWH": 1934.82746422, "kode_wilayah": 6171, "nama_resmi": "Kota Pontianak", "tipe": "Kabupaten", "provinsi": "Kalimantan Barat", "pulau": "Kalimantan", "parlemen": 8.57, "pendapatan": 34.62, "pengeluaran": 9163.0, "ahh": 73.92, "profesional": 52.13, "tpak": 56.54, "rls": 7.21, "hls": 12.9, "skor_ekonomi": 36.01, "skor_keputusan": 41.12, "skor_kapasitas_sosial": 53.34, "ikpp_komposit": 41.52, "kuadran": "Kuadran IV (Ekonomi Tinggi, Keputusan Rendah)", "lisa_cluster_keputusan": "Not Significant", "lisa_cluster_ekonomi": "Not Significant", "pc1": -0.943, "pc2": -0.033, "lat": -0.022, "lon": 109.338}, "geometry": {"type": "MultiPolygon", "coordinates": [[[[109.15233, 0.68057, 0.0], [109.16018, 0.67879, 0.0], [109.16676, 0.66699, 0.0], [109.17401, 0.66408, 0.0], [109.18761, 0.66505, 0.0], [109.19559, 0.67085, 0.0], [109.20374, 0.66661, 0.0], [109.2505, 0.66774, 0.0], [109.25736, 0.65995, 0.0], [109.25718, 0.65031, 0.0], [109.27577, 0.6437, 0.0], [109.28368, 0.62537, 0.0], [109.2746, 0.62457, 0.0], [109.27588, 0.61721, 0.0], [109.25993, 0.61066, 0.0], [109.25277, 0.57673, 0.0], [109.23458, 0.55545, 0.0], [109.23895, 0.54082, 0.0], [109.23483, 0.53901, 0.0], [109.23181, 0.51822, 0.0], [109.22166, 0.51645, 0.0], [109.22357, 0.50803, 0.0], [109.21385, 0.50684, 0.0], [109.20525, 0.49866, 0.0], [109.20833, 0.46541, 0.0], [109.21161, 0.46089, 0.0], [109.22046, 0.4617, 0.0], [109.22702, 0.46536, 0.0], [109.22334, 0.47004, 0.0], [109.23814, 0.47382, 0.0], [109.2477, 0.45323, 0.0], [109.27105, 0.45562, 0.0], [109.27375, 0.43891, 0.0], [109.30113, 0.4156, 0.0], [109.30304, 0.38726, 0.0], [109.31105, 0.37699, 0.0], [109.3222, 0.37616, 0.0], [109.31063, 0.36011, 0.0], [109.27098, 0.33318, 0.0], [109.26221, 0.33488, 0.0], [109.24114, 0.3262, 0.0], [109.22517, 0.32951, 0.0], [109.20707, 0.32269, 0.0], [109.20897, 0.31613, 0.0], [109.20414, 0.30686, 0.0], [109.1763, 0.28242, 0.0], [109.17253, 0.26417, 0.0], [109.17943, 0.24638, 0.0], [109.24367, 0.24593, 0.0], [109.2493, 0.24169, 0.0], [109.24554, 0.2303, 0.0], [109.25283, 0.22838, 0.0], [109.26227, 0.23916, 0.0], [109.28367, 0.23708, 0.0], [109.29201, 0.24962, 0.0], [109.29516, 0.23903, 0.0], [109.3101, 0.23956, 0.0], [109.32029, 0.24642, 0.0], [109.35327, 0.21549, 0.0], [109.36783, 0.19667, 0.0], [109.37006, 0.0989, 0.0], [109.37991, 0.0786, 0.0], [109.38054, 0.0484, 0.0], [109.36425, 0.04271, 0.0], [109.37027, 0.02183, 0.0], [109.30874, 0.03812, 0.0], [109.29833, 0.03095, 0.0], [109.28724, 0.0059, 0.0], [109.26033, 0.017, 0.0], [109.21913, 0.0184, 0.0], [109.17817, 0.03399, 0.0], [109.17788, 0.0467, 0.0], [109.18874, 0.0477, 0.0], [109.19425, 0.06103, 0.0], [109.17586, 0.07419, 0.0], [109.15867, 0.10636, 0.0], [109.13917, 0.12249, 0.0], [109.13256, 0.1428, 0.0], [109.13466, 0.16376, 0.0], [109.12829, 0.18908, 0.0], [109.09964, 0.23738, 0.0], [109.03448, 0.28888, 0.0], [108.99344, 0.30697, 0.0], [108.93347, 0.32114, 0.0], [108.91902, 0.32978, 0.0], [108.91405, 0.34215, 0.0], [108.91338, 0.35166, 0.0], [108.91719, 0.34834, 0.0], [108.92783, 0.3541, 0.0], [108.92586, 0.35717, 0.0], [108.94105, 0.37347, 0.0], [108.94652, 0.40974, 0.0], [108.93899, 0.44919, 0.0], [108.90832, 0.47956, 0.0], [108.90603, 0.50639, 0.0], [108.92679, 0.56225, 0.0], [108.93153, 0.54712, 0.0], [108.95014, 0.54073, 0.0], [108.95451, 0.52893, 0.0], [108.97035, 0.53261, 0.0], [108.99053, 0.55483, 0.0], [108.99331, 0.54508, 0.0], [108.99854, 0.54267, 0.0], [109.00789, 0.56245, 0.0], [109.0305, 0.57006, 0.0], [109.03044, 0.57637, 0.0], [109.0464, 0.57492, 0.0], [109.06242, 0.58646, 0.0], [109.08307, 0.59087, 0.0], [109.08676, 0.59919, 0.0], [109.11601, 0.62499, 0.0], [109.11483, 0.63198, 0.0], [109.12005, 0.63769, 0.0], [109.13635, 0.64033, 0.0], [109.14351, 0.6463, 0.0], [109.15233, 0.68057, 0.0]]], [[[108.85831, 0.51772, 0.0], [108.86121, 0.51388, 0.0], [108.85745, 0.5047, 0.0], [108.86416, 0.48785, 0.0], [108.85811, 0.4763, 0.0], [108.85465, 0.48764, 0.0], [108.83781, 0.49992, 0.0], [108.83849, 0.50531, 0.0], [108.84895, 0.5058, 0.0], [108.8501, 0.5145, 0.0], [108.85641, 0.51163, 0.0], [108.85831, 0.51772, 0.0]]], [[[108.60759, 0.14079, 0.0], [108.6115, 0.12639, 0.0], [108.60083, 0.11976, 0.0], [108.60022, 0.13029, 0.0], [108.60759, 0.14079, 0.0]]], [[[108.74319, 0.37613, 0.0], [108.7456, 0.36894, 0.0], [108.74286, 0.36293, 0.0], [108.74105, 0.36796, 0.0], [108.74319, 0.37613, 0.0]]], [[[108.93587, 0.40186, 0.0], [108.9381, 0.40341, 0.0], [108.93916, 0.40184, 0.0], [108.93587, 0.40186, 0.0]]], [[[108.78231, 0.40749, 0.0], [108.78324, 0.40683, 0.0], [108.78254, 0.40667, 0.0], [108.78231, 0.40749, 0.0]]]]}}, {"type": "Feature", "id": 6213, "properties": {"WADMKK": "Murung Raya", "WADMPR": "Kalimantan Tengah", "LUASWH": 23575.3282649, "kode_wilayah": 6213, "nama_resmi": "Kabupaten Murung Raya", "tipe": "Kabupaten", "provinsi": "Kalimantan Tengah", "pulau": "Kalimantan", "parlemen": 17.39, "pendapatan": 29.38, "pengeluaran": 11503.0, "ahh": 72.06, "profesional": 39.97, "tpak": 37.92, "rls": 7.94, "hls": 12.05, "skor_ekonomi": 19.42, "skor_keputusan": 41.0, "skor_kapasitas_sosial": 53.18, "ikpp_komposit": 34.8, "kuadran": "Kuadran III (Ekonomi Rendah, Keputusan Rendah)", "lisa_cluster_keputusan": "Low-High (Spatial Outlier)", "lisa_cluster_ekonomi": "Not Significant", "pc1": -0.221, "pc2": -1.679, "lat": -2.115, "lon": 115.169}, "geometry": {"type": "Polygon", "coordinates": [[[114.92558, 0.77174, 0.0], [114.9416, 0.7742, 0.0], [114.94627, 0.76402, 0.0], [114.95577, 0.76182, 0.0], [114.98556, 0.73166, 0.0], [114.99597, 0.69822, 0.0], [115.01354, 0.59934, 0.0], [115.04782, 0.54085, 0.0], [115.06652, 0.52349, 0.0], [115.09162, 0.48038, 0.0], [115.07719, 0.46982, 0.0], [115.08829, 0.4643, 0.0], [115.09143, 0.45296, 0.0], [115.09789, 0.45265, 0.0], [115.10861, 0.4419, 0.0], [115.11674, 0.44856, 0.0], [115.13739, 0.42549, 0.0], [115.12932, 0.37441, 0.0], [115.12523, 0.37013, 0.0], [115.12123, 0.37256, 0.0], [115.08419, 0.34218, 0.0], [115.07774, 0.33071, 0.0], [115.06493, 0.32503, 0.0], [115.04762, 0.29828, 0.0], [115.03955, 0.29919, 0.0], [115.03713, 0.31452, 0.0], [115.02287, 0.33035, 0.0], [115.0017, 0.32745, 0.0], [114.9898, 0.33454, 0.0], [114.95435, 0.32008, 0.0], [114.94956, 0.33239, 0.0], [114.94159, 0.33325, 0.0], [114.90259, 0.31772, 0.0], [114.88486, 0.29687, 0.0], [114.8843, 0.27849, 0.0], [114.86289, 0.27509, 0.0], [114.84491, 0.24303, 0.0], [114.81964, 0.23671, 0.0], [114.83156, 0.21723, 0.0], [114.82697, 0.20926, 0.0], [114.82975, 0.19161, 0.0], [114.81477, 0.17946, 0.0], [114.80594, 0.17941, 0.0], [114.80128, 0.1699, 0.0], [114.79168, 0.16853, 0.0], [114.76245, 0.14637, 0.0], [114.75839, 0.13515, 0.0], [114.77111, 0.11984, 0.0], [114.75925, 0.11573, 0.0], [114.7578, 0.10862, 0.0], [114.74926, 0.11017, 0.0], [114.74698, 0.09378, 0.0], [114.72519, 0.07939, 0.0], [114.70671, 0.08444, 0.0], [114.71835, 0.0535, 0.0], [114.73098, 0.04567, 0.0], [114.73734, 0.03104, 0.0], [114.74547, 0.03468, 0.0], [114.79527, 0.0114, 0.0], [114.79585, 0.00094, 0.0], [114.81119, -0.00716, 0.0], [114.82159, -0.02301, 0.0], [114.82381, -0.0362, 0.0], [114.83736, -0.04646, 0.0], [114.8761, -0.01535, 0.0], [114.89768, -0.03168, 0.0], [114.90992, -0.06092, 0.0], [114.90476, -0.07368, 0.0], [114.90809, -0.09187, 0.0], [114.92103, -0.10033, 0.0], [114.92331, -0.11519, 0.0], [114.91642, -0.1364, 0.0], [114.92163, -0.13869, 0.0], [114.92903, -0.16537, 0.0], [114.92213, -0.18168, 0.0], [114.93065, -0.19216, 0.0], [114.92282, -0.19225, 0.0], [114.91695, -0.2043, 0.0], [114.92413, -0.21747, 0.0], [114.92041, -0.23338, 0.0], [114.94556, -0.24713, 0.0], [114.95363, -0.24483, 0.0], [114.9597, -0.26374, 0.0], [114.97109, -0.27262, 0.0], [114.99567, -0.27338, 0.0], [115.01303, -0.26619, 0.0], [115.03822, -0.32577, 0.0], [115.03875, -0.33808, 0.0], [115.02892, -0.34817, 0.0], [115.01412, -0.35354, 0.0], [115.00809, -0.36415, 0.0], [115.00731, -0.37332, 0.0], [115.02028, -0.39218, 0.0], [115.0132, -0.40266, 0.0], [115.02117, -0.41323, 0.0], [115.0153, -0.42401, 0.0], [115.01111, -0.46318, 0.0], [115.01988, -0.49292, 0.0], [115.01884, -0.50117, 0.0], [115.00023, -0.51689, 0.0], [115.01006, -0.52383, 0.0], [114.99963, -0.54501, 0.0], [114.99971, -0.55684, 0.0], [114.99395, -0.563, 0.0], [114.98243, -0.56523, 0.0], [114.9777, -0.5888, 0.0], [114.96356, -0.59483, 0.0], [114.94798, -0.61291, 0.0], [114.93845, -0.61051, 0.0], [114.92302, -0.61723, 0.0], [114.92835, -0.63717, 0.0], [114.92132, -0.64069, 0.0], [114.90213, -0.66857, 0.0], [114.88864, -0.6763, 0.0], [114.87292, -0.71259, 0.0], [114.8561, -0.71812, 0.0], [114.83453, -0.73439, 0.0], [114.83015, -0.74331, 0.0], [114.81515, -0.74732, 0.0], [114.80559, -0.74368, 0.0], [114.80061, -0.75029, 0.0], [114.7898, -0.75063, 0.0], [114.78793, -0.76238, 0.0], [114.79205, -0.76379, 0.0], [114.78009, -0.76477, 0.0], [114.77823, -0.76897, 0.0], [114.76488, -0.75839, 0.0], [114.73653, -0.76833, 0.0], [114.73106, -0.78471, 0.0], [114.70864, -0.80222, 0.0], [114.65343, -0.85987, 0.0], [114.636, -0.8627, 0.0], [114.52808, -0.84969, 0.0], [114.46833, -0.83442, 0.0], [114.39322, -0.83589, 0.0], [114.36372, -0.85572, 0.0], [114.27583, -0.86475, 0.0], [114.23425, -0.85997, 0.0], [114.21786, -0.83794, 0.0], [114.219, -0.80875, 0.0], [114.17344, -0.81164, 0.0], [114.15297, -0.79572, 0.0], [114.121, -0.72953, 0.0], [114.11367, -0.68231, 0.0], [114.09575, -0.62922, 0.0], [114.063, -0.57727, 0.0], [114.07831, -0.55208, 0.0], [114.0594, -0.53475, 0.0], [114.05186, -0.53314, 0.0], [114.04636, -0.52362, 0.0], [114.0471, -0.50973, 0.0], [114.03867, -0.50675, 0.0], [114.03432, -0.4921, 0.0], [114.01487, -0.47921, 0.0], [114.01478, -0.45437, 0.0], [114.00384, -0.44646, 0.0], [114.00952, -0.42225, 0.0], [114.00018, -0.39664, 0.0], [113.99167, -0.39254, 0.0], [113.98685, -0.38257, 0.0], [113.96123, -0.39796, 0.0], [113.95316, -0.39277, 0.0], [113.9379, -0.39456, 0.0], [113.93852, -0.40096, 0.0], [113.92766, -0.41176, 0.0], [113.92847, -0.43437, 0.0], [113.91955, -0.43577, 0.0], [113.91681, -0.44108, 0.0], [113.9221, -0.46692, 0.0], [113.90003, -0.46757, 0.0], [113.88327, -0.45961, 0.0], [113.88094, -0.45151, 0.0], [113.85232, -0.44467, 0.0], [113.84185, -0.45026, 0.0], [113.823, -0.44931, 0.0], [113.81462, -0.46272, 0.0], [113.80164, -0.4655, 0.0], [113.78778, -0.46104, 0.0], [113.76, -0.48166, 0.0], [113.75105, -0.45439, 0.0], [113.71759, -0.41858, 0.0], [113.73332, -0.40525, 0.0], [113.72188, -0.38584, 0.0], [113.71522, -0.38487, 0.0], [113.70873, -0.3765, 0.0], [113.69655, -0.38243, 0.0], [113.68064, -0.36863, 0.0], [113.64996, -0.36328, 0.0], [113.63219, -0.34519, 0.0], [113.61603, -0.34932, 0.0], [113.58292, -0.37201, 0.0], [113.58201, -0.39136, 0.0], [113.54019, -0.3759, 0.0], [113.51455, -0.38642, 0.0], [113.50019, -0.37876, 0.0], [113.4937, -0.38435, 0.0], [113.47928, -0.37772, 0.0], [113.46824, -0.38058, 0.0], [113.46746, -0.36084, 0.0], [113.47876, -0.36097, 0.0], [113.49153, -0.31288, 0.0], [113.48432, -0.30793, 0.0], [113.47754, -0.3131, 0.0], [113.45487, -0.30889, 0.0], [113.4528, -0.29882, 0.0], [113.44376, -0.29082, 0.0], [113.42942, -0.3034, 0.0], [113.4185, -0.3006, 0.0], [113.41553, -0.30373, 0.0], [113.41616, -0.31577, 0.0], [113.40719, -0.32615, 0.0], [113.40179, -0.35358, 0.0], [113.3739, -0.37807, 0.0], [113.36085, -0.37758, 0.0], [113.333, -0.39587, 0.0], [113.30215, -0.39472, 0.0], [113.23908, -0.37781, 0.0], [113.22132, -0.34816, 0.0], [113.22025, -0.33428, 0.0], [113.24361, -0.30392, 0.0], [113.25218, -0.30408, 0.0], [113.25995, -0.29336, 0.0], [113.25745, -0.28168, 0.0], [113.26278, -0.28345, 0.0], [113.28424, -0.26221, 0.0], [113.30544, -0.25415, 0.0], [113.29704, -0.23941, 0.0], [113.30254, -0.23766, 0.0], [113.30169, -0.23013, 0.0], [113.28749, -0.22344, 0.0], [113.29229, -0.20593, 0.0], [113.32369, -0.16831, 0.0], [113.33021, -0.15164, 0.0], [113.35447, -0.14114, 0.0], [113.35648, -0.13638, 0.0], [113.38528, -0.1319, 0.0], [113.39397, -0.12647, 0.0], [113.40071, -0.11052, 0.0], [113.4157, -0.11387, 0.0], [113.42248, -0.11047, 0.0], [113.4182, -0.1017, 0.0], [113.41991, -0.09166, 0.0], [113.44378, -0.06129, 0.0], [113.44153, -0.05407, 0.0], [113.41568, -0.04778, 0.0], [113.41759, -0.03728, 0.0], [113.42955, -0.02546, 0.0], [113.42603, -0.00985, 0.0], [113.43275, 0.00921, 0.0], [113.41784, 0.01298, 0.0], [113.41731, 0.01866, 0.0], [113.39577, 0.03435, 0.0], [113.39474, 0.04529, 0.0], [113.40252, 0.04608, 0.0], [113.4052, 0.06422, 0.0], [113.39327, 0.0833, 0.0], [113.40399, 0.08968, 0.0], [113.40383, 0.09587, 0.0], [113.41296, 0.10417, 0.0], [113.41421, 0.11566, 0.0], [113.3917, 0.14063, 0.0], [113.37376, 0.14259, 0.0], [113.36741, 0.15258, 0.0], [113.30943, 0.17382, 0.0], [113.29428, 0.20707, 0.0], [113.27367, 0.21903, 0.0], [113.27367, 0.22567, 0.0], [113.26179, 0.23005, 0.0], [113.27532, 0.23536, 0.0], [113.28666, 0.24897, 0.0], [113.30524, 0.25458, 0.0], [113.31761, 0.26795, 0.0], [113.34996, 0.26617, 0.0], [113.35926, 0.27638, 0.0], [113.36095, 0.27247, 0.0], [113.40731, 0.25896, 0.0], [113.41476, 0.2647, 0.0], [113.44226, 0.25982, 0.0], [113.49275, 0.30241, 0.0], [113.50077, 0.29967, 0.0], [113.5062, 0.30495, 0.0], [113.5135, 0.3045, 0.0], [113.52029, 0.31347, 0.0], [113.54392, 0.32469, 0.0], [113.55333, 0.33307, 0.0], [113.55664, 0.35196, 0.0], [113.56582, 0.35839, 0.0], [113.58664, 0.36175, 0.0], [113.58153, 0.39844, 0.0], [113.61786, 0.41298, 0.0], [113.62878, 0.41313, 0.0], [113.6325, 0.42397, 0.0], [113.65492, 0.43958, 0.0], [113.64724, 0.45657, 0.0], [113.65571, 0.46125, 0.0], [113.65395, 0.46925, 0.0], [113.66396, 0.49447, 0.0], [113.68532, 0.49947, 0.0], [113.69294, 0.51761, 0.0], [113.71484, 0.52631, 0.0], [113.71964, 0.53621, 0.0], [113.73779, 0.53894, 0.0], [113.73871, 0.54461, 0.0], [113.75184, 0.5532, 0.0], [113.748, 0.55709, 0.0], [113.75526, 0.57001, 0.0], [113.79749, 0.59494, 0.0], [113.81281, 0.57697, 0.0], [113.82609, 0.57851, 0.0], [113.83822, 0.60198, 0.0], [113.85113, 0.60834, 0.0], [113.8486, 0.61462, 0.0], [113.83418, 0.6217, 0.0], [113.83453, 0.63309, 0.0], [113.8216, 0.64172, 0.0], [113.82608, 0.6486, 0.0], [113.83688, 0.64835, 0.0], [113.84609, 0.66048, 0.0], [113.85346, 0.65459, 0.0], [113.92129, 0.644, 0.0], [113.94189, 0.65283, 0.0], [113.96172, 0.64816, 0.0], [113.975, 0.66072, 0.0], [114.00394, 0.64107, 0.0], [114.02342, 0.66722, 0.0], [114.04595, 0.66792, 0.0], [114.06945, 0.68289, 0.0], [114.06945, 0.69017, 0.0], [114.08143, 0.68931, 0.0], [114.09086, 0.69828, 0.0], [114.10132, 0.69383, 0.0], [114.12309, 0.69536, 0.0], [114.12954, 0.68793, 0.0], [114.158, 0.67774, 0.0], [114.16536, 0.66278, 0.0], [114.16152, 0.65459, 0.0], [114.1643, 0.64853, 0.0], [114.17797, 0.63667, 0.0], [114.17666, 0.61037, 0.0], [114.1465, 0.59468, 0.0], [114.1472, 0.5864, 0.0], [114.19468, 0.58235, 0.0], [114.20308, 0.54007, 0.0], [114.21986, 0.52929, 0.0], [114.24384, 0.52258, 0.0], [114.25461, 0.53168, 0.0], [114.26657, 0.52777, 0.0], [114.29194, 0.5366, 0.0], [114.29962, 0.53256, 0.0], [114.32307, 0.53792, 0.0], [114.3641, 0.53024, 0.0], [114.36627, 0.53724, 0.0], [114.35871, 0.54799, 0.0], [114.37088, 0.55874, 0.0], [114.43031, 0.54162, 0.0], [114.45994, 0.55618, 0.0], [114.46338, 0.56507, 0.0], [114.48895, 0.57003, 0.0], [114.5123, 0.56164, 0.0], [114.52446, 0.56279, 0.0], [114.54565, 0.58519, 0.0], [114.54686, 0.59964, 0.0], [114.5406, 0.62036, 0.0], [114.54587, 0.63056, 0.0], [114.56681, 0.62445, 0.0], [114.58505, 0.63196, 0.0], [114.59788, 0.63178, 0.0], [114.60992, 0.64505, 0.0], [114.63793, 0.66058, 0.0], [114.63943, 0.67142, 0.0], [114.65198, 0.67472, 0.0], [114.66237, 0.70273, 0.0], [114.67965, 0.70238, 0.0], [114.68977, 0.70753, 0.0], [114.70146, 0.70151, 0.0], [114.71612, 0.70124, 0.0], [114.76098, 0.7317, 0.0], [114.78681, 0.73039, 0.0], [114.79358, 0.74134, 0.0], [114.80601, 0.74086, 0.0], [114.81281, 0.75064, 0.0], [114.82991, 0.75519, 0.0], [114.85276, 0.74039, 0.0], [114.87225, 0.74107, 0.0], [114.91081, 0.77036, 0.0], [114.9085, 0.79065, 0.0], [114.92428, 0.77934, 0.0], [114.92558, 0.77174, 0.0]]]}}, {"type": "Feature", "id": 6504, "properties": {"WADMKK": "Nunukan", "WADMPR": "Kalimantan Utara", "LUASWH": 13549.8681983, "kode_wilayah": 6504, "nama_resmi": "Kabupaten Nunukan", "tipe": "Kabupaten", "provinsi": "Kalimantan Utara", "pulau": "Kalimantan", "parlemen": 23.33, "pendapatan": 26.88, "pengeluaran": 12409.0, "ahh": 73.02, "profesional": 43.94, "tpak": 45.18, "rls": 8.65, "hls": 12.61, "skor_ekonomi": 21.55, "skor_keputusan": 49.06, "skor_kapasitas_sosial": 57.93, "ikpp_komposit": 39.83, "kuadran": "Kuadran II (Ekonomi Rendah, Keputusan Tinggi)", "lisa_cluster_keputusan": "Not Significant", "lisa_cluster_ekonomi": "Low-Low (Coldspot)", "pc1": 0.514, "pc2": -1.502, "lat": 3.602, "lon": 116.903}, "geometry": {"type": "MultiPolygon", "coordinates": [[[[116.56881, 4.40844, 0.0], [116.588, 4.37435, 0.0], [116.59752, 4.37323, 0.0], [116.60498, 4.37985, 0.0], [116.61382, 4.37732, 0.0], [116.61954, 4.35868, 0.0], [116.6186, 4.3399, 0.0], [116.6306, 4.33571, 0.0], [116.64519, 4.33984, 0.0], [116.65333, 4.33689, 0.0], [116.65845, 4.34853, 0.0], [116.66731, 4.35254, 0.0], [116.70267, 4.33422, 0.0], [116.73373, 4.3533, 0.0], [116.74101, 4.36721, 0.0], [116.74062, 4.38242, 0.0], [116.75172, 4.39074, 0.0], [116.78316, 4.35906, 0.0], [116.78468, 4.34244, 0.0], [116.79683, 4.33875, 0.0], [116.80544, 4.35024, 0.0], [116.81572, 4.35048, 0.0], [116.82085, 4.33669, 0.0], [116.83493, 4.32616, 0.0], [116.84264, 4.32595, 0.0], [116.85054, 4.33951, 0.0], [116.86779, 4.33667, 0.0], [116.87715, 4.34766, 0.0], [116.88767, 4.34926, 0.0], [116.90095, 4.36637, 0.0], [116.91116, 4.36877, 0.0], [116.93934, 4.35628, 0.0], [116.9449, 4.35924, 0.0], [116.95523, 4.35609, 0.0], [116.96843, 4.33707, 0.0], [116.97423, 4.34355, 0.0], [116.9914, 4.34128, 0.0], [117.00803, 4.34667, 0.0], [117.00625, 4.32103, 0.0], [117.02087, 4.31895, 0.0], [117.03109, 4.34102, 0.0], [117.04288, 4.34723, 0.0], [117.07544, 4.33555, 0.0], [117.10753, 4.33246, 0.0], [117.13324, 4.34506, 0.0], [117.1417, 4.34309, 0.0], [117.14488, 4.34671, 0.0], [117.14203, 4.35123, 0.0], [117.15373, 4.35372, 0.0], [117.16235, 4.34511, 0.0], [117.16688, 4.34607, 0.0], [117.16428, 4.34404, 0.0], [117.1691, 4.33745, 0.0], [117.19971, 4.3352, 0.0], [117.22702, 4.36949, 0.0], [117.24754, 4.37401, 0.0], [117.24981, 4.36475, 0.0], [117.2656, 4.35619, 0.0], [117.28461, 4.33374, 0.0], [117.28554, 4.32292, 0.0], [117.29642, 4.30997, 0.0], [117.30847, 4.3094, 0.0], [117.31128, 4.2993, 0.0], [117.32207, 4.30344, 0.0], [117.34232, 4.28986, 0.0], [117.37158, 4.28614, 0.0], [117.37322, 4.27316, 0.0], [117.38657, 4.25793, 0.0], [117.39674, 4.2586, 0.0], [117.41202, 4.24966, 0.0], [117.41128, 4.23724, 0.0], [117.42729, 4.23243, 0.0], [117.42651, 4.21569, 0.0], [117.43895, 4.20786, 0.0], [117.44267, 4.19171, 0.0], [117.44958, 4.19088, 0.0], [117.45774, 4.17804, 0.0], [117.4772, 4.16928, 0.0], [117.48926, 4.17484, 0.0], [117.50025, 4.1691, 0.0], [117.50774, 4.17071, 0.0], [117.52982, 4.15992, 0.0], [117.52661, 4.1573, 0.0], [117.52393, 4.15062, 0.0], [117.51699, 4.14623, 0.0], [117.51616, 4.14437, 0.0], [117.51612, 4.1417, 0.0], [117.52066, 4.13761, 0.0], [117.51912, 4.13362, 0.0], [117.51038, 4.1336, 0.0], [117.51071, 4.14142, 0.0], [117.51008, 4.14347, 0.0], [117.50844, 4.14404, 0.0], [117.50645, 4.14441, 0.0], [117.50521, 4.14409, 0.0], [117.50428, 4.14352, 0.0], [117.50263, 4.14086, 0.0], [117.50298, 4.14298, 0.0], [117.49962, 4.136, 0.0], [117.49531, 4.13961, 0.0], [117.48995, 4.11325, 0.0], [117.4848, 4.10965, 0.0], [117.41591, 4.14058, 0.0], [117.41891, 4.14699, 0.0], [117.39482, 4.14551, 0.0], [117.39116, 4.13555, 0.0], [117.40927, 4.12599, 0.0], [117.41911, 4.11291, 0.0], [117.41303, 4.10746, 0.0], [117.41844, 4.09418, 0.0], [117.46791, 4.08271, 0.0], [117.47372, 4.07042, 0.0], [117.46618, 4.04992, 0.0], [117.46072, 4.04468, 0.0], [117.45479, 4.04572, 0.0], [117.43786, 4.01332, 0.0], [117.41494, 4.02937, 0.0], [117.38289, 4.0367, 0.0], [117.36778, 4.03107, 0.0], [117.36513, 4.01425, 0.0], [117.37654, 4.015, 0.0], [117.37572, 4.0262, 0.0], [117.38554, 4.0269, 0.0], [117.412, 4.01919, 0.0], [117.42857, 4.00531, 0.0], [117.43955, 4.00437, 0.0], [117.44683, 3.98931, 0.0], [117.45441, 3.9867, 0.0], [117.45584, 3.96965, 0.0], [117.46403, 3.95936, 0.0], [117.45496, 3.92963, 0.0], [117.49043, 3.91269, 0.0], [117.5053, 3.91424, 0.0], [117.52631, 3.92481, 0.0], [117.54177, 3.92202, 0.0], [117.56254, 3.91213, 0.0], [117.58185, 3.88513, 0.0], [117.59833, 3.87605, 0.0], [117.61959, 3.87348, 0.0], [117.67246, 3.87767, 0.0], [117.69797, 3.86469, 0.0], [117.71962, 3.84117, 0.0], [117.73381, 3.83646, 0.0], [117.7313, 3.81552, 0.0], [117.70979, 3.8205, 0.0], [117.70677, 3.81558, 0.0], [117.69582, 3.81536, 0.0], [117.69178, 3.80703, 0.0], [117.68382, 3.80501, 0.0], [117.68975, 3.79914, 0.0], [117.69445, 3.80002, 0.0], [117.69098, 3.79618, 0.0], [117.69174, 3.79359, 0.0], [117.69378, 3.79333, 0.0], [117.69711, 3.79565, 0.0], [117.69851, 3.79504, 0.0], [117.69412, 3.79051, 0.0], [117.69646, 3.78844, 0.0], [117.69977, 3.79097, 0.0], [117.70091, 3.78721, 0.0], [117.70405, 3.78167, 0.0], [117.70246, 3.78095, 0.0], [117.69797, 3.7831, 0.0], [117.69605, 3.78311, 0.0], [117.69547, 3.78154, 0.0], [117.69643, 3.77792, 0.0], [117.69755, 3.77741, 0.0], [117.70628, 3.77965, 0.0], [117.70779, 3.77915, 0.0], [117.70396, 3.77653, 0.0], [117.70273, 3.77346, 0.0], [117.66463, 3.78825, 0.0], [117.65687, 3.78459, 0.0], [117.65123, 3.77154, 0.0], [117.62848, 3.78112, 0.0], [117.60073, 3.77491, 0.0], [117.60065, 3.7926, 0.0], [117.59565, 3.79729, 0.0], [117.57813, 3.78153, 0.0], [117.55637, 3.78481, 0.0], [117.53136, 3.76752, 0.0], [117.52144, 3.77657, 0.0], [117.50082, 3.76622, 0.0], [117.50004, 3.77508, 0.0], [117.4961, 3.77566, 0.0], [117.47326, 3.75813, 0.0], [117.48344, 3.74392, 0.0], [117.48064, 3.72722, 0.0], [117.48791, 3.72221, 0.0], [117.44322, 3.70133, 0.0], [117.43709, 3.69075, 0.0], [117.43104, 3.68964, 0.0], [117.42274, 3.69508, 0.0], [117.40266, 3.69633, 0.0], [117.39188, 3.70966, 0.0], [117.35742, 3.71483, 0.0], [117.33361, 3.71292, 0.0], [117.31299, 3.72116, 0.0], [117.29059, 3.7188, 0.0], [117.26151, 3.73328, 0.0], [117.24889, 3.73064, 0.0], [117.23365, 3.75002, 0.0], [117.236, 3.76379, 0.0], [117.21726, 3.76867, 0.0], [117.18135, 3.74904, 0.0], [117.13795, 3.75357, 0.0], [117.04323, 3.7348, 0.0], [116.9684, 3.73723, 0.0], [116.94417, 3.75033, 0.0], [116.91358, 3.73647, 0.0], [116.88118, 3.73162, 0.0], [116.83341, 3.69389, 0.0], [116.77731, 3.69063, 0.0], [116.76132, 3.69512, 0.0], [116.74261, 3.68132, 0.0], [116.73129, 3.6829, 0.0], [116.71806, 3.69926, 0.0], [116.69567, 3.7019, 0.0], [116.68941, 3.71861, 0.0], [116.68317, 3.71937, 0.0], [116.67797, 3.73494, 0.0], [116.67265, 3.73831, 0.0], [116.68166, 3.74879, 0.0], [116.67463, 3.75158, 0.0], [116.66335, 3.77607, 0.0], [116.64585, 3.78466, 0.0], [116.64327, 3.79821, 0.0], [116.62605, 3.79918, 0.0], [116.61549, 3.81227, 0.0], [116.59954, 3.81649, 0.0], [116.59287, 3.82662, 0.0], [116.58363, 3.82488, 0.0], [116.56432, 3.83371, 0.0], [116.55653, 3.84523, 0.0], [116.53346, 3.84754, 0.0], [116.51679, 3.85829, 0.0], [116.49479, 3.85736, 0.0], [116.46398, 3.88052, 0.0], [116.42548, 3.8813, 0.0], [116.40695, 3.89585, 0.0], [116.38744, 3.92874, 0.0], [116.38442, 3.94426, 0.0], [116.38721, 3.96292, 0.0], [116.3822, 3.98139, 0.0], [116.39078, 3.99171, 0.0], [116.38094, 3.99592, 0.0], [116.36941, 3.99388, 0.0], [116.35649, 4.00789, 0.0], [116.35242, 4.02205, 0.0], [116.35478, 4.03605, 0.0], [116.34043, 4.04214, 0.0], [116.33226, 4.05835, 0.0], [116.32473, 4.06036, 0.0], [116.3228, 4.06571, 0.0], [116.3136, 4.06142, 0.0], [116.30841, 4.05132, 0.0], [116.29602, 4.05107, 0.0], [116.28914, 4.05861, 0.0], [116.28268, 4.05857, 0.0], [116.27518, 4.03979, 0.0], [116.27165, 4.03985, 0.0], [116.23664, 4.04783, 0.0], [116.23611, 4.05912, 0.0], [116.21708, 4.07959, 0.0], [116.19982, 4.07448, 0.0], [116.18583, 4.07825, 0.0], [116.16949, 4.09185, 0.0], [116.16163, 4.09099, 0.0], [116.16747, 4.11207, 0.0], [116.14462, 4.11339, 0.0], [116.13186, 4.12243, 0.0], [116.11196, 4.1123, 0.0], [116.08522, 4.11787, 0.0], [116.07079, 4.09925, 0.0], [116.03302, 4.08114, 0.0], [116.02351, 4.08925, 0.0], [116.00281, 4.08945, 0.0], [115.9996, 4.09724, 0.0], [115.99159, 4.09472, 0.0], [115.98155, 4.10053, 0.0], [115.97746, 4.11463, 0.0], [115.96481, 4.11797, 0.0], [115.95583, 4.08871, 0.0], [115.95785, 4.07626, 0.0], [115.96657, 4.0748, 0.0], [115.9805, 4.06023, 0.0], [115.99439, 4.05855, 0.0], [116.00209, 4.03181, 0.0], [116.02131, 4.00941, 0.0], [116.01397, 3.98224, 0.0], [116.01551, 3.96295, 0.0], [116.00806, 3.93982, 0.0], [115.99846, 3.93068, 0.0], [115.98937, 3.92381, 0.0], [115.97417, 3.92278, 0.0], [115.95655, 3.91427, 0.0], [115.94296, 3.88438, 0.0], [115.91374, 3.87814, 0.0], [115.90758, 3.84368, 0.0], [115.91027, 3.83803, 0.0], [115.92503, 3.83478, 0.0], [115.92067, 3.82173, 0.0], [115.92253, 3.80396, 0.0], [115.93325, 3.794, 0.0], [115.94374, 3.79356, 0.0], [115.94804, 3.77552, 0.0], [115.94278, 3.76945, 0.0], [115.94298, 3.7607, 0.0], [115.93047, 3.75777, 0.0], [115.92634, 3.75065, 0.0], [115.92123, 3.71634, 0.0], [115.91066, 3.69603, 0.0], [115.91248, 3.68283, 0.0], [115.92112, 3.67475, 0.0], [115.93191, 3.64012, 0.0], [115.95372, 3.61729, 0.0], [115.95248, 3.5947, 0.0], [115.95866, 3.57178, 0.0], [115.97299, 3.5634, 0.0], [115.97084, 3.52938, 0.0], [115.96364, 3.51925, 0.0], [115.95803, 3.51846, 0.0], [115.93863, 3.52704, 0.0], [115.93593, 3.51861, 0.0], [115.92816, 3.51718, 0.0], [115.92096, 3.49885, 0.0], [115.90129, 3.50001, 0.0], [115.89604, 3.48425, 0.0], [115.87815, 3.45838, 0.0], [115.8566, 3.46938, 0.0], [115.84855, 3.49238, 0.0], [115.83356, 3.48802, 0.0], [115.81362, 3.5003, 0.0], [115.81196, 3.49287, 0.0], [115.805, 3.48969, 0.0], [115.80606, 3.47055, 0.0], [115.80182, 3.4669, 0.0], [115.78529, 3.46079, 0.0], [115.76972, 3.46601, 0.0], [115.76499, 3.45086, 0.0], [115.75715, 3.44436, 0.0], [115.74428, 3.44929, 0.0], [115.72213, 3.44493, 0.0], [115.71171, 3.43679, 0.0], [115.69834, 3.40734, 0.0], [115.68651, 3.40886, 0.0], [115.67054, 3.43415, 0.0], [115.65698, 3.43907, 0.0], [115.6374, 3.45598, 0.0], [115.63835, 3.46183, 0.0], [115.63138, 3.46727, 0.0], [115.6348, 3.47448, 0.0], [115.62801, 3.47758, 0.0], [115.62591, 3.49018, 0.0], [115.60899, 3.51074, 0.0], [115.61234, 3.54751, 0.0], [115.60342, 3.57691, 0.0], [115.58804, 3.57889, 0.0], [115.58862, 3.5864, 0.0], [115.57846, 3.59863, 0.0], [115.57531, 3.6274, 0.0], [115.58097, 3.63413, 0.0], [115.57066, 3.65244, 0.0], [115.57499, 3.66942, 0.0], [115.5716, 3.68322, 0.0], [115.5827, 3.69779, 0.0], [115.58264, 3.70638, 0.0], [115.57369, 3.71852, 0.0], [115.58052, 3.72833, 0.0], [115.57709, 3.74694, 0.0], [115.59194, 3.76913, 0.0], [115.58881, 3.78122, 0.0], [115.61264, 3.82415, 0.0], [115.61788, 3.86824, 0.0], [115.61617, 3.87539, 0.0], [115.59682, 3.87932, 0.0], [115.59545, 3.89062, 0.0], [115.58183, 3.88622, 0.0], [115.55821, 3.9179, 0.0], [115.56643, 3.91941, 0.0], [115.57982, 3.94017, 0.0], [115.58909, 3.94321, 0.0], [115.61726, 3.93667, 0.0], [115.63972, 3.96174, 0.0], [115.64915, 3.98714, 0.0], [115.65181, 4.03302, 0.0], [115.659, 4.04075, 0.0], [115.6771, 4.0898, 0.0], [115.6781, 4.10424, 0.0], [115.67374, 4.11234, 0.0], [115.67505, 4.12337, 0.0], [115.68395, 4.13281, 0.0], [115.67978, 4.14014, 0.0], [115.68226, 4.16062, 0.0], [115.70283, 4.1953, 0.0], [115.72765, 4.18892, 0.0], [115.73202, 4.20866, 0.0], [115.74193, 4.21372, 0.0], [115.7529, 4.21287, 0.0], [115.7664, 4.24502, 0.0], [115.79557, 4.23825, 0.0], [115.80157, 4.22038, 0.0], [115.8093, 4.22675, 0.0], [115.81833, 4.22507, 0.0], [115.8287, 4.23454, 0.0], [115.82487, 4.26295, 0.0], [115.84474, 4.26904, 0.0], [115.84978, 4.27968, 0.0], [115.86021, 4.28037, 0.0], [115.8748, 4.29136, 0.0], [115.86483, 4.31618, 0.0], [115.86288, 4.34346, 0.0], [115.87256, 4.35434, 0.0], [115.86881, 4.37264, 0.0], [115.87925, 4.39245, 0.0], [115.89913, 4.39563, 0.0], [115.90678, 4.39256, 0.0], [115.91412, 4.37207, 0.0], [115.92849, 4.35329, 0.0], [115.95609, 4.35928, 0.0], [115.96113, 4.35329, 0.0], [115.97656, 4.35794, 0.0], [115.98387, 4.35073, 0.0], [116.00259, 4.34781, 0.0], [116.00742, 4.33548, 0.0], [116.03138, 4.32884, 0.0], [116.03441, 4.29518, 0.0], [116.07252, 4.2767, 0.0], [116.0806, 4.27759, 0.0], [116.08648, 4.30481, 0.0], [116.09111, 4.30483, 0.0], [116.10479, 4.32451, 0.0], [116.11123, 4.32548, 0.0], [116.11089, 4.33188, 0.0], [116.11593, 4.33554, 0.0], [116.13287, 4.32952, 0.0], [116.15439, 4.33255, 0.0], [116.15473, 4.32398, 0.0], [116.1587, 4.32293, 0.0], [116.16361, 4.33026, 0.0], [116.17503, 4.33353, 0.0], [116.17419, 4.34445, 0.0], [116.16644, 4.34873, 0.0], [116.16596, 4.36475, 0.0], [116.15928, 4.36718, 0.0], [116.16695, 4.39104, 0.0], [116.17683, 4.38082, 0.0], [116.19169, 4.38056, 0.0], [116.20405, 4.37299, 0.0], [116.20703, 4.37829, 0.0], [116.21999, 4.38207, 0.0], [116.24675, 4.37495, 0.0], [116.25179, 4.37723, 0.0], [116.2613, 4.36205, 0.0], [116.27921, 4.36017, 0.0], [116.29229, 4.37257, 0.0], [116.30662, 4.36872, 0.0], [116.31458, 4.37107, 0.0], [116.32391, 4.38409, 0.0], [116.35412, 4.38934, 0.0], [116.3666, 4.37806, 0.0], [116.37932, 4.37589, 0.0], [116.38563, 4.35915, 0.0], [116.39673, 4.36262, 0.0], [116.40413, 4.35902, 0.0], [116.4183, 4.32627, 0.0], [116.42927, 4.32962, 0.0], [116.43707, 4.32314, 0.0], [116.43613, 4.30524, 0.0], [116.44141, 4.28822, 0.0], [116.45347, 4.29626, 0.0], [116.46214, 4.29426, 0.0], [116.47879, 4.30258, 0.0], [116.48355, 4.30984, 0.0], [116.48173, 4.31571, 0.0], [116.48889, 4.32141, 0.0], [116.48849, 4.33485, 0.0], [116.49725, 4.33361, 0.0], [116.50704, 4.32437, 0.0], [116.52664, 4.32716, 0.0], [116.5369, 4.32082, 0.0], [116.54061, 4.33525, 0.0], [116.52957, 4.34761, 0.0], [116.5362, 4.37625, 0.0], [116.54502, 4.3782, 0.0], [116.54883, 4.38724, 0.0], [116.56358, 4.39031, 0.0], [116.56483, 4.40786, 0.0], [116.56881, 4.40844, 0.0]]], [[[117.68244, 4.16682, 0.0], [117.90099, 4.16682, 0.0], [117.90708, 4.15478, 0.0], [117.91713, 4.14779, 0.0], [117.92556, 4.12733, 0.0], [117.91712, 4.08592, 0.0], [117.92538, 4.06475, 0.0], [117.90409, 4.03998, 0.0], [117.89396, 4.04385, 0.0], [117.87868, 4.03384, 0.0], [117.86036, 4.02986, 0.0], [117.81293, 4.06866, 0.0], [117.77658, 4.08708, 0.0], [117.73036, 4.12095, 0.0], [117.71037, 4.14467, 0.0], [117.68244, 4.16682, 0.0]]], [[[117.65725, 4.14777, 0.0], [117.66986, 4.14353, 0.0], [117.71099, 4.0956, 0.0], [117.75211, 4.0607, 0.0], [117.74488, 4.03657, 0.0], [117.72995, 4.00984, 0.0], [117.72636, 3.99554, 0.0], [117.72907, 3.98571, 0.0], [117.6994, 3.9789, 0.0], [117.67705, 3.96711, 0.0], [117.66554, 3.96714, 0.0], [117.63765, 3.98154, 0.0], [117.60275, 4.01019, 0.0], [117.58794, 4.08006, 0.0], [117.62745, 4.13359, 0.0], [117.65725, 4.14777, 0.0]]], [[[117.51989, 4.03422, 0.0], [117.5322, 4.03057, 0.0], [117.54567, 4.01725, 0.0], [117.55452, 3.98526, 0.0], [117.57175, 3.96665, 0.0], [117.57828, 3.96759, 0.0], [117.59775, 3.93365, 0.0], [117.62161, 3.92379, 0.0], [117.62908, 3.91611, 0.0], [117.61833, 3.90978, 0.0], [117.61543, 3.90584, 0.0], [117.61058, 3.8923, 0.0], [117.60831, 3.8822, 0.0], [117.59378, 3.88654, 0.0], [117.56919, 3.91543, 0.0], [117.54655, 3.92652, 0.0], [117.52552, 3.92948, 0.0], [117.49657, 3.91626, 0.0], [117.45842, 3.93348, 0.0], [117.46746, 3.95943, 0.0], [117.45653, 3.97776, 0.0], [117.45598, 3.98724, 0.0], [117.44328, 4.00576, 0.0], [117.46444, 4.0301, 0.0], [117.49617, 4.0528, 0.0], [117.51989, 4.03422, 0.0]]], [[[117.72673, 3.87461, 0.0], [117.74751, 3.87163, 0.0], [117.78243, 3.83638, 0.0], [117.78858, 3.83689, 0.0], [117.80621, 3.82097, 0.0], [117.81858, 3.81709, 0.0], [117.83145, 3.80328, 0.0], [117.83549, 3.7928, 0.0], [117.83309, 3.78551, 0.0], [117.82389, 3.78321, 0.0], [117.81044, 3.78916, 0.0], [117.78557, 3.78936, 0.0], [117.75726, 3.80463, 0.0], [117.74156, 3.80739, 0.0], [117.7346, 3.81982, 0.0], [117.73773, 3.83887, 0.0], [117.73368, 3.84234, 0.0], [117.72401, 3.84353, 0.0], [117.71015, 3.86022, 0.0], [117.72673, 3.87461, 0.0]]], [[[117.57388, 4.17942, 0.0], [117.58942, 4.17353, 0.0], [117.59087, 4.16503, 0.0], [117.54795, 4.14239, 0.0], [117.52179, 4.10097, 0.0], [117.5166, 4.09873, 0.0], [117.49542, 4.10814, 0.0], [117.49324, 4.12522, 0.0], [117.50438, 4.14315, 0.0], [117.50993, 4.14271, 0.0], [117.50958, 4.13481, 0.0], [117.51018, 4.13374, 0.0], [117.51133, 4.13269, 0.0], [117.51894, 4.1333, 0.0], [117.52126, 4.13626, 0.0], [117.52098, 4.13759, 0.0], [117.51657, 4.14422, 0.0], [117.52443, 4.15005, 0.0], [117.52861, 4.15845, 0.0], [117.53306, 4.15682, 0.0], [117.53739, 4.15722, 0.0], [117.54896, 4.16204, 0.0], [117.54607, 4.16644, 0.0], [117.57388, 4.17942, 0.0]]], [[[117.63122, 3.91712, 0.0], [117.66576, 3.91001, 0.0], [117.68212, 3.91412, 0.0], [117.68594, 3.90214, 0.0], [117.68213, 3.88723, 0.0], [117.65694, 3.89007, 0.0], [117.60875, 3.88221, 0.0], [117.61753, 3.90803, 0.0], [117.63122, 3.91712, 0.0]]], [[[117.57752, 4.14484, 0.0], [117.58879, 4.14134, 0.0], [117.56391, 4.1053, 0.0], [117.5544, 4.09752, 0.0], [117.53727, 4.10315, 0.0], [117.53536, 4.11412, 0.0], [117.54809, 4.13583, 0.0], [117.57752, 4.14484, 0.0]]], [[[117.73254, 3.7917, 0.0], [117.73932, 3.78873, 0.0], [117.73825, 3.78374, 0.0], [117.74058, 3.78178, 0.0], [117.75096, 3.78208, 0.0], [117.75626, 3.78576, 0.0], [117.76555, 3.78576, 0.0], [117.76677, 3.78335, 0.0], [117.76248, 3.77993, 0.0], [117.76292, 3.77699, 0.0], [117.77291, 3.77646, 0.0], [117.77756, 3.76698, 0.0], [117.78496, 3.76921, 0.0], [117.79215, 3.75913, 0.0], [117.78372, 3.75493, 0.0], [117.75106, 3.76578, 0.0], [117.70383, 3.77372, 0.0], [117.71405, 3.78134, 0.0], [117.71404, 3.78504, 0.0], [117.71778, 3.78551, 0.0], [117.71847, 3.78419, 0.0], [117.71957, 3.78334, 0.0], [117.72193, 3.78229, 0.0], [117.72399, 3.78188, 0.0], [117.72836, 3.78333, 0.0], [117.72976, 3.78449, 0.0], [117.73254, 3.7917, 0.0]]], [[[117.73469, 3.80968, 0.0], [117.74357, 3.80123, 0.0], [117.75724, 3.7991, 0.0], [117.77891, 3.78585, 0.0], [117.77841, 3.77139, 0.0], [117.77282, 3.77716, 0.0], [117.76326, 3.77757, 0.0], [117.7677, 3.78384, 0.0], [117.76481, 3.78654, 0.0], [117.7551, 3.78602, 0.0], [117.75126, 3.78272, 0.0], [117.74033, 3.78244, 0.0], [117.73961, 3.78908, 0.0], [117.73313, 3.79259, 0.0], [117.73121, 3.79066, 0.0], [117.72954, 3.78467, 0.0], [117.72728, 3.78322, 0.0], [117.72331, 3.78211, 0.0], [117.718, 3.78579, 0.0], [117.71123, 3.78532, 0.0], [117.71605, 3.79244, 0.0], [117.71528, 3.79734, 0.0], [117.71847, 3.79554, 0.0], [117.72079, 3.7963, 0.0], [117.72252, 3.7947, 0.0], [117.72375, 3.79433, 0.0], [117.72415, 3.79796, 0.0], [117.72703, 3.79619, 0.0], [117.72888, 3.79641, 0.0], [117.72975, 3.79863, 0.0], [117.72654, 3.80582, 0.0], [117.72773, 3.80875, 0.0], [117.73469, 3.80968, 0.0]]], [[[117.7827, 3.78455, 0.0], [117.81333, 3.77954, 0.0], [117.81494, 3.75773, 0.0], [117.79714, 3.75825, 0.0], [117.7871, 3.76935, 0.0], [117.77968, 3.77145, 0.0], [117.7827, 3.78455, 0.0]]], [[[117.6958, 3.81408, 0.0], [117.70869, 3.81357, 0.0], [117.70681, 3.80807, 0.0], [117.71136, 3.80792, 0.0], [117.71399, 3.79509, 0.0], [117.71541, 3.79266, 0.0], [117.70961, 3.78722, 0.0], [117.7135, 3.7812, 0.0], [117.69736, 3.7779, 0.0], [117.69661, 3.7828, 0.0], [117.70238, 3.7806, 0.0], [117.70448, 3.7817, 0.0], [117.6999, 3.79146, 0.0], [117.69546, 3.78952, 0.0], [117.69918, 3.79496, 0.0], [117.69725, 3.7962, 0.0], [117.69207, 3.79405, 0.0], [117.69492, 3.80044, 0.0], [117.68586, 3.80442, 0.0], [117.69293, 3.80652, 0.0], [117.6958, 3.81408, 0.0]]], [[[117.70996, 3.819, 0.0], [117.72543, 3.81682, 0.0], [117.73091, 3.81174, 0.0], [117.72758, 3.8095, 0.0], [117.72572, 3.80566, 0.0], [117.72871, 3.79677, 0.0], [117.72411, 3.79871, 0.0], [117.72291, 3.79497, 0.0], [117.7208, 3.79665, 0.0], [117.71744, 3.79632, 0.0], [117.71609, 3.79794, 0.0], [117.7139, 3.79662, 0.0], [117.71164, 3.8079, 0.0], [117.70784, 3.81055, 0.0], [117.70939, 3.81287, 0.0], [117.70996, 3.819, 0.0]]], [[[117.54024, 4.17059, 0.0], [117.54627, 4.16257, 0.0], [117.53789, 4.15747, 0.0], [117.5305, 4.15894, 0.0], [117.54024, 4.17059, 0.0]]], [[[117.49621, 4.06331, 0.0], [117.49557, 4.0598, 0.0], [117.4789, 4.0476, 0.0], [117.48218, 4.06221, 0.0], [117.49621, 4.06331, 0.0]]], [[[117.47419, 4.07102, 0.0], [117.47481, 4.071, 0.0], [117.47456, 4.07078, 0.0], [117.47419, 4.07102, 0.0]]], [[[117.73369, 3.84139, 0.0], [117.7335, 3.84101, 0.0], [117.73338, 3.84122, 0.0], [117.73369, 3.84139, 0.0]]], [[[117.48071, 4.04531, 0.0], [117.48036, 4.04514, 0.0], [117.4805, 4.04537, 0.0], [117.48071, 4.04531, 0.0]]], [[[117.48355, 4.08193, 0.0], [117.48324, 4.08194, 0.0], [117.48354, 4.08208, 0.0], [117.48355, 4.08193, 0.0]]]]}}, {"type": "Feature", "id": 6401, "properties": {"WADMKK": "Paser", "WADMPR": "Kalimantan Timur", "LUASWH": 10780.6766651, "kode_wilayah": 6401, "nama_resmi": "Kabupaten Paser", "tipe": "Kabupaten", "provinsi": "Kalimantan Timur", "pulau": "Kalimantan", "parlemen": 20.0, "pendapatan": 24.13, "pengeluaran": 12181.0, "ahh": 75.33, "profesional": 54.94, "tpak": 46.22, "rls": 8.92, "hls": 13.38, "skor_ekonomi": 19.58, "skor_keputusan": 53.39, "skor_kapasitas_sosial": 62.79, "ikpp_komposit": 41.75, "kuadran": "Kuadran II (Ekonomi Rendah, Keputusan Tinggi)", "lisa_cluster_keputusan": "Not Significant", "lisa_cluster_ekonomi": "Not Significant", "pc1": 1.28, "pc2": -1.411, "lat": -1.91, "lon": 116.191}, "geometry": {"type": "MultiPolygon", "coordinates": [[[[116.39318, -0.973, 0.0], [116.44173, -0.9702, 0.0], [116.44173, -0.98454, 0.0], [116.45446, -1.02493, 0.0], [116.45406, -1.04352, 0.0], [116.4397, -1.06401, 0.0], [116.42561, -1.07422, 0.0], [116.40448, -1.10541, 0.0], [116.37619, -1.13201, 0.0], [116.37088, -1.1444, 0.0], [116.37793, -1.19928, 0.0], [116.34433, -1.24528, 0.0], [116.33548, -1.28422, 0.0], [116.33548, -1.33377, 0.0], [116.35577, -1.39175, 0.0], [116.36241, -1.47458, 0.0], [116.37058, -1.48129, 0.0], [116.3732, -1.49823, 0.0], [116.37908, -1.4987, 0.0], [116.37486, -1.52546, 0.0], [116.38404, -1.52223, 0.0], [116.38753, -1.5299, 0.0], [116.38198, -1.53231, 0.0], [116.38632, -1.54316, 0.0], [116.39788, -1.5449, 0.0], [116.39763, -1.54995, 0.0], [116.43362, -1.55547, 0.0], [116.43353, -1.56091, 0.0], [116.44055, -1.56095, 0.0], [116.44057, -1.56514, 0.0], [116.45908, -1.5674, 0.0], [116.46299, -1.57406, 0.0], [116.48478, -1.57507, 0.0], [116.48468, -1.58098, 0.0], [116.5, -1.58198, 0.0], [116.52059, -1.59647, 0.0], [116.55657, -1.58826, 0.0], [116.5626, -1.59447, 0.0], [116.55849, -1.60195, 0.0], [116.52811, -1.61756, 0.0], [116.53407, -1.62161, 0.0], [116.49217, -1.64279, 0.0], [116.44561, -1.64986, 0.0], [116.38851, -1.68171, 0.0], [116.33597, -1.69925, 0.0], [116.3242, -1.70138, 0.0], [116.31782, -1.69568, 0.0], [116.30885, -1.72397, 0.0], [116.29426, -1.73202, 0.0], [116.28432, -1.72964, 0.0], [116.27861, -1.73469, 0.0], [116.27804, -1.75178, 0.0], [116.26364, -1.76232, 0.0], [116.2557, -1.77722, 0.0], [116.24621, -1.77929, 0.0], [116.24523, -1.80281, 0.0], [116.26486, -1.81038, 0.0], [116.34459, -1.7751, 0.0], [116.3692, -1.78525, 0.0], [116.36932, -1.76761, 0.0], [116.37354, -1.76266, 0.0], [116.40339, -1.77045, 0.0], [116.41256, -1.76718, 0.0], [116.44942, -1.77096, 0.0], [116.45342, -1.80189, 0.0], [116.45069, -1.81925, 0.0], [116.41694, -1.86738, 0.0], [116.41971, -1.87199, 0.0], [116.43082, -1.86627, 0.0], [116.4396, -1.87034, 0.0], [116.45588, -1.91578, 0.0], [116.4539, -1.97671, 0.0], [116.45948, -2.05605, 0.0], [116.4558, -2.06491, 0.0], [116.39321, -2.08289, 0.0], [116.36038, -2.11055, 0.0], [116.36458, -2.12045, 0.0], [116.39175, -2.11661, 0.0], [116.38812, -2.12738, 0.0], [116.39076, -2.15737, 0.0], [116.38276, -2.18297, 0.0], [116.40049, -2.21436, 0.0], [116.45301, -2.19624, 0.0], [116.502, -2.16822, 0.0], [116.51497, -2.16562, 0.0], [116.54412, -2.16732, 0.0], [116.5525, -2.17378, 0.0], [116.54603, -2.19877, 0.0], [116.5395, -2.2049, 0.0], [116.54135, -2.21049, 0.0], [116.55244, -2.20897, 0.0], [116.57504, -2.18899, 0.0], [116.58284, -2.1751, 0.0], [116.57882, -2.16529, 0.0], [116.58597, -2.16982, 0.0], [116.59742, -2.20269, 0.0], [116.57815, -2.30449, 0.0], [116.57673, -2.33282, 0.0], [116.559, -2.40492, 0.0], [116.55024, -2.40959, 0.0], [116.54712, -2.40231, 0.0], [116.54337, -2.40296, 0.0], [116.5468, -2.40871, 0.0], [116.46264, -2.38722, 0.0], [116.41019, -2.37214, 0.0], [116.35247, -2.34722, 0.0], [116.32907, -2.34524, 0.0], [116.32766, -2.34076, 0.0], [116.26795, -2.33923, 0.0], [116.23631, -2.32789, 0.0], [116.23583, -2.30911, 0.0], [116.16249, -2.30657, 0.0], [116.15422, -2.30847, 0.0], [116.14969, -2.32413, 0.0], [116.11361, -2.33775, 0.0], [116.10488, -2.32698, 0.0], [116.07967, -2.33641, 0.0], [116.07342, -2.33472, 0.0], [116.07586, -2.3311, 0.0], [116.07571, -2.32967, 0.0], [116.06307, -2.32573, 0.0], [116.04514, -2.32872, 0.0], [116.03304, -2.30739, 0.0], [116.0224, -2.31026, 0.0], [116.01398, -2.3222, 0.0], [116.00395, -2.31531, 0.0], [115.98394, -2.31694, 0.0], [115.96894, -2.32581, 0.0], [115.94596, -2.32993, 0.0], [115.92602, -2.32527, 0.0], [115.91161, -2.33612, 0.0], [115.89843, -2.3333, 0.0], [115.88983, -2.33713, 0.0], [115.88751, -2.37427, 0.0], [115.87397, -2.37068, 0.0], [115.85728, -2.38604, 0.0], [115.83549, -2.38986, 0.0], [115.8361, -2.37075, 0.0], [115.82826, -2.35267, 0.0], [115.83141, -2.33309, 0.0], [115.81695, -2.31725, 0.0], [115.83308, -2.29556, 0.0], [115.80985, -2.27721, 0.0], [115.80829, -2.26067, 0.0], [115.81392, -2.24821, 0.0], [115.81103, -2.23756, 0.0], [115.79652, -2.23058, 0.0], [115.78508, -2.21553, 0.0], [115.78686, -2.19308, 0.0], [115.79736, -2.17244, 0.0], [115.79167, -2.16308, 0.0], [115.79646, -2.15824, 0.0], [115.79353, -2.14877, 0.0], [115.79725, -2.10795, 0.0], [115.81468, -2.09806, 0.0], [115.8134, -2.07039, 0.0], [115.80758, -2.06136, 0.0], [115.80217, -2.06722, 0.0], [115.78178, -2.05344, 0.0], [115.77664, -2.05871, 0.0], [115.76797, -2.05411, 0.0], [115.74888, -2.06445, 0.0], [115.72173, -2.06267, 0.0], [115.7134, -2.04945, 0.0], [115.70147, -2.05049, 0.0], [115.69488, -2.04085, 0.0], [115.71334, -2.02285, 0.0], [115.71898, -1.99838, 0.0], [115.71058, -1.98, 0.0], [115.69416, -1.9774, 0.0], [115.70669, -1.96211, 0.0], [115.70668, -1.94897, 0.0], [115.71924, -1.92742, 0.0], [115.72755, -1.92484, 0.0], [115.71931, -1.91218, 0.0], [115.72553, -1.90186, 0.0], [115.72763, -1.88534, 0.0], [115.72377, -1.88145, 0.0], [115.73238, -1.86116, 0.0], [115.72623, -1.8549, 0.0], [115.7302, -1.84598, 0.0], [115.7214, -1.82889, 0.0], [115.72844, -1.79924, 0.0], [115.71827, -1.79819, 0.0], [115.70753, -1.78849, 0.0], [115.69131, -1.80478, 0.0], [115.67949, -1.79326, 0.0], [115.69, -1.78, 0.0], [115.68683, -1.76511, 0.0], [115.69009, -1.75097, 0.0], [115.70714, -1.73332, 0.0], [115.69182, -1.71876, 0.0], [115.66524, -1.70667, 0.0], [115.66765, -1.67956, 0.0], [115.67686, -1.65648, 0.0], [115.66972, -1.64331, 0.0], [115.66979, -1.6287, 0.0], [115.65166, -1.62239, 0.0], [115.65447, -1.61247, 0.0], [115.6455, -1.61308, 0.0], [115.63621, -1.60404, 0.0], [115.63978, -1.58623, 0.0], [115.62999, -1.57587, 0.0], [115.63599, -1.57243, 0.0], [115.64016, -1.56108, 0.0], [115.62915, -1.56188, 0.0], [115.636, -1.54833, 0.0], [115.63231, -1.52987, 0.0], [115.65549, -1.5127, 0.0], [115.63002, -1.51003, 0.0], [115.62095, -1.51487, 0.0], [115.62752, -1.50384, 0.0], [115.61693, -1.50021, 0.0], [115.62111, -1.47748, 0.0], [115.63494, -1.46392, 0.0], [115.66356, -1.46146, 0.0], [115.67883, -1.45631, 0.0], [115.68197, -1.44731, 0.0], [115.6888, -1.4488, 0.0], [115.69179, -1.42578, 0.0], [115.69758, -1.42518, 0.0], [115.69479, -1.41607, 0.0], [115.70914, -1.41187, 0.0], [115.72311, -1.37419, 0.0], [115.73738, -1.3647, 0.0], [115.74466, -1.34069, 0.0], [115.7518, -1.33352, 0.0], [115.75748, -1.30478, 0.0], [115.76682, -1.29431, 0.0], [115.75975, -1.28629, 0.0], [115.76092, -1.27461, 0.0], [115.77722, -1.23116, 0.0], [115.82488, -1.17861, 0.0], [115.84936, -1.17177, 0.0], [115.84338, -1.11002, 0.0], [115.85345, -1.11097, 0.0], [115.87513, -1.10133, 0.0], [115.89526, -1.10517, 0.0], [115.90345, -1.1376, 0.0], [115.90679, -1.14186, 0.0], [115.91788, -1.14225, 0.0], [115.9224, -1.15406, 0.0], [115.93769, -1.13862, 0.0], [115.94453, -1.13725, 0.0], [115.95179, -1.12563, 0.0], [115.97889, -1.11325, 0.0], [115.98533, -1.08181, 0.0], [116.01261, -1.08112, 0.0], [116.01265, -1.09068, 0.0], [116.01861, -1.09271, 0.0], [116.07564, -1.07624, 0.0], [116.07919, -1.08259, 0.0], [116.09301, -1.08578, 0.0], [116.11534, -1.0827, 0.0], [116.13329, -1.09272, 0.0], [116.13934, -1.08847, 0.0], [116.15264, -1.09553, 0.0], [116.21209, -1.10409, 0.0], [116.22468, -1.0956, 0.0], [116.22895, -1.08638, 0.0], [116.24825, -1.08487, 0.0], [116.26214, -1.056, 0.0], [116.29959, -1.0519, 0.0], [116.31542, -1.02997, 0.0], [116.33637, -1.02195, 0.0], [116.35914, -0.99758, 0.0], [116.37001, -0.99626, 0.0], [116.37953, -0.98717, 0.0], [116.38446, -0.96647, 0.0], [116.39318, -0.973, 0.0]]], [[[116.51245, -2.1219, 0.0], [116.52235, -2.15659, 0.0], [116.50094, -2.1618, 0.0], [116.45192, -2.19007, 0.0], [116.40561, -2.20535, 0.0], [116.38715, -2.18736, 0.0], [116.39437, -2.15573, 0.0], [116.39265, -2.12705, 0.0], [116.43162, -2.13475, 0.0], [116.46334, -2.13253, 0.0], [116.50192, -2.10927, 0.0], [116.51245, -2.1219, 0.0]]], [[[116.55119, -2.20428, 0.0], [116.54945, -2.2049, 0.0], [116.55105, -2.20328, 0.0], [116.55119, -2.20428, 0.0]]]]}}, {"type": "Feature", "id": 6409, "properties": {"WADMKK": "Penajam Paser Utara", "WADMPR": "Kalimantan Timur", "LUASWH": 3197.19877369, "kode_wilayah": 6409, "nama_resmi": "Kabupaten Penajam Paser Utara", "tipe": "Kabupaten", "provinsi": "Kalimantan Timur", "pulau": "Kalimantan", "parlemen": 4.0, "pendapatan": 25.73, "pengeluaran": 16160.0, "ahh": 76.8, "profesional": 57.26, "tpak": 49.7, "rls": 10.95, "hls": 15.4, "skor_ekonomi": 23.27, "skor_keputusan": 40.4, "skor_kapasitas_sosial": 76.8, "ikpp_komposit": 40.83, "kuadran": "Kuadran III (Ekonomi Rendah, Keputusan Rendah)", "lisa_cluster_keputusan": "Not Significant", "lisa_cluster_ekonomi": "Low-Low (Coldspot)", "pc1": 3.024, "pc2": 0.404, "lat": -1.308, "lon": 116.727}, "geometry": {"type": "MultiPolygon", "coordinates": [[[[116.70893, -0.80536, 0.0], [116.72586, -0.80025, 0.0], [116.73384, -0.80545, 0.0], [116.73533, -0.82585, 0.0], [116.74677, -0.82359, 0.0], [116.75618, -0.8087, 0.0], [116.7733, -0.80138, 0.0], [116.77247, -0.82576, 0.0], [116.79274, -0.8221, 0.0], [116.80684, -0.80605, 0.0], [116.82517, -0.80976, 0.0], [116.82431, -0.81591, 0.0], [116.83089, -0.82377, 0.0], [116.86718, -0.83402, 0.0], [116.88403, -0.85059, 0.0], [116.88747, -0.86275, 0.0], [116.89561, -0.86648, 0.0], [116.88723, -0.89135, 0.0], [116.90437, -0.89564, 0.0], [116.90775, -0.88972, 0.0], [116.91637, -0.89138, 0.0], [116.91804, -0.88324, 0.0], [116.92409, -0.8797, 0.0], [116.94516, -0.8796, 0.0], [116.94513, -0.90668, 0.0], [116.93231, -0.91831, 0.0], [116.93824, -0.92601, 0.0], [116.93272, -0.93365, 0.0], [116.93111, -0.95156, 0.0], [116.90911, -0.96883, 0.0], [116.91029, -0.97246, 0.0], [116.90144, -0.97912, 0.0], [116.90486, -0.98545, 0.0], [116.87426, -0.9897, 0.0], [116.87088, -1.00057, 0.0], [116.87393, -1.00902, 0.0], [116.82648, -1.02046, 0.0], [116.80059, -1.05059, 0.0], [116.78291, -1.04283, 0.0], [116.77456, -1.04882, 0.0], [116.76503, -1.07139, 0.0], [116.74049, -1.07383, 0.0], [116.73747, -1.06772, 0.0], [116.74179, -1.04666, 0.0], [116.75694, -1.02919, 0.0], [116.75105, -1.02084, 0.0], [116.75506, -1.00968, 0.0], [116.74981, -1.00508, 0.0], [116.74326, -1.00666, 0.0], [116.74626, -1.01412, 0.0], [116.73451, -1.02221, 0.0], [116.73788, -1.03758, 0.0], [116.72378, -1.03004, 0.0], [116.72598, -1.03552, 0.0], [116.72302, -1.03431, 0.0], [116.71915, -1.03555, 0.0], [116.72401, -1.06668, 0.0], [116.71999, -1.06839, 0.0], [116.72626, -1.07591, 0.0], [116.71638, -1.08756, 0.0], [116.7199, -1.09693, 0.0], [116.69982, -1.08414, 0.0], [116.71278, -1.10497, 0.0], [116.70146, -1.10225, 0.0], [116.70155, -1.10605, 0.0], [116.7072, -1.11567, 0.0], [116.70099, -1.12119, 0.0], [116.70778, -1.1277, 0.0], [116.70501, -1.12991, 0.0], [116.7114, -1.1314, 0.0], [116.71104, -1.13747, 0.0], [116.72086, -1.13246, 0.0], [116.73415, -1.1487, 0.0], [116.75019, -1.15807, 0.0], [116.75269, -1.16562, 0.0], [116.74124, -1.16749, 0.0], [116.74139, -1.17104, 0.0], [116.74799, -1.1735, 0.0], [116.74602, -1.17643, 0.0], [116.74638, -1.17769, 0.0], [116.752, -1.17477, 0.0], [116.76681, -1.18693, 0.0], [116.74238, -1.20783, 0.0], [116.74184, -1.21808, 0.0], [116.77242, -1.24416, 0.0], [116.77786, -1.24348, 0.0], [116.76064, -1.28717, 0.0], [116.76269, -1.32507, 0.0], [116.75542, -1.32965, 0.0], [116.76442, -1.34059, 0.0], [116.76419, -1.35791, 0.0], [116.74836, -1.37114, 0.0], [116.72222, -1.37665, 0.0], [116.6507, -1.4053, 0.0], [116.64479, -1.40217, 0.0], [116.63912, -1.40805, 0.0], [116.59977, -1.42053, 0.0], [116.54573, -1.45691, 0.0], [116.5388, -1.46672, 0.0], [116.53009, -1.50868, 0.0], [116.53333, -1.52678, 0.0], [116.54032, -1.54411, 0.0], [116.5468, -1.55181, 0.0], [116.54908, -1.55338, 0.0], [116.54919, -1.55619, 0.0], [116.5521, -1.55918, 0.0], [116.55721, -1.58717, 0.0], [116.52059, -1.59647, 0.0], [116.5, -1.58198, 0.0], [116.48468, -1.58098, 0.0], [116.48478, -1.57507, 0.0], [116.46299, -1.57406, 0.0], [116.45908, -1.5674, 0.0], [116.44057, -1.56514, 0.0], [116.44055, -1.56095, 0.0], [116.43353, -1.56091, 0.0], [116.43362, -1.55547, 0.0], [116.39763, -1.54995, 0.0], [116.39788, -1.5449, 0.0], [116.38632, -1.54316, 0.0], [116.38198, -1.53231, 0.0], [116.38753, -1.5299, 0.0], [116.38404, -1.52223, 0.0], [116.37486, -1.52546, 0.0], [116.37908, -1.4987, 0.0], [116.3732, -1.49823, 0.0], [116.37058, -1.48129, 0.0], [116.36252, -1.47509, 0.0], [116.35577, -1.39175, 0.0], [116.33548, -1.33377, 0.0], [116.3345, -1.29194, 0.0], [116.34433, -1.24528, 0.0], [116.37793, -1.19928, 0.0], [116.37088, -1.1444, 0.0], [116.37619, -1.13201, 0.0], [116.40448, -1.10541, 0.0], [116.42561, -1.07422, 0.0], [116.4397, -1.06401, 0.0], [116.45406, -1.04352, 0.0], [116.45446, -1.02493, 0.0], [116.44173, -0.98454, 0.0], [116.43978, -0.95897, 0.0], [116.44583, -0.95205, 0.0], [116.47275, -0.94907, 0.0], [116.47971, -0.944, 0.0], [116.46997, -0.91676, 0.0], [116.46123, -0.91659, 0.0], [116.45347, -0.90274, 0.0], [116.45739, -0.89332, 0.0], [116.45056, -0.88559, 0.0], [116.45379, -0.87713, 0.0], [116.46768, -0.86238, 0.0], [116.48878, -0.86423, 0.0], [116.50609, -0.8561, 0.0], [116.51671, -0.84579, 0.0], [116.51211, -0.83586, 0.0], [116.51401, -0.82705, 0.0], [116.53203, -0.82621, 0.0], [116.53925, -0.81325, 0.0], [116.555, -0.81003, 0.0], [116.56411, -0.81266, 0.0], [116.57222, -0.83121, 0.0], [116.5664, -0.85299, 0.0], [116.57006, -0.86161, 0.0], [116.59098, -0.86431, 0.0], [116.58863, -0.87341, 0.0], [116.5995, -0.88244, 0.0], [116.62467, -0.87832, 0.0], [116.64146, -0.86227, 0.0], [116.65237, -0.8361, 0.0], [116.65123, -0.82518, 0.0], [116.67085, -0.80552, 0.0], [116.67837, -0.80584, 0.0], [116.68993, -0.79777, 0.0], [116.70893, -0.80536, 0.0]]], [[[116.53389, -1.5082, 0.0], [116.54852, -1.5333, 0.0], [116.55142, -1.55776, 0.0], [116.54953, -1.55342, 0.0], [116.54129, -1.5444, 0.0], [116.53475, -1.5277, 0.0], [116.53389, -1.5082, 0.0]]], [[[116.7186, -1.1101, 0.0], [116.72385, -1.11626, 0.0], [116.7284, -1.11217, 0.0], [116.73219, -1.11788, 0.0], [116.72748, -1.13368, 0.0], [116.71654, -1.1245, 0.0], [116.71444, -1.11391, 0.0], [116.7186, -1.1101, 0.0]]], [[[116.72259, -1.03488, 0.0], [116.73311, -1.04331, 0.0], [116.7265, -1.06725, 0.0], [116.72215, -1.04714, 0.0], [116.72259, -1.03488, 0.0]]], [[[116.74707, -1.01534, 0.0], [116.74668, -1.02427, 0.0], [116.74612, -1.02362, 0.0], [116.74235, -1.0245, 0.0], [116.73907, -1.02711, 0.0], [116.73606, -1.02576, 0.0], [116.74707, -1.01534, 0.0]]], [[[116.7382, -1.14323, 0.0], [116.7461, -1.14539, 0.0], [116.74608, -1.15106, 0.0], [116.739, -1.14752, 0.0], [116.7382, -1.14323, 0.0]]], [[[116.71095, -1.11968, 0.0], [116.70824, -1.12502, 0.0], [116.70388, -1.1211, 0.0], [116.70706, -1.1196, 0.0], [116.71095, -1.11968, 0.0]]], [[[116.71154, -1.12364, 0.0], [116.71307, -1.12862, 0.0], [116.70789, -1.12654, 0.0], [116.71154, -1.12364, 0.0]]], [[[116.71674, -1.13291, 0.0], [116.71325, -1.13149, 0.0], [116.71663, -1.12882, 0.0], [116.71674, -1.13291, 0.0]]], [[[116.75644, -1.17155, 0.0], [116.7536, -1.17157, 0.0], [116.75458, -1.16783, 0.0], [116.75644, -1.17155, 0.0]]], [[[116.74366, -1.16859, 0.0], [116.74562, -1.17077, 0.0], [116.7431, -1.1689, 0.0], [116.74366, -1.16859, 0.0]]], [[[116.74687, -1.17588, 0.0], [116.75092, -1.17479, 0.0], [116.74658, -1.17704, 0.0], [116.74687, -1.17588, 0.0]]], [[[116.74682, -1.17043, 0.0], [116.74811, -1.17137, 0.0], [116.74923, -1.17206, 0.0], [116.74762, -1.17249, 0.0], [116.74661, -1.172, 0.0], [116.74682, -1.17043, 0.0]]], [[[116.7447, -1.02561, 0.0], [116.74665, -1.02447, 0.0], [116.74508, -1.02685, 0.0], [116.7447, -1.02561, 0.0]]], [[[116.71038, -1.12905, 0.0], [116.70818, -1.12862, 0.0], [116.70818, -1.12814, 0.0], [116.71038, -1.12905, 0.0]]], [[[116.71294, -1.13515, 0.0], [116.71159, -1.13501, 0.0], [116.71289, -1.13482, 0.0], [116.71294, -1.13515, 0.0]]], [[[116.74417, -1.02757, 0.0], [116.74508, -1.02704, 0.0], [116.74501, -1.0277, 0.0], [116.74417, -1.02757, 0.0]]], [[[116.72653, -1.11061, 0.0], [116.72634, -1.10991, 0.0], [116.72674, -1.10968, 0.0], [116.72653, -1.11061, 0.0]]], [[[116.71573, -1.12678, 0.0], [116.71541, -1.12659, 0.0], [116.71594, -1.126, 0.0], [116.71573, -1.12678, 0.0]]], [[[116.7577, -1.32988, 0.0], [116.7581, -1.33014, 0.0], [116.75754, -1.33006, 0.0], [116.7577, -1.32988, 0.0]]], [[[116.71495, -1.12808, 0.0], [116.71465, -1.12807, 0.0], [116.71494, -1.12796, 0.0], [116.71495, -1.12808, 0.0]]], [[[116.74632, -1.17004, 0.0], [116.74664, -1.17017, 0.0], [116.74633, -1.17028, 0.0], [116.74632, -1.17004, 0.0]]], [[[116.73419, -1.14775, 0.0], [116.73393, -1.14776, 0.0], [116.73394, -1.14749, 0.0], [116.73419, -1.14775, 0.0]]], [[[116.71457, -1.12611, 0.0], [116.71435, -1.1261, 0.0], [116.7145, -1.12597, 0.0], [116.71457, -1.12611, 0.0]]], [[[116.70176, -1.10573, 0.0], [116.70203, -1.10559, 0.0], [116.70205, -1.10569, 0.0], [116.70176, -1.10573, 0.0]]], [[[116.71805, -1.09783, 0.0], [116.71806, -1.09793, 0.0], [116.71798, -1.09784, 0.0], [116.71805, -1.09783, 0.0]]]]}}, {"type": "Feature", "id": 6210, "properties": {"WADMKK": "Pulang Pisau", "WADMPR": "Kalimantan Tengah", "LUASWH": 9650.15803561, "kode_wilayah": 6210, "nama_resmi": "Kabupaten Pulang Pisau", "tipe": "Kabupaten", "provinsi": "Kalimantan Tengah", "pulau": "Kalimantan", "parlemen": 24.0, "pendapatan": 22.75, "pengeluaran": 11207.0, "ahh": 70.78, "profesional": 52.56, "tpak": 53.13, "rls": 8.42, "hls": 12.52, "skor_ekonomi": 22.56, "skor_keputusan": 55.43, "skor_kapasitas_sosial": 53.16, "ikpp_komposit": 41.83, "kuadran": "Kuadran II (Ekonomi Rendah, Keputusan Tinggi)", "lisa_cluster_keputusan": "High-High (Hotspot)", "lisa_cluster_ekonomi": "Not Significant", "pc1": 0.015, "pc2": -1.83, "lat": -1.127, "lon": 113.844}, "geometry": {"type": "Polygon", "coordinates": [[[113.97357, -1.5206, 0.0], [113.98141, -1.52572, 0.0], [113.99844, -1.56311, 0.0], [114.01902, -1.57211, 0.0], [114.03094, -1.5872, 0.0], [114.02341, -1.61237, 0.0], [113.98149, -1.66709, 0.0], [113.98633, -1.70738, 0.0], [113.97442, -1.73454, 0.0], [113.9859, -1.80263, 0.0], [114.00616, -1.85985, 0.0], [114.03197, -1.9067, 0.0], [114.07292, -1.93814, 0.0], [114.08141, -1.9743, 0.0], [114.17111, -2.09049, 0.0], [114.17115, -2.14337, 0.0], [114.18441, -2.18872, 0.0], [114.2278, -2.22929, 0.0], [114.2619, -2.23163, 0.0], [114.26243, -2.37791, 0.0], [114.32527, -2.37329, 0.0], [114.32316, -2.43035, 0.0], [114.33806, -2.71744, 0.0], [114.34825, -2.72939, 0.0], [114.34875, -2.74419, 0.0], [114.28469, -2.80367, 0.0], [114.2815, -2.81469, 0.0], [114.29142, -2.82962, 0.0], [114.28372, -2.86533, 0.0], [114.21228, -2.93742, 0.0], [114.28114, -3.04433, 0.0], [114.253, -3.11076, 0.0], [114.22592, -3.19185, 0.0], [114.16642, -3.17458, 0.0], [114.14669, -3.18747, 0.0], [114.14914, -3.21458, 0.0], [114.14142, -3.26689, 0.0], [114.17199, -3.33404, 0.0], [114.15232, -3.38385, 0.0], [114.1326, -3.3817, 0.0], [114.07838, -3.35408, 0.0], [114.0684, -3.33196, 0.0], [114.06739, -3.32274, 0.0], [114.07148, -3.3198, 0.0], [114.05942, -3.30959, 0.0], [114.04623, -3.32075, 0.0], [114.04039, -3.34908, 0.0], [113.99086, -3.35598, 0.0], [113.94969, -3.37045, 0.0], [113.85966, -3.43081, 0.0], [113.82085, -3.44975, 0.0], [113.78578, -3.46058, 0.0], [113.73861, -3.46668, 0.0], [113.68517, -3.46933, 0.0], [113.6271, -3.46475, 0.0], [113.58137, -3.44184, 0.0], [113.61147, -3.3962, 0.0], [113.63238, -3.32112, 0.0], [113.63031, -3.26332, 0.0], [113.61805, -3.21425, 0.0], [113.60276, -3.17978, 0.0], [113.6021, -3.16561, 0.0], [113.61447, -3.14151, 0.0], [113.62668, -3.14549, 0.0], [113.63228, -3.14003, 0.0], [113.63679, -3.10551, 0.0], [113.6461, -3.08802, 0.0], [113.65966, -3.09023, 0.0], [113.66566, -3.08537, 0.0], [113.65775, -3.06945, 0.0], [113.6639, -3.05425, 0.0], [113.69256, -3.03017, 0.0], [113.7136, -3.02162, 0.0], [113.71491, -3.01196, 0.0], [113.70838, -2.96326, 0.0], [113.66034, -2.91389, 0.0], [113.64573, -2.85672, 0.0], [113.62779, -2.81081, 0.0], [113.60411, -2.76192, 0.0], [113.58412, -2.73779, 0.0], [113.66503, -2.61829, 0.0], [113.75095, -2.52165, 0.0], [113.762, -2.40188, 0.0], [113.96294, -2.40184, 0.0], [113.99392, -2.39491, 0.0], [114.01178, -2.40309, 0.0], [114.02493, -2.40356, 0.0], [114.02888, -2.39106, 0.0], [114.02581, -2.37995, 0.0], [114.04178, -2.31063, 0.0], [114.05637, -2.29838, 0.0], [114.0671, -2.27219, 0.0], [114.08497, -2.26885, 0.0], [114.10829, -2.18789, 0.0], [114.0092, -2.16213, 0.0], [113.9357, -2.16344, 0.0], [113.92751, -2.15461, 0.0], [113.93352, -2.15024, 0.0], [113.88477, -2.08181, 0.0], [113.82606, -2.0114, 0.0], [113.83387, -1.91047, 0.0], [113.83236, -1.80645, 0.0], [113.82083, -1.70984, 0.0], [113.79797, -1.60406, 0.0], [113.84433, -1.58295, 0.0], [113.85561, -1.53873, 0.0], [113.86474, -1.52736, 0.0], [113.89167, -1.53808, 0.0], [113.92444, -1.53781, 0.0], [113.97357, -1.5206, 0.0]]]}}, {"type": "Feature", "id": 6101, "properties": {"WADMKK": "Sambas", "WADMPR": "Kalimantan Barat", "LUASWH": 5928.22074508, "kode_wilayah": 6101, "nama_resmi": "Kabupaten Sambas", "tipe": "Kabupaten", "provinsi": "Kalimantan Barat", "pulau": "Kalimantan", "parlemen": 20.0, "pendapatan": 38.65, "pengeluaran": 11538.0, "ahh": 72.13, "profesional": 42.7, "tpak": 59.91, "rls": 6.76, "hls": 12.76, "skor_ekonomi": 41.95, "skor_keputusan": 45.2, "skor_kapasitas_sosial": 51.98, "ikpp_komposit": 45.26, "kuadran": "Kuadran IV (Ekonomi Tinggi, Keputusan Rendah)", "lisa_cluster_keputusan": "Not Significant", "lisa_cluster_ekonomi": "Not Significant", "pc1": -1.066, "pc2": 0.135, "lat": 1.361, "lon": 109.329}, "geometry": {"type": "MultiPolygon", "coordinates": [[[[109.64406, 2.08148, 0.0], [109.63025, 2.04594, 0.0], [109.63019, 2.03651, 0.0], [109.63821, 2.02771, 0.0], [109.6297, 2.01417, 0.0], [109.62725, 1.99074, 0.0], [109.59892, 1.97331, 0.0], [109.59762, 1.97878, 0.0], [109.57642, 1.97783, 0.0], [109.55326, 1.96593, 0.0], [109.55171, 1.95622, 0.0], [109.56067, 1.95505, 0.0], [109.567, 1.94574, 0.0], [109.55624, 1.92875, 0.0], [109.53805, 1.92714, 0.0], [109.53883, 1.91182, 0.0], [109.5461, 1.90388, 0.0], [109.54438, 1.89149, 0.0], [109.54955, 1.87728, 0.0], [109.55804, 1.87181, 0.0], [109.55223, 1.86281, 0.0], [109.55334, 1.85355, 0.0], [109.56372, 1.84325, 0.0], [109.57577, 1.8438, 0.0], [109.58241, 1.83546, 0.0], [109.58647, 1.81264, 0.0], [109.57922, 1.80503, 0.0], [109.58633, 1.79189, 0.0], [109.60049, 1.79797, 0.0], [109.61248, 1.7962, 0.0], [109.62282, 1.80328, 0.0], [109.62997, 1.80007, 0.0], [109.6354, 1.80536, 0.0], [109.64173, 1.79761, 0.0], [109.66037, 1.79814, 0.0], [109.68549, 1.78213, 0.0], [109.67834, 1.74911, 0.0], [109.6677, 1.73313, 0.0], [109.66987, 1.69926, 0.0], [109.66089, 1.69326, 0.0], [109.66436, 1.68396, 0.0], [109.66022, 1.67386, 0.0], [109.66701, 1.65255, 0.0], [109.6578, 1.63662, 0.0], [109.662, 1.61741, 0.0], [109.68853, 1.60981, 0.0], [109.69685, 1.58815, 0.0], [109.70704, 1.58637, 0.0], [109.71481, 1.57808, 0.0], [109.71673, 1.56831, 0.0], [109.75201, 1.53667, 0.0], [109.7535, 1.52699, 0.0], [109.73771, 1.49815, 0.0], [109.73035, 1.49479, 0.0], [109.71899, 1.4758, 0.0], [109.70394, 1.47493, 0.0], [109.70043, 1.46599, 0.0], [109.68402, 1.46068, 0.0], [109.67828, 1.44747, 0.0], [109.65325, 1.43464, 0.0], [109.63965, 1.44229, 0.0], [109.6229, 1.43245, 0.0], [109.60977, 1.43088, 0.0], [109.60211, 1.39948, 0.0], [109.60795, 1.3888, 0.0], [109.57693, 1.38049, 0.0], [109.5821, 1.37308, 0.0], [109.59439, 1.36933, 0.0], [109.60102, 1.37278, 0.0], [109.61581, 1.36273, 0.0], [109.6068, 1.32844, 0.0], [109.61152, 1.32145, 0.0], [109.6254, 1.31971, 0.0], [109.62337, 1.29292, 0.0], [109.61828, 1.29071, 0.0], [109.62065, 1.24144, 0.0], [109.61792, 1.23256, 0.0], [109.6063, 1.23282, 0.0], [109.60616, 1.22408, 0.0], [109.59798, 1.22109, 0.0], [109.59759, 1.21553, 0.0], [109.59114, 1.21526, 0.0], [109.59015, 1.1992, 0.0], [109.58295, 1.19837, 0.0], [109.57924, 1.19197, 0.0], [109.56147, 1.18869, 0.0], [109.56162, 1.1589, 0.0], [109.5551, 1.15171, 0.0], [109.55336, 1.13106, 0.0], [109.54603, 1.13177, 0.0], [109.54204, 1.12101, 0.0], [109.53264, 1.11404, 0.0], [109.52159, 1.08581, 0.0], [109.52317, 1.06718, 0.0], [109.5032, 1.02342, 0.0], [109.47863, 1.01428, 0.0], [109.45431, 1.02889, 0.0], [109.44501, 1.02948, 0.0], [109.44182, 1.04314, 0.0], [109.42473, 1.04492, 0.0], [109.41103, 1.03475, 0.0], [109.40611, 1.0215, 0.0], [109.38916, 1.01655, 0.0], [109.38707, 1.00477, 0.0], [109.37804, 0.99806, 0.0], [109.33137, 1.02361, 0.0], [109.32376, 1.02089, 0.0], [109.31339, 1.02693, 0.0], [109.24165, 1.01847, 0.0], [109.2325, 1.00257, 0.0], [109.22298, 1.0002, 0.0], [109.21761, 0.97625, 0.0], [109.19027, 0.95875, 0.0], [109.17902, 0.95924, 0.0], [109.17261, 0.96601, 0.0], [109.17332, 0.97877, 0.0], [109.16415, 0.97637, 0.0], [109.16708, 0.97358, 0.0], [109.16269, 0.97141, 0.0], [109.15971, 0.97697, 0.0], [109.15027, 0.97874, 0.0], [109.1445, 0.98966, 0.0], [109.15087, 0.99232, 0.0], [109.14665, 1.00889, 0.0], [109.13426, 1.01076, 0.0], [109.12917, 1.01802, 0.0], [109.11918, 1.01019, 0.0], [109.10805, 1.01141, 0.0], [109.10746, 1.00435, 0.0], [109.09527, 1.00441, 0.0], [109.09761, 0.99294, 0.0], [109.09311, 0.99044, 0.0], [109.08329, 1.001, 0.0], [109.04734, 1.00806, 0.0], [109.02477, 1.00476, 0.0], [109.01947, 0.99913, 0.0], [108.9775, 0.99755, 0.0], [108.9687, 1.03718, 0.0], [108.93874, 1.09454, 0.0], [108.93177, 1.09724, 0.0], [108.93288, 1.11298, 0.0], [108.92454, 1.11851, 0.0], [108.90154, 1.17034, 0.0], [108.90231, 1.17348, 0.0], [108.90597, 1.17808, 0.0], [108.91534, 1.17721, 0.0], [108.9461, 1.16431, 0.0], [108.95518, 1.16494, 0.0], [108.9708, 1.17612, 0.0], [108.9685, 1.18501, 0.0], [108.97157, 1.18028, 0.0], [108.98039, 1.18598, 0.0], [108.96571, 1.19978, 0.0], [108.9631, 1.19731, 0.0], [108.95968, 1.20563, 0.0], [108.98687, 1.25274, 0.0], [108.99045, 1.26648, 0.0], [108.98655, 1.27158, 0.0], [109.01912, 1.30597, 0.0], [109.03384, 1.32895, 0.0], [109.03992, 1.35544, 0.0], [109.03564, 1.40328, 0.0], [109.03779, 1.46234, 0.0], [109.04198, 1.48682, 0.0], [109.05557, 1.51885, 0.0], [109.12269, 1.58198, 0.0], [109.22001, 1.63205, 0.0], [109.25561, 1.66462, 0.0], [109.27069, 1.71487, 0.0], [109.28408, 1.72305, 0.0], [109.28539, 1.73971, 0.0], [109.30584, 1.78208, 0.0], [109.33676, 1.79394, 0.0], [109.34767, 1.80354, 0.0], [109.34108, 1.80831, 0.0], [109.33768, 1.80359, 0.0], [109.33615, 1.8101, 0.0], [109.33519, 1.81157, 0.0], [109.3366, 1.81307, 0.0], [109.3382, 1.81719, 0.0], [109.34115, 1.81842, 0.0], [109.34264, 1.82038, 0.0], [109.3437, 1.82804, 0.0], [109.34365, 1.83137, 0.0], [109.34295, 1.83249, 0.0], [109.34386, 1.83437, 0.0], [109.34329, 1.84113, 0.0], [109.34236, 1.84256, 0.0], [109.34563, 1.84513, 0.0], [109.34653, 1.84654, 0.0], [109.34654, 1.8476, 0.0], [109.34965, 1.8498, 0.0], [109.34838, 1.85159, 0.0], [109.34269, 1.85227, 0.0], [109.34435, 1.856, 0.0], [109.34123, 1.86538, 0.0], [109.33885, 1.86382, 0.0], [109.34397, 1.87642, 0.0], [109.32269, 1.92644, 0.0], [109.33355, 1.93376, 0.0], [109.33761, 1.94284, 0.0], [109.42883, 1.94977, 0.0], [109.44733, 1.96343, 0.0], [109.45281, 1.97401, 0.0], [109.4769, 1.98185, 0.0], [109.53412, 1.98897, 0.0], [109.58546, 1.98852, 0.0], [109.59868, 2.00537, 0.0], [109.60386, 2.02572, 0.0], [109.62455, 2.05763, 0.0], [109.62523, 2.06532, 0.0], [109.64406, 2.08148, 0.0]]], [[[109.34038, 1.86194, 0.0], [109.34387, 1.85575, 0.0], [109.3423, 1.85296, 0.0], [109.34273, 1.85137, 0.0], [109.34922, 1.84984, 0.0], [109.34635, 1.8477, 0.0], [109.34555, 1.84528, 0.0], [109.34218, 1.84274, 0.0], [109.34243, 1.82035, 0.0], [109.33822, 1.81748, 0.0], [109.33481, 1.81212, 0.0], [109.3373, 1.80282, 0.0], [109.33065, 1.79717, 0.0], [109.30469, 1.79163, 0.0], [109.28377, 1.77032, 0.0], [109.33636, 1.82864, 0.0], [109.34038, 1.86194, 0.0]]], [[[108.98037, 1.26847, 0.0], [108.98189, 1.26847, 0.0], [108.98111, 1.26749, 0.0], [108.98037, 1.26847, 0.0]]], [[[109.26226, 1.71996, 0.0], [109.26334, 1.7199, 0.0], [109.26134, 1.71949, 0.0], [109.26226, 1.71996, 0.0]]], [[[108.96605, 1.19763, 0.0], [108.96639, 1.19734, 0.0], [108.96624, 1.19724, 0.0], [108.96605, 1.19763, 0.0]]]]}}, {"type": "Feature", "id": 6105, "properties": {"WADMKK": "Sanggau", "WADMPR": "Kalimantan Barat", "LUASWH": 12452.224152, "kode_wilayah": 6105, "nama_resmi": "Kabupaten Sanggau", "tipe": "Kabupaten", "provinsi": "Kalimantan Barat", "pulau": "Kalimantan", "parlemen": 10.0, "pendapatan": 33.5, "pengeluaran": 9728.0, "ahh": 73.95, "profesional": 46.89, "tpak": 54.67, "rls": 7.47, "hls": 11.88, "skor_ekonomi": 33.78, "skor_keputusan": 38.91, "skor_kapasitas_sosial": 52.61, "ikpp_komposit": 39.6, "kuadran": "Kuadran III (Ekonomi Rendah, Keputusan Rendah)", "lisa_cluster_keputusan": "Low-Low (Coldspot)", "lisa_cluster_ekonomi": "Not Significant", "pc1": -1.117, "pc2": -0.371, "lat": 0.079, "lon": 111.495}, "geometry": {"type": "Polygon", "coordinates": [[[110.12817, 1.19595, 0.0], [110.15912, 1.19881, 0.0], [110.17127, 1.1872, 0.0], [110.19304, 1.18287, 0.0], [110.21272, 1.15079, 0.0], [110.21198, 1.1409, 0.0], [110.20526, 1.13297, 0.0], [110.21048, 1.11857, 0.0], [110.22352, 1.11417, 0.0], [110.22844, 1.11923, 0.0], [110.23746, 1.11941, 0.0], [110.24957, 1.10763, 0.0], [110.2459, 1.10299, 0.0], [110.24747, 1.08644, 0.0], [110.26355, 1.07439, 0.0], [110.26724, 1.06632, 0.0], [110.26028, 1.05759, 0.0], [110.26751, 1.0505, 0.0], [110.27933, 1.05229, 0.0], [110.28635, 1.04452, 0.0], [110.27817, 1.03257, 0.0], [110.28265, 1.01129, 0.0], [110.27632, 0.99665, 0.0], [110.29957, 0.99595, 0.0], [110.30798, 1.00384, 0.0], [110.31926, 1.00077, 0.0], [110.32518, 0.99208, 0.0], [110.33938, 1.01264, 0.0], [110.34381, 1.00633, 0.0], [110.34347, 0.99193, 0.0], [110.35308, 0.98647, 0.0], [110.35738, 0.98928, 0.0], [110.35874, 0.98341, 0.0], [110.37866, 0.99579, 0.0], [110.38916, 0.99359, 0.0], [110.39646, 0.99769, 0.0], [110.39741, 0.99035, 0.0], [110.40443, 0.98972, 0.0], [110.40475, 0.97193, 0.0], [110.41024, 0.96505, 0.0], [110.40546, 0.95303, 0.0], [110.42038, 0.95239, 0.0], [110.42459, 0.94671, 0.0], [110.43902, 0.94374, 0.0], [110.44061, 0.937, 0.0], [110.43268, 0.92849, 0.0], [110.4383, 0.91739, 0.0], [110.4466, 0.90753, 0.0], [110.46277, 0.90476, 0.0], [110.46733, 0.89259, 0.0], [110.47963, 0.89199, 0.0], [110.48057, 0.88418, 0.0], [110.4905, 0.87669, 0.0], [110.54515, 0.86859, 0.0], [110.5535, 0.85951, 0.0], [110.56858, 0.86069, 0.0], [110.57542, 0.85382, 0.0], [110.57906, 0.85834, 0.0], [110.59767, 0.85876, 0.0], [110.60183, 0.86887, 0.0], [110.62881, 0.86907, 0.0], [110.63679, 0.88009, 0.0], [110.6325, 0.88349, 0.0], [110.63619, 0.88878, 0.0], [110.63268, 0.89473, 0.0], [110.63818, 0.89237, 0.0], [110.6516, 0.90339, 0.0], [110.64791, 0.89614, 0.0], [110.64983, 0.89094, 0.0], [110.65466, 0.89115, 0.0], [110.65361, 0.87574, 0.0], [110.66228, 0.87056, 0.0], [110.67491, 0.87833, 0.0], [110.68085, 0.86901, 0.0], [110.6865, 0.8704, 0.0], [110.68822, 0.86487, 0.0], [110.69462, 0.86351, 0.0], [110.699, 0.86962, 0.0], [110.69766, 0.88417, 0.0], [110.71632, 0.90607, 0.0], [110.73476, 0.90735, 0.0], [110.75567, 0.89928, 0.0], [110.76485, 0.90822, 0.0], [110.76048, 0.91777, 0.0], [110.76575, 0.92952, 0.0], [110.77706, 0.93055, 0.0], [110.78389, 0.91245, 0.0], [110.7991, 0.90726, 0.0], [110.80322, 0.90061, 0.0], [110.79417, 0.89593, 0.0], [110.78713, 0.87639, 0.0], [110.77689, 0.87204, 0.0], [110.77534, 0.86356, 0.0], [110.76567, 0.86042, 0.0], [110.75868, 0.84221, 0.0], [110.76372, 0.83484, 0.0], [110.77278, 0.83316, 0.0], [110.78806, 0.808, 0.0], [110.79201, 0.79221, 0.0], [110.81369, 0.78971, 0.0], [110.82348, 0.7745, 0.0], [110.8394, 0.77079, 0.0], [110.84651, 0.7554, 0.0], [110.86927, 0.75478, 0.0], [110.86938, 0.74776, 0.0], [110.85096, 0.74401, 0.0], [110.85772, 0.72767, 0.0], [110.88071, 0.72785, 0.0], [110.90363, 0.71277, 0.0], [110.92996, 0.71641, 0.0], [110.95108, 0.72702, 0.0], [110.96787, 0.72444, 0.0], [110.96899, 0.73678, 0.0], [110.97471, 0.74224, 0.0], [110.99457, 0.73684, 0.0], [110.99701, 0.74608, 0.0], [111.00469, 0.73879, 0.0], [111.01162, 0.7393, 0.0], [111.00647, 0.73346, 0.0], [110.99716, 0.73537, 0.0], [111.00091, 0.72395, 0.0], [110.98871, 0.70515, 0.0], [110.98939, 0.69023, 0.0], [111.00433, 0.67723, 0.0], [111.00821, 0.67854, 0.0], [111.01306, 0.65945, 0.0], [110.98884, 0.59839, 0.0], [110.99994, 0.55796, 0.0], [110.97855, 0.53036, 0.0], [110.96224, 0.51741, 0.0], [110.9581, 0.48921, 0.0], [110.94247, 0.46183, 0.0], [110.9404, 0.42554, 0.0], [110.94741, 0.40068, 0.0], [110.95865, 0.39793, 0.0], [110.95902, 0.37256, 0.0], [110.95037, 0.35932, 0.0], [110.93197, 0.35191, 0.0], [110.93113, 0.34172, 0.0], [110.92324, 0.33975, 0.0], [110.92682, 0.32725, 0.0], [110.91035, 0.30327, 0.0], [110.91251, 0.26413, 0.0], [110.90838, 0.26353, 0.0], [110.90862, 0.25107, 0.0], [110.88819, 0.23337, 0.0], [110.89454, 0.224, 0.0], [110.90653, 0.22897, 0.0], [110.91095, 0.22214, 0.0], [110.90354, 0.20508, 0.0], [110.89868, 0.2034, 0.0], [110.90514, 0.18816, 0.0], [110.90142, 0.16782, 0.0], [110.89049, 0.16428, 0.0], [110.88464, 0.15077, 0.0], [110.87853, 0.14804, 0.0], [110.87077, 0.11942, 0.0], [110.8432, 0.10836, 0.0], [110.84301, 0.09608, 0.0], [110.81943, 0.09258, 0.0], [110.79733, 0.09948, 0.0], [110.78461, 0.08809, 0.0], [110.76644, 0.08847, 0.0], [110.76728, 0.07923, 0.0], [110.74202, 0.02255, 0.0], [110.72482, -0.00378, 0.0], [110.73043, -0.00918, 0.0], [110.7254, -0.01214, 0.0], [110.72487, -0.02102, 0.0], [110.72973, -0.03163, 0.0], [110.72228, -0.03221, 0.0], [110.72181, -0.04094, 0.0], [110.71465, -0.04952, 0.0], [110.71444, -0.08288, 0.0], [110.74648, -0.14544, 0.0], [110.74706, -0.16202, 0.0], [110.70963, -0.16946, 0.0], [110.69083, -0.16803, 0.0], [110.66372, -0.15077, 0.0], [110.63826, -0.14217, 0.0], [110.61753, -0.14497, 0.0], [110.59701, -0.15737, 0.0], [110.59986, -0.1665, 0.0], [110.61205, -0.17153, 0.0], [110.61103, -0.18139, 0.0], [110.62991, -0.20297, 0.0], [110.59685, -0.24233, 0.0], [110.56599, -0.25272, 0.0], [110.56005, -0.25896, 0.0], [110.56106, -0.27301, 0.0], [110.56961, -0.28608, 0.0], [110.56439, -0.31168, 0.0], [110.55311, -0.32609, 0.0], [110.55842, -0.33049, 0.0], [110.55563, -0.34228, 0.0], [110.57045, -0.34646, 0.0], [110.56811, -0.34772, 0.0], [110.55753, -0.34555, 0.0], [110.53803, -0.35093, 0.0], [110.5297, -0.33814, 0.0], [110.50967, -0.32438, 0.0], [110.48995, -0.33181, 0.0], [110.47022, -0.32419, 0.0], [110.45024, -0.33584, 0.0], [110.44132, -0.33557, 0.0], [110.42264, -0.36472, 0.0], [110.43171, -0.38007, 0.0], [110.42897, -0.3843, 0.0], [110.40736, -0.39022, 0.0], [110.3981, -0.3858, 0.0], [110.38737, -0.38756, 0.0], [110.38309, -0.38154, 0.0], [110.37622, -0.38861, 0.0], [110.38119, -0.39698, 0.0], [110.37835, -0.40158, 0.0], [110.35127, -0.39592, 0.0], [110.32065, -0.41054, 0.0], [110.30255, -0.45237, 0.0], [110.28277, -0.43906, 0.0], [110.27782, -0.44254, 0.0], [110.2779, -0.43767, 0.0], [110.25879, -0.44556, 0.0], [110.25232, -0.43903, 0.0], [110.23324, -0.43637, 0.0], [110.22971, -0.42763, 0.0], [110.22023, -0.42839, 0.0], [110.21988, -0.42176, 0.0], [110.21413, -0.4196, 0.0], [110.19801, -0.42474, 0.0], [110.19707, -0.41665, 0.0], [110.19122, -0.42187, 0.0], [110.17018, -0.42538, 0.0], [110.15422, -0.43886, 0.0], [110.14835, -0.4366, 0.0], [110.14671, -0.42935, 0.0], [110.13893, -0.43098, 0.0], [110.13443, -0.42508, 0.0], [110.1311, -0.42931, 0.0], [110.1239, -0.42328, 0.0], [110.11369, -0.42266, 0.0], [110.10838, -0.42867, 0.0], [110.09874, -0.39753, 0.0], [110.08804, -0.39904, 0.0], [110.07604, -0.38914, 0.0], [110.0509, -0.38743, 0.0], [110.0404, -0.39897, 0.0], [110.04373, -0.41459, 0.0], [110.03563, -0.42537, 0.0], [110.03726, -0.43575, 0.0], [110.01452, -0.44874, 0.0], [110.0151, -0.45828, 0.0], [110.0051, -0.4724, 0.0], [109.99388, -0.47325, 0.0], [109.99582, -0.48637, 0.0], [109.98869, -0.48497, 0.0], [109.97293, -0.49951, 0.0], [109.9586, -0.48777, 0.0], [109.97247, -0.47688, 0.0], [109.9693, -0.45659, 0.0], [109.94604, -0.44453, 0.0], [109.95124, -0.44033, 0.0], [109.96812, -0.4455, 0.0], [109.97197, -0.43456, 0.0], [109.93138, -0.41496, 0.0], [109.92478, -0.3934, 0.0], [109.92775, -0.35874, 0.0], [109.94788, -0.356, 0.0], [109.95307, -0.34875, 0.0], [109.93644, -0.32896, 0.0], [109.93607, -0.31892, 0.0], [109.95638, -0.30447, 0.0], [109.97071, -0.2817, 0.0], [109.9666, -0.27075, 0.0], [109.95123, -0.25949, 0.0], [109.9547, -0.24577, 0.0], [109.94438, -0.22812, 0.0], [109.94674, -0.20005, 0.0], [109.9421, -0.15984, 0.0], [109.94753, -0.14146, 0.0], [109.92099, -0.14732, 0.0], [109.90544, -0.13656, 0.0], [109.90034, -0.12319, 0.0], [109.90389, -0.10768, 0.0], [109.87807, -0.08608, 0.0], [109.87261, -0.07042, 0.0], [109.85132, -0.04911, 0.0], [109.84217, 0.00139, 0.0], [109.8577, 0.01261, 0.0], [109.86894, 0.0328, 0.0], [109.87729, 0.03157, 0.0], [109.8809, 0.04072, 0.0], [109.88601, 0.04134, 0.0], [109.87641, 0.07703, 0.0], [109.89044, 0.08733, 0.0], [109.90964, 0.08409, 0.0], [109.90763, 0.09299, 0.0], [109.9117, 0.10013, 0.0], [109.9365, 0.11417, 0.0], [109.95822, 0.1075, 0.0], [109.96284, 0.11866, 0.0], [109.97534, 0.12267, 0.0], [109.98138, 0.13114, 0.0], [109.9889, 0.13107, 0.0], [109.99779, 0.14454, 0.0], [110.00708, 0.14747, 0.0], [110.02492, 0.1404, 0.0], [110.02861, 0.17373, 0.0], [110.04934, 0.21111, 0.0], [110.057, 0.21026, 0.0], [110.07121, 0.22235, 0.0], [110.08447, 0.21694, 0.0], [110.08648, 0.20988, 0.0], [110.09765, 0.21888, 0.0], [110.1171, 0.20724, 0.0], [110.12187, 0.22775, 0.0], [110.11685, 0.23596, 0.0], [110.11933, 0.24994, 0.0], [110.12584, 0.24655, 0.0], [110.15025, 0.27338, 0.0], [110.13994, 0.27819, 0.0], [110.14089, 0.28735, 0.0], [110.1348, 0.29197, 0.0], [110.13327, 0.30247, 0.0], [110.13877, 0.30637, 0.0], [110.13578, 0.3223, 0.0], [110.14872, 0.32327, 0.0], [110.15331, 0.34389, 0.0], [110.16174, 0.34997, 0.0], [110.15934, 0.37863, 0.0], [110.17428, 0.37491, 0.0], [110.18049, 0.38218, 0.0], [110.18907, 0.38043, 0.0], [110.19446, 0.41454, 0.0], [110.20095, 0.40944, 0.0], [110.21034, 0.41048, 0.0], [110.20624, 0.42465, 0.0], [110.18258, 0.42767, 0.0], [110.1814, 0.44254, 0.0], [110.17501, 0.44777, 0.0], [110.16516, 0.4461, 0.0], [110.16387, 0.45759, 0.0], [110.18071, 0.47109, 0.0], [110.17543, 0.47989, 0.0], [110.18358, 0.48787, 0.0], [110.19912, 0.48568, 0.0], [110.20498, 0.50362, 0.0], [110.19933, 0.52594, 0.0], [110.21605, 0.53719, 0.0], [110.2308, 0.53243, 0.0], [110.23504, 0.53954, 0.0], [110.25435, 0.54981, 0.0], [110.24376, 0.56492, 0.0], [110.2492, 0.57542, 0.0], [110.2304, 0.57624, 0.0], [110.22764, 0.59298, 0.0], [110.22136, 0.59476, 0.0], [110.21989, 0.60221, 0.0], [110.22289, 0.61568, 0.0], [110.21835, 0.62483, 0.0], [110.23614, 0.65004, 0.0], [110.22825, 0.66092, 0.0], [110.24505, 0.67438, 0.0], [110.24154, 0.69055, 0.0], [110.24553, 0.69903, 0.0], [110.24007, 0.70798, 0.0], [110.23963, 0.72675, 0.0], [110.2261, 0.7403, 0.0], [110.21619, 0.74029, 0.0], [110.20155, 0.75163, 0.0], [110.17874, 0.80688, 0.0], [110.18427, 0.8361, 0.0], [110.20504, 0.84786, 0.0], [110.21387, 0.84235, 0.0], [110.24242, 0.84871, 0.0], [110.25818, 0.85841, 0.0], [110.25996, 0.86763, 0.0], [110.2439, 0.88124, 0.0], [110.23655, 0.89655, 0.0], [110.21709, 0.91824, 0.0], [110.21676, 0.95551, 0.0], [110.22489, 0.96146, 0.0], [110.21648, 0.97272, 0.0], [110.22417, 0.98084, 0.0], [110.18449, 1.00247, 0.0], [110.17069, 1.00113, 0.0], [110.15785, 1.00661, 0.0], [110.14541, 1.00182, 0.0], [110.13499, 1.00561, 0.0], [110.13149, 1.01589, 0.0], [110.14291, 1.02829, 0.0], [110.11292, 1.06251, 0.0], [110.1166, 1.07332, 0.0], [110.13102, 1.08176, 0.0], [110.12691, 1.09597, 0.0], [110.12977, 1.10042, 0.0], [110.12327, 1.10407, 0.0], [110.12407, 1.11884, 0.0], [110.11617, 1.12526, 0.0], [110.11812, 1.12905, 0.0], [110.10405, 1.14059, 0.0], [110.10182, 1.16064, 0.0], [110.10567, 1.16951, 0.0], [110.125, 1.18445, 0.0], [110.12817, 1.19595, 0.0]]]}}, {"type": "Feature", "id": 6109, "properties": {"WADMKK": "Sekadau", "WADMPR": "Kalimantan Barat", "LUASWH": 5979.04370239, "kode_wilayah": 6109, "nama_resmi": "Kabupaten Sekadau", "tipe": "Kabupaten", "provinsi": "Kalimantan Barat", "pulau": "Kalimantan", "parlemen": 0.0, "pendapatan": 38.69, "pengeluaran": 8511.0, "ahh": 75.04, "profesional": 38.25, "tpak": 61.41, "rls": 7.23, "hls": 11.93, "skor_ekonomi": 42.92, "skor_keputusan": 24.04, "skor_kapasitas_sosial": 52.44, "ikpp_komposit": 37.27, "kuadran": "Kuadran IV (Ekonomi Tinggi, Keputusan Rendah)", "lisa_cluster_keputusan": "Not Significant", "lisa_cluster_ekonomi": "Not Significant", "pc1": -1.983, "pc2": 0.887, "lat": 0.007, "lon": 110.955}, "geometry": {"type": "Polygon", "coordinates": [[[111.01427, 0.73922, 0.0], [111.05068, 0.71993, 0.0], [111.11934, 0.72007, 0.0], [111.19581, 0.68763, 0.0], [111.2021, 0.67862, 0.0], [111.19867, 0.6261, 0.0], [111.21219, 0.59831, 0.0], [111.2715, 0.57763, 0.0], [111.28611, 0.55414, 0.0], [111.28942, 0.54346, 0.0], [111.28172, 0.5357, 0.0], [111.28705, 0.5304, 0.0], [111.28492, 0.52182, 0.0], [111.29539, 0.51154, 0.0], [111.29438, 0.5, 0.0], [111.26103, 0.45338, 0.0], [111.24731, 0.45051, 0.0], [111.24309, 0.44178, 0.0], [111.23547, 0.43929, 0.0], [111.2328, 0.42721, 0.0], [111.22427, 0.42089, 0.0], [111.22476, 0.41263, 0.0], [111.22029, 0.41207, 0.0], [111.22128, 0.40475, 0.0], [111.21504, 0.40058, 0.0], [111.22615, 0.37587, 0.0], [111.21946, 0.37552, 0.0], [111.21747, 0.36977, 0.0], [111.21234, 0.37357, 0.0], [111.208, 0.36851, 0.0], [111.22054, 0.35098, 0.0], [111.22661, 0.33583, 0.0], [111.22297, 0.33344, 0.0], [111.22806, 0.32804, 0.0], [111.23188, 0.33041, 0.0], [111.23015, 0.32365, 0.0], [111.2356, 0.32496, 0.0], [111.23137, 0.30673, 0.0], [111.24901, 0.29415, 0.0], [111.25951, 0.29477, 0.0], [111.25602, 0.28957, 0.0], [111.25924, 0.27832, 0.0], [111.25475, 0.27246, 0.0], [111.26316, 0.2615, 0.0], [111.25958, 0.26108, 0.0], [111.26095, 0.24696, 0.0], [111.26711, 0.25085, 0.0], [111.26902, 0.24102, 0.0], [111.26913, 0.24911, 0.0], [111.27334, 0.24558, 0.0], [111.27256, 0.2318, 0.0], [111.26518, 0.22884, 0.0], [111.27271, 0.19024, 0.0], [111.25637, 0.14601, 0.0], [111.2363, 0.12053, 0.0], [111.223, 0.06963, 0.0], [111.21723, 0.06303, 0.0], [111.21158, 0.06207, 0.0], [111.2018, 0.07475, 0.0], [111.17964, 0.07763, 0.0], [111.16512, 0.09825, 0.0], [111.15738, 0.10215, 0.0], [111.12263, 0.08508, 0.0], [111.13225, 0.07055, 0.0], [111.14423, 0.00981, 0.0], [111.13386, -0.11093, 0.0], [111.12284, -0.13282, 0.0], [111.08818, -0.14456, 0.0], [111.09197, -0.17565, 0.0], [111.08346, -0.19722, 0.0], [111.08977, -0.23909, 0.0], [111.0819, -0.26097, 0.0], [111.0674, -0.26891, 0.0], [111.04472, -0.26732, 0.0], [111.03212, -0.27938, 0.0], [111.02897, -0.29333, 0.0], [111.00628, -0.29524, 0.0], [111.00156, -0.31618, 0.0], [110.992, -0.32724, 0.0], [111.0, -0.37796, 0.0], [111.01984, -0.39383, 0.0], [111.03633, -0.41836, 0.0], [111.03633, -0.43075, 0.0], [111.06036, -0.45032, 0.0], [111.07232, -0.45367, 0.0], [111.09506, -0.50397, 0.0], [111.07777, -0.50583, 0.0], [111.07193, -0.5013, 0.0], [111.05938, -0.51238, 0.0], [111.02319, -0.50754, 0.0], [111.01254, -0.50191, 0.0], [111.00766, -0.50604, 0.0], [111.00098, -0.49506, 0.0], [110.96608, -0.48152, 0.0], [110.95873, -0.50946, 0.0], [110.96586, -0.52066, 0.0], [110.95515, -0.53218, 0.0], [110.94708, -0.53397, 0.0], [110.94113, -0.54835, 0.0], [110.92769, -0.5576, 0.0], [110.94872, -0.59826, 0.0], [110.95955, -0.60304, 0.0], [110.95501, -0.61397, 0.0], [110.96262, -0.61191, 0.0], [110.96191, -0.61807, 0.0], [110.96996, -0.62603, 0.0], [110.96025, -0.64303, 0.0], [110.93466, -0.65017, 0.0], [110.93478, -0.67602, 0.0], [110.93014, -0.67757, 0.0], [110.91191, -0.66478, 0.0], [110.90849, -0.67557, 0.0], [110.90329, -0.67365, 0.0], [110.89543, -0.68071, 0.0], [110.88261, -0.67058, 0.0], [110.87891, -0.67511, 0.0], [110.87122, -0.67316, 0.0], [110.86362, -0.63546, 0.0], [110.84134, -0.60802, 0.0], [110.82394, -0.59985, 0.0], [110.81, -0.59784, 0.0], [110.78226, -0.60628, 0.0], [110.76379, -0.62126, 0.0], [110.71718, -0.62251, 0.0], [110.69326, -0.61519, 0.0], [110.67469, -0.61678, 0.0], [110.64773, -0.58961, 0.0], [110.63481, -0.58734, 0.0], [110.62827, -0.56597, 0.0], [110.61676, -0.56456, 0.0], [110.6335, -0.55034, 0.0], [110.61493, -0.50993, 0.0], [110.62055, -0.48674, 0.0], [110.61394, -0.47272, 0.0], [110.61798, -0.44353, 0.0], [110.61184, -0.43773, 0.0], [110.61355, -0.43024, 0.0], [110.5989, -0.40587, 0.0], [110.59755, -0.39534, 0.0], [110.58883, -0.39487, 0.0], [110.58206, -0.38763, 0.0], [110.57497, -0.38999, 0.0], [110.56255, -0.3718, 0.0], [110.56141, -0.35625, 0.0], [110.57045, -0.34646, 0.0], [110.55563, -0.34228, 0.0], [110.55842, -0.33049, 0.0], [110.55311, -0.32609, 0.0], [110.56439, -0.31168, 0.0], [110.56961, -0.28608, 0.0], [110.56106, -0.27301, 0.0], [110.56005, -0.25896, 0.0], [110.56599, -0.25272, 0.0], [110.59685, -0.24233, 0.0], [110.62991, -0.20297, 0.0], [110.61103, -0.18139, 0.0], [110.61205, -0.17153, 0.0], [110.59986, -0.1665, 0.0], [110.59701, -0.15737, 0.0], [110.61753, -0.14497, 0.0], [110.63826, -0.14217, 0.0], [110.66372, -0.15077, 0.0], [110.69083, -0.16803, 0.0], [110.70963, -0.16946, 0.0], [110.74731, -0.16162, 0.0], [110.74648, -0.14544, 0.0], [110.71444, -0.08288, 0.0], [110.71465, -0.04952, 0.0], [110.72181, -0.04094, 0.0], [110.72228, -0.03221, 0.0], [110.72973, -0.03163, 0.0], [110.72487, -0.02102, 0.0], [110.7254, -0.01214, 0.0], [110.73043, -0.00918, 0.0], [110.72482, -0.00378, 0.0], [110.74202, 0.02255, 0.0], [110.76728, 0.07923, 0.0], [110.76429, 0.08592, 0.0], [110.78824, 0.08955, 0.0], [110.79733, 0.09948, 0.0], [110.81943, 0.09258, 0.0], [110.84301, 0.09608, 0.0], [110.8432, 0.10836, 0.0], [110.87077, 0.11942, 0.0], [110.87853, 0.14804, 0.0], [110.88464, 0.15077, 0.0], [110.89049, 0.16428, 0.0], [110.90142, 0.16782, 0.0], [110.90514, 0.18816, 0.0], [110.89868, 0.2034, 0.0], [110.90354, 0.20508, 0.0], [110.91095, 0.22214, 0.0], [110.90653, 0.22897, 0.0], [110.89454, 0.224, 0.0], [110.88789, 0.23067, 0.0], [110.88878, 0.23571, 0.0], [110.90862, 0.25107, 0.0], [110.90838, 0.26353, 0.0], [110.91251, 0.26413, 0.0], [110.91035, 0.30327, 0.0], [110.92682, 0.32725, 0.0], [110.92324, 0.33975, 0.0], [110.93113, 0.34172, 0.0], [110.93197, 0.35191, 0.0], [110.95037, 0.35932, 0.0], [110.95902, 0.37256, 0.0], [110.95865, 0.39793, 0.0], [110.94741, 0.40068, 0.0], [110.9404, 0.42554, 0.0], [110.94247, 0.46183, 0.0], [110.9581, 0.48921, 0.0], [110.96224, 0.51741, 0.0], [110.97855, 0.53036, 0.0], [110.99994, 0.55796, 0.0], [110.98884, 0.59839, 0.0], [111.01058, 0.6483, 0.0], [111.01243, 0.66869, 0.0], [111.00821, 0.67854, 0.0], [111.00433, 0.67723, 0.0], [110.98939, 0.69023, 0.0], [110.98899, 0.70943, 0.0], [111.00091, 0.72395, 0.0], [110.99716, 0.73537, 0.0], [111.00647, 0.73346, 0.0], [111.01427, 0.73922, 0.0]]]}}, {"type": "Feature", "id": 6208, "properties": {"WADMKK": "Seruyan", "WADMPR": "Kalimantan Tengah", "LUASWH": 15211.713499, "kode_wilayah": 6208, "nama_resmi": "Kabupaten Seruyan", "tipe": "Kabupaten", "provinsi": "Kalimantan Tengah", "pulau": "Kalimantan", "parlemen": 12.0, "pendapatan": 28.02, "pengeluaran": 10474.0, "ahh": 71.74, "profesional": 47.18, "tpak": 48.06, "rls": 8.01, "hls": 12.04, "skor_ekonomi": 24.43, "skor_keputusan": 40.92, "skor_kapasitas_sosial": 51.91, "ikpp_komposit": 36.52, "kuadran": "Kuadran III (Ekonomi Rendah, Keputusan Rendah)", "lisa_cluster_keputusan": "Not Significant", "lisa_cluster_ekonomi": "Low-Low (Coldspot)", "pc1": -0.644, "pc2": -1.249, "lat": -2.761, "lon": 111.177}, "geometry": {"type": "Polygon", "coordinates": [[[112.09794, -0.69999, 0.0], [112.10229, -0.70985, 0.0], [112.11386, -0.70828, 0.0], [112.14685, -0.73055, 0.0], [112.15819, -0.72546, 0.0], [112.17543, -0.72557, 0.0], [112.19226, -0.74879, 0.0], [112.19422, -0.76544, 0.0], [112.18979, -0.77547, 0.0], [112.16805, -0.79321, 0.0], [112.16006, -0.81307, 0.0], [112.14655, -0.83015, 0.0], [112.15669, -0.85011, 0.0], [112.17231, -0.86631, 0.0], [112.14903, -0.88399, 0.0], [112.14701, -0.89195, 0.0], [112.13121, -0.90027, 0.0], [112.11322, -0.92978, 0.0], [112.11396, -0.9885, 0.0], [112.10018, -1.02076, 0.0], [112.11157, -1.02975, 0.0], [112.11693, -1.04519, 0.0], [112.14673, -1.03587, 0.0], [112.15801, -1.03911, 0.0], [112.16223, -1.08713, 0.0], [112.14569, -1.11792, 0.0], [112.13745, -1.12148, 0.0], [112.13804, -1.12831, 0.0], [112.11869, -1.13979, 0.0], [112.12194, -1.15022, 0.0], [112.1152, -1.15331, 0.0], [112.10852, -1.20067, 0.0], [112.09634, -1.21144, 0.0], [112.09847, -1.21698, 0.0], [112.11263, -1.21831, 0.0], [112.1261, -1.23313, 0.0], [112.12237, -1.25409, 0.0], [112.13004, -1.27783, 0.0], [112.127, -1.31283, 0.0], [112.13277, -1.41224, 0.0], [112.11473, -1.48568, 0.0], [112.06913, -1.56756, 0.0], [112.067, -1.59471, 0.0], [112.09117, -1.64432, 0.0], [112.13286, -1.69606, 0.0], [112.19213, -1.758, 0.0], [112.20095, -1.78954, 0.0], [112.21853, -1.79695, 0.0], [112.2187, -1.80988, 0.0], [112.2279, -1.80989, 0.0], [112.23676, -1.82737, 0.0], [112.25098, -1.83136, 0.0], [112.25161, -1.86011, 0.0], [112.31818, -1.9017, 0.0], [112.34464, -1.92697, 0.0], [112.34744, -1.93828, 0.0], [112.33847, -1.95692, 0.0], [112.32893, -1.97217, 0.0], [112.32358, -1.97076, 0.0], [112.31267, -1.98406, 0.0], [112.31211, -1.99594, 0.0], [112.34067, -2.00825, 0.0], [112.34084, -2.01267, 0.0], [112.33115, -2.05225, 0.0], [112.3108, -2.05225, 0.0], [112.31121, -2.06215, 0.0], [112.30584, -2.06223, 0.0], [112.30806, -2.12735, 0.0], [112.31835, -2.15196, 0.0], [112.31397, -2.15642, 0.0], [112.32848, -2.16643, 0.0], [112.33615, -2.1822, 0.0], [112.34235, -2.18024, 0.0], [112.35729, -2.19272, 0.0], [112.37369, -2.19671, 0.0], [112.37345, -2.26714, 0.0], [112.40822, -2.26704, 0.0], [112.40867, -2.33103, 0.0], [112.43075, -2.33128, 0.0], [112.43619, -2.36203, 0.0], [112.43483, -2.43496, 0.0], [112.44466, -2.43487, 0.0], [112.44273, -2.43252, 0.0], [112.44237, -2.4292, 0.0], [112.44803, -2.42685, 0.0], [112.44374, -2.43251, 0.0], [112.45208, -2.4329, 0.0], [112.45193, -2.4596, 0.0], [112.44726, -2.46018, 0.0], [112.45188, -2.46044, 0.0], [112.45579, -2.47699, 0.0], [112.45089, -2.47871, 0.0], [112.45048, -2.49099, 0.0], [112.45487, -2.48803, 0.0], [112.47428, -2.49655, 0.0], [112.4789, -2.51821, 0.0], [112.48675, -2.51821, 0.0], [112.489, -2.53443, 0.0], [112.49541, -2.53539, 0.0], [112.49278, -2.54299, 0.0], [112.50521, -2.53749, 0.0], [112.50506, -2.54414, 0.0], [112.52487, -2.5454, 0.0], [112.49539, -2.54533, 0.0], [112.49526, -2.56418, 0.0], [112.50242, -2.56436, 0.0], [112.50175, -2.60105, 0.0], [112.51139, -2.60119, 0.0], [112.51184, -2.62898, 0.0], [112.52376, -2.62943, 0.0], [112.52363, -2.63373, 0.0], [112.58055, -2.65226, 0.0], [112.6042, -2.66682, 0.0], [112.60905, -2.70442, 0.0], [112.63635, -2.72869, 0.0], [112.74476, -2.7548, 0.0], [112.82195, -2.80572, 0.0], [112.84379, -2.84575, 0.0], [112.84015, -2.9246, 0.0], [112.845, -2.99798, 0.0], [112.81407, -3.05016, 0.0], [112.81229, -3.29954, 0.0], [112.67966, -3.36465, 0.0], [112.66171, -3.37835, 0.0], [112.64242, -3.4048, 0.0], [112.61201, -3.41156, 0.0], [112.57514, -3.43197, 0.0], [112.56759, -3.43032, 0.0], [112.56339, -3.44615, 0.0], [112.54399, -3.44427, 0.0], [112.4597, -3.39632, 0.0], [112.41357, -3.35392, 0.0], [112.42193, -3.35331, 0.0], [112.38357, -3.33375, 0.0], [112.34221, -3.31656, 0.0], [112.30789, -3.31041, 0.0], [112.25631, -3.31354, 0.0], [112.196, -3.3348, 0.0], [112.08353, -3.40346, 0.0], [111.98857, -3.46862, 0.0], [111.90813, -3.53675, 0.0], [111.89076, -3.54276, 0.0], [111.85378, -3.54064, 0.0], [111.79514, -3.52528, 0.0], [112.05276, -3.24679, 0.0], [112.11851, -3.18162, 0.0], [112.13145, -3.15897, 0.0], [112.132, -3.13982, 0.0], [112.09695, -3.05385, 0.0], [112.09891, -2.988, 0.0], [112.11128, -2.92152, 0.0], [112.138, -2.8293, 0.0], [112.13981, -2.80337, 0.0], [112.12948, -2.76567, 0.0], [112.09273, -2.72749, 0.0], [112.05751, -2.70545, 0.0], [112.042, -2.68831, 0.0], [112.06181, -2.64924, 0.0], [112.05274, -2.61644, 0.0], [112.03677, -2.59184, 0.0], [112.044, -2.57539, 0.0], [112.04162, -2.55761, 0.0], [112.03284, -2.55694, 0.0], [112.03407, -2.52029, 0.0], [112.02286, -2.52021, 0.0], [112.02357, -2.48267, 0.0], [112.01532, -2.48245, 0.0], [112.01095, -2.462, 0.0], [112.01741, -2.46175, 0.0], [112.01809, -2.45213, 0.0], [112.02417, -2.4484, 0.0], [112.04998, -2.45168, 0.0], [112.05023, -2.42751, 0.0], [112.06135, -2.42776, 0.0], [112.06217, -2.39349, 0.0], [112.04003, -2.39299, 0.0], [112.03996, -2.3455, 0.0], [112.07295, -2.34735, 0.0], [112.06386, -2.31404, 0.0], [112.03735, -2.26788, 0.0], [112.04243, -2.26485, 0.0], [112.04226, -2.25094, 0.0], [112.02483, -2.23201, 0.0], [112.02553, -2.18293, 0.0], [112.01803, -2.12537, 0.0], [112.02754, -2.09981, 0.0], [112.0457, -2.09616, 0.0], [112.04633, -2.08087, 0.0], [112.0564, -2.06736, 0.0], [112.05809, -2.01226, 0.0], [112.06544, -1.99639, 0.0], [112.06409, -1.98188, 0.0], [112.07444, -1.972, 0.0], [112.05762, -1.95001, 0.0], [111.99922, -1.9242, 0.0], [111.96845, -1.90413, 0.0], [111.93713, -1.86885, 0.0], [111.93388, -1.84171, 0.0], [111.95274, -1.79446, 0.0], [111.95542, -1.75048, 0.0], [111.91705, -1.61801, 0.0], [111.872, -1.54443, 0.0], [111.75, -1.48316, 0.0], [111.73288, -1.46542, 0.0], [111.70343, -1.4542, 0.0], [111.69228, -1.44559, 0.0], [111.67785, -1.42099, 0.0], [111.64483, -1.41933, 0.0], [111.63871, -1.40121, 0.0], [111.61029, -1.39224, 0.0], [111.60913, -1.37774, 0.0], [111.59676, -1.3644, 0.0], [111.58961, -1.34748, 0.0], [111.56872, -1.33432, 0.0], [111.57785, -1.32236, 0.0], [111.57719, -1.31396, 0.0], [111.56934, -1.31743, 0.0], [111.56059, -1.31105, 0.0], [111.54687, -1.29704, 0.0], [111.5442, -1.28572, 0.0], [111.51608, -1.26968, 0.0], [111.50404, -1.25355, 0.0], [111.48779, -1.25887, 0.0], [111.46323, -1.25292, 0.0], [111.45245, -1.25974, 0.0], [111.44598, -1.24526, 0.0], [111.47132, -1.23211, 0.0], [111.48656, -1.23115, 0.0], [111.49403, -1.22099, 0.0], [111.51237, -1.21674, 0.0], [111.52602, -1.20267, 0.0], [111.53289, -1.20495, 0.0], [111.5359, -1.20093, 0.0], [111.54939, -1.20727, 0.0], [111.56869, -1.1847, 0.0], [111.57739, -1.16756, 0.0], [111.57157, -1.16477, 0.0], [111.56968, -1.15688, 0.0], [111.55966, -1.15742, 0.0], [111.55709, -1.15271, 0.0], [111.56117, -1.12985, 0.0], [111.54336, -1.11539, 0.0], [111.54431, -1.09852, 0.0], [111.55825, -1.10128, 0.0], [111.57125, -1.0581, 0.0], [111.57778, -1.05818, 0.0], [111.58467, -1.06524, 0.0], [111.58952, -1.05875, 0.0], [111.60363, -1.05785, 0.0], [111.60646, -1.06396, 0.0], [111.61615, -1.05627, 0.0], [111.62465, -1.03696, 0.0], [111.62417, -1.02881, 0.0], [111.61728, -1.02966, 0.0], [111.61613, -1.02605, 0.0], [111.62523, -1.01118, 0.0], [111.62509, -0.99106, 0.0], [111.63661, -0.97979, 0.0], [111.63957, -0.96799, 0.0], [111.6556, -0.96933, 0.0], [111.67594, -0.95776, 0.0], [111.70164, -0.95297, 0.0], [111.70525, -0.94107, 0.0], [111.72391, -0.94262, 0.0], [111.73694, -0.9318, 0.0], [111.7409, -0.91823, 0.0], [111.74813, -0.91156, 0.0], [111.78593, -0.90783, 0.0], [111.79701, -0.91298, 0.0], [111.80494, -0.90362, 0.0], [111.83818, -0.90645, 0.0], [111.8431, -0.89189, 0.0], [111.88552, -0.85816, 0.0], [111.88693, -0.8417, 0.0], [111.90217, -0.84023, 0.0], [111.90812, -0.84556, 0.0], [111.91725, -0.84109, 0.0], [111.9226, -0.79331, 0.0], [111.95174, -0.7926, 0.0], [111.96431, -0.81127, 0.0], [111.97676, -0.81326, 0.0], [111.98439, -0.79936, 0.0], [112.02295, -0.79091, 0.0], [112.02725, -0.77944, 0.0], [112.04586, -0.76991, 0.0], [112.05488, -0.77058, 0.0], [112.05404, -0.75159, 0.0], [112.07427, -0.73404, 0.0], [112.07232, -0.72068, 0.0], [112.07788, -0.71912, 0.0], [112.08366, -0.70051, 0.0], [112.09794, -0.69999, 0.0]]]}}, {"type": "Feature", "id": 6107, "properties": {"WADMKK": "Sintang", "WADMPR": "Kalimantan Barat", "LUASWH": 22025.788002, "kode_wilayah": 6107, "nama_resmi": "Kabupaten Sintang", "tipe": "Kabupaten", "provinsi": "Kalimantan Barat", "pulau": "Kalimantan", "parlemen": 10.0, "pendapatan": 32.82, "pengeluaran": 9657.0, "ahh": 74.78, "profesional": 52.97, "tpak": 63.22, "rls": 7.65, "hls": 12.32, "skor_ekonomi": 38.45, "skor_keputusan": 42.98, "skor_kapasitas_sosial": 54.85, "ikpp_komposit": 43.54, "kuadran": "Kuadran IV (Ekonomi Tinggi, Keputusan Rendah)", "lisa_cluster_keputusan": "Not Significant", "lisa_cluster_ekonomi": "Not Significant", "pc1": -0.933, "pc2": 0.075, "lat": 0.869, "lon": 109.497}, "geometry": {"type": "Polygon", "coordinates": [[[111.23325, 1.08527, 0.0], [111.24467, 1.07873, 0.0], [111.25208, 1.06296, 0.0], [111.273, 1.06787, 0.0], [111.28823, 1.05548, 0.0], [111.3218, 1.04298, 0.0], [111.35236, 1.03953, 0.0], [111.38511, 1.01502, 0.0], [111.41345, 1.00758, 0.0], [111.4443, 1.01353, 0.0], [111.45721, 1.02357, 0.0], [111.46441, 1.03692, 0.0], [111.48868, 1.03528, 0.0], [111.50561, 1.02101, 0.0], [111.51474, 1.0039, 0.0], [111.51947, 0.96184, 0.0], [111.52898, 0.95438, 0.0], [111.53678, 0.93692, 0.0], [111.56099, 0.92119, 0.0], [111.57335, 0.92062, 0.0], [111.60779, 0.93433, 0.0], [111.61715, 0.93105, 0.0], [111.62593, 0.9232, 0.0], [111.63669, 0.87162, 0.0], [111.64362, 0.8607, 0.0], [111.66466, 0.84598, 0.0], [111.67651, 0.81542, 0.0], [111.71077, 0.7954, 0.0], [111.73855, 0.76869, 0.0], [111.74747, 0.74722, 0.0], [111.74339, 0.73799, 0.0], [111.73208, 0.73481, 0.0], [111.71787, 0.70699, 0.0], [111.71672, 0.67228, 0.0], [111.68936, 0.63814, 0.0], [111.68736, 0.62757, 0.0], [111.71486, 0.58857, 0.0], [111.72062, 0.57058, 0.0], [111.72258, 0.53342, 0.0], [111.71785, 0.51958, 0.0], [111.72447, 0.45935, 0.0], [111.70643, 0.44607, 0.0], [111.70136, 0.43643, 0.0], [111.69817, 0.40963, 0.0], [111.68602, 0.37746, 0.0], [111.66136, 0.36123, 0.0], [111.64478, 0.35926, 0.0], [111.64937, 0.33637, 0.0], [111.65278, 0.33284, 0.0], [111.66735, 0.34218, 0.0], [111.67623, 0.33281, 0.0], [111.68564, 0.30012, 0.0], [111.66648, 0.30134, 0.0], [111.67972, 0.26998, 0.0], [111.72093, 0.24969, 0.0], [111.76668, 0.23827, 0.0], [111.77126, 0.23237, 0.0], [111.78226, 0.23533, 0.0], [111.79288, 0.23095, 0.0], [111.79883, 0.23642, 0.0], [111.84093, 0.22806, 0.0], [111.85889, 0.18966, 0.0], [111.86705, 0.1831, 0.0], [111.89638, 0.17562, 0.0], [111.92657, 0.18308, 0.0], [111.94465, 0.16793, 0.0], [111.96876, 0.16279, 0.0], [111.98489, 0.17606, 0.0], [111.98956, 0.19138, 0.0], [112.006, 0.19508, 0.0], [112.05869, 0.17977, 0.0], [112.06162, 0.17344, 0.0], [112.05418, 0.1618, 0.0], [112.05922, 0.156, 0.0], [112.04869, 0.13438, 0.0], [112.08031, 0.11871, 0.0], [112.09383, 0.11874, 0.0], [112.1005, 0.10417, 0.0], [112.10896, 0.09942, 0.0], [112.11125, 0.0895, 0.0], [112.12279, 0.09157, 0.0], [112.12915, 0.0876, 0.0], [112.13425, 0.08002, 0.0], [112.13393, 0.06848, 0.0], [112.13902, 0.06618, 0.0], [112.14844, 0.07676, 0.0], [112.14505, 0.0889, 0.0], [112.17119, 0.08236, 0.0], [112.17565, 0.09361, 0.0], [112.19097, 0.09014, 0.0], [112.19469, 0.10305, 0.0], [112.2028, 0.09907, 0.0], [112.21568, 0.1068, 0.0], [112.21755, 0.11481, 0.0], [112.25062, 0.10721, 0.0], [112.26531, 0.11063, 0.0], [112.28115, 0.08658, 0.0], [112.29063, 0.0826, 0.0], [112.29794, 0.08321, 0.0], [112.30779, 0.10115, 0.0], [112.33604, 0.10595, 0.0], [112.34907, 0.09538, 0.0], [112.37923, 0.09895, 0.0], [112.39338, 0.09478, 0.0], [112.39499, 0.11213, 0.0], [112.4027, 0.12216, 0.0], [112.39572, 0.14701, 0.0], [112.43673, 0.12799, 0.0], [112.46127, 0.12324, 0.0], [112.50562, 0.10483, 0.0], [112.51366, 0.12479, 0.0], [112.50489, 0.16424, 0.0], [112.51156, 0.1836, 0.0], [112.52335, 0.18719, 0.0], [112.5405, 0.17825, 0.0], [112.54968, 0.18185, 0.0], [112.56936, 0.20441, 0.0], [112.60045, 0.18097, 0.0], [112.61397, 0.17778, 0.0], [112.62449, 0.18214, 0.0], [112.64749, 0.16741, 0.0], [112.64539, 0.18226, 0.0], [112.62857, 0.20681, 0.0], [112.6372, 0.21569, 0.0], [112.6461, 0.21542, 0.0], [112.65599, 0.2336, 0.0], [112.67168, 0.2417, 0.0], [112.70038, 0.23481, 0.0], [112.75297, 0.23354, 0.0], [112.80646, 0.19033, 0.0], [112.81617, 0.18043, 0.0], [112.82407, 0.16205, 0.0], [112.9482, 0.14657, 0.0], [112.9633, 0.1506, 0.0], [112.96423, 0.16015, 0.0], [112.97145, 0.16467, 0.0], [112.97549, 0.17586, 0.0], [112.96553, 0.21436, 0.0], [112.97395, 0.2184, 0.0], [112.97457, 0.22584, 0.0], [112.98357, 0.22945, 0.0], [112.99735, 0.25336, 0.0], [113.01333, 0.25217, 0.0], [113.02311, 0.2679, 0.0], [113.04648, 0.27147, 0.0], [113.05471, 0.29167, 0.0], [113.0598, 0.28282, 0.0], [113.07205, 0.27901, 0.0], [113.07499, 0.26847, 0.0], [113.09228, 0.26125, 0.0], [113.1028, 0.26239, 0.0], [113.1004, 0.25608, 0.0], [113.1049, 0.24729, 0.0], [113.09868, 0.2386, 0.0], [113.10049, 0.23073, 0.0], [113.11562, 0.22212, 0.0], [113.12274, 0.21194, 0.0], [113.1363, 0.21197, 0.0], [113.1356, 0.22097, 0.0], [113.14895, 0.23433, 0.0], [113.16696, 0.23549, 0.0], [113.17925, 0.24313, 0.0], [113.23489, 0.2299, 0.0], [113.26179, 0.23005, 0.0], [113.27367, 0.22567, 0.0], [113.27367, 0.21903, 0.0], [113.29428, 0.20707, 0.0], [113.30114, 0.18589, 0.0], [113.31347, 0.171, 0.0], [113.36741, 0.15258, 0.0], [113.37376, 0.14259, 0.0], [113.38348, 0.14446, 0.0], [113.39982, 0.13493, 0.0], [113.39999, 0.1274, 0.0], [113.41444, 0.11406, 0.0], [113.40399, 0.08968, 0.0], [113.39327, 0.0833, 0.0], [113.4052, 0.06422, 0.0], [113.40252, 0.04608, 0.0], [113.39474, 0.04529, 0.0], [113.39577, 0.03435, 0.0], [113.41731, 0.01866, 0.0], [113.41784, 0.01298, 0.0], [113.43275, 0.00921, 0.0], [113.42603, -0.00985, 0.0], [113.42955, -0.02546, 0.0], [113.41759, -0.03728, 0.0], [113.41568, -0.04778, 0.0], [113.44188, -0.05427, 0.0], [113.4432, -0.06402, 0.0], [113.41991, -0.09166, 0.0], [113.4182, -0.1017, 0.0], [113.42248, -0.11047, 0.0], [113.4157, -0.11387, 0.0], [113.40071, -0.11052, 0.0], [113.39397, -0.12647, 0.0], [113.38528, -0.1319, 0.0], [113.35648, -0.13638, 0.0], [113.35447, -0.14114, 0.0], [113.33021, -0.15164, 0.0], [113.32369, -0.16831, 0.0], [113.29081, -0.20872, 0.0], [113.28749, -0.22344, 0.0], [113.30169, -0.23013, 0.0], [113.30254, -0.23766, 0.0], [113.29704, -0.23941, 0.0], [113.30544, -0.25415, 0.0], [113.28424, -0.26221, 0.0], [113.26278, -0.28345, 0.0], [113.25745, -0.28168, 0.0], [113.25995, -0.29336, 0.0], [113.25218, -0.30408, 0.0], [113.24361, -0.30392, 0.0], [113.23192, -0.32396, 0.0], [113.2205, -0.33354, 0.0], [113.22132, -0.34816, 0.0], [113.23908, -0.37781, 0.0], [113.26231, -0.3894, 0.0], [113.25728, -0.40552, 0.0], [113.27115, -0.42569, 0.0], [113.26422, -0.42339, 0.0], [113.26596, -0.43626, 0.0], [113.25525, -0.43426, 0.0], [113.26094, -0.44927, 0.0], [113.24649, -0.45018, 0.0], [113.23965, -0.46846, 0.0], [113.22819, -0.47885, 0.0], [113.22559, -0.4977, 0.0], [113.21816, -0.50617, 0.0], [113.19217, -0.50355, 0.0], [113.17942, -0.48951, 0.0], [113.16945, -0.48906, 0.0], [113.16703, -0.47823, 0.0], [113.15234, -0.4784, 0.0], [113.14327, -0.47237, 0.0], [113.13079, -0.45216, 0.0], [113.09693, -0.48948, 0.0], [113.08974, -0.48969, 0.0], [113.0546, -0.51385, 0.0], [113.04333, -0.50833, 0.0], [113.03766, -0.49592, 0.0], [113.03, -0.5025, 0.0], [112.99808, -0.50344, 0.0], [112.99125, -0.4999, 0.0], [112.99146, -0.49279, 0.0], [112.97568, -0.51114, 0.0], [112.93813, -0.51547, 0.0], [112.92926, -0.52428, 0.0], [112.92304, -0.52202, 0.0], [112.92167, -0.53352, 0.0], [112.91164, -0.54055, 0.0], [112.88928, -0.53857, 0.0], [112.86584, -0.54783, 0.0], [112.83582, -0.56907, 0.0], [112.83236, -0.5776, 0.0], [112.78745, -0.58582, 0.0], [112.7774, -0.57384, 0.0], [112.7446, -0.57189, 0.0], [112.72951, -0.58806, 0.0], [112.73449, -0.63065, 0.0], [112.71669, -0.62797, 0.0], [112.70367, -0.62051, 0.0], [112.70238, -0.63863, 0.0], [112.6938, -0.64258, 0.0], [112.6881, -0.6591, 0.0], [112.67721, -0.6546, 0.0], [112.66658, -0.65978, 0.0], [112.65235, -0.65452, 0.0], [112.64498, -0.66003, 0.0], [112.63818, -0.65733, 0.0], [112.62669, -0.66776, 0.0], [112.61737, -0.66785, 0.0], [112.60876, -0.684, 0.0], [112.59449, -0.68982, 0.0], [112.5776, -0.68148, 0.0], [112.56785, -0.68525, 0.0], [112.56127, -0.69617, 0.0], [112.54036, -0.69383, 0.0], [112.53246, -0.69839, 0.0], [112.52229, -0.69179, 0.0], [112.51334, -0.70079, 0.0], [112.50286, -0.70016, 0.0], [112.49606, -0.68429, 0.0], [112.48685, -0.69158, 0.0], [112.47018, -0.68503, 0.0], [112.44748, -0.64988, 0.0], [112.43322, -0.64509, 0.0], [112.41421, -0.62763, 0.0], [112.41421, -0.61088, 0.0], [112.42894, -0.60035, 0.0], [112.42467, -0.58623, 0.0], [112.43346, -0.57714, 0.0], [112.43999, -0.54765, 0.0], [112.43809, -0.54025, 0.0], [112.42428, -0.53195, 0.0], [112.42324, -0.52642, 0.0], [112.42396, -0.51632, 0.0], [112.43466, -0.51105, 0.0], [112.43538, -0.50575, 0.0], [112.42988, -0.49785, 0.0], [112.41483, -0.49427, 0.0], [112.41429, -0.48395, 0.0], [112.42988, -0.46175, 0.0], [112.43738, -0.43075, 0.0], [112.42288, -0.41885, 0.0], [112.41695, -0.39982, 0.0], [112.39176, -0.37016, 0.0], [112.38035, -0.36834, 0.0], [112.3635, -0.34674, 0.0], [112.36483, -0.33916, 0.0], [112.37051, -0.33654, 0.0], [112.37209, -0.30215, 0.0], [112.38654, -0.29263, 0.0], [112.37895, -0.28319, 0.0], [112.37863, -0.26846, 0.0], [112.37258, -0.25583, 0.0], [112.3847, -0.24004, 0.0], [112.39706, -0.20151, 0.0], [112.41182, -0.18601, 0.0], [112.41063, -0.18226, 0.0], [112.39373, -0.18141, 0.0], [112.3541, -0.1913, 0.0], [112.32139, -0.20858, 0.0], [112.2888, -0.2187, 0.0], [112.24846, -0.24178, 0.0], [112.22812, -0.24345, 0.0], [112.19901, -0.26723, 0.0], [112.17465, -0.27867, 0.0], [112.17443, -0.29344, 0.0], [112.15096, -0.30897, 0.0], [112.13239, -0.30395, 0.0], [112.10718, -0.26235, 0.0], [112.08249, -0.25725, 0.0], [112.04664, -0.23575, 0.0], [112.03708, -0.204, 0.0], [112.02777, -0.21291, 0.0], [112.03091, -0.2199, 0.0], [111.99731, -0.20791, 0.0], [111.97691, -0.21789, 0.0], [111.95512, -0.19527, 0.0], [111.93173, -0.1864, 0.0], [111.91044, -0.19248, 0.0], [111.9064, -0.20485, 0.0], [111.89272, -0.20656, 0.0], [111.89375, -0.21065, 0.0], [111.89285, -0.21309, 0.0], [111.89247, -0.21338, 0.0], [111.8817, -0.20183, 0.0], [111.87727, -0.20448, 0.0], [111.87601, -0.19461, 0.0], [111.861, -0.19347, 0.0], [111.86012, -0.19005, 0.0], [111.86295, -0.20195, 0.0], [111.85581, -0.20801, 0.0], [111.83083, -0.20614, 0.0], [111.81456, -0.21589, 0.0], [111.80885, -0.20838, 0.0], [111.81142, -0.20099, 0.0], [111.80079, -0.19932, 0.0], [111.78497, -0.18002, 0.0], [111.76514, -0.17692, 0.0], [111.76203, -0.17955, 0.0], [111.76859, -0.18611, 0.0], [111.75119, -0.19052, 0.0], [111.74626, -0.18599, 0.0], [111.74815, -0.17935, 0.0], [111.74105, -0.18064, 0.0], [111.7396, -0.17468, 0.0], [111.73253, -0.17378, 0.0], [111.7342, -0.17792, 0.0], [111.72973, -0.17878, 0.0], [111.72481, -0.17516, 0.0], [111.72883, -0.17197, 0.0], [111.72746, -0.15332, 0.0], [111.7316, -0.14973, 0.0], [111.71512, -0.15322, 0.0], [111.70229, -0.12754, 0.0], [111.68515, -0.1314, 0.0], [111.685, -0.14185, 0.0], [111.67879, -0.14325, 0.0], [111.6619, -0.16463, 0.0], [111.63943, -0.16857, 0.0], [111.63075, -0.18032, 0.0], [111.61755, -0.17899, 0.0], [111.59067, -0.20314, 0.0], [111.57298, -0.2041, 0.0], [111.56977, -0.20888, 0.0], [111.56585, -0.20261, 0.0], [111.56574, -0.20893, 0.0], [111.55146, -0.21192, 0.0], [111.5415, -0.23485, 0.0], [111.53184, -0.23423, 0.0], [111.52871, -0.2279, 0.0], [111.51669, -0.2286, 0.0], [111.51644, -0.23426, 0.0], [111.50351, -0.2308, 0.0], [111.49806, -0.23362, 0.0], [111.49805, -0.24581, 0.0], [111.48901, -0.24508, 0.0], [111.48821, -0.25701, 0.0], [111.48046, -0.2569, 0.0], [111.47924, -0.27275, 0.0], [111.47921, -0.29295, 0.0], [111.49303, -0.29323, 0.0], [111.49502, -0.32199, 0.0], [111.47603, -0.32917, 0.0], [111.46731, -0.347, 0.0], [111.43626, -0.35754, 0.0], [111.43082, -0.36627, 0.0], [111.39159, -0.34969, 0.0], [111.38121, -0.35242, 0.0], [111.37453, -0.36038, 0.0], [111.3675, -0.35905, 0.0], [111.35347, -0.37677, 0.0], [111.35762, -0.37904, 0.0], [111.35533, -0.38399, 0.0], [111.34359, -0.39079, 0.0], [111.33776, -0.38754, 0.0], [111.31756, -0.39883, 0.0], [111.3072, -0.40807, 0.0], [111.31251, -0.41408, 0.0], [111.29731, -0.42302, 0.0], [111.26067, -0.43537, 0.0], [111.2395, -0.45529, 0.0], [111.24155, -0.46862, 0.0], [111.22187, -0.47615, 0.0], [111.20913, -0.49958, 0.0], [111.20224, -0.49594, 0.0], [111.20297, -0.51087, 0.0], [111.19494, -0.50541, 0.0], [111.18592, -0.50957, 0.0], [111.18522, -0.51528, 0.0], [111.17773, -0.51116, 0.0], [111.17119, -0.51817, 0.0], [111.15584, -0.51125, 0.0], [111.13032, -0.51509, 0.0], [111.12562, -0.50735, 0.0], [111.11297, -0.50094, 0.0], [111.10376, -0.50636, 0.0], [111.09586, -0.50472, 0.0], [111.07232, -0.45367, 0.0], [111.06036, -0.45032, 0.0], [111.03633, -0.43075, 0.0], [111.03633, -0.41836, 0.0], [111.01984, -0.39383, 0.0], [111.0, -0.37796, 0.0], [110.992, -0.32724, 0.0], [111.00156, -0.31618, 0.0], [111.00628, -0.29524, 0.0], [111.02897, -0.29333, 0.0], [111.03212, -0.27938, 0.0], [111.04472, -0.26732, 0.0], [111.0674, -0.26891, 0.0], [111.0819, -0.26097, 0.0], [111.08977, -0.23909, 0.0], [111.08346, -0.19722, 0.0], [111.09197, -0.17565, 0.0], [111.08818, -0.14456, 0.0], [111.12284, -0.13282, 0.0], [111.13386, -0.11093, 0.0], [111.14423, 0.00981, 0.0], [111.13225, 0.07055, 0.0], [111.12263, 0.08508, 0.0], [111.15738, 0.10215, 0.0], [111.16512, 0.09825, 0.0], [111.17964, 0.07763, 0.0], [111.2018, 0.07475, 0.0], [111.21158, 0.06207, 0.0], [111.21693, 0.06284, 0.0], [111.22295, 0.06946, 0.0], [111.2363, 0.12053, 0.0], [111.25637, 0.14601, 0.0], [111.26849, 0.17052, 0.0], [111.27243, 0.19897, 0.0], [111.26518, 0.22884, 0.0], [111.27256, 0.2318, 0.0], [111.27338, 0.24521, 0.0], [111.26925, 0.24923, 0.0], [111.26872, 0.24113, 0.0], [111.26684, 0.25098, 0.0], [111.26095, 0.24696, 0.0], [111.25958, 0.26108, 0.0], [111.26316, 0.2615, 0.0], [111.25475, 0.27246, 0.0], [111.25924, 0.27832, 0.0], [111.25602, 0.28957, 0.0], [111.25951, 0.29477, 0.0], [111.24901, 0.29415, 0.0], [111.23137, 0.30673, 0.0], [111.2356, 0.32496, 0.0], [111.23015, 0.32365, 0.0], [111.23188, 0.33041, 0.0], [111.22806, 0.32804, 0.0], [111.22297, 0.33344, 0.0], [111.22661, 0.33583, 0.0], [111.22054, 0.35098, 0.0], [111.208, 0.36851, 0.0], [111.21234, 0.37357, 0.0], [111.21747, 0.36977, 0.0], [111.21946, 0.37552, 0.0], [111.22615, 0.37587, 0.0], [111.21504, 0.40058, 0.0], [111.22128, 0.40475, 0.0], [111.22029, 0.41207, 0.0], [111.22476, 0.41263, 0.0], [111.22427, 0.42089, 0.0], [111.2328, 0.42721, 0.0], [111.23547, 0.43929, 0.0], [111.24309, 0.44178, 0.0], [111.24731, 0.45051, 0.0], [111.26103, 0.45338, 0.0], [111.29438, 0.5, 0.0], [111.29539, 0.51154, 0.0], [111.28492, 0.52182, 0.0], [111.28705, 0.5304, 0.0], [111.28163, 0.53632, 0.0], [111.28984, 0.54527, 0.0], [111.2715, 0.57763, 0.0], [111.21219, 0.59831, 0.0], [111.19867, 0.6261, 0.0], [111.19676, 0.64047, 0.0], [111.2021, 0.67862, 0.0], [111.18724, 0.69299, 0.0], [111.11934, 0.72007, 0.0], [111.05068, 0.71993, 0.0], [111.01569, 0.73882, 0.0], [111.00469, 0.73879, 0.0], [110.99701, 0.74608, 0.0], [110.99457, 0.73684, 0.0], [110.97471, 0.74224, 0.0], [110.96899, 0.73678, 0.0], [110.96787, 0.72444, 0.0], [110.95108, 0.72702, 0.0], [110.92996, 0.71641, 0.0], [110.90363, 0.71277, 0.0], [110.88071, 0.72785, 0.0], [110.85772, 0.72767, 0.0], [110.85096, 0.74401, 0.0], [110.86938, 0.74776, 0.0], [110.86927, 0.75478, 0.0], [110.84651, 0.7554, 0.0], [110.8394, 0.77079, 0.0], [110.82348, 0.7745, 0.0], [110.81369, 0.78971, 0.0], [110.79203, 0.79219, 0.0], [110.78806, 0.808, 0.0], [110.77278, 0.83316, 0.0], [110.76372, 0.83484, 0.0], [110.75868, 0.84221, 0.0], [110.76567, 0.86042, 0.0], [110.77534, 0.86356, 0.0], [110.77689, 0.87204, 0.0], [110.78713, 0.87639, 0.0], [110.79516, 0.89704, 0.0], [110.81633, 0.90537, 0.0], [110.81787, 0.9142, 0.0], [110.81247, 0.91768, 0.0], [110.81413, 0.92296, 0.0], [110.80624, 0.93802, 0.0], [110.80932, 0.95, 0.0], [110.81617, 0.94502, 0.0], [110.82324, 0.95403, 0.0], [110.8612, 0.9513, 0.0], [110.8627, 0.96538, 0.0], [110.86927, 0.96548, 0.0], [110.88999, 0.98338, 0.0], [110.89169, 1.0087, 0.0], [110.90001, 1.01471, 0.0], [110.90498, 1.02854, 0.0], [110.99502, 1.02869, 0.0], [111.00248, 1.03349, 0.0], [111.03544, 1.03605, 0.0], [111.07979, 1.05114, 0.0], [111.09205, 1.04781, 0.0], [111.11449, 1.05268, 0.0], [111.14313, 1.05099, 0.0], [111.16513, 1.06049, 0.0], [111.1967, 1.06451, 0.0], [111.23325, 1.08527, 0.0]]]}}, {"type": "Feature", "id": 6206, "properties": {"WADMKK": "Sukamara", "WADMPR": "Kalimantan Tengah", "LUASWH": 3310.12980024, "kode_wilayah": 6206, "nama_resmi": "Kabupaten Sukamara", "tipe": "Kabupaten", "provinsi": "Kalimantan Tengah", "pulau": "Kalimantan", "parlemen": 20.0, "pendapatan": 21.47, "pengeluaran": 9809.0, "ahh": 74.2, "profesional": 42.03, "tpak": 52.27, "rls": 8.18, "hls": 12.17, "skor_ekonomi": 20.8, "skor_keputusan": 44.75, "skor_kapasitas_sosial": 55.14, "ikpp_komposit": 37.25, "kuadran": "Kuadran III (Ekonomi Rendah, Keputusan Rendah)", "lisa_cluster_keputusan": "Low-High (Spatial Outlier)", "lisa_cluster_ekonomi": "Not Significant", "pc1": -0.305, "pc2": -1.701, "lat": -1.881, "lon": 113.399}, "geometry": {"type": "Polygon", "coordinates": [[[111.15689, -2.01565, 0.0], [111.15607, -2.02838, 0.0], [111.17156, -2.03575, 0.0], [111.20524, -2.03763, 0.0], [111.19393, -2.05599, 0.0], [111.20455, -2.06425, 0.0], [111.24091, -2.06435, 0.0], [111.24121, -2.12455, 0.0], [111.2536, -2.12601, 0.0], [111.26551, -2.14078, 0.0], [111.29396, -2.14937, 0.0], [111.35525, -2.15231, 0.0], [111.35496, -2.16418, 0.0], [111.36691, -2.192, 0.0], [111.35766, -2.20974, 0.0], [111.35916, -2.22284, 0.0], [111.36449, -2.22776, 0.0], [111.36436, -2.27319, 0.0], [111.382, -2.28209, 0.0], [111.38049, -2.28499, 0.0], [111.37566, -2.28768, 0.0], [111.36477, -2.27723, 0.0], [111.35568, -2.28173, 0.0], [111.34836, -2.28591, 0.0], [111.35249, -2.29975, 0.0], [111.34688, -2.30617, 0.0], [111.31687, -2.30517, 0.0], [111.31636, -2.33249, 0.0], [111.27481, -2.33603, 0.0], [111.266, -2.34701, 0.0], [111.26495, -2.37256, 0.0], [111.28364, -2.37277, 0.0], [111.28412, -2.40021, 0.0], [111.29555, -2.40834, 0.0], [111.28169, -2.42802, 0.0], [111.27517, -2.42993, 0.0], [111.28079, -2.50715, 0.0], [111.28667, -2.50723, 0.0], [111.28723, -2.51803, 0.0], [111.25515, -2.50041, 0.0], [111.24278, -2.50595, 0.0], [111.21756, -2.50514, 0.0], [111.22552, -2.562, 0.0], [111.2799, -2.58331, 0.0], [111.30832, -2.58422, 0.0], [111.30834, -2.58903, 0.0], [111.33009, -2.60252, 0.0], [111.34375, -2.62574, 0.0], [111.37756, -2.64558, 0.0], [111.39772, -2.64811, 0.0], [111.39982, -2.65339, 0.0], [111.36227, -2.75983, 0.0], [111.38243, -2.76004, 0.0], [111.37995, -2.87682, 0.0], [111.36155, -2.90834, 0.0], [111.34586, -2.90711, 0.0], [111.30913, -2.9212, 0.0], [111.19073, -2.99032, 0.0], [111.13369, -3.01845, 0.0], [111.0369, -3.05481, 0.0], [110.9798, -3.0656, 0.0], [110.95696, -3.06467, 0.0], [110.93579, -3.05034, 0.0], [110.91486, -3.04425, 0.0], [110.84767, -2.9943, 0.0], [110.81661, -2.98047, 0.0], [110.78137, -2.97623, 0.0], [110.7432, -2.98852, 0.0], [110.73262, -2.98657, 0.0], [110.75458, -2.94324, 0.0], [110.79155, -2.91409, 0.0], [110.82826, -2.90565, 0.0], [110.8472, -2.88572, 0.0], [110.8597, -2.88901, 0.0], [110.87829, -2.8828, 0.0], [110.887, -2.87135, 0.0], [110.91536, -2.86624, 0.0], [110.92924, -2.86865, 0.0], [110.96685, -2.85769, 0.0], [110.97572, -2.8427, 0.0], [110.99816, -2.8276, 0.0], [111.0121, -2.79522, 0.0], [111.10131, -2.76863, 0.0], [111.14717, -2.74182, 0.0], [111.15789, -2.71853, 0.0], [111.17036, -2.70695, 0.0], [111.176, -2.68886, 0.0], [111.14819, -2.64233, 0.0], [111.17083, -2.51314, 0.0], [111.13058, -2.49419, 0.0], [111.12618, -2.48529, 0.0], [111.13544, -2.48254, 0.0], [111.13505, -2.47477, 0.0], [111.1237, -2.478, 0.0], [111.12376, -2.45973, 0.0], [111.12111, -2.46335, 0.0], [111.1214, -2.45858, 0.0], [111.11351, -2.45638, 0.0], [111.11583, -2.4001, 0.0], [111.11354, -2.38866, 0.0], [111.10706, -2.38307, 0.0], [111.10856, -2.35102, 0.0], [111.11427, -2.34414, 0.0], [111.10148, -2.33953, 0.0], [111.1088, -2.33836, 0.0], [111.11375, -2.33347, 0.0], [111.1097, -2.328, 0.0], [111.11574, -2.32619, 0.0], [111.10568, -2.31264, 0.0], [111.09524, -2.31131, 0.0], [111.09355, -2.30441, 0.0], [111.10239, -2.30494, 0.0], [111.10027, -2.30122, 0.0], [111.08578, -2.29959, 0.0], [111.08423, -2.29198, 0.0], [111.07928, -2.29261, 0.0], [111.08154, -2.28623, 0.0], [111.0744, -2.29042, 0.0], [111.07213, -2.27631, 0.0], [111.06736, -2.27508, 0.0], [111.06995, -2.25914, 0.0], [111.05442, -2.25643, 0.0], [111.0529, -2.24973, 0.0], [111.04638, -2.24921, 0.0], [111.05298, -2.24483, 0.0], [111.04386, -2.24644, 0.0], [111.04419, -2.24151, 0.0], [111.05316, -2.24061, 0.0], [111.05251, -2.2351, 0.0], [111.04717, -2.23476, 0.0], [111.0527, -2.22809, 0.0], [111.04809, -2.21536, 0.0], [111.05067, -2.21869, 0.0], [111.05302, -2.21292, 0.0], [111.05889, -2.21626, 0.0], [111.05924, -2.21064, 0.0], [111.06465, -2.21503, 0.0], [111.06519, -2.2014, 0.0], [111.07543, -2.20277, 0.0], [111.06937, -2.1952, 0.0], [111.07, -2.17804, 0.0], [111.0865, -2.14912, 0.0], [111.06826, -2.1163, 0.0], [111.06844, -2.09036, 0.0], [111.05713, -2.0731, 0.0], [111.063, -2.0535, 0.0], [111.08735, -2.04542, 0.0], [111.09284, -2.0334, 0.0], [111.11031, -2.02493, 0.0], [111.12353, -2.02033, 0.0], [111.14086, -2.02322, 0.0], [111.15689, -2.01565, 0.0]]]}}, {"type": "Feature", "id": 6309, "properties": {"WADMKK": "Tabalong", "WADMPR": "Kalimantan Selatan", "LUASWH": 3473.06891654, "kode_wilayah": 6309, "nama_resmi": "Kabupaten Tabalong", "tipe": "Kabupaten", "provinsi": "Kalimantan Selatan", "pulau": "Kalimantan", "parlemen": 26.67, "pendapatan": 29.45, "pengeluaran": 13097.0, "ahh": 73.5, "profesional": 52.81, "tpak": 63.08, "rls": 9.15, "hls": 12.92, "skor_ekonomi": 35.15, "skor_keputusan": 58.03, "skor_kapasitas_sosial": 60.91, "ikpp_komposit": 49.45, "kuadran": "Kuadran I (Ekonomi Tinggi, Keputusan Tinggi)", "lisa_cluster_keputusan": "Not Significant", "lisa_cluster_ekonomi": "Not Significant", "pc1": 0.632, "pc2": -0.419, "lat": -2.164, "lon": 115.382}, "geometry": {"type": "Polygon", "coordinates": [[[115.758, -1.31491, 0.0], [115.73738, -1.3647, 0.0], [115.72311, -1.37419, 0.0], [115.70914, -1.41187, 0.0], [115.69479, -1.41607, 0.0], [115.69758, -1.42518, 0.0], [115.69179, -1.42578, 0.0], [115.6888, -1.4488, 0.0], [115.68197, -1.44731, 0.0], [115.67883, -1.45631, 0.0], [115.66356, -1.46146, 0.0], [115.62797, -1.46783, 0.0], [115.62111, -1.47748, 0.0], [115.61688, -1.49996, 0.0], [115.62749, -1.50333, 0.0], [115.62056, -1.51085, 0.0], [115.62291, -1.51623, 0.0], [115.63002, -1.51003, 0.0], [115.65549, -1.5127, 0.0], [115.64105, -1.52014, 0.0], [115.63142, -1.53205, 0.0], [115.636, -1.54833, 0.0], [115.62922, -1.56214, 0.0], [115.64016, -1.56108, 0.0], [115.63599, -1.57243, 0.0], [115.62999, -1.57587, 0.0], [115.63978, -1.58623, 0.0], [115.63614, -1.60378, 0.0], [115.6455, -1.61308, 0.0], [115.65447, -1.61247, 0.0], [115.65166, -1.62239, 0.0], [115.66992, -1.62905, 0.0], [115.66972, -1.64331, 0.0], [115.67686, -1.65648, 0.0], [115.66765, -1.67956, 0.0], [115.66524, -1.70667, 0.0], [115.69182, -1.71876, 0.0], [115.70714, -1.73332, 0.0], [115.69009, -1.75097, 0.0], [115.68683, -1.76511, 0.0], [115.69, -1.78, 0.0], [115.67949, -1.79326, 0.0], [115.69131, -1.80478, 0.0], [115.70753, -1.78849, 0.0], [115.71827, -1.79819, 0.0], [115.72844, -1.79924, 0.0], [115.7214, -1.82889, 0.0], [115.7302, -1.84598, 0.0], [115.72623, -1.8549, 0.0], [115.73238, -1.86116, 0.0], [115.72377, -1.88145, 0.0], [115.72763, -1.88534, 0.0], [115.72553, -1.90186, 0.0], [115.71931, -1.91218, 0.0], [115.72755, -1.92484, 0.0], [115.71924, -1.92742, 0.0], [115.70668, -1.94897, 0.0], [115.70669, -1.96211, 0.0], [115.69416, -1.9774, 0.0], [115.71058, -1.98, 0.0], [115.71898, -1.99838, 0.0], [115.71334, -2.02285, 0.0], [115.68973, -2.04152, 0.0], [115.692, -2.06689, 0.0], [115.68756, -2.0768, 0.0], [115.67031, -2.08975, 0.0], [115.65606, -2.11589, 0.0], [115.64901, -2.11743, 0.0], [115.64417, -2.12753, 0.0], [115.63441, -2.12879, 0.0], [115.61783, -2.11332, 0.0], [115.62005, -2.12504, 0.0], [115.58896, -2.14808, 0.0], [115.58951, -2.15263, 0.0], [115.5675, -2.16225, 0.0], [115.55131, -2.18658, 0.0], [115.492, -2.21139, 0.0], [115.48468, -2.23446, 0.0], [115.47497, -2.24239, 0.0], [115.47775, -2.25525, 0.0], [115.45786, -2.27159, 0.0], [115.4421, -2.27006, 0.0], [115.40525, -2.29814, 0.0], [115.35957, -2.29558, 0.0], [115.34808, -2.30789, 0.0], [115.35725, -2.31342, 0.0], [115.35558, -2.34086, 0.0], [115.301, -2.34114, 0.0], [115.28617, -2.34692, 0.0], [115.28189, -2.35964, 0.0], [115.21375, -2.34019, 0.0], [115.15417, -2.30306, 0.0], [115.1255, -2.29464, 0.0], [115.25415, -2.20939, 0.0], [115.24058, -2.19892, 0.0], [115.24371, -2.19196, 0.0], [115.24534, -2.20058, 0.0], [115.25472, -2.20949, 0.0], [115.26471, -2.22633, 0.0], [115.27133, -2.21858, 0.0], [115.29027, -2.22394, 0.0], [115.29646, -2.21632, 0.0], [115.30235, -2.18264, 0.0], [115.2973, -2.17106, 0.0], [115.30426, -2.16064, 0.0], [115.29728, -2.14372, 0.0], [115.31807, -2.12435, 0.0], [115.33582, -2.09575, 0.0], [115.34837, -2.09519, 0.0], [115.34917, -2.09495, 0.0], [115.35489, -2.09467, 0.0], [115.35502, -2.0945, 0.0], [115.35489, -2.06486, 0.0], [115.36361, -2.04417, 0.0], [115.3775, -2.05087, 0.0], [115.39624, -2.04672, 0.0], [115.40239, -2.05786, 0.0], [115.40858, -2.05828, 0.0], [115.39688, -2.03909, 0.0], [115.39694, -2.01306, 0.0], [115.41611, -2.01278, 0.0], [115.42006, -1.97396, 0.0], [115.43389, -1.96986, 0.0], [115.43166, -1.9649, 0.0], [115.44329, -1.9467, 0.0], [115.44103, -1.94231, 0.0], [115.43174, -1.94604, 0.0], [115.43276, -1.93311, 0.0], [115.42949, -1.9379, 0.0], [115.42129, -1.93327, 0.0], [115.43098, -1.92487, 0.0], [115.42535, -1.91418, 0.0], [115.417, -1.91207, 0.0], [115.42024, -1.89203, 0.0], [115.41498, -1.89643, 0.0], [115.41036, -1.89308, 0.0], [115.40917, -1.89971, 0.0], [115.40478, -1.88641, 0.0], [115.3995, -1.88644, 0.0], [115.39659, -1.89976, 0.0], [115.39183, -1.89052, 0.0], [115.38486, -1.89407, 0.0], [115.37906, -1.88912, 0.0], [115.31954, -1.89208, 0.0], [115.31835, -1.85988, 0.0], [115.31586, -1.85193, 0.0], [115.3083, -1.84862, 0.0], [115.29994, -1.82438, 0.0], [115.31351, -1.82543, 0.0], [115.31097, -1.79733, 0.0], [115.32286, -1.76436, 0.0], [115.33445, -1.748, 0.0], [115.33292, -1.72228, 0.0], [115.34374, -1.70276, 0.0], [115.34151, -1.69172, 0.0], [115.35014, -1.68146, 0.0], [115.34688, -1.6746, 0.0], [115.37414, -1.65269, 0.0], [115.36857, -1.64696, 0.0], [115.35802, -1.61122, 0.0], [115.35935, -1.58794, 0.0], [115.38099, -1.55136, 0.0], [115.39099, -1.52049, 0.0], [115.40944, -1.50633, 0.0], [115.43542, -1.49641, 0.0], [115.43721, -1.48839, 0.0], [115.42861, -1.47314, 0.0], [115.43358, -1.45217, 0.0], [115.44083, -1.45044, 0.0], [115.45536, -1.46158, 0.0], [115.46417, -1.45211, 0.0], [115.47138, -1.42961, 0.0], [115.48835, -1.4492, 0.0], [115.51254, -1.45201, 0.0], [115.52411, -1.42958, 0.0], [115.55153, -1.40785, 0.0], [115.55668, -1.39796, 0.0], [115.56453, -1.39935, 0.0], [115.57603, -1.38093, 0.0], [115.593, -1.37656, 0.0], [115.59793, -1.37987, 0.0], [115.61558, -1.36656, 0.0], [115.6256, -1.35066, 0.0], [115.64127, -1.35122, 0.0], [115.64732, -1.3452, 0.0], [115.65773, -1.34458, 0.0], [115.6676, -1.33479, 0.0], [115.70928, -1.33895, 0.0], [115.73137, -1.32925, 0.0], [115.74635, -1.31669, 0.0], [115.758, -1.31491, 0.0]]]}}, {"type": "Feature", "id": 6503, "properties": {"WADMKK": "Tana Tidung", "WADMPR": "Kalimantan Utara", "LUASWH": 3481.03908662, "kode_wilayah": 6503, "nama_resmi": "Kabupaten Tana Tidung", "tipe": "Kabupaten", "provinsi": "Kalimantan Utara", "pulau": "Kalimantan", "parlemen": 15.0, "pendapatan": 24.07, "pengeluaran": 13681.0, "ahh": 74.16, "profesional": 41.78, "tpak": 49.54, "rls": 10.23, "hls": 14.19, "skor_ekonomi": 21.59, "skor_keputusan": 40.04, "skor_kapasitas_sosial": 67.11, "ikpp_komposit": 38.07, "kuadran": "Kuadran III (Ekonomi Rendah, Keputusan Rendah)", "lisa_cluster_keputusan": "Not Significant", "lisa_cluster_ekonomi": "Low-Low (Coldspot)", "pc1": 1.604, "pc2": -0.547, "lat": 4.077, "lon": 117.719}, "geometry": {"type": "MultiPolygon", "coordinates": [[[[117.23747, 3.76124, 0.0], [117.23365, 3.75002, 0.0], [117.24889, 3.73064, 0.0], [117.26151, 3.73328, 0.0], [117.29059, 3.7188, 0.0], [117.31299, 3.72116, 0.0], [117.33361, 3.71292, 0.0], [117.35742, 3.71483, 0.0], [117.39188, 3.70966, 0.0], [117.40266, 3.69633, 0.0], [117.42274, 3.69508, 0.0], [117.43104, 3.68964, 0.0], [117.42394, 3.67834, 0.0], [117.42842, 3.67104, 0.0], [117.44464, 3.67, 0.0], [117.45556, 3.67544, 0.0], [117.46791, 3.66746, 0.0], [117.48512, 3.67357, 0.0], [117.49036, 3.66881, 0.0], [117.48824, 3.66427, 0.0], [117.48783, 3.65544, 0.0], [117.49591, 3.63966, 0.0], [117.48544, 3.63569, 0.0], [117.47992, 3.64559, 0.0], [117.47548, 3.64796, 0.0], [117.45662, 3.63431, 0.0], [117.43467, 3.64197, 0.0], [117.42811, 3.62464, 0.0], [117.39593, 3.63913, 0.0], [117.38054, 3.64039, 0.0], [117.3201, 3.62398, 0.0], [117.26175, 3.61777, 0.0], [117.16682, 3.64452, 0.0], [117.12285, 3.63633, 0.0], [117.08683, 3.63791, 0.0], [117.06135, 3.62869, 0.0], [117.01739, 3.59602, 0.0], [116.99903, 3.59793, 0.0], [116.99912, 3.58765, 0.0], [117.02732, 3.58698, 0.0], [117.07374, 3.61096, 0.0], [117.09527, 3.60839, 0.0], [117.13248, 3.62144, 0.0], [117.17218, 3.61939, 0.0], [117.22269, 3.60817, 0.0], [117.22762, 3.59275, 0.0], [117.20726, 3.56952, 0.0], [117.19343, 3.53672, 0.0], [117.19621, 3.52723, 0.0], [117.20739, 3.51612, 0.0], [117.21725, 3.49032, 0.0], [117.25367, 3.47151, 0.0], [117.32197, 3.46172, 0.0], [117.30061, 3.4517, 0.0], [117.30412, 3.44659, 0.0], [117.3234, 3.45092, 0.0], [117.35837, 3.44747, 0.0], [117.36978, 3.4125, 0.0], [117.39427, 3.40628, 0.0], [117.41343, 3.39022, 0.0], [117.41516, 3.33677, 0.0], [117.40912, 3.32642, 0.0], [117.38821, 3.32393, 0.0], [117.39173, 3.34196, 0.0], [117.3715, 3.35588, 0.0], [117.3675, 3.36454, 0.0], [117.37203, 3.37055, 0.0], [117.35303, 3.36724, 0.0], [117.33035, 3.37559, 0.0], [117.32824, 3.40177, 0.0], [117.31221, 3.41339, 0.0], [117.30388, 3.40993, 0.0], [117.29909, 3.42401, 0.0], [117.28939, 3.42771, 0.0], [117.28311, 3.42533, 0.0], [117.28366, 3.41073, 0.0], [117.27832, 3.40425, 0.0], [117.28306, 3.39319, 0.0], [117.24724, 3.31384, 0.0], [117.22603, 3.33728, 0.0], [117.20957, 3.34054, 0.0], [117.19933, 3.33283, 0.0], [117.18706, 3.33506, 0.0], [117.18584, 3.34713, 0.0], [117.17265, 3.35845, 0.0], [117.1466, 3.35203, 0.0], [117.13327, 3.34369, 0.0], [117.11603, 3.34829, 0.0], [117.1108, 3.3622, 0.0], [117.09495, 3.3664, 0.0], [117.09122, 3.39038, 0.0], [117.06682, 3.38829, 0.0], [117.06308, 3.40315, 0.0], [117.04818, 3.40693, 0.0], [117.03077, 3.40534, 0.0], [117.00262, 3.39119, 0.0], [116.97814, 3.40421, 0.0], [116.9672, 3.40436, 0.0], [116.95104, 3.39334, 0.0], [116.93218, 3.38582, 0.0], [116.92812, 3.38889, 0.0], [116.92392, 3.38388, 0.0], [116.92038, 3.39091, 0.0], [116.91271, 3.38431, 0.0], [116.90006, 3.39669, 0.0], [116.8187, 3.387, 0.0], [116.78546, 3.37082, 0.0], [116.77837, 3.37154, 0.0], [116.77592, 3.38223, 0.0], [116.76074, 3.38455, 0.0], [116.75323, 3.37891, 0.0], [116.74167, 3.38166, 0.0], [116.7351, 3.36982, 0.0], [116.72556, 3.37364, 0.0], [116.70488, 3.36928, 0.0], [116.69631, 3.39937, 0.0], [116.70954, 3.4242, 0.0], [116.70829, 3.42996, 0.0], [116.69705, 3.43347, 0.0], [116.70204, 3.45077, 0.0], [116.68943, 3.4861, 0.0], [116.68987, 3.49894, 0.0], [116.67591, 3.51655, 0.0], [116.6765, 3.53327, 0.0], [116.69347, 3.54989, 0.0], [116.71151, 3.55041, 0.0], [116.71151, 3.55572, 0.0], [116.69553, 3.56153, 0.0], [116.69794, 3.57209, 0.0], [116.71914, 3.5991, 0.0], [116.72736, 3.6056, 0.0], [116.73439, 3.60171, 0.0], [116.73798, 3.60566, 0.0], [116.71577, 3.63086, 0.0], [116.7148, 3.64201, 0.0], [116.72162, 3.65033, 0.0], [116.73706, 3.65635, 0.0], [116.74262, 3.68161, 0.0], [116.75906, 3.69429, 0.0], [116.77731, 3.69063, 0.0], [116.83341, 3.69389, 0.0], [116.88118, 3.73162, 0.0], [116.91358, 3.73647, 0.0], [116.94417, 3.75033, 0.0], [116.9684, 3.73723, 0.0], [117.04323, 3.7348, 0.0], [117.13795, 3.75357, 0.0], [117.18135, 3.74904, 0.0], [117.20986, 3.76172, 0.0], [117.21505, 3.76837, 0.0], [117.22999, 3.7669, 0.0], [117.23747, 3.76124, 0.0]]], [[[117.59675, 3.79495, 0.0], [117.59493, 3.77679, 0.0], [117.60334, 3.77146, 0.0], [117.63473, 3.7743, 0.0], [117.63132, 3.77147, 0.0], [117.63136, 3.76761, 0.0], [117.63506, 3.76767, 0.0], [117.63629, 3.77045, 0.0], [117.64009, 3.76919, 0.0], [117.63728, 3.76514, 0.0], [117.63794, 3.763, 0.0], [117.64005, 3.76192, 0.0], [117.64266, 3.76296, 0.0], [117.6447, 3.76586, 0.0], [117.64397, 3.76083, 0.0], [117.64464, 3.75975, 0.0], [117.65048, 3.76107, 0.0], [117.65083, 3.75851, 0.0], [117.65514, 3.75204, 0.0], [117.66061, 3.75355, 0.0], [117.65921, 3.74737, 0.0], [117.66053, 3.7455, 0.0], [117.67225, 3.743, 0.0], [117.676, 3.74838, 0.0], [117.68018, 3.74639, 0.0], [117.68483, 3.7479, 0.0], [117.68712, 3.74032, 0.0], [117.6906, 3.73693, 0.0], [117.69422, 3.73649, 0.0], [117.70179, 3.74046, 0.0], [117.69931, 3.72825, 0.0], [117.703, 3.72601, 0.0], [117.72825, 3.72855, 0.0], [117.73166, 3.71939, 0.0], [117.7276, 3.71574, 0.0], [117.73077, 3.71205, 0.0], [117.72669, 3.69782, 0.0], [117.72886, 3.68833, 0.0], [117.72234, 3.68004, 0.0], [117.71895, 3.68033, 0.0], [117.71437, 3.67834, 0.0], [117.715, 3.67554, 0.0], [117.70956, 3.67173, 0.0], [117.70762, 3.66716, 0.0], [117.70828, 3.66505, 0.0], [117.7111, 3.66428, 0.0], [117.70896, 3.66253, 0.0], [117.70862, 3.66142, 0.0], [117.71007, 3.64853, 0.0], [117.71678, 3.62836, 0.0], [117.68698, 3.62473, 0.0], [117.66609, 3.61438, 0.0], [117.5891, 3.62849, 0.0], [117.55839, 3.64409, 0.0], [117.5207, 3.6736, 0.0], [117.49853, 3.70671, 0.0], [117.48595, 3.71671, 0.0], [117.49103, 3.72384, 0.0], [117.48332, 3.72795, 0.0], [117.48614, 3.74387, 0.0], [117.47877, 3.74972, 0.0], [117.47811, 3.75688, 0.0], [117.4948, 3.77304, 0.0], [117.49828, 3.77401, 0.0], [117.50228, 3.76451, 0.0], [117.5231, 3.77433, 0.0], [117.53136, 3.76544, 0.0], [117.55846, 3.78275, 0.0], [117.57888, 3.77948, 0.0], [117.59675, 3.79495, 0.0]]], [[[117.28312, 3.57197, 0.0], [117.29212, 3.56408, 0.0], [117.30833, 3.55992, 0.0], [117.33622, 3.5653, 0.0], [117.36604, 3.56421, 0.0], [117.39672, 3.55043, 0.0], [117.40295, 3.54262, 0.0], [117.39202, 3.53749, 0.0], [117.38792, 3.52382, 0.0], [117.38026, 3.53069, 0.0], [117.37118, 3.53207, 0.0], [117.36881, 3.52221, 0.0], [117.37164, 3.51665, 0.0], [117.37827, 3.51097, 0.0], [117.3616, 3.50329, 0.0], [117.36213, 3.49441, 0.0], [117.35562, 3.48747, 0.0], [117.33416, 3.48737, 0.0], [117.32404, 3.49161, 0.0], [117.32783, 3.5004, 0.0], [117.32589, 3.50397, 0.0], [117.30722, 3.51189, 0.0], [117.29435, 3.51193, 0.0], [117.28798, 3.5081, 0.0], [117.27902, 3.51436, 0.0], [117.27847, 3.52137, 0.0], [117.27332, 3.52747, 0.0], [117.26165, 3.53104, 0.0], [117.26221, 3.53456, 0.0], [117.25822, 3.53705, 0.0], [117.26398, 3.53939, 0.0], [117.26402, 3.54038, 0.0], [117.2586, 3.54519, 0.0], [117.26256, 3.55122, 0.0], [117.26173, 3.55569, 0.0], [117.26617, 3.5536, 0.0], [117.27942, 3.5607, 0.0], [117.28004, 3.56177, 0.0], [117.27983, 3.56288, 0.0], [117.27403, 3.56933, 0.0], [117.28312, 3.57197, 0.0]]], [[[117.23708, 3.58709, 0.0], [117.27883, 3.58758, 0.0], [117.28267, 3.5727, 0.0], [117.27365, 3.56935, 0.0], [117.27932, 3.56105, 0.0], [117.26114, 3.55564, 0.0], [117.25813, 3.5452, 0.0], [117.26347, 3.53973, 0.0], [117.25722, 3.53681, 0.0], [117.26117, 3.53071, 0.0], [117.27273, 3.5271, 0.0], [117.27265, 3.52053, 0.0], [117.27679, 3.52062, 0.0], [117.27858, 3.5134, 0.0], [117.28723, 3.50728, 0.0], [117.3077, 3.51081, 0.0], [117.32599, 3.50268, 0.0], [117.32306, 3.49122, 0.0], [117.29888, 3.48444, 0.0], [117.27964, 3.48531, 0.0], [117.22619, 3.50083, 0.0], [117.20191, 3.54023, 0.0], [117.22068, 3.57324, 0.0], [117.23708, 3.58709, 0.0]]], [[[117.40011, 3.53872, 0.0], [117.43739, 3.52891, 0.0], [117.43318, 3.52181, 0.0], [117.43979, 3.50444, 0.0], [117.45985, 3.5084, 0.0], [117.48503, 3.49142, 0.0], [117.50485, 3.49759, 0.0], [117.51728, 3.48318, 0.0], [117.51191, 3.47226, 0.0], [117.48834, 3.45378, 0.0], [117.48604, 3.43289, 0.0], [117.47887, 3.43389, 0.0], [117.45507, 3.45324, 0.0], [117.42011, 3.4621, 0.0], [117.42576, 3.46929, 0.0], [117.41874, 3.48363, 0.0], [117.41637, 3.48408, 0.0], [117.41295, 3.48213, 0.0], [117.4106, 3.47585, 0.0], [117.40833, 3.4761, 0.0], [117.40604, 3.47894, 0.0], [117.40441, 3.47955, 0.0], [117.40261, 3.47827, 0.0], [117.40007, 3.47252, 0.0], [117.39452, 3.47331, 0.0], [117.39527, 3.4783, 0.0], [117.40017, 3.47796, 0.0], [117.40229, 3.47894, 0.0], [117.40273, 3.48161, 0.0], [117.40187, 3.48415, 0.0], [117.39951, 3.48617, 0.0], [117.39763, 3.48613, 0.0], [117.39643, 3.4853, 0.0], [117.39535, 3.48387, 0.0], [117.39467, 3.48163, 0.0], [117.39255, 3.48091, 0.0], [117.38851, 3.48672, 0.0], [117.38952, 3.48843, 0.0], [117.39311, 3.48784, 0.0], [117.39488, 3.48803, 0.0], [117.39655, 3.48881, 0.0], [117.39773, 3.49023, 0.0], [117.39788, 3.49131, 0.0], [117.39724, 3.49341, 0.0], [117.39593, 3.49501, 0.0], [117.39328, 3.49629, 0.0], [117.39295, 3.49731, 0.0], [117.39968, 3.50431, 0.0], [117.39831, 3.5106, 0.0], [117.39622, 3.51319, 0.0], [117.40014, 3.51682, 0.0], [117.39832, 3.51935, 0.0], [117.39492, 3.52003, 0.0], [117.39107, 3.51567, 0.0], [117.3894, 3.51988, 0.0], [117.39434, 3.53659, 0.0], [117.40011, 3.53872, 0.0]]], [[[117.67277, 3.77455, 0.0], [117.81498, 3.72064, 0.0], [117.82565, 3.70454, 0.0], [117.81484, 3.70445, 0.0], [117.77921, 3.68577, 0.0], [117.76182, 3.69708, 0.0], [117.75243, 3.69707, 0.0], [117.7281, 3.73222, 0.0], [117.73028, 3.7366, 0.0], [117.73034, 3.74135, 0.0], [117.72428, 3.7444, 0.0], [117.7117, 3.74342, 0.0], [117.70935, 3.74844, 0.0], [117.66435, 3.77251, 0.0], [117.67277, 3.77455, 0.0]]], [[[117.38981, 3.6134, 0.0], [117.45554, 3.58257, 0.0], [117.46041, 3.56906, 0.0], [117.43755, 3.56137, 0.0], [117.41657, 3.58508, 0.0], [117.39399, 3.59013, 0.0], [117.32526, 3.58648, 0.0], [117.30247, 3.57902, 0.0], [117.29193, 3.59737, 0.0], [117.36163, 3.60524, 0.0], [117.38981, 3.6134, 0.0]]], [[[117.36657, 3.44072, 0.0], [117.4361, 3.41916, 0.0], [117.44256, 3.4104, 0.0], [117.43586, 3.3497, 0.0], [117.42363, 3.34025, 0.0], [117.41598, 3.34054, 0.0], [117.42175, 3.37247, 0.0], [117.41586, 3.39047, 0.0], [117.39693, 3.40748, 0.0], [117.36989, 3.41547, 0.0], [117.36657, 3.44072, 0.0]]], [[[117.73272, 3.71833, 0.0], [117.74482, 3.69889, 0.0], [117.7654, 3.68679, 0.0], [117.76849, 3.67726, 0.0], [117.76548, 3.67003, 0.0], [117.76054, 3.66998, 0.0], [117.76116, 3.65717, 0.0], [117.7516, 3.65101, 0.0], [117.74745, 3.64087, 0.0], [117.73163, 3.6315, 0.0], [117.71329, 3.64411, 0.0], [117.7115, 3.66477, 0.0], [117.70836, 3.66628, 0.0], [117.71535, 3.67533, 0.0], [117.71531, 3.67781, 0.0], [117.7228, 3.67956, 0.0], [117.7295, 3.68802, 0.0], [117.73162, 3.71186, 0.0], [117.72865, 3.71609, 0.0], [117.73272, 3.71833, 0.0]]], [[[117.48216, 3.63739, 0.0], [117.48736, 3.63409, 0.0], [117.49573, 3.63741, 0.0], [117.50722, 3.63366, 0.0], [117.51649, 3.63856, 0.0], [117.51875, 3.63552, 0.0], [117.51264, 3.61874, 0.0], [117.49564, 3.59836, 0.0], [117.43009, 3.62414, 0.0], [117.43524, 3.64091, 0.0], [117.457, 3.63348, 0.0], [117.46848, 3.63772, 0.0], [117.47605, 3.64697, 0.0], [117.48216, 3.63739, 0.0]]], [[[117.37385, 3.52978, 0.0], [117.38872, 3.52212, 0.0], [117.39048, 3.51476, 0.0], [117.39902, 3.51733, 0.0], [117.39521, 3.51334, 0.0], [117.39869, 3.50489, 0.0], [117.39166, 3.49737, 0.0], [117.39752, 3.49029, 0.0], [117.38971, 3.48871, 0.0], [117.38811, 3.48672, 0.0], [117.39192, 3.48082, 0.0], [117.39457, 3.48116, 0.0], [117.39819, 3.48604, 0.0], [117.40192, 3.4833, 0.0], [117.40159, 3.47867, 0.0], [117.39618, 3.47898, 0.0], [117.39439, 3.47788, 0.0], [117.39423, 3.47315, 0.0], [117.39977, 3.47195, 0.0], [117.40458, 3.47923, 0.0], [117.40814, 3.47577, 0.0], [117.41087, 3.47556, 0.0], [117.41773, 3.48357, 0.0], [117.42497, 3.4697, 0.0], [117.42119, 3.46444, 0.0], [117.37788, 3.47074, 0.0], [117.34468, 3.48498, 0.0], [117.35612, 3.48699, 0.0], [117.36298, 3.49357, 0.0], [117.36408, 3.50346, 0.0], [117.37696, 3.50589, 0.0], [117.3802, 3.51229, 0.0], [117.36983, 3.52402, 0.0], [117.37385, 3.52978, 0.0]]], [[[117.66462, 3.78429, 0.0], [117.67366, 3.77549, 0.0], [117.66428, 3.77361, 0.0], [117.66368, 3.7725, 0.0], [117.66485, 3.77107, 0.0], [117.70848, 3.74794, 0.0], [117.71142, 3.74259, 0.0], [117.72659, 3.74289, 0.0], [117.72809, 3.73459, 0.0], [117.70431, 3.72782, 0.0], [117.70305, 3.74179, 0.0], [117.6915, 3.73801, 0.0], [117.68457, 3.74907, 0.0], [117.67574, 3.7494, 0.0], [117.67241, 3.74385, 0.0], [117.66702, 3.7485, 0.0], [117.66058, 3.74636, 0.0], [117.66092, 3.75441, 0.0], [117.65548, 3.75275, 0.0], [117.65104, 3.76144, 0.0], [117.64489, 3.76034, 0.0], [117.64472, 3.76642, 0.0], [117.63892, 3.76284, 0.0], [117.64123, 3.76805, 0.0], [117.63993, 3.76972, 0.0], [117.63612, 3.77081, 0.0], [117.63157, 3.76796, 0.0], [117.63604, 3.77326, 0.0], [117.6531, 3.76876, 0.0], [117.66462, 3.78429, 0.0]]], [[[117.4843, 3.70804, 0.0], [117.49244, 3.69897, 0.0], [117.4902, 3.67771, 0.0], [117.47746, 3.67933, 0.0], [117.46686, 3.67134, 0.0], [117.45671, 3.67938, 0.0], [117.44429, 3.67389, 0.0], [117.42789, 3.67634, 0.0], [117.45023, 3.69924, 0.0], [117.4843, 3.70804, 0.0]]], [[[117.54544, 3.58055, 0.0], [117.50701, 3.59408, 0.0], [117.51389, 3.61175, 0.0], [117.52275, 3.6153, 0.0], [117.54338, 3.60726, 0.0], [117.54937, 3.5987, 0.0], [117.54965, 3.58481, 0.0], [117.54544, 3.58055, 0.0]]], [[[117.7477, 3.76201, 0.0], [117.77819, 3.75212, 0.0], [117.80775, 3.75334, 0.0], [117.81415, 3.7441, 0.0], [117.81108, 3.73422, 0.0], [117.80396, 3.73065, 0.0], [117.79479, 3.73501, 0.0], [117.7935, 3.7394, 0.0], [117.78994, 3.74151, 0.0], [117.78728, 3.74216, 0.0], [117.78477, 3.74234, 0.0], [117.78125, 3.74186, 0.0], [117.78075, 3.74164, 0.0], [117.78029, 3.74093, 0.0], [117.77083, 3.74809, 0.0], [117.74902, 3.75438, 0.0], [117.74185, 3.75948, 0.0], [117.7477, 3.76201, 0.0]]], [[[117.50329, 3.66745, 0.0], [117.51666, 3.65365, 0.0], [117.52112, 3.63935, 0.0], [117.51413, 3.64056, 0.0], [117.50707, 3.63562, 0.0], [117.49639, 3.64107, 0.0], [117.4888, 3.65449, 0.0], [117.48909, 3.66502, 0.0], [117.50329, 3.66745, 0.0]]], [[[117.36902, 3.61956, 0.0], [117.34888, 3.61258, 0.0], [117.31932, 3.61454, 0.0], [117.35346, 3.62337, 0.0], [117.36902, 3.61956, 0.0]]], [[[117.36723, 3.57978, 0.0], [117.39254, 3.58467, 0.0], [117.40332, 3.56876, 0.0], [117.36723, 3.57978, 0.0]]], [[[117.39408, 3.58444, 0.0], [117.41381, 3.58205, 0.0], [117.41586, 3.56578, 0.0], [117.40534, 3.56781, 0.0], [117.39408, 3.58444, 0.0]]], [[[117.42987, 3.45389, 0.0], [117.45349, 3.44947, 0.0], [117.46023, 3.43881, 0.0], [117.44297, 3.44468, 0.0], [117.42987, 3.45389, 0.0]]], [[[117.31191, 3.58103, 0.0], [117.33447, 3.58231, 0.0], [117.31497, 3.57125, 0.0], [117.3089, 3.57605, 0.0], [117.31191, 3.58103, 0.0]]], [[[117.05881, 3.6159, 0.0], [117.0534, 3.61019, 0.0], [117.04011, 3.60521, 0.0], [117.05024, 3.61576, 0.0], [117.05881, 3.6159, 0.0]]], [[[117.10656, 3.6208, 0.0], [117.09615, 3.61572, 0.0], [117.09083, 3.6184, 0.0], [117.10171, 3.62346, 0.0], [117.10656, 3.6208, 0.0]]], [[[117.38506, 3.63098, 0.0], [117.3675, 3.63248, 0.0], [117.37912, 3.6365, 0.0], [117.38506, 3.63098, 0.0]]], [[[117.4028, 3.63082, 0.0], [117.38965, 3.63231, 0.0], [117.38254, 3.63633, 0.0], [117.39331, 3.63719, 0.0], [117.4028, 3.63082, 0.0]]], [[[117.74898, 3.75136, 0.0], [117.77163, 3.74662, 0.0], [117.77336, 3.74335, 0.0], [117.74898, 3.75136, 0.0]]], [[[117.41697, 3.36162, 0.0], [117.41505, 3.37763, 0.0], [117.41655, 3.38344, 0.0], [117.41983, 3.37191, 0.0], [117.41697, 3.36162, 0.0]]], [[[117.39701, 3.45176, 0.0], [117.40975, 3.44905, 0.0], [117.41651, 3.44449, 0.0], [117.40085, 3.44757, 0.0], [117.39701, 3.45176, 0.0]]], [[[117.33154, 3.48221, 0.0], [117.32606, 3.48193, 0.0], [117.31668, 3.48421, 0.0], [117.3241, 3.48828, 0.0], [117.33154, 3.48221, 0.0]]], [[[117.4098, 3.55013, 0.0], [117.40627, 3.55349, 0.0], [117.40489, 3.56058, 0.0], [117.41171, 3.55747, 0.0], [117.4098, 3.55013, 0.0]]], [[[117.78063, 3.74084, 0.0], [117.79191, 3.74014, 0.0], [117.7941, 3.73571, 0.0], [117.78063, 3.74084, 0.0]]], [[[117.33002, 3.57696, 0.0], [117.3275, 3.57202, 0.0], [117.32026, 3.57184, 0.0], [117.32272, 3.57436, 0.0], [117.33002, 3.57696, 0.0]]], [[[117.33024, 3.47312, 0.0], [117.33788, 3.47287, 0.0], [117.34375, 3.46998, 0.0], [117.33024, 3.47312, 0.0]]]]}}, {"type": "Feature", "id": 6310, "properties": {"WADMKK": "Tanah Bumbu", "WADMPR": "Kalimantan Selatan", "LUASWH": 4884.8608143, "kode_wilayah": 6310, "nama_resmi": "Kabupaten Tanah Bumbu", "tipe": "Kabupaten", "provinsi": "Kalimantan Selatan", "pulau": "Kalimantan", "parlemen": 11.43, "pendapatan": 31.26, "pengeluaran": 13026.0, "ahh": 73.14, "profesional": 54.45, "tpak": 46.8, "rls": 8.43, "hls": 12.61, "skor_ekonomi": 26.74, "skor_keputusan": 45.27, "skor_kapasitas_sosial": 58.19, "ikpp_komposit": 40.44, "kuadran": "Kuadran III (Ekonomi Rendah, Keputusan Rendah)", "lisa_cluster_keputusan": "Not Significant", "lisa_cluster_ekonomi": "Not Significant", "pc1": 0.391, "pc2": -0.731, "lat": -3.483, "lon": 115.947}, "geometry": {"type": "MultiPolygon", "coordinates": [[[[115.59066, -3.00947, 0.0], [115.5916, -3.03586, 0.0], [115.60669, -3.05698, 0.0], [115.6209, -3.06183, 0.0], [115.62278, -3.06947, 0.0], [115.63704, -3.05654, 0.0], [115.64261, -3.06373, 0.0], [115.65146, -3.06558, 0.0], [115.65111, -3.07109, 0.0], [115.66496, -3.0649, 0.0], [115.66492, -3.07111, 0.0], [115.6726, -3.0718, 0.0], [115.67123, -3.07883, 0.0], [115.67828, -3.08566, 0.0], [115.68286, -3.08222, 0.0], [115.68184, -3.07209, 0.0], [115.68781, -3.08041, 0.0], [115.70353, -3.07889, 0.0], [115.7112, -3.08834, 0.0], [115.70513, -3.08853, 0.0], [115.70619, -3.09607, 0.0], [115.71662, -3.0977, 0.0], [115.715, -3.10377, 0.0], [115.71018, -3.10409, 0.0], [115.71616, -3.10694, 0.0], [115.71088, -3.11407, 0.0], [115.72038, -3.11423, 0.0], [115.72212, -3.12029, 0.0], [115.73055, -3.1184, 0.0], [115.74093, -3.15929, 0.0], [115.7484, -3.15902, 0.0], [115.75513, -3.17958, 0.0], [115.76249, -3.18159, 0.0], [115.76369, -3.19132, 0.0], [115.76881, -3.19517, 0.0], [115.79228, -3.1818, 0.0], [115.82891, -3.18658, 0.0], [115.84053, -3.17025, 0.0], [115.93418, -3.15238, 0.0], [115.95131, -3.19333, 0.0], [115.94671, -3.20521, 0.0], [115.93108, -3.2161, 0.0], [115.92808, -3.22727, 0.0], [115.94681, -3.25391, 0.0], [115.95247, -3.24764, 0.0], [115.96391, -3.24691, 0.0], [115.97394, -3.22373, 0.0], [115.99004, -3.21995, 0.0], [116.00113, -3.23442, 0.0], [116.02187, -3.24807, 0.0], [116.03205, -3.24966, 0.0], [116.04131, -3.26149, 0.0], [116.0607, -3.26089, 0.0], [116.06046, -3.25688, 0.0], [116.07044, -3.26504, 0.0], [116.08155, -3.25736, 0.0], [116.09003, -3.29194, 0.0], [116.07368, -3.29742, 0.0], [116.05077, -3.35011, 0.0], [116.03764, -3.35707, 0.0], [116.03031, -3.36474, 0.0], [116.03059, -3.3776, 0.0], [116.02227, -3.39769, 0.0], [116.0238, -3.41073, 0.0], [116.01121, -3.41872, 0.0], [116.00634, -3.43254, 0.0], [116.01436, -3.48285, 0.0], [115.99759, -3.50693, 0.0], [115.99065, -3.52658, 0.0], [115.99559, -3.56548, 0.0], [115.96784, -3.60998, 0.0], [115.91333, -3.61366, 0.0], [115.83346, -3.63126, 0.0], [115.79994, -3.65522, 0.0], [115.78693, -3.67875, 0.0], [115.73145, -3.71113, 0.0], [115.7165, -3.73113, 0.0], [115.63237, -3.75027, 0.0], [115.6122, -3.76658, 0.0], [115.57964, -3.77366, 0.0], [115.48722, -3.81432, 0.0], [115.47766, -3.81027, 0.0], [115.37545, -3.86166, 0.0], [115.37698, -3.85584, 0.0], [115.36641, -3.85331, 0.0], [115.37167, -3.82789, 0.0], [115.3669, -3.81726, 0.0], [115.35365, -3.81336, 0.0], [115.34459, -3.76665, 0.0], [115.325, -3.755, 0.0], [115.32436, -3.70553, 0.0], [115.31667, -3.69722, 0.0], [115.30417, -3.695, 0.0], [115.28333, -3.7, 0.0], [115.26194, -3.66667, 0.0], [115.26944, -3.65, 0.0], [115.25, -3.59083, 0.0], [115.26127, -3.56183, 0.0], [115.27204, -3.55685, 0.0], [115.30455, -3.51704, 0.0], [115.31724, -3.50894, 0.0], [115.3516, -3.50339, 0.0], [115.41151, -3.45167, 0.0], [115.39385, -3.44368, 0.0], [115.39073, -3.43743, 0.0], [115.39802, -3.39608, 0.0], [115.3961, -3.36237, 0.0], [115.40319, -3.34096, 0.0], [115.41663, -3.33691, 0.0], [115.41938, -3.32657, 0.0], [115.41587, -3.31585, 0.0], [115.42888, -3.29599, 0.0], [115.41994, -3.27949, 0.0], [115.39206, -3.25035, 0.0], [115.39906, -3.24601, 0.0], [115.40223, -3.23628, 0.0], [115.42457, -3.2596, 0.0], [115.43651, -3.25987, 0.0], [115.43732, -3.25195, 0.0], [115.44749, -3.24082, 0.0], [115.44384, -3.23884, 0.0], [115.44758, -3.23549, 0.0], [115.44567, -3.22499, 0.0], [115.42059, -3.22797, 0.0], [115.41466, -3.22189, 0.0], [115.41795, -3.2205, 0.0], [115.41431, -3.21213, 0.0], [115.42447, -3.20134, 0.0], [115.41834, -3.18191, 0.0], [115.42319, -3.17798, 0.0], [115.41919, -3.16318, 0.0], [115.42726, -3.14778, 0.0], [115.42359, -3.14193, 0.0], [115.42748, -3.14286, 0.0], [115.43521, -3.12835, 0.0], [115.43405, -3.11981, 0.0], [115.43812, -3.11769, 0.0], [115.44542, -3.12283, 0.0], [115.46044, -3.10825, 0.0], [115.47134, -3.11283, 0.0], [115.47054, -3.10844, 0.0], [115.48114, -3.09939, 0.0], [115.47873, -3.09516, 0.0], [115.48386, -3.09912, 0.0], [115.48473, -3.09203, 0.0], [115.48769, -3.09618, 0.0], [115.4916, -3.08675, 0.0], [115.48596, -3.08554, 0.0], [115.48032, -3.07549, 0.0], [115.48588, -3.06679, 0.0], [115.48343, -3.06282, 0.0], [115.48724, -3.06346, 0.0], [115.4898, -3.05703, 0.0], [115.49569, -3.05916, 0.0], [115.49906, -3.04276, 0.0], [115.513, -3.03879, 0.0], [115.5184, -3.02836, 0.0], [115.52891, -3.02661, 0.0], [115.53305, -3.02023, 0.0], [115.56207, -3.01702, 0.0], [115.56689, -3.01256, 0.0], [115.57678, -3.02045, 0.0], [115.5845, -3.00496, 0.0], [115.59066, -3.00947, 0.0]]], [[[116.02812, -3.42232, 0.0], [116.04039, -3.4211, 0.0], [116.03989, -3.42534, 0.0], [116.03301, -3.43628, 0.0], [116.03464, -3.44794, 0.0], [116.02649, -3.45749, 0.0], [116.01677, -3.44762, 0.0], [116.01564, -3.43608, 0.0], [116.02812, -3.42232, 0.0]]], [[[116.05769, -3.35449, 0.0], [116.07223, -3.34969, 0.0], [116.06862, -3.37936, 0.0], [116.0574, -3.38409, 0.0], [116.05314, -3.37879, 0.0], [116.05769, -3.35449, 0.0]]], [[[116.04434, -3.35734, 0.0], [116.03583, -3.39787, 0.0], [116.02663, -3.40553, 0.0], [116.02465, -3.40245, 0.0], [116.03267, -3.37757, 0.0], [116.03215, -3.36564, 0.0], [116.04434, -3.35734, 0.0]]], [[[116.03764, -3.43528, 0.0], [116.0379, -3.43888, 0.0], [116.03615, -3.4414, 0.0], [116.03466, -3.43838, 0.0], [116.03764, -3.43528, 0.0]]], [[[116.03917, -3.38881, 0.0], [116.04147, -3.38809, 0.0], [116.04017, -3.39034, 0.0], [116.03917, -3.38881, 0.0]]], [[[116.06408, -3.32006, 0.0], [116.06649, -3.32034, 0.0], [116.06531, -3.32177, 0.0], [116.06408, -3.32006, 0.0]]]]}}, {"type": "Feature", "id": 6301, "properties": {"WADMKK": "Tanah Laut", "WADMPR": "Kalimantan Selatan", "LUASWH": 3841.15673651, "kode_wilayah": 6301, "nama_resmi": "Kabupaten Tanah Laut", "tipe": "Kabupaten", "provinsi": "Kalimantan Selatan", "pulau": "Kalimantan", "parlemen": 34.29, "pendapatan": 28.35, "pengeluaran": 12595.0, "ahh": 72.32, "profesional": 58.33, "tpak": 56.4, "rls": 7.94, "hls": 12.43, "skor_ekonomi": 29.94, "skor_keputusan": 68.65, "skor_kapasitas_sosial": 55.27, "ikpp_komposit": 50.49, "kuadran": "Kuadran II (Ekonomi Rendah, Keputusan Tinggi)", "lisa_cluster_keputusan": "Not Significant", "lisa_cluster_ekonomi": "Not Significant", "pc1": 0.376, "pc2": -1.546, "lat": -3.799, "lon": 114.783}, "geometry": {"type": "MultiPolygon", "coordinates": [[[[114.73844, -3.51066, 0.0], [114.75993, -3.51479, 0.0], [114.77315, -3.52326, 0.0], [114.8086, -3.5243, 0.0], [114.81188, -3.53954, 0.0], [114.81778, -3.53934, 0.0], [114.83126, -3.55046, 0.0], [114.83581, -3.54684, 0.0], [114.84072, -3.55235, 0.0], [114.84732, -3.55028, 0.0], [114.84451, -3.55787, 0.0], [114.85758, -3.55953, 0.0], [114.85335, -3.56322, 0.0], [114.85677, -3.56921, 0.0], [114.86643, -3.56318, 0.0], [114.86887, -3.55428, 0.0], [114.87718, -3.55154, 0.0], [114.88213, -3.55697, 0.0], [114.88476, -3.54679, 0.0], [114.89422, -3.54325, 0.0], [114.88479, -3.55611, 0.0], [114.89509, -3.56185, 0.0], [114.89404, -3.56657, 0.0], [114.90545, -3.5621, 0.0], [114.90891, -3.572, 0.0], [114.91077, -3.56757, 0.0], [114.93481, -3.61257, 0.0], [114.93202, -3.62326, 0.0], [114.95618, -3.62581, 0.0], [114.96306, -3.63413, 0.0], [114.96027, -3.65092, 0.0], [114.92683, -3.70427, 0.0], [114.93051, -3.71216, 0.0], [114.92359, -3.72181, 0.0], [114.93111, -3.72875, 0.0], [114.95043, -3.7264, 0.0], [114.99257, -3.70115, 0.0], [115.02719, -3.69306, 0.0], [115.03163, -3.70233, 0.0], [115.04232, -3.70175, 0.0], [115.06897, -3.68035, 0.0], [115.08009, -3.6821, 0.0], [115.08961, -3.67359, 0.0], [115.11129, -3.63845, 0.0], [115.12189, -3.64067, 0.0], [115.14451, -3.62867, 0.0], [115.15979, -3.62697, 0.0], [115.16845, -3.61799, 0.0], [115.19673, -3.6047, 0.0], [115.21551, -3.60437, 0.0], [115.22829, -3.59707, 0.0], [115.23602, -3.57821, 0.0], [115.26127, -3.56183, 0.0], [115.25, -3.59083, 0.0], [115.26944, -3.65, 0.0], [115.26194, -3.66667, 0.0], [115.28333, -3.7, 0.0], [115.30417, -3.695, 0.0], [115.31667, -3.69722, 0.0], [115.32436, -3.70553, 0.0], [115.325, -3.755, 0.0], [115.34459, -3.76665, 0.0], [115.35365, -3.81336, 0.0], [115.3669, -3.81726, 0.0], [115.37167, -3.82789, 0.0], [115.36654, -3.85372, 0.0], [115.37182, -3.85286, 0.0], [115.37728, -3.85893, 0.0], [115.25745, -3.90933, 0.0], [115.24865, -3.90844, 0.0], [115.24637, -3.91418, 0.0], [115.18371, -3.938, 0.0], [115.12081, -3.96902, 0.0], [115.02189, -4.00584, 0.0], [114.71329, -4.16788, 0.0], [114.67299, -4.17783, 0.0], [114.62995, -4.17055, 0.0], [114.61887, -4.16178, 0.0], [114.63004, -4.14756, 0.0], [114.62465, -4.06577, 0.0], [114.63477, -4.05958, 0.0], [114.63695, -4.02405, 0.0], [114.62971, -3.96756, 0.0], [114.61014, -3.88808, 0.0], [114.61093, -3.8611, 0.0], [114.60051, -3.81297, 0.0], [114.61001, -3.79192, 0.0], [114.607, -3.76621, 0.0], [114.612, -3.73845, 0.0], [114.62355, -3.71144, 0.0], [114.62078, -3.67234, 0.0], [114.60492, -3.6238, 0.0], [114.57212, -3.57105, 0.0], [114.55694, -3.55737, 0.0], [114.51356, -3.54302, 0.0], [114.58017, -3.53399, 0.0], [114.60542, -3.53497, 0.0], [114.69297, -3.51261, 0.0], [114.73844, -3.51066, 0.0]]], [[[114.61531, -4.06228, 0.0], [114.61783, -4.06308, 0.0], [114.61492, -4.06343, 0.0], [114.61531, -4.06228, 0.0]]], [[[114.97429, -4.03483, 0.0], [114.97393, -4.03492, 0.0], [114.97621, -4.03372, 0.0], [114.97429, -4.03483, 0.0]]]]}}, {"type": "Feature", "id": 6305, "properties": {"WADMKK": "Tapin", "WADMPR": "Kalimantan Selatan", "LUASWH": 2155.93899432, "kode_wilayah": 6305, "nama_resmi": "Kabupaten Tapin", "tipe": "Kabupaten", "provinsi": "Kalimantan Selatan", "pulau": "Kalimantan", "parlemen": 8.0, "pendapatan": 49.37, "pengeluaran": 13163.0, "ahh": 73.39, "profesional": 41.72, "tpak": 53.03, "rls": 8.15, "hls": 12.34, "skor_ekonomi": 47.9, "skor_keputusan": 33.63, "skor_kapasitas_sosial": 57.52, "ikpp_komposit": 44.12, "kuadran": "Kuadran IV (Ekonomi Tinggi, Keputusan Rendah)", "lisa_cluster_keputusan": "Not Significant", "lisa_cluster_ekonomi": "Not Significant", "pc1": -0.675, "pc2": 1.43, "lat": -2.932, "lon": 115.163}, "geometry": {"type": "Polygon", "coordinates": [[[115.00466, -2.76343, 0.0], [115.03229, -2.78218, 0.0], [115.07413, -2.78642, 0.0], [115.07282, -2.8079, 0.0], [115.06281, -2.834, 0.0], [115.06802, -2.84477, 0.0], [115.0855, -2.84096, 0.0], [115.08771, -2.83183, 0.0], [115.0944, -2.82887, 0.0], [115.09966, -2.83586, 0.0], [115.17601, -2.85611, 0.0], [115.18858, -2.87033, 0.0], [115.21735, -2.87538, 0.0], [115.23168, -2.86832, 0.0], [115.266, -2.93028, 0.0], [115.28544, -2.92736, 0.0], [115.2957, -2.93291, 0.0], [115.30216, -2.92211, 0.0], [115.31768, -2.92446, 0.0], [115.32844, -2.93393, 0.0], [115.35103, -2.93605, 0.0], [115.38125, -2.91588, 0.0], [115.38457, -2.90435, 0.0], [115.37522, -2.89556, 0.0], [115.38241, -2.88172, 0.0], [115.41186, -2.89234, 0.0], [115.43741, -2.88392, 0.0], [115.44297, -2.88915, 0.0], [115.46201, -2.87213, 0.0], [115.47839, -2.87298, 0.0], [115.50611, -2.88667, 0.0], [115.49481, -2.91111, 0.0], [115.48539, -2.91728, 0.0], [115.47773, -2.94027, 0.0], [115.46533, -2.94111, 0.0], [115.44648, -2.95707, 0.0], [115.435, -2.97694, 0.0], [115.4125, -2.98225, 0.0], [115.39861, -2.99586, 0.0], [115.3875, -2.97903, 0.0], [115.35361, -2.98336, 0.0], [115.34506, -2.96531, 0.0], [115.32253, -2.96889, 0.0], [115.31314, -2.97369, 0.0], [115.31283, -2.98181, 0.0], [115.27781, -2.99789, 0.0], [115.28003, -3.0005, 0.0], [115.26633, -3.00931, 0.0], [115.26906, -3.0125, 0.0], [115.26036, -3.02856, 0.0], [115.23856, -3.04786, 0.0], [115.21633, -3.04731, 0.0], [115.20389, -3.06217, 0.0], [115.20453, -3.07339, 0.0], [115.19692, -3.08553, 0.0], [115.16797, -3.11467, 0.0], [115.17903, -3.12094, 0.0], [115.18117, -3.13069, 0.0], [115.21144, -3.12542, 0.0], [115.24194, -3.13581, 0.0], [115.24436, -3.15567, 0.0], [115.23764, -3.16678, 0.0], [115.19857, -3.17517, 0.0], [115.18993, -3.1629, 0.0], [115.17523, -3.16248, 0.0], [115.16568, -3.18816, 0.0], [115.14856, -3.18544, 0.0], [115.12306, -3.19611, 0.0], [115.11131, -3.19364, 0.0], [115.06458, -3.16781, 0.0], [115.05467, -3.17236, 0.0], [115.05094, -3.16678, 0.0], [115.02514, -3.16289, 0.0], [115.03128, -3.14481, 0.0], [115.02575, -3.13425, 0.0], [115.02228, -3.13753, 0.0], [114.82836, -3.01533, 0.0], [114.82663, -2.99283, 0.0], [114.81493, -2.99221, 0.0], [114.80572, -2.97706, 0.0], [114.80938, -2.97445, 0.0], [114.79916, -2.95676, 0.0], [114.82352, -2.91312, 0.0], [114.83942, -2.86997, 0.0], [114.81146, -2.80677, 0.0], [114.80434, -2.74228, 0.0], [114.86086, -2.52652, 0.0], [114.98061, -2.73373, 0.0], [115.00466, -2.76343, 0.0]]]}}, {"type": "Feature", "id": 6111, "properties": {"WADMKK": "Kayong Utara", "WADMPR": "Kalimantan Barat", "LUASWH": 4108.53291888, "kode_wilayah": 6111, "nama_resmi": "Kabupaten Kayong Utara", "tipe": "Kabupaten", "provinsi": "Kalimantan Barat", "pulau": "Kalimantan", "parlemen": 4.0, "pendapatan": 30.55, "pengeluaran": 9016.0, "ahh": 71.54, "profesional": 49.75, "tpak": 55.67, "rls": 6.54, "hls": 12.2, "skor_ekonomi": 31.58, "skor_keputusan": 35.37, "skor_kapasitas_sosial": 47.27, "ikpp_komposit": 36.23, "kuadran": "Kuadran III (Ekonomi Rendah, Keputusan Rendah)", "lisa_cluster_keputusan": "Low-Low (Coldspot)", "lisa_cluster_ekonomi": "Not Significant", "pc1": -1.719, "pc2": -0.619, "lat": -1.253, "lon": 109.954}, "geometry": {"type": "MultiPolygon", "coordinates": [[[[110.00715, -0.72324, 0.0], [110.02098, -0.74267, 0.0], [110.03793, -0.75059, 0.0], [110.04086, -0.76076, 0.0], [110.05173, -0.7619, 0.0], [110.06355, -0.77214, 0.0], [110.07177, -0.77333, 0.0], [110.07706, -0.79582, 0.0], [110.10749, -0.81855, 0.0], [110.1437, -0.85694, 0.0], [110.16668, -0.85696, 0.0], [110.16962, -0.88361, 0.0], [110.16222, -0.90073, 0.0], [110.15458, -0.90519, 0.0], [110.15948, -0.90937, 0.0], [110.15272, -0.91301, 0.0], [110.16003, -0.92406, 0.0], [110.16486, -0.92322, 0.0], [110.16501, -0.9347, 0.0], [110.24152, -0.9333, 0.0], [110.24298, -0.96584, 0.0], [110.27198, -0.96588, 0.0], [110.27603, -0.97536, 0.0], [110.28142, -0.97541, 0.0], [110.28074, -0.98679, 0.0], [110.26909, -0.98692, 0.0], [110.26923, -1.0005, 0.0], [110.31105, -1.0257, 0.0], [110.31482, -1.0346, 0.0], [110.3428, -1.0535, 0.0], [110.33823, -1.07158, 0.0], [110.35828, -1.07437, 0.0], [110.36058, -1.10913, 0.0], [110.34025, -1.11205, 0.0], [110.33557, -1.10532, 0.0], [110.32456, -1.11437, 0.0], [110.32524, -1.13166, 0.0], [110.34422, -1.14635, 0.0], [110.34379, -1.15552, 0.0], [110.35147, -1.16562, 0.0], [110.35935, -1.17275, 0.0], [110.36486, -1.17087, 0.0], [110.38, -1.18488, 0.0], [110.37825, -1.19067, 0.0], [110.38563, -1.19167, 0.0], [110.38514, -1.19825, 0.0], [110.39376, -1.20254, 0.0], [110.39622, -1.21043, 0.0], [110.39348, -1.23309, 0.0], [110.42166, -1.26017, 0.0], [110.41116, -1.26424, 0.0], [110.401, -1.25726, 0.0], [110.39307, -1.26249, 0.0], [110.38628, -1.25614, 0.0], [110.37209, -1.25453, 0.0], [110.34835, -1.2583, 0.0], [110.32227, -1.25601, 0.0], [110.29557, -1.27126, 0.0], [110.29399, -1.27922, 0.0], [110.28411, -1.28349, 0.0], [110.2522, -1.28843, 0.0], [110.21763, -1.28527, 0.0], [110.21148, -1.31697, 0.0], [110.22352, -1.33501, 0.0], [110.21706, -1.34437, 0.0], [110.20783, -1.33852, 0.0], [110.18845, -1.34507, 0.0], [110.18018, -1.34121, 0.0], [110.17517, -1.34282, 0.0], [110.17009, -1.35463, 0.0], [110.15003, -1.3515, 0.0], [110.14137, -1.34469, 0.0], [110.12774, -1.35573, 0.0], [110.09442, -1.35278, 0.0], [110.07645, -1.35948, 0.0], [110.07723, -1.36385, 0.0], [110.06747, -1.36284, 0.0], [110.05721, -1.33682, 0.0], [110.03959, -1.3132, 0.0], [110.03155, -1.31185, 0.0], [110.03238, -1.30332, 0.0], [110.02229, -1.29151, 0.0], [109.99349, -1.27405, 0.0], [109.96189, -1.27711, 0.0], [109.96077, -1.26431, 0.0], [109.95378, -1.26173, 0.0], [109.95064, -1.26509, 0.0], [109.94931, -1.25795, 0.0], [109.93881, -1.25176, 0.0], [109.94465, -1.25021, 0.0], [109.94846, -1.24195, 0.0], [109.9434, -1.23206, 0.0], [109.93938, -1.23566, 0.0], [109.93303, -1.23303, 0.0], [109.93444, -1.21884, 0.0], [109.92547, -1.21356, 0.0], [109.9166, -1.22083, 0.0], [109.9112, -1.20873, 0.0], [109.90778, -1.20945, 0.0], [109.91082, -1.19394, 0.0], [109.92116, -1.18546, 0.0], [109.94644, -1.12481, 0.0], [109.86333, -1.09287, 0.0], [109.84229, -1.0886, 0.0], [109.8294, -1.08906, 0.0], [109.82575, -1.09486, 0.0], [109.81907, -1.09179, 0.0], [109.81989, -1.08365, 0.0], [109.80345, -1.04944, 0.0], [109.79528, -1.04358, 0.0], [109.7749, -1.04383, 0.0], [109.76762, -1.03293, 0.0], [109.76963, -1.00466, 0.0], [109.76374, -0.99489, 0.0], [109.75383, -0.9893, 0.0], [109.74211, -0.99314, 0.0], [109.73232, -0.98777, 0.0], [109.73381, -0.95393, 0.0], [109.72797, -0.92046, 0.0], [109.75531, -0.90799, 0.0], [109.75869, -0.89913, 0.0], [109.75489, -0.89272, 0.0], [109.76988, -0.88789, 0.0], [109.7754, -0.87696, 0.0], [109.78745, -0.87753, 0.0], [109.80132, -0.86982, 0.0], [109.80164, -0.86324, 0.0], [109.79272, -0.85662, 0.0], [109.79942, -0.84274, 0.0], [109.81283, -0.84642, 0.0], [109.82823, -0.83266, 0.0], [109.84084, -0.84067, 0.0], [109.85654, -0.82406, 0.0], [109.86484, -0.83213, 0.0], [109.88054, -0.82405, 0.0], [109.89308, -0.82329, 0.0], [109.89476, -0.80287, 0.0], [109.90658, -0.8, 0.0], [109.93114, -0.78343, 0.0], [109.93107, -0.76918, 0.0], [109.94015, -0.76019, 0.0], [109.93164, -0.75096, 0.0], [109.93993, -0.74054, 0.0], [109.96795, -0.73961, 0.0], [109.97412, -0.72752, 0.0], [109.98123, -0.7246, 0.0], [109.99733, -0.72932, 0.0], [110.00715, -0.72324, 0.0]]], [[[109.49284, -0.97234, 0.0], [109.5257, -0.997, 0.0], [109.55185, -1.0033, 0.0], [109.56712, -0.99955, 0.0], [109.59633, -0.98113, 0.0], [109.63683, -0.98634, 0.0], [109.64241, -1.01358, 0.0], [109.66294, -1.01093, 0.0], [109.67368, -1.02165, 0.0], [109.68772, -1.01892, 0.0], [109.70081, -0.99344, 0.0], [109.71481, -0.9896, 0.0], [109.73764, -1.0026, 0.0], [109.76145, -1.005, 0.0], [109.76159, -1.01035, 0.0], [109.75674, -1.01239, 0.0], [109.75549, -1.01742, 0.0], [109.77002, -1.08008, 0.0], [109.76547, -1.1096, 0.0], [109.76767, -1.12059, 0.0], [109.77738, -1.12999, 0.0], [109.77992, -1.14398, 0.0], [109.68951, -1.19233, 0.0], [109.68231, -1.20292, 0.0], [109.68673, -1.21772, 0.0], [109.68037, -1.2146, 0.0], [109.65624, -1.21939, 0.0], [109.58993, -1.24685, 0.0], [109.53668, -1.2765, 0.0], [109.50258, -1.3089, 0.0], [109.49683, -1.30955, 0.0], [109.46764, -1.30603, 0.0], [109.429, -1.29356, 0.0], [109.40276, -1.27985, 0.0], [109.37886, -1.25574, 0.0], [109.38751, -1.24816, 0.0], [109.40581, -1.24528, 0.0], [109.42543, -1.20573, 0.0], [109.43563, -1.16529, 0.0], [109.43364, -1.15564, 0.0], [109.44864, -1.1068, 0.0], [109.45551, -1.04538, 0.0], [109.45079, -1.03161, 0.0], [109.45646, -1.0268, 0.0], [109.45493, -1.01838, 0.0], [109.46111, -1.01687, 0.0], [109.45792, -1.00376, 0.0], [109.47247, -1.0028, 0.0], [109.48788, -0.97361, 0.0], [109.49284, -0.97234, 0.0]]], [[[108.89765, -1.53498, 0.0], [108.90191, -1.54493, 0.0], [108.91095, -1.54225, 0.0], [108.9161, -1.55212, 0.0], [108.93825, -1.54964, 0.0], [108.94268, -1.56055, 0.0], [108.95386, -1.56536, 0.0], [108.95355, -1.57455, 0.0], [108.98292, -1.60172, 0.0], [108.97032, -1.62605, 0.0], [108.95726, -1.63561, 0.0], [108.95848, -1.64037, 0.0], [108.94479, -1.6418, 0.0], [108.93729, -1.65308, 0.0], [108.9256, -1.65808, 0.0], [108.8974, -1.66089, 0.0], [108.88102, -1.67355, 0.0], [108.85749, -1.67772, 0.0], [108.85223, -1.67178, 0.0], [108.83099, -1.66638, 0.0], [108.82761, -1.65033, 0.0], [108.81875, -1.64929, 0.0], [108.82858, -1.64622, 0.0], [108.82899, -1.63759, 0.0], [108.83732, -1.63601, 0.0], [108.84123, -1.62853, 0.0], [108.82931, -1.60884, 0.0], [108.83483, -1.60316, 0.0], [108.82744, -1.59036, 0.0], [108.84244, -1.58743, 0.0], [108.84529, -1.58471, 0.0], [108.84526, -1.58415, 0.0], [108.82678, -1.58377, 0.0], [108.81733, -1.59136, 0.0], [108.79871, -1.59357, 0.0], [108.80875, -1.58626, 0.0], [108.80706, -1.58123, 0.0], [108.79718, -1.58496, 0.0], [108.78976, -1.58158, 0.0], [108.79952, -1.57224, 0.0], [108.81272, -1.568, 0.0], [108.82069, -1.57061, 0.0], [108.83495, -1.55339, 0.0], [108.8445, -1.56954, 0.0], [108.85482, -1.56434, 0.0], [108.85758, -1.5728, 0.0], [108.86819, -1.5599, 0.0], [108.87034, -1.56714, 0.0], [108.8773, -1.56835, 0.0], [108.89305, -1.54935, 0.0], [108.89211, -1.53636, 0.0], [108.89765, -1.53498, 0.0]]], [[[109.26032, -1.1826, 0.0], [109.26878, -1.19483, 0.0], [109.2694, -1.21644, 0.0], [109.25379, -1.22405, 0.0], [109.25089, -1.23547, 0.0], [109.24295, -1.24349, 0.0], [109.22371, -1.24235, 0.0], [109.21704, -1.23685, 0.0], [109.22803, -1.21968, 0.0], [109.22832, -1.21386, 0.0], [109.22405, -1.21262, 0.0], [109.22704, -1.20083, 0.0], [109.24591, -1.19845, 0.0], [109.26032, -1.1826, 0.0]]], [[[108.72754, -1.70268, 0.0], [108.78045, -1.70256, 0.0], [108.78752, -1.70945, 0.0], [108.77346, -1.71707, 0.0], [108.75257, -1.71735, 0.0], [108.71937, -1.72723, 0.0], [108.6771, -1.7198, 0.0], [108.68552, -1.71159, 0.0], [108.6802, -1.70629, 0.0], [108.68393, -1.70361, 0.0], [108.69391, -1.71091, 0.0], [108.71549, -1.70329, 0.0], [108.71874, -1.70979, 0.0], [108.72754, -1.70268, 0.0]]], [[[109.14477, -1.2865, 0.0], [109.15202, -1.29559, 0.0], [109.15525, -1.29083, 0.0], [109.16067, -1.29087, 0.0], [109.16334, -1.29344, 0.0], [109.15839, -1.30149, 0.0], [109.1527, -1.30061, 0.0], [109.15228, -1.31165, 0.0], [109.13612, -1.33065, 0.0], [109.1404, -1.28801, 0.0], [109.14477, -1.2865, 0.0]]], [[[109.15785, -1.26628, 0.0], [109.17843, -1.28074, 0.0], [109.17512, -1.29637, 0.0], [109.17039, -1.28938, 0.0], [109.16405, -1.29097, 0.0], [109.1529, -1.27592, 0.0], [109.15785, -1.26628, 0.0]]], [[[109.04379, -1.48191, 0.0], [109.05213, -1.47805, 0.0], [109.05666, -1.48379, 0.0], [109.05307, -1.50165, 0.0], [109.0518, -1.49543, 0.0], [109.04522, -1.49632, 0.0], [109.03977, -1.48595, 0.0], [109.04282, -1.47377, 0.0], [109.04379, -1.48191, 0.0]]], [[[109.13534, -1.28756, 0.0], [109.13847, -1.29006, 0.0], [109.12405, -1.31111, 0.0], [109.11351, -1.31345, 0.0], [109.11909, -1.30028, 0.0], [109.13534, -1.28756, 0.0]]], [[[108.77669, -1.57588, 0.0], [108.77651, -1.58735, 0.0], [108.76319, -1.59157, 0.0], [108.7651, -1.57673, 0.0], [108.77669, -1.57588, 0.0]]], [[[109.38772, -1.4871, 0.0], [109.38915, -1.4912, 0.0], [109.38022, -1.50532, 0.0], [109.37645, -1.50132, 0.0], [109.38772, -1.4871, 0.0]]], [[[108.73583, -1.56956, 0.0], [108.73929, -1.57927, 0.0], [108.73491, -1.57775, 0.0], [108.73032, -1.57131, 0.0], [108.73583, -1.56956, 0.0]]], [[[109.20695, -1.23362, 0.0], [109.20787, -1.24266, 0.0], [109.20034, -1.24242, 0.0], [109.20003, -1.23749, 0.0], [109.20695, -1.23362, 0.0]]], [[[109.1332, -1.27681, 0.0], [109.13328, -1.2845, 0.0], [109.12643, -1.28658, 0.0], [109.12633, -1.28205, 0.0], [109.1332, -1.27681, 0.0]]], [[[109.274, -1.19963, 0.0], [109.27691, -1.20712, 0.0], [109.27477, -1.21134, 0.0], [109.27143, -1.20681, 0.0], [109.274, -1.19963, 0.0]]], [[[109.89858, -1.34497, 0.0], [109.90518, -1.34687, 0.0], [109.89671, -1.35152, 0.0], [109.89858, -1.34497, 0.0]]], [[[109.15578, -1.59886, 0.0], [109.15671, -1.60313, 0.0], [109.15047, -1.60561, 0.0], [109.15032, -1.60029, 0.0], [109.15578, -1.59886, 0.0]]], [[[108.80669, -1.55669, 0.0], [108.80572, -1.56257, 0.0], [108.79619, -1.56037, 0.0], [108.79663, -1.55852, 0.0], [108.80669, -1.55669, 0.0]]], [[[108.77162, -1.55831, 0.0], [108.77761, -1.55482, 0.0], [108.7782, -1.55777, 0.0], [108.77162, -1.55831, 0.0]]], [[[109.33892, -1.51913, 0.0], [109.34604, -1.51906, 0.0], [109.34169, -1.52399, 0.0], [109.33892, -1.51913, 0.0]]], [[[109.25201, -0.94167, 0.0], [109.25323, -0.94657, 0.0], [109.246, -0.94896, 0.0], [109.24546, -0.9469, 0.0], [109.25201, -0.94167, 0.0]]], [[[109.21739, -1.41151, 0.0], [109.2237, -1.41084, 0.0], [109.2243, -1.41261, 0.0], [109.21739, -1.41151, 0.0]]], [[[109.34314, -1.66146, 0.0], [109.34745, -1.66368, 0.0], [109.34363, -1.66583, 0.0], [109.34314, -1.66146, 0.0]]], [[[109.18587, -1.27409, 0.0], [109.19248, -1.27206, 0.0], [109.1894, -1.27453, 0.0], [109.18587, -1.27409, 0.0]]], [[[109.09166, -1.69682, 0.0], [109.09681, -1.69851, 0.0], [109.09488, -1.70042, 0.0], [109.09166, -1.69682, 0.0]]], [[[108.7868, -1.61246, 0.0], [108.78665, -1.61582, 0.0], [108.78289, -1.61605, 0.0], [108.78273, -1.61407, 0.0], [108.7868, -1.61246, 0.0]]], [[[109.1128, -1.34409, 0.0], [109.11636, -1.34354, 0.0], [109.11606, -1.34718, 0.0], [109.1128, -1.34409, 0.0]]], [[[108.7529, -1.58492, 0.0], [108.7527, -1.5886, 0.0], [108.74886, -1.59189, 0.0], [108.74894, -1.58914, 0.0], [108.7529, -1.58492, 0.0]]], [[[109.32937, -1.52404, 0.0], [109.33338, -1.52256, 0.0], [109.33481, -1.5256, 0.0], [109.32937, -1.52404, 0.0]]], [[[109.35802, -0.94586, 0.0], [109.36128, -0.94785, 0.0], [109.3583, -0.95027, 0.0], [109.35802, -0.94586, 0.0]]], [[[109.25682, -0.94245, 0.0], [109.26029, -0.94205, 0.0], [109.25939, -0.94385, 0.0], [109.25682, -0.94245, 0.0]]], [[[109.18823, -1.59304, 0.0], [109.19128, -1.59368, 0.0], [109.19425, -1.59581, 0.0], [109.18823, -1.59304, 0.0]]], [[[108.82449, -1.55504, 0.0], [108.82719, -1.55608, 0.0], [108.82537, -1.5578, 0.0], [108.82449, -1.55504, 0.0]]], [[[109.94804, -1.26712, 0.0], [109.95088, -1.26804, 0.0], [109.9495, -1.26974, 0.0], [109.94804, -1.26712, 0.0]]], [[[108.90186, -1.28338, 0.0], [108.90127, -1.2875, 0.0], [108.89884, -1.28819, 0.0], [108.90186, -1.28338, 0.0]]], [[[109.29538, -1.2281, 0.0], [109.29823, -1.23009, 0.0], [109.29639, -1.23112, 0.0], [109.29538, -1.2281, 0.0]]], [[[109.2826, -1.21308, 0.0], [109.2846, -1.21142, 0.0], [109.28503, -1.21269, 0.0], [109.2826, -1.21308, 0.0]]], [[[109.08609, -1.6993, 0.0], [109.08358, -1.69718, 0.0], [109.08466, -1.69562, 0.0], [109.0856, -1.69612, 0.0], [109.08609, -1.6993, 0.0]]], [[[109.20098, -1.58702, 0.0], [109.20609, -1.58762, 0.0], [109.20652, -1.58816, 0.0], [109.20098, -1.58702, 0.0]]], [[[108.86895, -1.2732, 0.0], [108.87121, -1.27358, 0.0], [108.86894, -1.27434, 0.0], [108.86895, -1.2732, 0.0]]], [[[108.76055, -1.62384, 0.0], [108.76382, -1.62384, 0.0], [108.76409, -1.62435, 0.0], [108.76328, -1.62555, 0.0], [108.76055, -1.62384, 0.0]]], [[[109.29736, -1.72965, 0.0], [109.29542, -1.72983, 0.0], [109.29673, -1.72705, 0.0], [109.29736, -1.72965, 0.0]]], [[[109.35203, -1.50002, 0.0], [109.35066, -1.50221, 0.0], [109.34984, -1.50132, 0.0], [109.35203, -1.50002, 0.0]]], [[[109.22665, -1.41178, 0.0], [109.22865, -1.41318, 0.0], [109.22773, -1.41398, 0.0], [109.22665, -1.41178, 0.0]]], [[[109.04597, -1.65194, 0.0], [109.04482, -1.65345, 0.0], [109.04482, -1.65139, 0.0], [109.04597, -1.65194, 0.0]]], [[[109.88582, -1.36746, 0.0], [109.88818, -1.3669, 0.0], [109.88617, -1.36866, 0.0], [109.88582, -1.36746, 0.0]]], [[[109.11152, -1.69619, 0.0], [109.11384, -1.69566, 0.0], [109.11241, -1.69738, 0.0], [109.11152, -1.69619, 0.0]]], [[[108.84184, -1.58485, 0.0], [108.8434, -1.58588, 0.0], [108.84156, -1.58589, 0.0], [108.84184, -1.58485, 0.0]]], [[[109.3824, -1.47759, 0.0], [109.38318, -1.47939, 0.0], [109.38142, -1.47848, 0.0], [109.3824, -1.47759, 0.0]]], [[[109.29629, -1.2348, 0.0], [109.29821, -1.23582, 0.0], [109.29619, -1.2368, 0.0], [109.29629, -1.2348, 0.0]]], [[[108.89065, -1.28311, 0.0], [108.88924, -1.2835, 0.0], [108.89019, -1.28154, 0.0], [108.89065, -1.28311, 0.0]]], [[[109.25289, -1.23553, 0.0], [109.25426, -1.23702, 0.0], [109.25246, -1.23676, 0.0], [109.25289, -1.23553, 0.0]]], [[[109.29418, -1.7142, 0.0], [109.29666, -1.71434, 0.0], [109.29294, -1.71532, 0.0], [109.29418, -1.7142, 0.0]]], [[[109.17071, -1.26377, 0.0], [109.17132, -1.26569, 0.0], [109.17046, -1.2656, 0.0], [109.17071, -1.26377, 0.0]]], [[[108.78095, -1.5579, 0.0], [108.78163, -1.55951, 0.0], [108.78017, -1.55839, 0.0], [108.78095, -1.5579, 0.0]]], [[[110.02951, -1.31143, 0.0], [110.02817, -1.31125, 0.0], [110.02912, -1.30991, 0.0], [110.02951, -1.31143, 0.0]]], [[[109.33965, -1.65003, 0.0], [109.33925, -1.65208, 0.0], [109.33856, -1.65015, 0.0], [109.33965, -1.65003, 0.0]]], [[[109.28977, -1.73225, 0.0], [109.29035, -1.73375, 0.0], [109.28913, -1.73279, 0.0], [109.28977, -1.73225, 0.0]]], [[[109.07009, -1.48877, 0.0], [109.069, -1.48878, 0.0], [109.06966, -1.48749, 0.0], [109.07009, -1.48877, 0.0]]], [[[109.20236, -1.2318, 0.0], [109.20356, -1.23084, 0.0], [109.203, -1.23241, 0.0], [109.20236, -1.2318, 0.0]]], [[[110.01482, -1.30057, 0.0], [110.01336, -1.30087, 0.0], [110.01454, -1.29915, 0.0], [110.01482, -1.30057, 0.0]]], [[[108.87993, -1.28875, 0.0], [108.88046, -1.28968, 0.0], [108.87911, -1.29002, 0.0], [108.87993, -1.28875, 0.0]]], [[[109.29874, -1.05644, 0.0], [109.30068, -1.05672, 0.0], [109.2986, -1.05724, 0.0], [109.29874, -1.05644, 0.0]]], [[[109.33381, -1.74022, 0.0], [109.33325, -1.73865, 0.0], [109.33346, -1.73848, 0.0], [109.33381, -1.74022, 0.0]]], [[[109.45383, -1.02092, 0.0], [109.45352, -1.02228, 0.0], [109.45245, -1.02229, 0.0], [109.45383, -1.02092, 0.0]]], [[[109.38449, -0.96228, 0.0], [109.38542, -0.96261, 0.0], [109.38488, -0.96361, 0.0], [109.38449, -0.96228, 0.0]]], [[[108.78218, -1.56664, 0.0], [108.78066, -1.56692, 0.0], [108.78194, -1.56588, 0.0], [108.78218, -1.56664, 0.0]]], [[[109.31106, -1.28961, 0.0], [109.31226, -1.29005, 0.0], [109.31043, -1.29046, 0.0], [109.31106, -1.28961, 0.0]]], [[[109.35267, -1.6555, 0.0], [109.35164, -1.65559, 0.0], [109.35245, -1.6551, 0.0], [109.35267, -1.6555, 0.0]]], [[[108.7524, -1.5538, 0.0], [108.75146, -1.55343, 0.0], [108.75216, -1.55254, 0.0], [108.7524, -1.5538, 0.0]]], [[[108.84205, -1.58437, 0.0], [108.84071, -1.58579, 0.0], [108.84033, -1.58523, 0.0], [108.84205, -1.58437, 0.0]]], [[[109.38799, -0.95975, 0.0], [109.38758, -0.96102, 0.0], [109.38713, -0.96023, 0.0], [109.38799, -0.95975, 0.0]]], [[[109.15849, -1.57492, 0.0], [109.15961, -1.57512, 0.0], [109.15877, -1.57585, 0.0], [109.15849, -1.57492, 0.0]]], [[[109.75814, -1.01348, 0.0], [109.75703, -1.01349, 0.0], [109.75746, -1.01268, 0.0], [109.75814, -1.01348, 0.0]]], [[[109.15514, -1.57695, 0.0], [109.1566, -1.57685, 0.0], [109.15494, -1.57781, 0.0], [109.15514, -1.57695, 0.0]]], [[[109.40332, -1.22289, 0.0], [109.40242, -1.22327, 0.0], [109.40273, -1.22241, 0.0], [109.40332, -1.22289, 0.0]]], [[[110.02246, -1.31581, 0.0], [110.0215, -1.31629, 0.0], [110.0222, -1.31533, 0.0], [110.02246, -1.31581, 0.0]]], [[[108.78433, -1.57968, 0.0], [108.78331, -1.57966, 0.0], [108.7837, -1.57879, 0.0], [108.78433, -1.57968, 0.0]]], [[[108.76964, -1.55653, 0.0], [108.77051, -1.55689, 0.0], [108.76967, -1.55752, 0.0], [108.76964, -1.55653, 0.0]]], [[[109.10945, -1.31628, 0.0], [109.11041, -1.31632, 0.0], [109.11004, -1.31681, 0.0], [109.10945, -1.31628, 0.0]]], [[[109.90605, -1.20471, 0.0], [109.90518, -1.20468, 0.0], [109.90588, -1.20412, 0.0], [109.90605, -1.20471, 0.0]]], [[[109.30012, -1.74349, 0.0], [109.30124, -1.7445, 0.0], [109.29978, -1.74361, 0.0], [109.30012, -1.74349, 0.0]]], [[[109.644, -1.01204, 0.0], [109.64307, -1.01174, 0.0], [109.64427, -1.01155, 0.0], [109.644, -1.01204, 0.0]]], [[[108.76104, -1.5876, 0.0], [108.76212, -1.58725, 0.0], [108.762, -1.58791, 0.0], [108.76104, -1.5876, 0.0]]], [[[109.15607, -1.60692, 0.0], [109.15702, -1.60702, 0.0], [109.15681, -1.6076, 0.0], [109.15607, -1.60692, 0.0]]], [[[109.93733, -1.24926, 0.0], [109.93803, -1.24997, 0.0], [109.93724, -1.24971, 0.0], [109.93733, -1.24926, 0.0]]], [[[109.3782, -1.48, 0.0], [109.37895, -1.48051, 0.0], [109.37803, -1.48031, 0.0], [109.3782, -1.48, 0.0]]], [[[109.01846, -1.47231, 0.0], [109.01898, -1.47282, 0.0], [109.01839, -1.47296, 0.0], [109.01846, -1.47231, 0.0]]], [[[108.89162, -1.2796, 0.0], [108.89124, -1.27898, 0.0], [108.89175, -1.27867, 0.0], [108.89162, -1.2796, 0.0]]], [[[110.02117, -1.30863, 0.0], [110.02106, -1.30948, 0.0], [110.02076, -1.30957, 0.0], [110.02117, -1.30863, 0.0]]], [[[108.84152, -1.58643, 0.0], [108.84172, -1.58698, 0.0], [108.84095, -1.5865, 0.0], [108.84152, -1.58643, 0.0]]], [[[108.84239, -1.5866, 0.0], [108.84277, -1.58708, 0.0], [108.84211, -1.58697, 0.0], [108.84239, -1.5866, 0.0]]], [[[108.80982, -1.55521, 0.0], [108.81057, -1.55503, 0.0], [108.81008, -1.55549, 0.0], [108.80982, -1.55521, 0.0]]], [[[108.81665, -1.64824, 0.0], [108.81705, -1.64859, 0.0], [108.81677, -1.64888, 0.0], [108.81665, -1.64824, 0.0]]], [[[109.64326, -1.01115, 0.0], [109.64388, -1.01127, 0.0], [109.64315, -1.01143, 0.0], [109.64326, -1.01115, 0.0]]], [[[109.15545, -1.60811, 0.0], [109.15608, -1.60803, 0.0], [109.15562, -1.60841, 0.0], [109.15545, -1.60811, 0.0]]], [[[110.00414, -1.31903, 0.0], [110.0036, -1.31903, 0.0], [110.00406, -1.31878, 0.0], [110.00414, -1.31903, 0.0]]], [[[109.81589, -1.09152, 0.0], [109.81642, -1.09181, 0.0], [109.81625, -1.09205, 0.0], [109.81589, -1.09152, 0.0]]], [[[109.18533, -1.27144, 0.0], [109.18575, -1.27163, 0.0], [109.18526, -1.27186, 0.0], [109.18533, -1.27144, 0.0]]], [[[109.33373, -1.74374, 0.0], [109.33337, -1.74372, 0.0], [109.33367, -1.74336, 0.0], [109.33373, -1.74374, 0.0]]], [[[109.15763, -1.60545, 0.0], [109.15728, -1.60562, 0.0], [109.15753, -1.60532, 0.0], [109.15763, -1.60545, 0.0]]], [[[109.16161, -1.57687, 0.0], [109.16209, -1.577, 0.0], [109.16178, -1.57714, 0.0], [109.16161, -1.57687, 0.0]]], [[[108.78675, -1.57264, 0.0], [108.78643, -1.57273, 0.0], [108.7866, -1.5725, 0.0], [108.78675, -1.57264, 0.0]]], [[[109.29719, -1.71427, 0.0], [109.29686, -1.71441, 0.0], [109.29689, -1.71416, 0.0], [109.29719, -1.71427, 0.0]]], [[[109.15589, -1.60709, 0.0], [109.15551, -1.60729, 0.0], [109.15572, -1.60698, 0.0], [109.15589, -1.60709, 0.0]]], [[[108.90216, -1.28263, 0.0], [108.90186, -1.28271, 0.0], [108.90217, -1.28243, 0.0], [108.90216, -1.28263, 0.0]]], [[[109.28231, -1.21389, 0.0], [109.28221, -1.21405, 0.0], [109.28215, -1.2137, 0.0], [109.28231, -1.21389, 0.0]]], [[[109.33504, -1.6518, 0.0], [109.33523, -1.65191, 0.0], [109.33495, -1.65193, 0.0], [109.33504, -1.6518, 0.0]]], [[[109.15789, -1.60341, 0.0], [109.15766, -1.60341, 0.0], [109.15781, -1.60329, 0.0], [109.15789, -1.60341, 0.0]]], [[[109.15735, -1.60305, 0.0], [109.15706, -1.60313, 0.0], [109.15734, -1.60294, 0.0], [109.15735, -1.60305, 0.0]]], [[[109.27673, -1.19798, 0.0], [109.27657, -1.19811, 0.0], [109.27655, -1.198, 0.0], [109.27673, -1.19798, 0.0]]], [[[108.88111, -1.28605, 0.0], [108.88095, -1.28607, 0.0], [108.88113, -1.28601, 0.0], [108.88111, -1.28605, 0.0]]], [[[109.2799, -1.19532, 0.0], [109.27981, -1.19531, 0.0], [109.27984, -1.19528, 0.0], [109.2799, -1.19532, 0.0]]]]}}, {"type": "Feature", "id": 6112, "properties": {"WADMKK": "Kubu Raya", "WADMPR": "Kalimantan Barat", "LUASWH": 8549.05673636, "kode_wilayah": 6112, "nama_resmi": "Kabupaten Kubu Raya", "tipe": "Kabupaten", "provinsi": "Kalimantan Barat", "pulau": "Kalimantan", "parlemen": 13.33, "pendapatan": 35.89, "pengeluaran": 10132.0, "ahh": 73.48, "profesional": 53.73, "tpak": 43.07, "rls": 7.05, "hls": 13.9, "skor_ekonomi": 28.84, "skor_keputusan": 46.52, "skor_kapasitas_sosial": 55.18, "ikpp_komposit": 41.18, "kuadran": "Kuadran III (Ekonomi Rendah, Keputusan Rendah)", "lisa_cluster_keputusan": "Not Significant", "lisa_cluster_ekonomi": "Not Significant", "pc1": -0.022, "pc2": -0.569, "lat": -0.127, "lon": 109.404}, "geometry": {"type": "MultiPolygon", "coordinates": [[[[109.45893, 0.22255, 0.0], [109.4885, 0.21503, 0.0], [109.49301, 0.20076, 0.0], [109.4879, 0.1661, 0.0], [109.49204, 0.16156, 0.0], [109.49514, 0.16396, 0.0], [109.49989, 0.14543, 0.0], [109.50682, 0.14511, 0.0], [109.50799, 0.14094, 0.0], [109.50136, 0.13798, 0.0], [109.50681, 0.13514, 0.0], [109.51138, 0.11623, 0.0], [109.5008, 0.09786, 0.0], [109.5034, 0.09231, 0.0], [109.4954, 0.08985, 0.0], [109.50037, 0.08597, 0.0], [109.50075, 0.06828, 0.0], [109.52159, 0.0366, 0.0], [109.5083, 0.00963, 0.0], [109.51277, -0.00947, 0.0], [109.50329, -0.02497, 0.0], [109.50461, -0.03214, 0.0], [109.51464, -0.02539, 0.0], [109.52605, -0.02592, 0.0], [109.53209, -0.01837, 0.0], [109.55034, -0.01131, 0.0], [109.54533, -0.00032, 0.0], [109.56483, 0.00071, 0.0], [109.55924, -0.00526, 0.0], [109.56395, -0.01434, 0.0], [109.5686, -0.00375, 0.0], [109.58114, -0.005, 0.0], [109.57105, 0.00738, 0.0], [109.58037, 0.01381, 0.0], [109.58752, 0.00854, 0.0], [109.58916, 0.02107, 0.0], [109.58522, 0.02672, 0.0], [109.57917, 0.02146, 0.0], [109.57718, 0.0277, 0.0], [109.56843, 0.03108, 0.0], [109.57266, 0.03753, 0.0], [109.5822, 0.0341, 0.0], [109.58696, 0.03971, 0.0], [109.59236, 0.03872, 0.0], [109.59379, 0.02363, 0.0], [109.60443, 0.03505, 0.0], [109.61317, 0.01873, 0.0], [109.61452, 0.03503, 0.0], [109.61508, 0.02668, 0.0], [109.62025, 0.02313, 0.0], [109.62712, 0.02506, 0.0], [109.62809, 0.03635, 0.0], [109.63523, 0.03253, 0.0], [109.6351, 0.04118, 0.0], [109.62866, 0.04503, 0.0], [109.63361, 0.04936, 0.0], [109.645, 0.05103, 0.0], [109.64224, 0.03967, 0.0], [109.65612, 0.03543, 0.0], [109.64896, 0.05007, 0.0], [109.66241, 0.04019, 0.0], [109.66465, 0.04374, 0.0], [109.65625, 0.04907, 0.0], [109.65584, 0.05633, 0.0], [109.66736, 0.0554, 0.0], [109.65916, 0.06486, 0.0], [109.66655, 0.0604, 0.0], [109.67132, 0.07135, 0.0], [109.67285, 0.05605, 0.0], [109.67652, 0.06672, 0.0], [109.69558, 0.0631, 0.0], [109.68985, 0.08307, 0.0], [109.69481, 0.08967, 0.0], [109.70192, 0.0886, 0.0], [109.6998, 0.09838, 0.0], [109.70481, 0.09809, 0.0], [109.70641, 0.0896, 0.0], [109.7308, 0.07623, 0.0], [109.74821, 0.08445, 0.0], [109.74983, 0.0927, 0.0], [109.76472, 0.07776, 0.0], [109.77262, 0.07689, 0.0], [109.78619, 0.08759, 0.0], [109.79758, 0.07866, 0.0], [109.80265, 0.08789, 0.0], [109.8176, 0.08912, 0.0], [109.82586, 0.08092, 0.0], [109.83337, 0.08655, 0.0], [109.8495, 0.08595, 0.0], [109.87641, 0.07703, 0.0], [109.88601, 0.04134, 0.0], [109.8809, 0.04072, 0.0], [109.87729, 0.03157, 0.0], [109.86894, 0.0328, 0.0], [109.8577, 0.01261, 0.0], [109.8428, 0.00399, 0.0], [109.85122, -0.04888, 0.0], [109.87261, -0.07042, 0.0], [109.87807, -0.08608, 0.0], [109.90389, -0.10768, 0.0], [109.90034, -0.12329, 0.0], [109.90606, -0.13729, 0.0], [109.92099, -0.14732, 0.0], [109.94753, -0.14146, 0.0], [109.9421, -0.15984, 0.0], [109.94674, -0.20005, 0.0], [109.94438, -0.22812, 0.0], [109.9547, -0.24577, 0.0], [109.95123, -0.25949, 0.0], [109.9666, -0.27075, 0.0], [109.97071, -0.2817, 0.0], [109.95638, -0.30447, 0.0], [109.93607, -0.31892, 0.0], [109.93644, -0.32896, 0.0], [109.95307, -0.34875, 0.0], [109.94788, -0.356, 0.0], [109.92775, -0.35874, 0.0], [109.92478, -0.3934, 0.0], [109.93138, -0.41496, 0.0], [109.9716, -0.43385, 0.0], [109.96812, -0.4455, 0.0], [109.95124, -0.44033, 0.0], [109.94604, -0.44453, 0.0], [109.96853, -0.45522, 0.0], [109.97253, -0.47667, 0.0], [109.9587, -0.48673, 0.0], [109.96578, -0.4971, 0.0], [109.94597, -0.5012, 0.0], [109.91914, -0.53227, 0.0], [109.88475, -0.55425, 0.0], [109.87905, -0.56596, 0.0], [109.88051, -0.58761, 0.0], [109.8658, -0.59431, 0.0], [109.85347, -0.61707, 0.0], [109.8183, -0.63773, 0.0], [109.80806, -0.67122, 0.0], [109.81134, -0.68221, 0.0], [109.81801, -0.68426, 0.0], [109.82111, -0.67487, 0.0], [109.83555, -0.67734, 0.0], [109.84297, -0.66181, 0.0], [109.8599, -0.65895, 0.0], [109.88334, -0.69105, 0.0], [109.88447, -0.70171, 0.0], [109.8786, -0.71369, 0.0], [109.88424, -0.72314, 0.0], [109.90245, -0.73287, 0.0], [109.93306, -0.71966, 0.0], [109.9416, -0.73421, 0.0], [109.93156, -0.75196, 0.0], [109.94005, -0.76067, 0.0], [109.93128, -0.76867, 0.0], [109.92953, -0.78532, 0.0], [109.89396, -0.80385, 0.0], [109.89292, -0.82342, 0.0], [109.88054, -0.82405, 0.0], [109.86484, -0.83213, 0.0], [109.85654, -0.82406, 0.0], [109.84084, -0.84067, 0.0], [109.82823, -0.83266, 0.0], [109.81283, -0.84642, 0.0], [109.79942, -0.84274, 0.0], [109.79272, -0.85662, 0.0], [109.80156, -0.86311, 0.0], [109.80148, -0.86965, 0.0], [109.78745, -0.87753, 0.0], [109.77578, -0.87673, 0.0], [109.77003, -0.88777, 0.0], [109.754, -0.89498, 0.0], [109.73889, -0.88375, 0.0], [109.75045, -0.87523, 0.0], [109.74691, -0.86279, 0.0], [109.73609, -0.86026, 0.0], [109.72571, -0.87112, 0.0], [109.71707, -0.86788, 0.0], [109.72105, -0.84997, 0.0], [109.71394, -0.82941, 0.0], [109.69166, -0.82423, 0.0], [109.67947, -0.82967, 0.0], [109.66823, -0.82061, 0.0], [109.66195, -0.80648, 0.0], [109.63538, -0.79688, 0.0], [109.63783, -0.78686, 0.0], [109.63178, -0.75191, 0.0], [109.65954, -0.75033, 0.0], [109.67052, -0.75412, 0.0], [109.67106, -0.74657, 0.0], [109.67851, -0.74619, 0.0], [109.67211, -0.73971, 0.0], [109.67673, -0.73789, 0.0], [109.68875, -0.72571, 0.0], [109.69028, -0.72751, 0.0], [109.69164, -0.72747, 0.0], [109.69843, -0.71712, 0.0], [109.68784, -0.71473, 0.0], [109.68859, -0.71244, 0.0], [109.68758, -0.70961, 0.0], [109.68883, -0.70602, 0.0], [109.6786, -0.70147, 0.0], [109.66711, -0.70046, 0.0], [109.67405, -0.69832, 0.0], [109.67527, -0.69543, 0.0], [109.66606, -0.68182, 0.0], [109.65866, -0.67809, 0.0], [109.65699, -0.67117, 0.0], [109.65158, -0.67452, 0.0], [109.64651, -0.68383, 0.0], [109.61857, -0.68997, 0.0], [109.61667, -0.68424, 0.0], [109.61132, -0.68355, 0.0], [109.59528, -0.69383, 0.0], [109.58744, -0.68997, 0.0], [109.58327, -0.67829, 0.0], [109.58864, -0.66232, 0.0], [109.58438, -0.65068, 0.0], [109.54604, -0.65236, 0.0], [109.54335, -0.64537, 0.0], [109.52905, -0.64439, 0.0], [109.52657, -0.63762, 0.0], [109.51671, -0.64252, 0.0], [109.51186, -0.63629, 0.0], [109.50295, -0.63634, 0.0], [109.49401, -0.62417, 0.0], [109.48157, -0.62576, 0.0], [109.47506, -0.61591, 0.0], [109.46011, -0.62608, 0.0], [109.45236, -0.62244, 0.0], [109.4141, -0.63117, 0.0], [109.38898, -0.6099, 0.0], [109.38113, -0.59452, 0.0], [109.38417, -0.58978, 0.0], [109.37435, -0.58262, 0.0], [109.35424, -0.58388, 0.0], [109.34105, -0.5899, 0.0], [109.32661, -0.58763, 0.0], [109.32479, -0.58415, 0.0], [109.33204, -0.57898, 0.0], [109.33414, -0.57678, 0.0], [109.33468, -0.57568, 0.0], [109.33479, -0.57407, 0.0], [109.33317, -0.57235, 0.0], [109.324, -0.57241, 0.0], [109.32371, -0.58857, 0.0], [109.31532, -0.59407, 0.0], [109.29379, -0.59179, 0.0], [109.28331, -0.59828, 0.0], [109.26276, -0.60152, 0.0], [109.25181, -0.58863, 0.0], [109.2517, -0.59311, 0.0], [109.23975, -0.59649, 0.0], [109.2256, -0.58765, 0.0], [109.22741, -0.57182, 0.0], [109.20191, -0.55141, 0.0], [109.18734, -0.55244, 0.0], [109.19315, -0.56344, 0.0], [109.1878, -0.5679, 0.0], [109.16825, -0.57209, 0.0], [109.14668, -0.56767, 0.0], [109.12776, -0.54033, 0.0], [109.11646, -0.51296, 0.0], [109.11308, -0.47529, 0.0], [109.11796, -0.43758, 0.0], [109.09805, -0.36095, 0.0], [109.10164, -0.34662, 0.0], [109.10657, -0.34819, 0.0], [109.11498, -0.33753, 0.0], [109.10457, -0.30637, 0.0], [109.0884, -0.28865, 0.0], [109.08734, -0.27787, 0.0], [109.10508, -0.26793, 0.0], [109.09887, -0.26668, 0.0], [109.11957, -0.25965, 0.0], [109.13277, -0.23836, 0.0], [109.15342, -0.23458, 0.0], [109.16204, -0.23055, 0.0], [109.17268, -0.23187, 0.0], [109.17698, -0.22567, 0.0], [109.19943, -0.22105, 0.0], [109.2022, -0.21563, 0.0], [109.18645, -0.2042, 0.0], [109.18141, -0.19464, 0.0], [109.18998, -0.13955, 0.0], [109.18202, -0.09903, 0.0], [109.18798, -0.09136, 0.0], [109.17864, -0.0803, 0.0], [109.17682, -0.06293, 0.0], [109.15873, -0.04024, 0.0], [109.1699, 0.03284, 0.0], [109.17817, 0.03399, 0.0], [109.21913, 0.0184, 0.0], [109.26033, 0.017, 0.0], [109.28724, 0.0059, 0.0], [109.28572, -0.01838, 0.0], [109.27417, -0.02987, 0.0], [109.28239, -0.04325, 0.0], [109.28476, -0.04107, 0.0], [109.30223, -0.05983, 0.0], [109.30661, -0.07722, 0.0], [109.32028, -0.08528, 0.0], [109.32194, -0.09417, 0.0], [109.34289, -0.09816, 0.0], [109.36603, -0.06019, 0.0], [109.36902, -0.05765, 0.0], [109.37289, -0.06278, 0.0], [109.385, -0.05333, 0.0], [109.37411, -0.03327, 0.0], [109.38103, -0.03132, 0.0], [109.38315, -0.0251, 0.0], [109.37607, -0.0231, 0.0], [109.379, -0.01361, 0.0], [109.36936, 0.0097, 0.0], [109.37, 0.03012, 0.0], [109.36444, 0.03648, 0.0], [109.3643, 0.04288, 0.0], [109.38054, 0.0484, 0.0], [109.37991, 0.0786, 0.0], [109.37006, 0.0989, 0.0], [109.36783, 0.19667, 0.0], [109.3788, 0.20437, 0.0], [109.37913, 0.21154, 0.0], [109.42632, 0.21664, 0.0], [109.42534, 0.22167, 0.0], [109.43257, 0.22282, 0.0], [109.43606, 0.22978, 0.0], [109.45903, 0.2289, 0.0], [109.45893, 0.22255, 0.0]]], [[[109.2504, -0.66154, 0.0], [109.26522, -0.66501, 0.0], [109.2861, -0.69029, 0.0], [109.30927, -0.70345, 0.0], [109.35631, -0.7144, 0.0], [109.39151, -0.7067, 0.0], [109.40382, -0.71122, 0.0], [109.4666, -0.75514, 0.0], [109.50419, -0.74575, 0.0], [109.5085, -0.73988, 0.0], [109.53485, -0.7389, 0.0], [109.54331, -0.74737, 0.0], [109.55472, -0.74533, 0.0], [109.55995, -0.76321, 0.0], [109.57823, -0.77315, 0.0], [109.594, -0.77376, 0.0], [109.59825, -0.78355, 0.0], [109.61444, -0.78936, 0.0], [109.62204, -0.80068, 0.0], [109.65949, -0.81118, 0.0], [109.66474, -0.82293, 0.0], [109.6765, -0.83246, 0.0], [109.69308, -0.82786, 0.0], [109.71043, -0.83204, 0.0], [109.71806, -0.85115, 0.0], [109.71294, -0.86376, 0.0], [109.71521, -0.87014, 0.0], [109.72616, -0.87405, 0.0], [109.74049, -0.8628, 0.0], [109.74819, -0.87249, 0.0], [109.73578, -0.88147, 0.0], [109.7457, -0.89979, 0.0], [109.72777, -0.9053, 0.0], [109.72045, -0.9141, 0.0], [109.72124, -0.97393, 0.0], [109.697, -0.98799, 0.0], [109.68171, -1.01411, 0.0], [109.66797, -0.99964, 0.0], [109.65887, -1.00235, 0.0], [109.64916, -0.99893, 0.0], [109.63907, -0.97659, 0.0], [109.62642, -0.97387, 0.0], [109.62123, -0.97844, 0.0], [109.61271, -0.97254, 0.0], [109.60857, -0.94368, 0.0], [109.60027, -0.93438, 0.0], [109.5934, -0.90815, 0.0], [109.58366, -0.8981, 0.0], [109.57103, -0.90281, 0.0], [109.55212, -0.88489, 0.0], [109.53658, -0.88558, 0.0], [109.52299, -0.87773, 0.0], [109.45559, -0.86549, 0.0], [109.43954, -0.85803, 0.0], [109.43941, -0.85266, 0.0], [109.41723, -0.86428, 0.0], [109.41054, -0.87276, 0.0], [109.40347, -0.86753, 0.0], [109.39618, -0.8658, 0.0], [109.3907, -0.87322, 0.0], [109.38585, -0.87315, 0.0], [109.38273, -0.87409, 0.0], [109.38256, -0.88091, 0.0], [109.3706, -0.88035, 0.0], [109.36569, -0.87671, 0.0], [109.36359, -0.87171, 0.0], [109.36026, -0.86888, 0.0], [109.35699, -0.8684, 0.0], [109.35331, -0.86843, 0.0], [109.35029, -0.86956, 0.0], [109.34834, -0.87093, 0.0], [109.34678, -0.87326, 0.0], [109.34428, -0.87403, 0.0], [109.33798, -0.87091, 0.0], [109.33646, -0.87092, 0.0], [109.33514, -0.87179, 0.0], [109.33416, -0.87386, 0.0], [109.33528, -0.88382, 0.0], [109.32671, -0.89302, 0.0], [109.3194, -0.89319, 0.0], [109.31293, -0.88587, 0.0], [109.3106, -0.88473, 0.0], [109.30729, -0.88698, 0.0], [109.30321, -0.90124, 0.0], [109.30089, -0.90104, 0.0], [109.253, -0.8485, 0.0], [109.23908, -0.81212, 0.0], [109.24093, -0.69853, 0.0], [109.24526, -0.66655, 0.0], [109.2504, -0.66154, 0.0]]], [[[109.12716, -0.20229, 0.0], [109.15976, -0.21137, 0.0], [109.17575, -0.2067, 0.0], [109.19314, -0.2186, 0.0], [109.17655, -0.22501, 0.0], [109.17228, -0.23123, 0.0], [109.16206, -0.22977, 0.0], [109.13275, -0.23627, 0.0], [109.11688, -0.25748, 0.0], [109.08326, -0.27006, 0.0], [109.08354, -0.28821, 0.0], [109.10064, -0.30755, 0.0], [109.106, -0.3332, 0.0], [109.10058, -0.33449, 0.0], [109.09245, -0.32956, 0.0], [109.05589, -0.2593, 0.0], [109.05865, -0.21407, 0.0], [109.07112, -0.22001, 0.0], [109.09025, -0.20669, 0.0], [109.09898, -0.20682, 0.0], [109.10221, -0.21137, 0.0], [109.10458, -0.20539, 0.0], [109.12716, -0.20229, 0.0]]], [[[109.48319, -0.62894, 0.0], [109.49227, -0.62629, 0.0], [109.50131, -0.63792, 0.0], [109.50983, -0.63814, 0.0], [109.5171, -0.64518, 0.0], [109.52506, -0.63937, 0.0], [109.52795, -0.64734, 0.0], [109.54147, -0.6465, 0.0], [109.54749, -0.65624, 0.0], [109.55134, -0.65215, 0.0], [109.55763, -0.6572, 0.0], [109.56378, -0.65297, 0.0], [109.56919, -0.65751, 0.0], [109.58338, -0.65332, 0.0], [109.58292, -0.68632, 0.0], [109.54582, -0.70356, 0.0], [109.5272, -0.69581, 0.0], [109.4982, -0.69432, 0.0], [109.49867, -0.69107, 0.0], [109.49761, -0.68872, 0.0], [109.48369, -0.68257, 0.0], [109.47244, -0.67089, 0.0], [109.4809, -0.66829, 0.0], [109.48449, -0.67394, 0.0], [109.49064, -0.67469, 0.0], [109.49809, -0.66156, 0.0], [109.48746, -0.66295, 0.0], [109.47725, -0.64611, 0.0], [109.4679, -0.63881, 0.0], [109.45796, -0.63599, 0.0], [109.47246, -0.62396, 0.0], [109.48319, -0.62894, 0.0]]], [[[109.16102, -0.05786, 0.0], [109.16605, -0.09213, 0.0], [109.17034, -0.10112, 0.0], [109.17797, -0.10829, 0.0], [109.18678, -0.13755, 0.0], [109.17652, -0.19455, 0.0], [109.16291, -0.18579, 0.0], [109.16087, -0.17753, 0.0], [109.14296, -0.15938, 0.0], [109.12675, -0.13125, 0.0], [109.13085, -0.13445, 0.0], [109.12818, -0.11765, 0.0], [109.12376, -0.1166, 0.0], [109.12582, -0.11144, 0.0], [109.12623, -0.10897, 0.0], [109.12612, -0.10777, 0.0], [109.12584, -0.10698, 0.0], [109.12384, -0.10419, 0.0], [109.12367, -0.10266, 0.0], [109.13538, -0.08357, 0.0], [109.16102, -0.05786, 0.0]]], [[[109.3551, -0.8686, 0.0], [109.37045, -0.88098, 0.0], [109.38233, -0.88148, 0.0], [109.38569, -0.88537, 0.0], [109.39175, -0.88988, 0.0], [109.40176, -0.89418, 0.0], [109.40174, -0.90402, 0.0], [109.41819, -0.91676, 0.0], [109.40581, -0.93243, 0.0], [109.36467, -0.92242, 0.0], [109.33543, -0.92193, 0.0], [109.30518, -0.90464, 0.0], [109.3083, -0.88633, 0.0], [109.31137, -0.8852, 0.0], [109.318, -0.89277, 0.0], [109.32139, -0.89421, 0.0], [109.32567, -0.89398, 0.0], [109.32737, -0.89277, 0.0], [109.33444, -0.88568, 0.0], [109.33551, -0.88405, 0.0], [109.33567, -0.8716, 0.0], [109.34446, -0.87425, 0.0], [109.34759, -0.87327, 0.0], [109.3503, -0.86994, 0.0], [109.3551, -0.8686, 0.0]]], [[[109.35809, -0.61857, 0.0], [109.38485, -0.62474, 0.0], [109.44766, -0.65961, 0.0], [109.47327, -0.67658, 0.0], [109.47646, -0.68603, 0.0], [109.47197, -0.68874, 0.0], [109.4685, -0.6811, 0.0], [109.45372, -0.67098, 0.0], [109.44163, -0.66695, 0.0], [109.43899, -0.66732, 0.0], [109.43591, -0.6747, 0.0], [109.42215, -0.66781, 0.0], [109.40602, -0.67314, 0.0], [109.39086, -0.65885, 0.0], [109.37458, -0.64936, 0.0], [109.36932, -0.64883, 0.0], [109.3599, -0.65375, 0.0], [109.35121, -0.63324, 0.0], [109.35809, -0.61857, 0.0]]], [[[109.52371, -0.69916, 0.0], [109.54919, -0.70695, 0.0], [109.55886, -0.71668, 0.0], [109.54074, -0.73197, 0.0], [109.52714, -0.72719, 0.0], [109.46607, -0.7323, 0.0], [109.45381, -0.7268, 0.0], [109.44452, -0.70883, 0.0], [109.457, -0.72039, 0.0], [109.46182, -0.72143, 0.0], [109.48349, -0.71737, 0.0], [109.48504, -0.71419, 0.0], [109.48245, -0.70794, 0.0], [109.49112, -0.70775, 0.0], [109.49199, -0.70608, 0.0], [109.49171, -0.70009, 0.0], [109.49584, -0.70353, 0.0], [109.52371, -0.69916, 0.0]]], [[[109.65603, -0.70003, 0.0], [109.67914, -0.70226, 0.0], [109.68769, -0.70706, 0.0], [109.6874, -0.7099, 0.0], [109.68827, -0.71272, 0.0], [109.67758, -0.71719, 0.0], [109.66893, -0.71528, 0.0], [109.66279, -0.72503, 0.0], [109.64744, -0.71768, 0.0], [109.6413, -0.73121, 0.0], [109.62955, -0.73253, 0.0], [109.62603, -0.72725, 0.0], [109.6087, -0.73081, 0.0], [109.60656, -0.72529, 0.0], [109.59483, -0.71535, 0.0], [109.5783, -0.71694, 0.0], [109.57751, -0.71043, 0.0], [109.58573, -0.70745, 0.0], [109.59675, -0.71017, 0.0], [109.60251, -0.70486, 0.0], [109.63181, -0.70585, 0.0], [109.64679, -0.70388, 0.0], [109.65603, -0.70003, 0.0]]], [[[109.57433, -0.73363, 0.0], [109.59838, -0.74862, 0.0], [109.62607, -0.75139, 0.0], [109.63186, -0.76168, 0.0], [109.63506, -0.79163, 0.0], [109.62456, -0.79521, 0.0], [109.61814, -0.78434, 0.0], [109.60374, -0.77898, 0.0], [109.60118, -0.7685, 0.0], [109.58703, -0.76426, 0.0], [109.58686, -0.76453, 0.0], [109.58526, -0.76437, 0.0], [109.58448, -0.76464, 0.0], [109.58231, -0.76663, 0.0], [109.58128, -0.76573, 0.0], [109.5813, -0.76467, 0.0], [109.5803, -0.76344, 0.0], [109.56678, -0.7578, 0.0], [109.57367, -0.74885, 0.0], [109.57433, -0.73363, 0.0]]], [[[109.44028, -0.6688, 0.0], [109.45271, -0.67208, 0.0], [109.46773, -0.68213, 0.0], [109.47057, -0.68947, 0.0], [109.47902, -0.68993, 0.0], [109.49383, -0.69944, 0.0], [109.49644, -0.70274, 0.0], [109.49164, -0.69959, 0.0], [109.49099, -0.70717, 0.0], [109.48248, -0.70657, 0.0], [109.48173, -0.70826, 0.0], [109.48367, -0.71503, 0.0], [109.48273, -0.71685, 0.0], [109.45805, -0.71928, 0.0], [109.45207, -0.70878, 0.0], [109.45432, -0.70555, 0.0], [109.41151, -0.67481, 0.0], [109.42, -0.66967, 0.0], [109.43567, -0.67663, 0.0], [109.44028, -0.6688, 0.0]]], [[[109.66683, -0.68497, 0.0], [109.67335, -0.69779, 0.0], [109.65465, -0.69884, 0.0], [109.63155, -0.70429, 0.0], [109.60298, -0.70205, 0.0], [109.59556, -0.70843, 0.0], [109.5858, -0.7056, 0.0], [109.56184, -0.71256, 0.0], [109.55159, -0.70764, 0.0], [109.57365, -0.69263, 0.0], [109.59739, -0.69561, 0.0], [109.61403, -0.68468, 0.0], [109.61747, -0.69114, 0.0], [109.63293, -0.69027, 0.0], [109.64827, -0.68398, 0.0], [109.65603, -0.67204, 0.0], [109.65864, -0.67971, 0.0], [109.66683, -0.68497, 0.0]]], [[[109.67774, -0.71822, 0.0], [109.69516, -0.71736, 0.0], [109.6936, -0.72399, 0.0], [109.69102, -0.72702, 0.0], [109.68949, -0.72496, 0.0], [109.68415, -0.72744, 0.0], [109.67572, -0.73767, 0.0], [109.66962, -0.73899, 0.0], [109.67539, -0.74468, 0.0], [109.67005, -0.74605, 0.0], [109.66955, -0.75258, 0.0], [109.66029, -0.74871, 0.0], [109.61441, -0.74971, 0.0], [109.60752, -0.74583, 0.0], [109.60676, -0.73404, 0.0], [109.62376, -0.72879, 0.0], [109.62962, -0.73418, 0.0], [109.64117, -0.73286, 0.0], [109.64724, -0.71963, 0.0], [109.66271, -0.72608, 0.0], [109.66973, -0.71603, 0.0], [109.67774, -0.71822, 0.0]]], [[[109.39801, -0.86735, 0.0], [109.40856, -0.87362, 0.0], [109.41958, -0.8738, 0.0], [109.4324, -0.89643, 0.0], [109.42064, -0.91302, 0.0], [109.40373, -0.90446, 0.0], [109.40401, -0.89717, 0.0], [109.40144, -0.8927, 0.0], [109.38349, -0.88146, 0.0], [109.38315, -0.87441, 0.0], [109.39058, -0.87352, 0.0], [109.39801, -0.86735, 0.0]]], [[[109.45119, -0.63202, 0.0], [109.47645, -0.64747, 0.0], [109.48545, -0.66333, 0.0], [109.49445, -0.6643, 0.0], [109.49078, -0.67389, 0.0], [109.4811, -0.6676, 0.0], [109.47119, -0.66888, 0.0], [109.42712, -0.64298, 0.0], [109.43159, -0.63457, 0.0], [109.45119, -0.63202, 0.0]]], [[[109.10676, -0.16792, 0.0], [109.15969, -0.18801, 0.0], [109.17315, -0.20138, 0.0], [109.1583, -0.20798, 0.0], [109.1334, -0.19594, 0.0], [109.13068, -0.19331, 0.0], [109.12754, -0.19053, 0.0], [109.12658, -0.18987, 0.0], [109.1209, -0.18668, 0.0], [109.11775, -0.18529, 0.0], [109.115, -0.18355, 0.0], [109.09994, -0.17946, 0.0], [109.09876, -0.16908, 0.0], [109.10676, -0.16792, 0.0]]], [[[109.11356, -0.1176, 0.0], [109.11707, -0.1352, 0.0], [109.12467, -0.14414, 0.0], [109.12294, -0.16897, 0.0], [109.1132, -0.16637, 0.0], [109.09712, -0.14882, 0.0], [109.08934, -0.14976, 0.0], [109.09718, -0.12706, 0.0], [109.11356, -0.1176, 0.0]]], [[[109.3717, -0.65099, 0.0], [109.38722, -0.65885, 0.0], [109.40521, -0.67495, 0.0], [109.36072, -0.67423, 0.0], [109.34919, -0.65855, 0.0], [109.34962, -0.65273, 0.0], [109.35857, -0.65733, 0.0], [109.3717, -0.65099, 0.0]]], [[[109.12819, -0.14608, 0.0], [109.1595, -0.17851, 0.0], [109.16048, -0.1854, 0.0], [109.14242, -0.17997, 0.0], [109.12597, -0.1669, 0.0], [109.12819, -0.14608, 0.0]]], [[[109.09713, -0.17511, 0.0], [109.09952, -0.17972, 0.0], [109.11503, -0.18366, 0.0], [109.13261, -0.1966, 0.0], [109.09072, -0.19247, 0.0], [109.08498, -0.18614, 0.0], [109.09713, -0.17511, 0.0]]], [[[109.57569, -0.71194, 0.0], [109.57956, -0.71951, 0.0], [109.59302, -0.71592, 0.0], [109.60616, -0.72636, 0.0], [109.60531, -0.74453, 0.0], [109.57702, -0.72964, 0.0], [109.57818, -0.72549, 0.0], [109.57635, -0.71866, 0.0], [109.57005, -0.71238, 0.0], [109.57569, -0.71194, 0.0]]], [[[109.56891, -0.71279, 0.0], [109.57704, -0.72597, 0.0], [109.567, -0.7442, 0.0], [109.5575, -0.73353, 0.0], [109.5508, -0.7328, 0.0], [109.56891, -0.71279, 0.0]]], [[[109.29678, -0.59413, 0.0], [109.30708, -0.60157, 0.0], [109.28121, -0.61342, 0.0], [109.28589, -0.59997, 0.0], [109.29678, -0.59413, 0.0]]], [[[109.25403, -0.59392, 0.0], [109.25793, -0.60177, 0.0], [109.25029, -0.60493, 0.0], [109.2435, -0.59677, 0.0], [109.25403, -0.59392, 0.0]]], [[[109.48341, -0.68384, 0.0], [109.49712, -0.68874, 0.0], [109.49747, -0.69474, 0.0], [109.49116, -0.69492, 0.0], [109.48341, -0.68384, 0.0]]], [[[109.17213, -0.08621, 0.0], [109.17609, -0.08992, 0.0], [109.17628, -0.10492, 0.0], [109.16874, -0.09106, 0.0], [109.17213, -0.08621, 0.0]]], [[[109.12291, -0.1033, 0.0], [109.12598, -0.10937, 0.0], [109.12081, -0.11734, 0.0], [109.11767, -0.10655, 0.0], [109.12291, -0.1033, 0.0]]], [[[109.33426, -0.5738, 0.0], [109.33276, -0.57789, 0.0], [109.32415, -0.58223, 0.0], [109.32497, -0.57451, 0.0], [109.33426, -0.5738, 0.0]]], [[[109.0821, -0.17433, 0.0], [109.09467, -0.17018, 0.0], [109.09513, -0.17283, 0.0], [109.08968, -0.17675, 0.0], [109.0821, -0.17433, 0.0]]], [[[109.06874, -0.19038, 0.0], [109.07377, -0.19545, 0.0], [109.06174, -0.19517, 0.0], [109.06343, -0.19211, 0.0], [109.06874, -0.19038, 0.0]]], [[[109.57949, -0.7654, 0.0], [109.58113, -0.76447, 0.0], [109.58126, -0.76583, 0.0], [109.58235, -0.76671, 0.0], [109.58973, -0.76649, 0.0], [109.58351, -0.76761, 0.0], [109.57949, -0.7654, 0.0]]], [[[109.31204, -0.60884, 0.0], [109.31103, -0.61271, 0.0], [109.30602, -0.61353, 0.0], [109.31204, -0.60884, 0.0]]], [[[109.08051, -0.16997, 0.0], [109.08398, -0.16891, 0.0], [109.08473, -0.16974, 0.0], [109.08051, -0.16997, 0.0]]], [[[109.09974, -0.20748, 0.0], [109.10207, -0.20696, 0.0], [109.10178, -0.20933, 0.0], [109.09974, -0.20748, 0.0]]], [[[109.07671, -0.16851, 0.0], [109.0794, -0.16933, 0.0], [109.07942, -0.16979, 0.0], [109.07671, -0.16851, 0.0]]], [[[109.55935, -0.74664, 0.0], [109.56034, -0.74639, 0.0], [109.55998, -0.74701, 0.0], [109.55935, -0.74664, 0.0]]], [[[109.38206, -0.60981, 0.0], [109.38246, -0.61091, 0.0], [109.38213, -0.61099, 0.0], [109.38206, -0.60981, 0.0]]], [[[109.12585, -0.10718, 0.0], [109.12583, -0.10801, 0.0], [109.12549, -0.1067, 0.0], [109.12585, -0.10718, 0.0]]]]}}, {"type": "Feature", "id": 6474, "properties": {"WADMKK": "Kota Bontang", "WADMPR": "Kalimantan Timur", "LUASWH": 160.200137914, "kode_wilayah": 6474, "nama_resmi": "Kota Bontang", "tipe": "Kota", "provinsi": "Kalimantan Timur", "pulau": "Kalimantan", "parlemen": 4.0, "pendapatan": 17.8, "pengeluaran": 8265.0, "ahh": 72.25, "profesional": 46.97, "tpak": 58.03, "rls": 8.39, "hls": 12.69, "skor_ekonomi": 20.89, "skor_keputusan": 33.51, "skor_kapasitas_sosial": 52.53, "ikpp_komposit": 32.27, "kuadran": "Kuadran III (Ekonomi Rendah, Keputusan Rendah)", "lisa_cluster_keputusan": "Not Significant", "lisa_cluster_ekonomi": "Low-Low (Coldspot)", "pc1": -0.872, "pc2": -1.264, "lat": 0.07, "lon": 117.444}, "geometry": {"type": "MultiPolygon", "coordinates": [[[[117.50427, 0.20564, 0.0], [117.51629, 0.20332, 0.0], [117.51807, 0.19804, 0.0], [117.5074, 0.19166, 0.0], [117.49979, 0.19964, 0.0], [117.49503, 0.19547, 0.0], [117.50075, 0.18682, 0.0], [117.49002, 0.18934, 0.0], [117.49332, 0.18, 0.0], [117.50433, 0.17573, 0.0], [117.49313, 0.17369, 0.0], [117.48574, 0.18089, 0.0], [117.48965, 0.16683, 0.0], [117.4708, 0.16385, 0.0], [117.47912, 0.1621, 0.0], [117.4805, 0.15486, 0.0], [117.48773, 0.15973, 0.0], [117.48792, 0.14636, 0.0], [117.49112, 0.15739, 0.0], [117.49566, 0.15842, 0.0], [117.49183, 0.14842, 0.0], [117.4943, 0.14313, 0.0], [117.49891, 0.15401, 0.0], [117.50721, 0.15902, 0.0], [117.51095, 0.15091, 0.0], [117.50735, 0.14778, 0.0], [117.51596, 0.14189, 0.0], [117.52214, 0.12536, 0.0], [117.50695, 0.10762, 0.0], [117.48946, 0.11578, 0.0], [117.48773, 0.10601, 0.0], [117.48064, 0.10832, 0.0], [117.48302, 0.102, 0.0], [117.49196, 0.1054, 0.0], [117.50074, 0.10114, 0.0], [117.49844, 0.098, 0.0], [117.49423, 0.10253, 0.0], [117.4926, 0.09874, 0.0], [117.4776, 0.10368, 0.0], [117.47839, 0.08447, 0.0], [117.48123, 0.09261, 0.0], [117.48602, 0.08933, 0.0], [117.48151, 0.08789, 0.0], [117.48007, 0.08299, 0.0], [117.48341, 0.0871, 0.0], [117.49069, 0.08775, 0.0], [117.48374, 0.0827, 0.0], [117.47901, 0.08206, 0.0], [117.47542, 0.09544, 0.0], [117.46859, 0.09746, 0.0], [117.47003, 0.09216, 0.0], [117.46301, 0.10365, 0.0], [117.45777, 0.10086, 0.0], [117.46602, 0.09254, 0.0], [117.45936, 0.0916, 0.0], [117.4639, 0.08309, 0.0], [117.46444, 0.08884, 0.0], [117.46795, 0.08487, 0.0], [117.4741, 0.08974, 0.0], [117.47723, 0.08359, 0.0], [117.47204, 0.07385, 0.0], [117.47851, 0.07237, 0.0], [117.46576, 0.06475, 0.0], [117.47715, 0.06388, 0.0], [117.47183, 0.04746, 0.0], [117.478, 0.04825, 0.0], [117.48456, 0.06251, 0.0], [117.48873, 0.05692, 0.0], [117.50905, 0.06383, 0.0], [117.51219, 0.05275, 0.0], [117.49583, 0.04936, 0.0], [117.49438, 0.0423, 0.0], [117.48877, 0.04184, 0.0], [117.49008, 0.03294, 0.0], [117.49389, 0.02851, 0.0], [117.49579, 0.02925, 0.0], [117.50151, 0.03855, 0.0], [117.5042, 0.0336, 0.0], [117.51424, 0.03746, 0.0], [117.51194, 0.03111, 0.0], [117.51899, 0.02648, 0.0], [117.51787, 0.02122, 0.0], [117.38833, 0.0225, 0.0], [117.38998, 0.06398, 0.0], [117.39736, 0.08087, 0.0], [117.40292, 0.09181, 0.0], [117.42826, 0.10587, 0.0], [117.44972, 0.16694, 0.0], [117.46778, 0.17577, 0.0], [117.46917, 0.19917, 0.0], [117.48853, 0.20177, 0.0], [117.49266, 0.19817, 0.0], [117.50427, 0.20564, 0.0]]], [[[117.51204, 0.06467, 0.0], [117.52231, 0.06609, 0.0], [117.52332, 0.06275, 0.0], [117.51204, 0.06467, 0.0]]], [[[117.55229, 0.08644, 0.0], [117.54866, 0.08089, 0.0], [117.54175, 0.08402, 0.0], [117.54689, 0.08638, 0.0], [117.55229, 0.08644, 0.0]]], [[[117.49871, 0.07405, 0.0], [117.4925, 0.06531, 0.0], [117.4878, 0.06498, 0.0], [117.49009, 0.07011, 0.0], [117.49871, 0.07405, 0.0]]], [[[117.56214, 0.09251, 0.0], [117.56471, 0.08749, 0.0], [117.55891, 0.08641, 0.0], [117.55682, 0.08926, 0.0], [117.56214, 0.09251, 0.0]]], [[[117.55329, 0.08464, 0.0], [117.55698, 0.08549, 0.0], [117.55451, 0.08268, 0.0], [117.55329, 0.08464, 0.0]]], [[[117.51113, 0.05111, 0.0], [117.51555, 0.05017, 0.0], [117.51156, 0.04973, 0.0], [117.51113, 0.05111, 0.0]]], [[[117.52256, 0.15271, 0.0], [117.52012, 0.14968, 0.0], [117.51759, 0.15078, 0.0], [117.51816, 0.15192, 0.0], [117.52256, 0.15271, 0.0]]], [[[117.51109, 0.15173, 0.0], [117.51496, 0.15154, 0.0], [117.51486, 0.15041, 0.0], [117.51109, 0.15173, 0.0]]], [[[117.52916, 0.13202, 0.0], [117.5322, 0.13135, 0.0], [117.52762, 0.13056, 0.0], [117.52916, 0.13202, 0.0]]], [[[117.53622, 0.10926, 0.0], [117.53795, 0.10898, 0.0], [117.53558, 0.10827, 0.0], [117.53622, 0.10926, 0.0]]], [[[117.50834, 0.18991, 0.0], [117.50875, 0.18837, 0.0], [117.50787, 0.18861, 0.0], [117.50834, 0.18991, 0.0]]], [[[117.52714, 0.06677, 0.0], [117.52823, 0.06618, 0.0], [117.52722, 0.066, 0.0], [117.52714, 0.06677, 0.0]]], [[[117.51118, 0.19106, 0.0], [117.5123, 0.19089, 0.0], [117.51034, 0.19019, 0.0], [117.51118, 0.19106, 0.0]]], [[[117.52356, 0.18573, 0.0], [117.52455, 0.18521, 0.0], [117.52378, 0.18479, 0.0], [117.52356, 0.18573, 0.0]]], [[[117.53833, 0.10944, 0.0], [117.53951, 0.10988, 0.0], [117.53951, 0.1093, 0.0], [117.53833, 0.10944, 0.0]]], [[[117.50684, 0.18913, 0.0], [117.50761, 0.18832, 0.0], [117.5069, 0.188, 0.0], [117.50684, 0.18913, 0.0]]], [[[117.55844, 0.06437, 0.0], [117.55935, 0.06371, 0.0], [117.55836, 0.06422, 0.0], [117.55844, 0.06437, 0.0]]], [[[117.55878, 0.0801, 0.0], [117.55938, 0.07937, 0.0], [117.55866, 0.07965, 0.0], [117.55878, 0.0801, 0.0]]], [[[117.49434, 0.02982, 0.0], [117.4944, 0.02894, 0.0], [117.49404, 0.02888, 0.0], [117.49434, 0.02982, 0.0]]], [[[117.51235, 0.18465, 0.0], [117.51195, 0.18447, 0.0], [117.51192, 0.1847, 0.0], [117.51235, 0.18465, 0.0]]], [[[117.51139, 0.1848, 0.0], [117.51123, 0.18434, 0.0], [117.51102, 0.18448, 0.0], [117.51139, 0.1848, 0.0]]], [[[117.51276, 0.18481, 0.0], [117.51254, 0.18464, 0.0], [117.51251, 0.1848, 0.0], [117.51276, 0.18481, 0.0]]]]}}]}