{"type": "FeatureCollection", "metadata": {"title": "Batas Administrasi 514 Kabupaten/Kota Seluruh Indonesia Terintegrasi BPS 2024", "count": 507, "matched": 507, "crs": "urn:ogc:def:crs:OGC:1.3:CRS84", "no_api_required": true}, "features": [{"type": "Feature", "id": 1205, "properties": {"WADMKK": "Tapanuli Utara", "WADMPR": "Sumatera Utara", "KDPKAB": "12.02", "LUASWH": 9.2687973, "kode_wilayah": 1205, "nama_resmi": "Kabupaten Tapanuli Utara", "tipe": "Kabupaten", "provinsi": "Sumatera Utara", "pulau": "Sumatera", "parlemen": 5.71, "pendapatan": 50.0, "pengeluaran": 12382.0, "ahh": 71.79, "profesional": 54.66, "tpak": 81.48, "rls": 10.31, "hls": 13.74, "skor_ekonomi": 66.21, "skor_keputusan": 40.21, "skor_kapasitas_sosial": 62.09, "ikpp_komposit": 54.99, "kuadran": "Kuadran IV (Ekonomi Tinggi, Keputusan Rendah)", "lisa_cluster_keputusan": "Not Significant", "lisa_cluster_ekonomi": "Not Significant", "pc1": -0.449, "pc2": 3.299, "lat": 3.743, "lon": 98.448}, "geometry": {"type": "Polygon", "coordinates": [[[99.0514, 1.7009], [99.0782, 1.6986], [99.1162, 1.6492], [99.2393, 1.7045], [99.2559, 1.7532], [99.2509, 1.8151], [99.3448, 1.8296], [99.359, 1.8751], [99.3394, 1.9046], [99.3916, 1.9524], [99.4711, 1.9612], [99.4457, 2.0352], [99.4594, 2.1253], [99.4149, 2.1125], [99.3877, 2.1363], [99.3946, 2.1709], [99.3341, 2.139], [99.3316, 2.105], [99.2517, 2.1209], [99.213, 2.164], [99.1972, 2.264], [99.1625, 2.3034], [99.1382, 2.2778], [99.0693, 2.2925], [98.9921, 2.2882], [98.9957, 2.3476], [98.9816, 2.3945], [98.9124, 2.408], [98.8603, 2.3964], [98.8498, 2.3559], [98.8881, 2.3266], [98.9482, 2.3191], [98.945, 2.2639], [98.9116, 2.2215], [98.8118, 2.2019], [98.8207, 2.1747], [98.7147, 2.1028], [98.6722, 2.0108], [98.7254, 1.9528], [98.8132, 1.9438], [98.8231, 1.8485], [98.8694, 1.8003], [98.9008, 1.7395], [98.9923, 1.7558], [98.9666, 1.6907], [98.9851, 1.654], [99.0514, 1.7009]]]}}, {"type": "Feature", "id": 6110, "properties": {"WADMKK": "Melawi", "WADMPR": "Kalimantan Barat", "KDPKAB": "61.10", "LUASWH": 2.57501848, "kode_wilayah": 6110, "nama_resmi": "Kabupaten Melawi", "tipe": "Kabupaten", "provinsi": "Kalimantan Barat", "pulau": "Kalimantan", "parlemen": 20.0, "pendapatan": 35.45, "pengeluaran": 9596.0, "ahh": 75.76, "profesional": 55.96, "tpak": 60.51, "rls": 7.66, "hls": 11.37, "skor_ekonomi": 39.27, "skor_keputusan": 54.07, "skor_kapasitas_sosial": 54.34, "ikpp_komposit": 48.2, "kuadran": "Kuadran I (Ekonomi Tinggi, Keputusan Tinggi)", "lisa_cluster_keputusan": "High-Low (Spatial Outlier)", "lisa_cluster_ekonomi": "Not Significant", "pc1": -0.854, "pc2": -0.376, "lat": -0.377, "lon": 111.764}, "geometry": {"type": "Polygon", "coordinates": [[[111.3415, -1.3203], [111.4001, -1.2629], [111.446, -1.2453], [111.5344, -1.201], [111.5776, -1.1692], [111.5548, -1.1276], [111.5708, -1.059], [111.6161, -1.0563], [111.6414, -0.9679], [111.7237, -0.9427], [111.751, -0.9108], [111.8213, -0.9078], [111.9195, -0.8366], [111.9268, -0.7913], [111.9835, -0.8], [112.0561, -0.7686], [112.0834, -0.701], [112.1476, -0.7306], [112.1754, -0.7256], [112.1763, -0.6434], [112.2333, -0.6133], [112.2755, -0.6509], [112.3108, -0.7214], [112.3479, -0.7038], [112.385, -0.7137], [112.4343, -0.6736], [112.4628, -0.6691], [112.4159, -0.631], [112.44, -0.5476], [112.4143, -0.4839], [112.4374, -0.4307], [112.3657, -0.3532], [112.3735, -0.2618], [112.408, -0.1805], [112.3731, -0.1857], [112.232, -0.2418], [112.1473, -0.3084], [112.1072, -0.2623], [111.9973, -0.2079], [111.9372, -0.1871], [111.8913, -0.2103], [111.8109, -0.2027], [111.7809, -0.1782], [111.7512, -0.1905], [111.7023, -0.1275], [111.6619, -0.1646], [111.588, -0.204], [111.4981, -0.2336], [111.4792, -0.2929], [111.495, -0.322], [111.4308, -0.3663], [111.3916, -0.3497], [111.3125, -0.4141], [111.2607, -0.4354], [111.1852, -0.5153], [111.2132, -0.531], [111.2391, -0.5982], [111.2153, -0.6567], [111.2414, -0.6927], [111.2375, -0.7438], [111.1518, -0.8656], [111.167, -0.9113], [111.1296, -0.9306], [111.148, -0.9625], [111.1427, -1.0034], [111.2012, -1.0213], [111.2621, -1.0981], [111.2344, -1.1898], [111.2624, -1.215], [111.2554, -1.2497], [111.3087, -1.2559], [111.3159, -1.3012], [111.3415, -1.3203]]]}}, {"type": "Feature", "id": 3671, "properties": {"WADMKK": "Tangerang", "WADMPR": "Banten", "KDPKAB": "36.03", "LUASWH": 1.74726034, "kode_wilayah": 3671, "nama_resmi": "Kota Tangerang", "tipe": "Kota", "provinsi": "Banten", "pulau": "Jawa", "parlemen": 12.0, "pendapatan": 32.06, "pengeluaran": 15641.0, "ahh": 74.52, "profesional": 46.16, "tpak": 49.79, "rls": 11.14, "hls": 13.9, "skor_ekonomi": 29.37, "skor_keputusan": 40.24, "skor_kapasitas_sosial": 70.95, "ikpp_komposit": 42.03, "kuadran": "Kuadran III (Ekonomi Rendah, Keputusan Rendah)", "lisa_cluster_keputusan": "Not Significant", "lisa_cluster_ekonomi": "Not Significant", "pc1": 2.012, "pc2": 0.4, "lat": -6.164, "lon": 106.641}, "geometry": {"type": "Polygon", "coordinates": [[[106.4267, -6.3479], [106.4679, -6.3036], [106.4829, -6.3494], [106.5733, -6.3385], [106.604, -6.3619], [106.651, -6.3622], [106.6606, -6.3273], [106.6383, -6.2299], [106.589, -6.2226], [106.5542, -6.1994], [106.6139, -6.1267], [106.6726, -6.1195], [106.688, -6.0971], [106.7105, -6.0964], [106.725, -6.0896], [106.7126, -6.0406], [106.6486, -6.0052], [106.5877, -6.0323], [106.5494, -6.0234], [106.4859, -6.0478], [106.4118, -6.0242], [106.3656, -6.0391], [106.3397, -6.0738], [106.3506, -6.1096], [106.3926, -6.152], [106.374, -6.1912], [106.4009, -6.3303], [106.4267, -6.3479]]]}}, {"type": "Feature", "id": 1117, "properties": {"WADMKK": "Bener Meriah", "WADMPR": "Aceh", "KDPKAB": "11.17", "LUASWH": 1.90898671, "kode_wilayah": 1117, "nama_resmi": "Kabupaten Bener Meriah", "tipe": "Kabupaten", "provinsi": "Aceh", "pulau": "Sumatera", "parlemen": 4.0, "pendapatan": 30.74, "pengeluaran": 12360.0, "ahh": 71.81, "profesional": 65.04, "tpak": 78.39, "rls": 10.13, "hls": 13.73, "skor_ekonomi": 45.91, "skor_keputusan": 45.6, "skor_kapasitas_sosial": 61.68, "ikpp_komposit": 48.94, "kuadran": "Kuadran IV (Ekonomi Tinggi, Keputusan Rendah)", "lisa_cluster_keputusan": "Low-Low (Coldspot)", "lisa_cluster_ekonomi": "High-Low (Spatial Outlier)", "pc1": 0.196, "pc2": 1.302, "lat": 4.703, "lon": 96.862}, "geometry": {"type": "Polygon", "coordinates": [[[96.5731, 4.9477], [96.6741, 4.9509], [96.7068, 4.8239], [96.6836, 4.7557], [96.7468, 4.7126], [96.7874, 4.7128], [96.8046, 4.6764], [96.9198, 4.6539], [97.0207, 4.6439], [97.0393, 4.6114], [97.1022, 4.5862], [97.1696, 4.5781], [97.2335, 4.6043], [97.3125, 4.6046], [97.2563, 4.65], [97.3058, 4.6658], [97.3271, 4.7031], [97.3186, 4.7371], [97.2522, 4.758], [97.2802, 4.8264], [97.2427, 4.8735], [97.1312, 4.9121], [97.013, 4.9075], [97.001, 4.8647], [96.9554, 4.8588], [96.8462, 4.8821], [96.7865, 4.94], [96.753, 4.9639], [96.6296, 4.9687], [96.5731, 4.9477]]]}}, {"type": "Feature", "id": 1906, "properties": {"WADMKK": "Belitung Timur", "WADMPR": "Kepulauan Bangka Belitung", "KDPKAB": "19.06", "LUASWH": 37.08419342, "kode_wilayah": 1906, "nama_resmi": "Kabupaten Belitung Timur", "tipe": "Kabupaten", "provinsi": "Kepulauan Bangka Belitung", "pulau": "Sumatera", "parlemen": 0.0, "pendapatan": 27.15, "pengeluaran": 12610.0, "ahh": 74.92, "profesional": 55.94, "tpak": 53.19, "rls": 8.99, "hls": 11.69, "skor_ekonomi": 26.8, "skor_keputusan": 35.88, "skor_kapasitas_sosial": 59.68, "ikpp_komposit": 37.01, "kuadran": "Kuadran III (Ekonomi Rendah, Keputusan Rendah)", "lisa_cluster_keputusan": "Not Significant", "lisa_cluster_ekonomi": "Low-Low (Coldspot)", "pc1": 0.06, "pc2": -0.445, "lat": -2.883, "lon": 108.239}, "geometry": {"type": "Polygon", "coordinates": [[[107.8482, -3.0594], [107.9585, -3.1601], [107.9741, -3.1947], [107.9669, -3.2465], [108.0638, -3.2393], [108.0854, -3.2072], [108.0793, -3.1708], [108.1534, -3.1709], [108.217, -3.0539], [108.2069, -3.0173], [108.2478, -2.9535], [108.266, -2.8969], [108.2942, -2.8788], [108.2935, -2.8331], [108.2701, -2.7509], [108.0872, -2.6046], [108.0376, -2.6102], [107.9892, -2.5724], [107.9393, -2.5729], [107.9274, -2.6214], [107.8951, -2.6329], [107.8791, -2.6921], [107.9454, -2.7094], [107.9842, -2.777], [107.9403, -2.7983], [107.8696, -2.8011], [107.8494, -2.8212], [107.8716, -2.8778], [107.8163, -2.8781], [107.7839, -2.8619], [107.7474, -2.888], [107.7643, -2.9437], [107.8337, -3.0089], [107.8482, -3.0594]]]}}, {"type": "Feature", "id": 5371, "properties": {"WADMKK": "Kupang", "WADMPR": "Nusa Tenggara Timur", "KDPKAB": "53.01", "LUASWH": 89.87234572, "kode_wilayah": 5371, "nama_resmi": "Kota Kupang", "tipe": "Kota", "provinsi": "Nusa Tenggara Timur", "pulau": "Bali & Nusa Tenggara", "parlemen": 12.5, "pendapatan": 39.14, "pengeluaran": 14001.0, "ahh": 72.86, "profesional": 47.73, "tpak": 54.86, "rls": 11.64, "hls": 16.54, "skor_ekonomi": 39.28, "skor_keputusan": 41.75, "skor_kapasitas_sosial": 73.21, "ikpp_komposit": 47.05, "kuadran": "Kuadran IV (Ekonomi Tinggi, Keputusan Rendah)", "lisa_cluster_keputusan": "Low-Low (Coldspot)", "lisa_cluster_ekonomi": "High-High (Hotspot)", "pc1": 2.352, "pc2": 1.737, "lat": -10.154, "lon": 123.619}, "geometry": {"type": "MultiPolygon", "coordinates": [[[[123.528, -10.2117], [123.4888, -10.2241], [123.5003, -10.2739], [123.4555, -10.3492], [123.486, -10.3558], [123.5354, -10.3288], [123.5997, -10.3536], [123.6612, -10.3496], [123.7039, -10.3663], [123.7658, -10.3478], [123.7891, -10.3559], [123.8655, -10.3321], [123.8881, -10.3103], [123.9646, -10.2761], [124.0166, -10.274], [124.0732, -10.2263], [124.1021, -10.1795], [124.1707, -10.1555], [124.2235, -10.163], [124.2265, -10.1438], [124.1852, -10.0613], [124.1502, -10.0392], [124.1469, -9.9938], [124.0947, -9.9715], [124.0815, -9.9248], [124.094, -9.8094], [124.0694, -9.7507], [124.1105, -9.6861], [124.055, -9.6575], [124.0836, -9.6347], [124.0953, -9.5803], [124.1534, -9.5363], [124.1169, -9.4815], [124.1898, -9.4832], [124.1668, -9.4561], [124.1109, -9.4303], [124.0959, -9.4061], [124.0702, -9.3697], [124.0782, -9.3274], [123.9952, -9.3421], [123.9327, -9.4228], [123.8287, -9.4955], [123.795, -9.4909], [123.7882, -9.5411], [123.7361, -9.5657], [123.6741, -9.6285], [123.6843, -9.7015], [123.6757, -9.7573], [123.6435, -9.7715], [123.6702, -9.8278], [123.6643, -9.8645], [123.6335, -9.898], [123.601, -9.8982], [123.5785, -9.9433], [123.5863, -10.0346], [123.654, -10.0095], [123.692, -10.0111], [123.7711, -10.0434], [123.7414, -10.0986], [123.6731, -10.1239], [123.6763, -10.1829], [123.6397, -10.222], [123.6322, -10.286], [123.5855, -10.2873], [123.5702, -10.2447], [123.528, -10.2117]]], [[[123.3564, -10.3062], [123.4028, -10.3391], [123.4185, -10.2602], [123.3913, -10.2225], [123.5025, -10.1827], [123.4689, -10.1618], [123.4514, -10.1142], [123.3957, -10.1351], [123.349, -10.2269], [123.3009, -10.2712], [123.3056, -10.3121], [123.3564, -10.3062]]]]}}, {"type": "Feature", "id": 8105, "properties": {"WADMKK": "Kepulauan Aru", "WADMPR": "Maluku", "KDPKAB": "81.07", "LUASWH": 181.4998731, "kode_wilayah": 8105, "nama_resmi": "Kabupaten Kepulauan Aru", "tipe": "Kabupaten", "provinsi": "Maluku", "pulau": "Maluku", "parlemen": 12.0, "pendapatan": 41.88, "pengeluaran": 15196.0, "ahh": 73.66, "profesional": 45.84, "tpak": 56.95, "rls": 12.24, "hls": 16.08, "skor_ekonomi": 43.19, "skor_keputusan": 40.03, "skor_kapasitas_sosial": 75.89, "ikpp_komposit": 48.47, "kuadran": "Kuadran IV (Ekonomi Tinggi, Keputusan Rendah)", "lisa_cluster_keputusan": "Not Significant", "lisa_cluster_ekonomi": "Not Significant", "pc1": 2.5, "pc2": 2.204, "lat": -3.104, "lon": 130.489}, "geometry": {"type": "MultiPolygon", "coordinates": [[[[134.5933, -6.4631], [134.6085, -6.4455], [134.5988, -6.388], [134.5455, -6.3632], [134.4849, -6.4478], [134.4892, -6.489], [134.5165, -6.5315], [134.5463, -6.5372], [134.5687, -6.4771], [134.5933, -6.4631]]], [[[134.6352, -6.3586], [134.688, -6.34], [134.7291, -6.3017], [134.7647, -6.2045], [134.7623, -6.1387], [134.7825, -6.0936], [134.7551, -6.0487], [134.6631, -5.9755], [134.6572, -5.9442], [134.5963, -5.9434], [134.5362, -5.9187], [134.4694, -5.9596], [134.4393, -6.0145], [134.3255, -6.0235], [134.28, -6.0481], [134.2712, -6.0894], [134.284, -6.1445], [134.3443, -6.2186], [134.3983, -6.2346], [134.4412, -6.2236], [134.4921, -6.2833], [134.533, -6.3064], [134.5524, -6.3517], [134.6352, -6.3586]]], [[[134.457, -6.2762], [134.3794, -6.3198], [134.3615, -6.3648], [134.3793, -6.399], [134.4234, -6.4098], [134.4822, -6.4477], [134.5154, -6.4056], [134.5333, -6.3414], [134.5034, -6.3043], [134.457, -6.2762]]], [[[134.252, -6.8889], [134.3326, -6.8608], [134.3751, -6.8201], [134.3663, -6.7823], [134.3953, -6.7322], [134.4377, -6.7083], [134.5298, -6.582], [134.4853, -6.5814], [134.4742, -6.547], [134.4951, -6.5112], [134.4608, -6.4341], [134.4359, -6.4448], [134.4067, -6.4001], [134.339, -6.3888], [134.2948, -6.3495], [134.3095, -6.305], [134.2147, -6.2194], [134.1661, -6.214], [134.1383, -6.1731], [134.1008, -6.1902], [134.1307, -6.2742], [134.1332, -6.3341], [134.1158, -6.389], [134.1164, -6.4486], [134.0996, -6.488], [134.0831, -6.6984], [134.0527, -6.7722], [134.07, -6.8264], [134.1486, -6.8664], [134.1956, -6.9318], [134.252, -6.8889]]], [[[134.2408, -6.1119], [134.2453, -6.0728], [134.2268, -6.0162], [134.1621, -6.0407], [134.1251, -6.0363], [134.1147, -6.1007], [134.1697, -6.1657], [134.1794, -6.2001], [134.2301, -6.2019], [134.246, -6.2399], [134.2943, -6.2863], [134.3375, -6.2563], [134.3373, -6.2266], [134.3024, -6.1686], [134.2454, -6.1419], [134.2408, -6.1119]]], [[[134.2506, -5.7852], [134.1955, -5.7531], [134.1887, -5.8121], [134.207, -5.8354], [134.2506, -5.7852]]], [[[134.3716, -6.0186], [134.4381, -6.0125], [134.4674, -5.9583], [134.5021, -5.9498], [134.5361, -5.9157], [134.5851, -5.9334], [134.6149, -5.8842], [134.6895, -5.8334], [134.6854, -5.7737], [134.6185, -5.7255], [134.5359, -5.6324], [134.5274, -5.5643], [134.4524, -5.5511], [134.415, -5.6409], [134.3552, -5.686], [134.3434, -5.7283], [134.2549, -5.6725], [134.2116, -5.7202], [134.2601, -5.7595], [134.2847, -5.7517], [134.3342, -5.7981], [134.3679, -5.7686], [134.3715, -5.8487], [134.294, -5.9175], [134.3324, -5.9412], [134.317, -5.9945], [134.3716, -6.0186]]], [[[134.7112, -6.7267], [134.7606, -6.6294], [134.7266, -6.5855], [134.6855, -6.5949], [134.6726, -6.664], [134.6227, -6.7558], [134.6851, -6.7763], [134.7112, -6.7267]]], [[[134.7119, -6.4575], [134.6924, -6.4426], [134.6401, -6.4772], [134.6817, -6.5635], [134.764, -6.5292], [134.7451, -6.4824], [134.7119, -6.4575]]], [[[134.7128, -5.8331], [134.6283, -5.8809], [134.6374, -5.93], [134.6669, -5.934], [134.7121, -5.9774], [134.7438, -5.9656], [134.7113, -5.8915], [134.7725, -5.8882], [134.7543, -5.8464], [134.7128, -5.8331]]], [[[134.8256, -6.482], [134.7771, -6.5454], [134.8128, -6.5619], [134.8468, -6.5025], [134.8256, -6.482]]], [[[134.8686, -6.2829], [134.7971, -6.3886], [134.8111, -6.4615], [134.8452, -6.4764], [134.8714, -6.3918], [134.9001, -6.3529], [134.906, -6.3098], [134.8686, -6.2829]]], [[[134.5306, -5.5657], [134.611, -5.5669], [134.6339, -5.581], [134.6901, -5.559], [134.6988, -5.5119], [134.6546, -5.4841], [134.6477, -5.4401], [134.5718, -5.4187], [134.555, -5.4384], [134.4997, -5.42], [134.4982, -5.4888], [134.5306, -5.5657]]], [[[134.5559, -5.5628], [134.531, -5.5723], [134.5466, -5.6492], [134.6162, -5.7232], [134.7044, -5.7088], [134.764, -5.6665], [134.7477, -5.6202], [134.6443, -5.5769], [134.5559, -5.5628]]], [[[134.6882, -5.7294], [134.6563, -5.7461], [134.6915, -5.796], [134.7474, -5.7854], [134.6882, -5.7294]]], [[[134.5849, -5.3286], [134.5074, -5.3688], [134.5555, -5.3987], [134.5849, -5.3286]]]]}}, {"type": "Feature", "id": 6307, "properties": {"WADMKK": "Hulu Sungai Tengah", "WADMPR": "Kalimantan Selatan", "KDPKAB": "63.07", "LUASWH": 4.09714374, "kode_wilayah": 6307, "nama_resmi": "Kabupaten Hulu Sungai Tengah", "tipe": "Kabupaten", "provinsi": "Kalimantan Selatan", "pulau": "Kalimantan", "parlemen": 13.33, "pendapatan": 48.35, "pengeluaran": 13176.0, "ahh": 69.14, "profesional": 53.77, "tpak": 63.51, "rls": 8.35, "hls": 12.31, "skor_ekonomi": 53.45, "skor_keputusan": 46.54, "skor_kapasitas_sosial": 52.33, "ikpp_komposit": 50.46, "kuadran": "Kuadran IV (Ekonomi Tinggi, Keputusan Rendah)", "lisa_cluster_keputusan": "Not Significant", "lisa_cluster_ekonomi": "Not Significant", "pc1": -0.999, "pc2": 1.318, "lat": -2.585, "lon": 115.385}, "geometry": {"type": "Polygon", "coordinates": [[[115.1547, -2.5546], [115.1885, -2.6321], [115.2313, -2.6825], [115.326, -2.6964], [115.3782, -2.746], [115.4452, -2.7792], [115.4809, -2.731], [115.5963, -2.7243], [115.5896, -2.7602], [115.658, -2.7655], [115.6652, -2.7211], [115.7469, -2.6663], [115.7445, -2.6168], [115.809, -2.6167], [115.8165, -2.5611], [115.7669, -2.5552], [115.7506, -2.5324], [115.5258, -2.4843], [115.4994, -2.4689], [115.3994, -2.4535], [115.3823, -2.5051], [115.3411, -2.4687], [115.2956, -2.5098], [115.2287, -2.5401], [115.1547, -2.5546]]]}}, {"type": "Feature", "id": 1802, "properties": {"WADMKK": "Tanggamus", "WADMPR": "Lampung", "KDPKAB": "18.06", "LUASWH": 6.47189105, "kode_wilayah": 1802, "nama_resmi": "Kabupaten Tanggamus", "tipe": "Kabupaten", "provinsi": "Lampung", "pulau": "Sumatera", "parlemen": 8.89, "pendapatan": 30.02, "pengeluaran": 10524.0, "ahh": 71.58, "profesional": 51.25, "tpak": 52.43, "rls": 7.38, "hls": 12.33, "skor_ekonomi": 29.06, "skor_keputusan": 40.82, "skor_kapasitas_sosial": 50.88, "ikpp_komposit": 38.13, "kuadran": "Kuadran III (Ekonomi Rendah, Keputusan Rendah)", "lisa_cluster_keputusan": "Not Significant", "lisa_cluster_ekonomi": "Not Significant", "pc1": -0.901, "pc2": -0.817, "lat": -4.977, "lon": 105.21}, "geometry": {"type": "Polygon", "coordinates": [[[105.1947, -5.7949], [105.1464, -5.7903], [105.0814, -5.7125], [105.0781, -5.6611], [104.9931, -5.5819], [104.9629, -5.5756], [104.8914, -5.55], [104.9125, -5.429], [104.8682, -5.3781], [104.8553, -5.336], [104.8107, -5.3005], [104.7802, -5.2362], [104.7722, -5.1787], [104.7927, -5.1569], [104.7521, -5.1269], [104.701, -5.1555], [104.6518, -5.1325], [104.5943, -5.1321], [104.5476, -5.0941], [104.4857, -5.1391], [104.374, -5.1995], [104.3723, -5.2678], [104.3996, -5.3017], [104.374, -5.3293], [104.3158, -5.3542], [104.4202, -5.4553], [104.431, -5.5068], [104.4788, -5.5398], [104.5079, -5.6117], [104.5682, -5.6204], [104.629, -5.6942], [104.6155, -5.7419], [104.5886, -5.7545], [104.6177, -5.8013], [104.6633, -5.9154], [104.6586, -5.9364], [104.7295, -5.9327], [104.6979, -5.8722], [104.7108, -5.8331], [104.6445, -5.7433], [104.6481, -5.7007], [104.5768, -5.616], [104.5329, -5.5461], [104.5587, -5.514], [104.6041, -5.4961], [104.7085, -5.5218], [104.728, -5.5583], [104.7775, -5.6055], [104.8283, -5.6211], [104.9279, -5.6961], [105.0336, -5.7317], [105.0887, -5.7746], [105.1235, -5.7781], [105.1494, -5.809], [105.1947, -5.7949]]]}}, {"type": "Feature", "id": 5315, "properties": {"WADMKK": "Manggarai Barat", "WADMPR": "Nusa Tenggara Timur", "KDPKAB": "53.15", "LUASWH": 39.22431093, "kode_wilayah": 5315, "nama_resmi": "Kabupaten Manggarai Barat", "tipe": "Kabupaten", "provinsi": "Nusa Tenggara Timur", "pulau": "Bali & Nusa Tenggara", "parlemen": 10.0, "pendapatan": 39.42, "pengeluaran": 8195.0, "ahh": 70.34, "profesional": 43.76, "tpak": 69.56, "rls": 8.21, "hls": 12.54, "skor_ekonomi": 48.69, "skor_keputusan": 36.82, "skor_kapasitas_sosial": 49.27, "ikpp_komposit": 44.06, "kuadran": "Kuadran IV (Ekonomi Tinggi, Keputusan Rendah)", "lisa_cluster_keputusan": "Not Significant", "lisa_cluster_ekonomi": "High-High (Hotspot)", "pc1": -1.962, "pc2": 0.939, "lat": -8.496, "lon": 119.894}, "geometry": {"type": "MultiPolygon", "coordinates": [[[[119.6376, -8.6082], [119.655, -8.683], [119.6175, -8.7077], [119.6044, -8.7541], [119.6221, -8.7957], [119.6602, -8.7735], [119.6955, -8.8093], [119.725, -8.7746], [119.7223, -8.7396], [119.6902, -8.7233], [119.7175, -8.6816], [119.7962, -8.6583], [119.7937, -8.6146], [119.7182, -8.6217], [119.7082, -8.6698], [119.6723, -8.6863], [119.6622, -8.6127], [119.6376, -8.6082]]], [[[119.4588, -8.4302], [119.425, -8.4423], [119.4187, -8.5001], [119.4364, -8.5269], [119.3893, -8.5723], [119.3841, -8.6243], [119.4098, -8.6469], [119.4051, -8.7219], [119.4529, -8.7459], [119.4373, -8.6677], [119.4695, -8.6085], [119.5496, -8.536], [119.5713, -8.4898], [119.5069, -8.494], [119.4703, -8.4798], [119.4588, -8.4302]]], [[[120.2871, -8.2822], [120.2012, -8.3054], [120.151, -8.38], [120.1202, -8.359], [120.1133, -8.4384], [120.0863, -8.4386], [120.0222, -8.3822], [119.9919, -8.4602], [119.9572, -8.4496], [119.8808, -8.4796], [119.8717, -8.5198], [119.8041, -8.5734], [119.8013, -8.7634], [119.8368, -8.8014], [119.8829, -8.8092], [119.8892, -8.8584], [119.945, -8.8205], [120.0461, -8.8131], [120.1011, -8.7926], [120.1712, -8.7917], [120.2327, -8.8438], [120.233, -8.8121], [120.2811, -8.789], [120.3265, -8.7183], [120.322, -8.6883], [120.2818, -8.6517], [120.2855, -8.5969], [120.3615, -8.5341], [120.3993, -8.4442], [120.3453, -8.4265], [120.3003, -8.4555], [120.2822, -8.4159], [120.2871, -8.2822]]]]}}, {"type": "Feature", "id": 9108, "properties": {"WADMKK": "Raja Ampat", "WADMPR": "Papua Barat Daya", "KDPKAB": "92.05", "LUASWH": 162.52454725, "kode_wilayah": 9108, "nama_resmi": "Kabupaten Raja Ampat", "tipe": "Kabupaten", "provinsi": "Papua Barat Daya", "pulau": "Papua", "parlemen": 15.0, "pendapatan": 24.19, "pengeluaran": 14368.0, "ahh": 74.19, "profesional": 35.18, "tpak": 50.71, "rls": 11.57, "hls": 14.43, "skor_ekonomi": 22.43, "skor_keputusan": 35.62, "skor_kapasitas_sosial": 71.24, "ikpp_komposit": 37.47, "kuadran": "Kuadran III (Ekonomi Rendah, Keputusan Rendah)", "lisa_cluster_keputusan": "Low-Low (Coldspot)", "lisa_cluster_ekonomi": "Not Significant", "pc1": 2.045, "pc2": -0.132, "lat": -1.092, "lon": 130.878}, "geometry": {"type": "MultiPolygon", "coordinates": [[[[130.4288, -1.9529], [130.3886, -1.9529], [130.3533, -1.9194], [130.4079, -1.8975], [130.4432, -1.8266], [130.4204, -1.7785], [130.3535, -1.7376], [130.3809, -1.6911], [130.3328, -1.6846], [130.2708, -1.6995], [130.2567, -1.7296], [130.1982, -1.7179], [130.096, -1.7296], [130.0624, -1.7241], [130.0098, -1.7423], [129.9781, -1.7702], [129.8988, -1.7855], [129.8656, -1.821], [129.736, -1.8591], [129.7304, -1.9004], [129.8013, -1.9319], [129.8604, -1.9754], [129.9742, -2.0129], [129.9879, -2.0009], [130.0785, -2.0266], [130.1385, -2.0555], [130.2081, -2.0621], [130.2666, -2.0534], [130.3283, -1.9687], [130.3527, -1.9808], [130.4288, -1.9529]]], [[[129.8399, -1.157], [129.7574, -1.1723], [129.8184, -1.2164], [129.8866, -1.1962], [129.9313, -1.2155], [129.9777, -1.1705], [129.8399, -1.157]]], [[[130.525, -0.0498], [130.5269, -0.0662], [130.4127, -0.1146], [130.3999, -0.0831], [130.2816, -0.1123], [130.3069, -0.1757], [130.3783, -0.1559], [130.3737, -0.206], [130.2865, -0.226], [130.3431, -0.2556], [130.4633, -0.2616], [130.5348, -0.2575], [130.5177, -0.2954], [130.5482, -0.3266], [130.5484, -0.3818], [130.59, -0.377], [130.5816, -0.3175], [130.6945, -0.3001], [130.693, -0.3488], [130.7271, -0.4394], [130.8131, -0.4374], [130.9184, -0.3932], [130.9395, -0.3634], [130.93, -0.3299], [130.853, -0.31], [130.8471, -0.2932], [130.7453, -0.2915], [130.7196, -0.2356], [130.6563, -0.1521], [130.6311, -0.1481], [130.6371, -0.0935], [130.6944, -0.0779], [130.7218, -0.1367], [130.7772, -0.1552], [130.8005, -0.242], [130.8686, -0.235], [130.9418, -0.3422], [131.0358, -0.3372], [131.1024, -0.3223], [131.1899, -0.3422], [131.2471, -0.3799], [131.3056, -0.3036], [131.3126, -0.2666], [131.2954, -0.2208], [131.3119, -0.1844], [131.2583, -0.1359], [131.1906, -0.1227], [131.1328, -0.0706], [131.0461, -0.0627], [131.0402, -0.031], [130.9922, -0.0446], [130.9375, -0.0406], [130.8842, -0.0165], [130.7949, -0.0061], [130.6389, -0.0546], [130.5972, -0.0445], [130.5435, -0.0684], [130.525, -0.0498]]], [[[130.7045, -1.052], [130.8404, -1.1093], [130.8637, -1.1327], [130.9492, -1.128], [131.0345, -1.1953], [131.0685, -1.1039], [131.0813, -1.0331], [131.0495, -0.9306], [131.0315, -0.9126], [130.94, -0.9411], [130.921, -0.8889], [130.8678, -0.8948], [130.7411, -0.9292], [130.6348, -0.9803], [130.7045, -1.052]]], [[[130.6359, -0.5211], [130.6624, -0.5081], [130.6968, -0.4481], [130.6493, -0.4107], [130.5955, -0.4127], [130.5231, -0.468], [130.5047, -0.4387], [130.4687, -0.4725], [130.512, -0.5062], [130.6359, -0.5211]]], [[[130.4872, -0.791], [130.4485, -0.8286], [130.4479, -0.8987], [130.5198, -0.8952], [130.5912, -0.9136], [130.8491, -0.86], [130.8553, -0.7644], [130.767, -0.8193], [130.5665, -0.7938], [130.5509, -0.8366], [130.4864, -0.8268], [130.4872, -0.791]]], [[[129.8912, -0.3979], [129.8571, -0.415], [129.8458, -0.449], [129.8638, -0.4907], [129.9007, -0.4797], [129.9242, -0.4127], [129.8912, -0.3979]]], [[[130.1384, 0.0161], [130.1018, 0.01], [130.0987, -0.0674], [130.131, -0.0967], [130.1511, -0.0456], [130.1206, -0.0362], [130.1384, 0.0161]]], [[[131.1413, -1.0072], [131.0975, -1.0031], [131.0781, -1.0791], [131.1505, -1.0192], [131.1413, -1.0072]]]]}}, {"type": "Feature", "id": 5318, "properties": {"WADMKK": "Nagekeo", "WADMPR": "Nusa Tenggara Timur", "KDPKAB": "53.16", "LUASWH": 6.9263642, "kode_wilayah": 5318, "nama_resmi": "Kabupaten Nagekeo", "tipe": "Kabupaten", "provinsi": "Nusa Tenggara Timur", "pulau": "Bali & Nusa Tenggara", "parlemen": 8.0, "pendapatan": 48.68, "pengeluaran": 8986.0, "ahh": 70.21, "profesional": 61.87, "tpak": 67.33, "rls": 8.23, "hls": 12.69, "skor_ekonomi": 56.14, "skor_keputusan": 47.12, "skor_kapasitas_sosial": 50.18, "ikpp_komposit": 51.34, "kuadran": "Kuadran IV (Ekonomi Tinggi, Keputusan Rendah)", "lisa_cluster_keputusan": "Not Significant", "lisa_cluster_ekonomi": "High-High (Hotspot)", "pc1": -1.568, "pc2": 1.565, "lat": -9.392, "lon": 119.181}, "geometry": {"type": "Polygon", "coordinates": [[[121.139, -8.898], [121.269, -8.8864], [121.2987, -8.9071], [121.3425, -8.905], [121.3688, -8.8785], [121.3803, -8.7932], [121.4142, -8.793], [121.4176, -8.7531], [121.395, -8.7206], [121.4149, -8.6863], [121.5195, -8.6151], [121.467, -8.563], [121.418, -8.5918], [121.3252, -8.5232], [121.3076, -8.4799], [121.2166, -8.4623], [121.1732, -8.4411], [121.1616, -8.4799], [121.194, -8.5107], [121.1426, -8.5509], [121.1328, -8.6429], [121.1011, -8.6618], [121.1279, -8.7024], [121.1039, -8.7496], [121.1363, -8.8377], [121.1153, -8.8753], [121.139, -8.898]]]}}, {"type": "Feature", "id": 5371, "properties": {"WADMKK": "Kota Kupang", "WADMPR": "Nusa Tenggara Timur", "KDPKAB": "53.71", "LUASWH": 0.19871988, "kode_wilayah": 5371, "nama_resmi": "Kota Kupang", "tipe": "Kota", "provinsi": "Nusa Tenggara Timur", "pulau": "Bali & Nusa Tenggara", "parlemen": 12.5, "pendapatan": 39.14, "pengeluaran": 14001.0, "ahh": 72.86, "profesional": 47.73, "tpak": 54.86, "rls": 11.64, "hls": 16.54, "skor_ekonomi": 39.28, "skor_keputusan": 41.75, "skor_kapasitas_sosial": 73.21, "ikpp_komposit": 47.05, "kuadran": "Kuadran IV (Ekonomi Tinggi, Keputusan Rendah)", "lisa_cluster_keputusan": "Low-Low (Coldspot)", "lisa_cluster_ekonomi": "High-High (Hotspot)", "pc1": 2.352, "pc2": 1.737, "lat": -10.154, "lon": 123.619}, "geometry": {"type": "Polygon", "coordinates": [[[123.528, -10.2117], [123.5702, -10.2447], [123.5855, -10.2873], [123.6322, -10.286], [123.6397, -10.222], [123.6763, -10.1829], [123.6731, -10.1239], [123.5618, -10.1725], [123.528, -10.2117]]]}}, {"type": "Feature", "id": 9432, "properties": {"WADMKK": "Yalimo", "WADMPR": "Papua Pegunungan", "KDPKAB": "91.22", "LUASWH": 81.69149342, "kode_wilayah": 9432, "nama_resmi": "Kabupaten Yalimo", "tipe": "Kabupaten", "provinsi": "Papua Pegunungan", "pulau": "Papua", "parlemen": 4.0, "pendapatan": 45.96, "pengeluaran": 15408.0, "ahh": 73.33, "profesional": 2.67, "tpak": 55.29, "rls": 12.07, "hls": 15.27, "skor_ekonomi": 46.05, "skor_keputusan": 3.87, "skor_kapasitas_sosial": 73.78, "ikpp_komposit": 34.72, "kuadran": "Kuadran IV (Ekonomi Tinggi, Keputusan Rendah)", "lisa_cluster_keputusan": "Low-Low (Coldspot)", "lisa_cluster_ekonomi": "High-High (Hotspot)", "pc1": 1.008, "pc2": 3.13, "lat": -3.785, "lon": 139.447}, "geometry": {"type": "Polygon", "coordinates": [[[139.2086, -4.1835], [139.2456, -4.2046], [139.2783, -4.1645], [139.3331, -4.1244], [139.3278, -4.0921], [139.3632, -4.0685], [139.3805, -4.1012], [139.4639, -4.1096], [139.5125, -4.0552], [139.6021, -4.0791], [139.5794, -4.0376], [139.6557, -3.985], [139.6665, -3.9289], [139.7107, -3.884], [139.789, -3.7715], [139.8425, -3.7826], [139.8357, -3.7368], [139.8604, -3.6887], [139.9533, -3.7024], [139.9852, -3.7418], [140.0801, -3.7191], [140.1255, -3.6955], [140.0502, -3.6734], [140.0212, -3.68], [139.9583, -3.6314], [139.9302, -3.6239], [139.8958, -3.6211], [139.8684, -3.59], [139.8012, -3.565], [139.7778, -3.5154], [139.7438, -3.5453], [139.6907, -3.5496], [139.6996, -3.6316], [139.6628, -3.6643], [139.626, -3.6642], [139.5926, -3.7051], [139.5184, -3.658], [139.5055, -3.5225], [139.4711, -3.5201], [139.4636, -3.4602], [139.4316, -3.5255], [139.4178, -3.6004], [139.3217, -3.6293], [139.2886, -3.6671], [139.2791, -3.7473], [139.2638, -3.7716], [139.2067, -3.7408], [139.1564, -3.7626], [139.106, -3.7456], [139.1183, -3.8161], [139.0335, -3.8592], [138.9493, -3.8789], [138.9549, -3.916], [139.0197, -3.9686], [139.0619, -3.9162], [139.1414, -3.9535], [139.1982, -4.0023], [139.1891, -4.0613], [139.2214, -4.1271], [139.2086, -4.1835]]]}}, {"type": "Feature", "id": 3403, "properties": {"WADMKK": "Gunungkidul", "WADMPR": "Daerah Istimewa Yogyakarta", "KDPKAB": "34.03", "LUASWH": 4.23108152, "kode_wilayah": 3403, "nama_resmi": "Kabupaten Gunung Kidul", "tipe": "Kabupaten", "provinsi": "DI Yogyakarta", "pulau": "Jawa", "parlemen": 26.67, "pendapatan": 39.35, "pengeluaran": 10630.0, "ahh": 76.57, "profesional": 48.42, "tpak": 67.51, "rls": 7.35, "hls": 13.4, "skor_ekonomi": 47.35, "skor_keputusan": 55.09, "skor_kapasitas_sosial": 59.47, "ikpp_komposit": 52.87, "kuadran": "Kuadran I (Ekonomi Tinggi, Keputusan Tinggi)", "lisa_cluster_keputusan": "Not Significant", "lisa_cluster_ekonomi": "High-High (Hotspot)", "pc1": -0.293, "pc2": 0.671, "lat": -7.964, "lon": 110.602}, "geometry": {"type": "Polygon", "coordinates": [[[110.8349, -8.2031], [110.8287, -8.1677], [110.7856, -8.1507], [110.7895, -8.1162], [110.7556, -8.0244], [110.7856, -7.8167], [110.7148, -7.7913], [110.5436, -7.7926], [110.5195, -7.8309], [110.4671, -7.8698], [110.4962, -7.8922], [110.4878, -7.9452], [110.3981, -7.9805], [110.3337, -7.9958], [110.339, -8.0281], [110.3755, -8.0715], [110.4672, -8.1102], [110.6039, -8.1452], [110.7189, -8.1994], [110.7934, -8.1935], [110.8349, -8.2031]]]}}, {"type": "Feature", "id": 3278, "properties": {"WADMKK": "Kota Tasikmalaya", "WADMPR": "Jawa Barat", "KDPKAB": "32.78", "LUASWH": 3.08047679, "kode_wilayah": 3278, "nama_resmi": "Kota Tasikmalaya", "tipe": "Kota", "provinsi": "Jawa Barat", "pulau": "Jawa", "parlemen": 16.28, "pendapatan": 34.37, "pengeluaran": 11431.0, "ahh": 75.32, "profesional": 42.63, "tpak": 54.03, "rls": 9.63, "hls": 13.5, "skor_ekonomi": 34.21, "skor_keputusan": 41.77, "skor_kapasitas_sosial": 63.87, "ikpp_komposit": 43.17, "kuadran": "Kuadran III (Ekonomi Rendah, Keputusan Rendah)", "lisa_cluster_keputusan": "Not Significant", "lisa_cluster_ekonomi": "Not Significant", "pc1": 0.606, "pc2": 0.286, "lat": -7.316, "lon": 108.197}, "geometry": {"type": "Polygon", "coordinates": [[[108.3094, -7.3371], [108.2882, -7.3358], [108.2021, -7.2865], [108.1933, -7.2693], [108.16, -7.2929], [108.1643, -7.3649], [108.1856, -7.4302], [108.2761, -7.4173], [108.2869, -7.3472], [108.3094, -7.3371]]]}}, {"type": "Feature", "id": 1804, "properties": {"WADMKK": "Lampung Timur", "WADMPR": "Lampung", "KDPKAB": "18.07", "LUASWH": 8.02108589, "kode_wilayah": 1804, "nama_resmi": "Kabupaten Lampung Timur", "tipe": "Kabupaten", "provinsi": "Lampung", "pulau": "Sumatera", "parlemen": 14.0, "pendapatan": 31.62, "pengeluaran": 11262.0, "ahh": 73.56, "profesional": 59.34, "tpak": 50.62, "rls": 8.2, "hls": 12.98, "skor_ekonomi": 29.46, "skor_keputusan": 50.88, "skor_kapasitas_sosial": 57.23, "ikpp_komposit": 43.58, "kuadran": "Kuadran II (Ekonomi Rendah, Keputusan Tinggi)", "lisa_cluster_keputusan": "Not Significant", "lisa_cluster_ekonomi": "Not Significant", "pc1": 0.232, "pc2": -0.668, "lat": -5.019, "lon": 104.061}, "geometry": {"type": "Polygon", "coordinates": [[[105.2818, -5.1756], [105.2877, -5.2022], [105.3427, -5.2339], [105.389, -5.2074], [105.4496, -5.2513], [105.4447, -5.3049], [105.4837, -5.303], [105.5416, -5.34], [105.5232, -5.373], [105.5267, -5.449], [105.5897, -5.4575], [105.6021, -5.4867], [105.6533, -5.4933], [105.6603, -5.5535], [105.765, -5.6188], [105.8182, -5.5754], [105.8238, -5.5161], [105.8177, -5.3516], [105.8223, -5.3152], [105.8643, -5.2552], [105.8568, -5.0732], [105.8663, -4.9878], [105.9004, -4.9232], [105.8749, -4.8833], [105.8614, -4.8169], [105.878, -4.6823], [105.8166, -4.65], [105.7995, -4.7546], [105.759, -4.7318], [105.6814, -4.7506], [105.6492, -4.7957], [105.6377, -4.8508], [105.5838, -4.8832], [105.4939, -4.8985], [105.4269, -4.8915], [105.401, -4.9163], [105.4099, -4.9548], [105.3327, -4.9783], [105.3166, -5.0545], [105.3491, -5.1085], [105.2868, -5.1708], [105.2818, -5.1756]]]}}, {"type": "Feature", "id": 3374, "properties": {"WADMKK": "Semarang", "WADMPR": "Jawa Tengah", "KDPKAB": "33.22", "LUASWH": 0.99046787, "kode_wilayah": 3374, "nama_resmi": "Kota Semarang", "tipe": "Kota", "provinsi": "Jawa Tengah", "pulau": "Jawa", "parlemen": 24.0, "pendapatan": 37.68, "pengeluaran": 16990.0, "ahh": 80.22, "profesional": 50.42, "tpak": 60.24, "rls": 11.05, "hls": 15.57, "skor_ekonomi": 41.23, "skor_keputusan": 54.0, "skor_kapasitas_sosial": 82.63, "ikpp_komposit": 54.62, "kuadran": "Kuadran I (Ekonomi Tinggi, Keputusan Tinggi)", "lisa_cluster_keputusan": "Not Significant", "lisa_cluster_ekonomi": "Not Significant", "pc1": 3.349, "pc2": 1.648, "lat": -6.982, "lon": 110.412}, "geometry": {"type": "Polygon", "coordinates": [[[110.4393, -7.4536], [110.4644, -7.4089], [110.5068, -7.4118], [110.6062, -7.4881], [110.6385, -7.4028], [110.6412, -7.3246], [110.5999, -7.2918], [110.6371, -7.263], [110.621, -7.2264], [110.6127, -7.2], [110.5463, -7.1928], [110.5699, -7.1482], [110.4998, -7.1185], [110.4772, -7.0875], [110.386, -7.1151], [110.353, -7.1041], [110.3494, -7.1849], [110.2567, -7.1943], [110.2718, -7.2473], [110.3273, -7.2957], [110.3265, -7.3238], [110.3791, -7.3346], [110.4025, -7.3636], [110.4143, -7.4166], [110.4393, -7.4536]], [[110.4863, -7.2869], [110.5104, -7.3021], [110.5341, -7.362], [110.4924, -7.3904], [110.4691, -7.3394], [110.4863, -7.2869]]]}}, {"type": "Feature", "id": 1571, "properties": {"WADMKK": "Kota Jambi", "WADMPR": "Jambi", "KDPKAB": "15.71", "LUASWH": 6.35221935, "kode_wilayah": 1571, "nama_resmi": "Kota Jambi", "tipe": "Kota", "provinsi": "Jambi", "pulau": "Sumatera", "parlemen": 15.56, "pendapatan": 29.7, "pengeluaran": 13388.0, "ahh": 76.0, "profesional": 47.46, "tpak": 51.59, "rls": 11.51, "hls": 15.55, "skor_ekonomi": 28.23, "skor_keputusan": 44.35, "skor_kapasitas_sosial": 74.63, "ikpp_komposit": 43.96, "kuadran": "Kuadran III (Ekonomi Rendah, Keputusan Rendah)", "lisa_cluster_keputusan": "Not Significant", "lisa_cluster_ekonomi": "Low-Low (Coldspot)", "pc1": 2.578, "pc2": 0.517, "lat": -1.631, "lon": 103.607}, "geometry": {"type": "Polygon", "coordinates": [[[103.6184, -1.6631], [103.6498, -1.6572], [103.6811, -1.6193], [103.6491, -1.5507], [103.6047, -1.5483], [103.535, -1.5892], [103.5483, -1.6115], [103.5242, -1.6761], [103.6005, -1.6779], [103.6184, -1.6631]]]}}, {"type": "Feature", "id": 3275, "properties": {"WADMKK": "Bekasi", "WADMPR": "Jawa Barat", "KDPKAB": "32.16", "LUASWH": 8.90557009, "kode_wilayah": 3275, "nama_resmi": "Kota Bekasi", "tipe": "Kota", "provinsi": "Jawa Barat", "pulau": "Jawa", "parlemen": 20.0, "pendapatan": 29.77, "pengeluaran": 16775.0, "ahh": 77.75, "profesional": 47.42, "tpak": 50.63, "rls": 11.79, "hls": 14.14, "skor_ekonomi": 27.7, "skor_keputusan": 48.36, "skor_kapasitas_sosial": 78.18, "ikpp_komposit": 46.06, "kuadran": "Kuadran II (Ekonomi Rendah, Keputusan Tinggi)", "lisa_cluster_keputusan": "Not Significant", "lisa_cluster_ekonomi": "Low-Low (Coldspot)", "pc1": 3.08, "pc2": 0.285, "lat": -6.236, "lon": 106.994}, "geometry": {"type": "Polygon", "coordinates": [[[106.991, -6.3633], [107.01, -6.4024], [107.1291, -6.4718], [107.174, -6.4858], [107.2169, -6.4614], [107.2023, -6.4138], [107.2249, -6.3053], [107.2761, -6.267], [107.2838, -6.1378], [107.2625, -6.111], [107.1431, -6.0708], [107.0942, -6.0234], [107.0982, -5.9399], [107.0761, -5.9683], [107.0329, -5.9566], [106.9949, -6.0281], [107.0099, -6.0774], [106.97, -6.0907], [106.9715, -6.1543], [106.973, -6.175], [107.0338, -6.1988], [107.0144, -6.2797], [107.0373, -6.3214], [106.991, -6.3633]]]}}, {"type": "Feature", "id": 7209, "properties": {"WADMKK": "Tojo Una Una", "WADMPR": "Sulawesi Tengah", "KDPKAB": "72.09", "LUASWH": 4.74398441, "kode_wilayah": 7209, "nama_resmi": "Kabupaten Tojo Una-una", "tipe": "Kabupaten", "provinsi": "Sulawesi Tengah", "pulau": "Sulawesi", "parlemen": 12.0, "pendapatan": 31.96, "pengeluaran": 12275.0, "ahh": 73.47, "profesional": 53.73, "tpak": 52.68, "rls": 8.86, "hls": 13.55, "skor_ekonomi": 31.07, "skor_keputusan": 45.31, "skor_kapasitas_sosial": 60.61, "ikpp_komposit": 42.67, "kuadran": "Kuadran III (Ekonomi Rendah, Keputusan Rendah)", "lisa_cluster_keputusan": "Low-High (Spatial Outlier)", "lisa_cluster_ekonomi": "Not Significant", "pc1": 0.565, "pc2": -0.14, "lat": -0.915, "lon": 121.589}, "geometry": {"type": "MultiPolygon", "coordinates": [[[[120.9359, -1.6505], [121.0093, -1.6446], [121.1402, -1.5732], [121.1932, -1.5752], [121.2368, -1.5181], [121.2981, -1.4727], [121.3766, -1.4497], [121.4694, -1.3657], [121.4911, -1.3323], [121.6042, -1.3736], [121.6558, -1.4107], [121.7014, -1.4143], [121.7587, -1.3693], [121.8203, -1.3], [121.8569, -1.2751], [121.9321, -1.3059], [121.9848, -1.3919], [122.0383, -1.3406], [122.1106, -1.3761], [122.1304, -1.344], [122.1268, -1.2752], [122.066, -1.2272], [122.0492, -1.1863], [121.989, -1.1233], [121.9367, -1.1298], [121.9204, -1.0959], [121.8701, -1.0569], [121.8549, -0.9755], [121.8217, -0.9576], [121.7614, -0.971], [121.6969, -0.9268], [121.6579, -0.9134], [121.6637, -0.8129], [121.6339, -0.807], [121.592, -0.8325], [121.5847, -0.8674], [121.5395, -0.8725], [121.4797, -0.9004], [121.4441, -0.9784], [121.3919, -1.0354], [121.3359, -1.0652], [121.2946, -1.117], [121.2813, -1.1545], [121.2326, -1.1945], [121.2049, -1.24], [121.1814, -1.3262], [121.0991, -1.438], [121.058, -1.4404], [121.0345, -1.4178], [120.8877, -1.411], [120.8881, -1.4766], [120.9359, -1.6505]]], [[[121.917, -0.4841], [121.9148, -0.4415], [121.852, -0.4088], [121.8033, -0.4423], [121.732, -0.4515], [121.6994, -0.4708], [121.67, -0.5314], [121.714, -0.527], [121.7752, -0.4984], [121.8855, -0.5398], [121.917, -0.4841]]], [[[121.9767, -0.4246], [122.0444, -0.4256], [122.0654, -0.3983], [122.059, -0.3479], [122.0186, -0.3701], [121.9802, -0.3549], [121.8817, -0.3457], [121.8591, -0.3783], [121.9058, -0.4329], [121.9767, -0.4246]]], [[[121.6564, -0.1812], [121.6428, -0.1264], [121.6045, -0.1284], [121.5648, -0.1587], [121.5927, -0.2107], [121.6365, -0.2084], [121.6564, -0.1812]]], [[[122.1416, -0.348], [122.1025, -0.2916], [122.0704, -0.3055], [122.0601, -0.355], [122.0887, -0.439], [122.1437, -0.411], [122.1416, -0.348]]], [[[122.3836, -0.3626], [122.3714, -0.3367], [122.383, -0.2832], [122.3115, -0.2358], [122.3032, -0.2594], [122.3836, -0.3626]]], [[[122.2449, -0.2816], [122.1873, -0.2442], [122.1789, -0.2792], [122.2449, -0.2816]]]]}}, {"type": "Feature", "id": 3212, "properties": {"WADMKK": "Indramayu", "WADMPR": "Jawa Barat", "KDPKAB": "32.12", "LUASWH": 2.22386025, "kode_wilayah": 3212, "nama_resmi": "Kabupaten Indramayu", "tipe": "Kabupaten", "provinsi": "Jawa Barat", "pulau": "Jawa", "parlemen": 28.0, "pendapatan": 21.06, "pengeluaran": 11010.0, "ahh": 74.83, "profesional": 46.54, "tpak": 48.21, "rls": 6.95, "hls": 12.32, "skor_ekonomi": 17.89, "skor_keputusan": 55.04, "skor_kapasitas_sosial": 54.64, "ikpp_komposit": 40.1, "kuadran": "Kuadran II (Ekonomi Rendah, Keputusan Tinggi)", "lisa_cluster_keputusan": "Not Significant", "lisa_cluster_ekonomi": "Low-Low (Coldspot)", "pc1": 0.042, "pc2": -2.332, "lat": -6.327, "lon": 108.323}, "geometry": {"type": "Polygon", "coordinates": [[[108.0431, -6.6391], [108.0751, -6.575], [108.1157, -6.5534], [108.1485, -6.6063], [108.1877, -6.6098], [108.2074, -6.5734], [108.2763, -6.5918], [108.3236, -6.6208], [108.3609, -6.5548], [108.4311, -6.5204], [108.4669, -6.5699], [108.539, -6.5161], [108.5352, -6.4807], [108.4831, -6.4593], [108.4226, -6.4045], [108.3798, -6.3483], [108.3617, -6.2609], [108.2527, -6.248], [108.1562, -6.3172], [108.0976, -6.3286], [108.026, -6.3044], [107.9196, -6.2498], [107.9233, -6.3602], [107.9001, -6.3871], [107.8901, -6.4429], [107.9208, -6.5124], [107.9095, -6.5376], [107.8554, -6.5791], [107.9061, -6.5939], [107.9395, -6.6254], [108.028, -6.664], [108.0431, -6.6391]]]}}, {"type": "Feature", "id": 1108, "properties": {"WADMKK": "Aceh Besar", "WADMPR": "Aceh", "KDPKAB": "11.06", "LUASWH": 0.46781138, "kode_wilayah": 1108, "nama_resmi": "Kabupaten Aceh Besar", "tipe": "Kabupaten", "provinsi": "Aceh", "pulau": "Sumatera", "parlemen": 5.0, "pendapatan": 25.23, "pengeluaran": 10810.0, "ahh": 72.31, "profesional": 55.95, "tpak": 51.59, "rls": 10.37, "hls": 14.77, "skor_ekonomi": 23.97, "skor_keputusan": 40.43, "skor_kapasitas_sosial": 63.32, "ikpp_komposit": 38.42, "kuadran": "Kuadran III (Ekonomi Rendah, Keputusan Rendah)", "lisa_cluster_keputusan": "Not Significant", "lisa_cluster_ekonomi": "Not Significant", "pc1": 1.153, "pc2": -0.241, "lat": 5.076, "lon": 97.303}, "geometry": {"type": "MultiPolygon", "coordinates": [[[[95.743, 5.0606], [95.8207, 5.0855], [95.8399, 5.1415], [95.789, 5.2175], [95.7911, 5.2807], [95.749, 5.3169], [95.761, 5.3686], [95.7531, 5.4161], [95.7803, 5.4407], [95.7289, 5.492], [95.7447, 5.5694], [95.6876, 5.5841], [95.6107, 5.6278], [95.496, 5.6048], [95.4645, 5.6448], [95.4323, 5.6566], [95.3765, 5.6113], [95.3503, 5.5947], [95.3608, 5.5481], [95.3203, 5.5166], [95.273, 5.5494], [95.2143, 5.5641], [95.1935, 5.527], [95.2435, 5.4597], [95.2531, 5.3822], [95.2331, 5.2845], [95.2689, 5.1992], [95.3071, 5.168], [95.3248, 5.2233], [95.3674, 5.2543], [95.4209, 5.225], [95.4862, 5.2119], [95.5878, 5.2086], [95.6436, 5.1445], [95.6301, 5.0917], [95.6483, 5.0671], [95.7048, 5.0522], [95.743, 5.0606]]], [[[95.0719, 5.6664], [95.1102, 5.6672], [95.1087, 5.7089], [95.0522, 5.7209], [95.0719, 5.6664]]]]}}, {"type": "Feature", "id": 9436, "properties": {"WADMKK": "Deiyai", "WADMPR": "Papua Tengah", "KDPKAB": "91.28", "LUASWH": 2.6201541, "kode_wilayah": 9436, "nama_resmi": "Kabupaten Deiyai", "tipe": "Kabupaten", "provinsi": "Papua Tengah", "pulau": "Papua", "parlemen": 0.0, "pendapatan": 56.73, "pengeluaran": 6091.0, "ahh": 68.02, "profesional": 2.59, "tpak": 63.37, "rls": 4.42, "hls": 7.53, "skor_ekonomi": 61.36, "skor_keputusan": 0.18, "skor_kapasitas_sosial": 26.45, "ikpp_komposit": 29.91, "kuadran": "Kuadran IV (Ekonomi Tinggi, Keputusan Rendah)", "lisa_cluster_keputusan": "Low-Low (Coldspot)", "lisa_cluster_ekonomi": "High-High (Hotspot)", "pc1": -6.813, "pc2": 1.291, "lat": -4.097, "lon": 136.439}, "geometry": {"type": "Polygon", "coordinates": [[[136.003, -4.2807], [136.0376, -4.3005], [136.0243, -4.3917], [136.0776, -4.4028], [136.1299, -4.3775], [136.1532, -4.343], [136.2115, -4.3576], [136.2484, -4.33], [136.3157, -4.3457], [136.3804, -4.3407], [136.4256, -4.3204], [136.42, -4.2378], [136.4504, -4.2176], [136.5349, -4.2781], [136.5607, -4.2343], [136.5435, -4.2045], [136.6435, -4.2098], [136.6556, -4.2695], [136.6018, -4.36], [136.6856, -4.4023], [136.7154, -4.3864], [136.7391, -4.3114], [136.7847, -4.3145], [136.8029, -4.2918], [136.7854, -4.2523], [136.8292, -4.2325], [136.8896, -4.1781], [136.9271, -4.1699], [136.9226, -4.1285], [136.775, -4.0785], [136.735, -4.0919], [136.7706, -4.1654], [136.6982, -4.1924], [136.5766, -4.1502], [136.5989, -4.0952], [136.5664, -4.0841], [136.526, -4.0299], [136.4319, -4.0167], [136.2656, -3.9809], [136.2354, -3.9964], [136.1925, -3.9825], [136.1599, -4.0462], [136.1042, -4.0514], [136.105, -4.0908], [136.075, -4.132], [136.0834, -4.1557], [136.0239, -4.2108], [136.003, -4.2807]]]}}, {"type": "Feature", "id": 1278, "properties": {"WADMKK": "Kota Gunungsitoli", "WADMPR": "Sumatera Utara", "KDPKAB": "12.78", "LUASWH": 1.92152423, "kode_wilayah": 1278, "nama_resmi": "Kota Gunungsitoli", "tipe": "Kota", "provinsi": "Sumatera Utara", "pulau": "Sumatera", "parlemen": 16.0, "pendapatan": 42.08, "pengeluaran": 9056.0, "ahh": 74.31, "profesional": 50.64, "tpak": 61.45, "rls": 8.76, "hls": 13.79, "skor_ekonomi": 46.18, "skor_keputusan": 46.88, "skor_kapasitas_sosial": 58.87, "ikpp_komposit": 49.0, "kuadran": "Kuadran IV (Ekonomi Tinggi, Keputusan Rendah)", "lisa_cluster_keputusan": "Not Significant", "lisa_cluster_ekonomi": "High-High (Hotspot)", "pc1": -0.307, "pc2": 1.054, "lat": 1.283, "lon": 97.613}, "geometry": {"type": "Polygon", "coordinates": [[[97.5069, 1.2615], [97.5603, 1.2737], [97.564, 1.216], [97.6263, 1.1739], [97.6488, 1.1313], [97.7231, 1.1706], [97.6883, 1.18], [97.5926, 1.3365], [97.5414, 1.3923], [97.5392, 1.4208], [97.4976, 1.3824], [97.4897, 1.2873], [97.5069, 1.2615]]]}}, {"type": "Feature", "id": 1811, "properties": {"WADMKK": "Mesuji", "WADMPR": "Lampung", "KDPKAB": "18.11", "LUASWH": 15.5097582, "kode_wilayah": 1811, "nama_resmi": "Kabupaten Mesuji", "tipe": "Kabupaten", "provinsi": "Lampung", "pulau": "Sumatera", "parlemen": 20.0, "pendapatan": 26.88, "pengeluaran": 9454.0, "ahh": 71.07, "profesional": 47.44, "tpak": 50.84, "rls": 7.21, "hls": 11.82, "skor_ekonomi": 25.08, "skor_keputusan": 48.37, "skor_kapasitas_sosial": 47.86, "ikpp_komposit": 38.95, "kuadran": "Kuadran II (Ekonomi Rendah, Keputusan Tinggi)", "lisa_cluster_keputusan": "Not Significant", "lisa_cluster_ekonomi": "Low-Low (Coldspot)", "pc1": -1.097, "pc2": -1.734, "lat": -3.873, "lon": 105.428}, "geometry": {"type": "Polygon", "coordinates": [[[105.0501, -4.1411], [105.0667, -4.2139], [105.1349, -4.2131], [105.2127, -4.1757], [105.2322, -4.1907], [105.2761, -4.1845], [105.3122, -4.1568], [105.3632, -4.1591], [105.366, -4.1296], [105.4247, -4.1221], [105.4225, -4.1625], [105.467, -4.1624], [105.5059, -4.1385], [105.5297, -4.1659], [105.6048, -4.1959], [105.7198, -4.1855], [105.7547, -4.1949], [105.7602, -4.1372], [105.698, -4.125], [105.6518, -4.0871], [105.6248, -4.0393], [105.6304, -4.0026], [105.611, -3.9649], [105.5625, -3.9284], [105.5727, -3.8993], [105.5125, -3.8713], [105.482, -3.8226], [105.4302, -3.8224], [105.4113, -3.7766], [105.3551, -3.7942], [105.3425, -3.7314], [105.3188, -3.7326], [105.2776, -3.8764], [105.2553, -3.9004], [105.2056, -3.8908], [105.1427, -3.933], [105.1353, -3.9877], [105.1054, -4.0247], [105.0501, -4.1411]]]}}, {"type": "Feature", "id": 6202, "properties": {"WADMKK": "Kotawaringin Timur", "WADMPR": "Kalimantan Tengah", "KDPKAB": "62.02", "LUASWH": 0.80602858, "kode_wilayah": 6202, "nama_resmi": "Kabupaten Kotawaringin Timur", "tipe": "Kota", "provinsi": "Kalimantan Tengah", "pulau": "Kalimantan", "parlemen": 17.95, "pendapatan": 26.19, "pengeluaran": 13042.0, "ahh": 72.52, "profesional": 42.98, "tpak": 40.77, "rls": 8.18, "hls": 12.89, "skor_ekonomi": 18.15, "skor_keputusan": 43.52, "skor_kapasitas_sosial": 57.34, "ikpp_komposit": 36.14, "kuadran": "Kuadran III (Ekonomi Rendah, Keputusan Rendah)", "lisa_cluster_keputusan": "Not Significant", "lisa_cluster_ekonomi": "Low-Low (Coldspot)", "pc1": 0.525, "pc2": -1.58, "lat": -2.538, "lon": 112.941}, "geometry": {"type": "Polygon", "coordinates": [[[112.127, -1.3128], [112.1328, -1.4122], [112.1078, -1.5003], [112.0691, -1.5676], [112.0912, -1.6443], [112.1921, -1.758], [112.2516, -1.8601], [112.344, -1.9255], [112.3127, -1.9841], [112.3407, -2.0083], [112.3063, -2.0623], [112.3081, -2.1273], [112.3351, -2.1794], [112.3737, -2.1967], [112.3735, -2.2671], [112.4082, -2.267], [112.4087, -2.331], [112.4308, -2.3313], [112.4348, -2.435], [112.4505, -2.491], [112.4973, -2.5381], [112.5118, -2.629], [112.6042, -2.6668], [112.6363, -2.7287], [112.7448, -2.7548], [112.822, -2.8057], [112.8438, -2.8458], [112.845, -2.998], [112.8141, -3.0502], [112.81, -3.2985], [112.8166, -3.2987], [112.9385, -3.2261], [113.0094, -3.1602], [112.9476, -3.1307], [112.9454, -3.1023], [113.0113, -3.0334], [113.0329, -2.9749], [113.0971, -3.0398], [113.1679, -3.0693], [113.2345, -3.1521], [113.2222, -3.0842], [113.1483, -2.9232], [113.0973, -2.7975], [113.0947, -2.6753], [113.1357, -2.6083], [113.213, -2.4506], [113.1722, -2.323], [113.2298, -2.1646], [113.2697, -2.0244], [113.2034, -1.9757], [113.2036, -1.9524], [113.1423, -1.8994], [113.1342, -1.8152], [113.0618, -1.8133], [113.0001, -1.7164], [112.9287, -1.7048], [112.9299, -1.641], [112.8966, -1.6401], [112.8989, -1.5942], [112.8638, -1.5917], [112.8623, -1.5247], [112.8383, -1.5049], [112.8393, -1.4239], [112.746, -1.3781], [112.7495, -1.3335], [112.6912, -1.3065], [112.6749, -1.2558], [112.632, -1.2077], [112.5398, -1.1929], [112.4268, -1.2063], [112.3922, -1.2396], [112.3339, -1.246], [112.3167, -1.3038], [112.2579, -1.3207], [112.1923, -1.3024], [112.127, -1.3128]]]}}, {"type": "Feature", "id": 5272, "properties": {"WADMKK": "Kota Bima", "WADMPR": "Nusa Tenggara Barat", "KDPKAB": "52.72", "LUASWH": 0.83345625, "kode_wilayah": 5272, "nama_resmi": "Kota Bima", "tipe": "Kota", "provinsi": "Nusa Tenggara Barat", "pulau": "Bali & Nusa Tenggara", "parlemen": 24.0, "pendapatan": 38.02, "pengeluaran": 12362.0, "ahh": 73.44, "profesional": 50.79, "tpak": 64.58, "rls": 10.96, "hls": 15.08, "skor_ekonomi": 44.26, "skor_keputusan": 54.25, "skor_kapasitas_sosial": 68.18, "ikpp_komposit": 53.04, "kuadran": "Kuadran I (Ekonomi Tinggi, Keputusan Tinggi)", "lisa_cluster_keputusan": "Not Significant", "lisa_cluster_ekonomi": "High-High (Hotspot)", "pc1": 1.473, "pc2": 1.225, "lat": -8.462, "lon": 118.749}, "geometry": {"type": "Polygon", "coordinates": [[[118.7134, -8.4954], [118.7394, -8.5169], [118.8204, -8.5208], [118.8749, -8.4832], [118.8611, -8.4343], [118.7548, -8.3991], [118.7366, -8.3405], [118.7013, -8.3907], [118.7216, -8.4307], [118.7134, -8.4954]]]}}, {"type": "Feature", "id": 1276, "properties": {"WADMKK": "Kota Binjai", "WADMPR": "Sumatera Utara", "KDPKAB": "12.75", "LUASWH": 1.56192929, "kode_wilayah": 1276, "nama_resmi": "Kota Binjai", "tipe": "Kota", "provinsi": "Sumatera Utara", "pulau": "Sumatera", "parlemen": 14.29, "pendapatan": 34.89, "pengeluaran": 12015.0, "ahh": 75.48, "profesional": 54.93, "tpak": 49.12, "rls": 11.2, "hls": 14.18, "skor_ekonomi": 31.65, "skor_keputusan": 48.19, "skor_kapasitas_sosial": 69.41, "ikpp_komposit": 45.82, "kuadran": "Kuadran II (Ekonomi Rendah, Keputusan Tinggi)", "lisa_cluster_keputusan": "Not Significant", "lisa_cluster_ekonomi": "Not Significant", "pc1": 1.807, "pc2": 0.387, "lat": 3.328, "lon": 99.166}, "geometry": {"type": "Polygon", "coordinates": [[[98.5012, 3.6724], [98.4427, 3.6128], [98.4745, 3.5567], [98.4982, 3.5644], [98.5356, 3.5703], [98.5332, 3.6209], [98.5012, 3.6724]]]}}, {"type": "Feature", "id": 7107, "properties": {"WADMKK": "Bolaang Mongondow Utara", "WADMPR": "Sulawesi Utara", "KDPKAB": "71.08", "LUASWH": 2.20876187, "kode_wilayah": 7107, "nama_resmi": "Kabupaten Bolaang Mongondow Utara", "tipe": "Kabupaten", "provinsi": "Sulawesi Utara", "pulau": "Sulawesi", "parlemen": 15.0, "pendapatan": 28.74, "pengeluaran": 15301.0, "ahh": 74.84, "profesional": 64.06, "tpak": 50.09, "rls": 11.46, "hls": 14.2, "skor_ekonomi": 26.38, "skor_keputusan": 54.95, "skor_kapasitas_sosial": 72.31, "ikpp_komposit": 46.99, "kuadran": "Kuadran II (Ekonomi Rendah, Keputusan Tinggi)", "lisa_cluster_keputusan": "High-High (Hotspot)", "lisa_cluster_ekonomi": "Low-Low (Coldspot)", "pc1": 2.713, "pc2": -0.116, "lat": 1.042, "lon": 124.798}, "geometry": {"type": "Polygon", "coordinates": [[[123.727, 0.8641], [123.5797, 0.9037], [123.5547, 0.8871], [123.4363, 0.904], [123.2617, 0.9144], [123.2418, 0.9449], [123.1954, 0.9406], [123.1654, 0.9018], [123.1215, 0.9248], [123.1516, 0.8708], [123.2058, 0.8574], [123.2711, 0.8026], [123.249, 0.7478], [123.2736, 0.6982], [123.3224, 0.6985], [123.3831, 0.6401], [123.4862, 0.6265], [123.4875, 0.6016], [123.5332, 0.577], [123.5858, 0.5864], [123.6083, 0.5619], [123.6429, 0.5735], [123.6345, 0.6007], [123.6934, 0.6116], [123.7262, 0.6431], [123.7414, 0.6853], [123.702, 0.7347], [123.6889, 0.7941], [123.727, 0.8641]]]}}, {"type": "Feature", "id": 7302, "properties": {"WADMKK": "Bulukumba", "WADMPR": "Sulawesi Selatan", "KDPKAB": "73.02", "LUASWH": 8.33786275, "kode_wilayah": 7302, "nama_resmi": "Kabupaten Bulukumba", "tipe": "Kabupaten", "provinsi": "Sulawesi Selatan", "pulau": "Sulawesi", "parlemen": 22.5, "pendapatan": 35.34, "pengeluaran": 10665.0, "ahh": 70.17, "profesional": 56.33, "tpak": 61.79, "rls": 7.82, "hls": 13.27, "skor_ekonomi": 39.96, "skor_keputusan": 56.59, "skor_kapasitas_sosial": 51.88, "ikpp_komposit": 49.0, "kuadran": "Kuadran I (Ekonomi Tinggi, Keputusan Tinggi)", "lisa_cluster_keputusan": "High-High (Hotspot)", "lisa_cluster_ekonomi": "Not Significant", "pc1": -0.558, "pc2": -0.224, "lat": -5.558, "lon": 120.193}, "geometry": {"type": "Polygon", "coordinates": [[[120.1019, -5.5857], [120.13, -5.5883], [120.2198, -5.5406], [120.2762, -5.5377], [120.3121, -5.5071], [120.3411, -5.5119], [120.38, -5.57], [120.4339, -5.6116], [120.4476, -5.567], [120.449, -5.4744], [120.4129, -5.4061], [120.4059, -5.3459], [120.3619, -5.3224], [120.3344, -5.2876], [120.258, -5.2879], [120.1783, -5.3129], [120.1532, -5.3019], [120.0446, -5.3459], [119.993, -5.3238], [119.9556, -5.3544], [119.9721, -5.3924], [120.0287, -5.3933], [120.0915, -5.4919], [120.1016, -5.5853], [120.102, -5.5857], [120.1019, -5.5857]]]}}, {"type": "Feature", "id": 7311, "properties": {"WADMKK": "Bone", "WADMPR": "Sulawesi Selatan", "KDPKAB": "73.08", "LUASWH": 9.38650241, "kode_wilayah": 7311, "nama_resmi": "Kabupaten Bone", "tipe": "Kabupaten", "provinsi": "Sulawesi Selatan", "pulau": "Sulawesi", "parlemen": 11.11, "pendapatan": 33.04, "pengeluaran": 12138.0, "ahh": 73.54, "profesional": 56.29, "tpak": 65.17, "rls": 9.11, "hls": 13.88, "skor_ekonomi": 39.87, "skor_keputusan": 46.21, "skor_kapasitas_sosial": 61.74, "ikpp_komposit": 46.78, "kuadran": "Kuadran IV (Ekonomi Tinggi, Keputusan Rendah)", "lisa_cluster_keputusan": "Not Significant", "lisa_cluster_ekonomi": "Not Significant", "pc1": 0.386, "pc2": 0.684, "lat": -4.414, "lon": 119.617}, "geometry": {"type": "Polygon", "coordinates": [[[119.9707, -5.1393], [120.0571, -5.1268], [120.0843, -5.0749], [120.125, -5.048], [120.1799, -5.0697], [120.2075, -5.1], [120.2357, -5.0886], [120.2893, -5.1135], [120.2879, -5.0409], [120.3062, -5.0024], [120.2925, -4.9233], [120.3063, -4.8679], [120.3366, -4.8401], [120.3835, -4.8371], [120.3855, -4.7681], [120.4111, -4.6932], [120.4516, -4.6572], [120.3993, -4.6058], [120.3769, -4.5122], [120.3969, -4.4691], [120.3475, -4.4253], [120.3905, -4.3476], [120.3657, -4.2997], [120.3664, -4.2234], [120.2929, -4.2434], [120.2638, -4.2727], [120.2308, -4.2407], [120.1251, -4.2259], [120.0944, -4.2429], [120.0726, -4.2855], [120.0893, -4.3269], [120.0951, -4.3937], [120.0599, -4.4082], [120.0577, -4.4987], [120.0343, -4.5255], [119.9775, -4.5391], [119.9057, -4.5161], [119.8542, -4.5406], [119.8084, -4.5374], [119.8004, -4.592], [119.7663, -4.6155], [119.7603, -4.6853], [119.8257, -4.7177], [119.8027, -4.7629], [119.7734, -4.7539], [119.749, -4.7972], [119.6962, -4.7879], [119.7396, -4.8037], [119.807, -4.8082], [119.8207, -4.7649], [119.8851, -4.7185], [119.9607, -4.7671], [119.9409, -4.8364], [119.9514, -4.8532], [119.8963, -4.9211], [119.8853, -4.9994], [119.8458, -5.055], [119.8642, -5.0918], [119.9225, -5.133], [119.9707, -5.1393]]]}}, {"type": "Feature", "id": 1103, "properties": {"WADMKK": "Aceh Selatan", "WADMPR": "Aceh", "KDPKAB": "11.01", "LUASWH": 2.37240218, "kode_wilayah": 1103, "nama_resmi": "Kabupaten Aceh Selatan", "tipe": "Kabupaten", "provinsi": "Aceh", "pulau": "Sumatera", "parlemen": 20.0, "pendapatan": 28.55, "pengeluaran": 9190.0, "ahh": 66.94, "profesional": 53.85, "tpak": 42.68, "rls": 8.92, "hls": 14.71, "skor_ekonomi": 21.59, "skor_keputusan": 52.66, "skor_kapasitas_sosial": 51.35, "ikpp_komposit": 39.97, "kuadran": "Kuadran II (Ekonomi Rendah, Keputusan Tinggi)", "lisa_cluster_keputusan": "Not Significant", "lisa_cluster_ekonomi": "Not Significant", "pc1": 0.274, "pc2": -1.447, "lat": 4.933, "lon": 97.784}, "geometry": {"type": "Polygon", "coordinates": [[[97.665, 2.3949], [97.71, 2.4091], [97.75, 2.4425], [97.7912, 2.5002], [97.7971, 2.5539], [97.8252, 2.6369], [97.7665, 2.7881], [97.8469, 2.8326], [97.8594, 2.8829], [97.9057, 2.9118], [97.9071, 2.9551], [97.8148, 2.983], [97.7704, 2.9588], [97.7551, 2.9273], [97.6424, 2.952], [97.6422, 3.0326], [97.6102, 3.1012], [97.5169, 3.1705], [97.4774, 3.217], [97.4641, 3.2679], [97.4759, 3.3183], [97.4403, 3.3961], [97.3984, 3.4513], [97.4509, 3.5359], [97.4822, 3.5412], [97.4623, 3.6196], [97.4164, 3.619], [97.3733, 3.6389], [97.295, 3.5952], [97.2846, 3.6413], [97.2065, 3.6913], [97.1545, 3.7415], [97.1311, 3.6843], [97.0281, 3.6002], [96.9635, 3.6135], [96.9425, 3.5739], [97.0027, 3.5461], [97.0732, 3.416], [97.1694, 3.2576], [97.192, 3.2608], [97.2546, 3.2252], [97.2776, 3.1812], [97.316, 3.0551], [97.4185, 2.9399], [97.4853, 2.9212], [97.5405, 2.8842], [97.5918, 2.8807], [97.6146, 2.8334], [97.6514, 2.6626], [97.665, 2.3949]]]}}, {"type": "Feature", "id": 6503, "properties": {"WADMKK": "Tana Tidung", "WADMPR": "Kalimantan Utara", "KDPKAB": "65.04", "LUASWH": 125.16691347, "kode_wilayah": 6503, "nama_resmi": "Kabupaten Tana Tidung", "tipe": "Kabupaten", "provinsi": "Kalimantan Utara", "pulau": "Kalimantan", "parlemen": 15.0, "pendapatan": 24.07, "pengeluaran": 13681.0, "ahh": 74.16, "profesional": 41.78, "tpak": 49.54, "rls": 10.23, "hls": 14.19, "skor_ekonomi": 21.59, "skor_keputusan": 40.04, "skor_kapasitas_sosial": 67.11, "ikpp_komposit": 38.07, "kuadran": "Kuadran III (Ekonomi Rendah, Keputusan Rendah)", "lisa_cluster_keputusan": "Not Significant", "lisa_cluster_ekonomi": "Low-Low (Coldspot)", "pc1": 1.604, "pc2": -0.547, "lat": 4.077, "lon": 117.719}, "geometry": {"type": "MultiPolygon", "coordinates": [[[[117.3885, 3.3302], [117.4152, 3.3368], [117.4123, 3.3913], [117.3702, 3.4121], [117.355, 3.4491], [117.2555, 3.4706], [117.2176, 3.4928], [117.1944, 3.5418], [117.2261, 3.6036], [117.1764, 3.6191], [117.0749, 3.6113], [117.0659, 3.6314], [117.1687, 3.6443], [117.2577, 3.6176], [117.3704, 3.638], [117.4284, 3.6247], [117.4888, 3.6525], [117.4854, 3.6735], [117.427, 3.6933], [117.3962, 3.708], [117.25, 3.7304], [117.2151, 3.7684], [117.182, 3.7493], [117.138, 3.7536], [117.0603, 3.7365], [116.9684, 3.7372], [116.9442, 3.7503], [116.8812, 3.7316], [116.8315, 3.6934], [116.7426, 3.6813], [116.716, 3.6442], [116.7306, 3.6167], [116.6765, 3.5333], [116.7095, 3.4242], [116.7071, 3.3712], [116.7784, 3.3715], [116.8187, 3.387], [117.0308, 3.4053], [117.0912, 3.3904], [117.1357, 3.3445], [117.1727, 3.3584], [117.1953, 3.3322], [117.2449, 3.3138], [117.2991, 3.424], [117.3675, 3.3645], [117.3885, 3.3302]]], [[[117.2489, 3.5881], [117.2014, 3.5391], [117.2308, 3.4968], [117.323, 3.4913], [117.4618, 3.4493], [117.5053, 3.4973], [117.4354, 3.5086], [117.4377, 3.5289], [117.3711, 3.5626], [117.3111, 3.5599], [117.2489, 3.5881]]], [[[117.4872, 3.7191], [117.5204, 3.6741], [117.5766, 3.6339], [117.6685, 3.6157], [117.7343, 3.6315], [117.8147, 3.7211], [117.6865, 3.7668], [117.6735, 3.7803], [117.6466, 3.7706], [117.5579, 3.7839], [117.488, 3.7693], [117.4872, 3.7191]]]]}}, {"type": "Feature", "id": 1602, "properties": {"WADMKK": "Ogan Komering Ilir", "WADMPR": "Sumatera Selatan", "KDPKAB": "16.02", "LUASWH": 42.57648727, "kode_wilayah": 1602, "nama_resmi": "Kabupaten Ogan Komering Ilir", "tipe": "Kabupaten", "provinsi": "Sumatera Selatan", "pulau": "Sumatera", "parlemen": 13.33, "pendapatan": 25.43, "pengeluaran": 12305.0, "ahh": 71.5, "profesional": 41.72, "tpak": 50.5, "rls": 7.19, "hls": 11.98, "skor_ekonomi": 23.48, "skor_keputusan": 38.48, "skor_kapasitas_sosial": 51.4, "ikpp_komposit": 35.06, "kuadran": "Kuadran III (Ekonomi Rendah, Keputusan Rendah)", "lisa_cluster_keputusan": "Not Significant", "lisa_cluster_ekonomi": "Not Significant", "pc1": -0.737, "pc2": -1.392, "lat": -3.412, "lon": 104.823}, "geometry": {"type": "Polygon", "coordinates": [[[104.9462, -4.1921], [105.0027, -4.1771], [105.0501, -4.1411], [105.1054, -4.0247], [105.1353, -3.9877], [105.1427, -3.933], [105.2056, -3.8908], [105.2553, -3.9004], [105.2776, -3.8764], [105.3188, -3.7326], [105.3425, -3.7314], [105.3551, -3.7942], [105.4113, -3.7766], [105.4302, -3.8224], [105.482, -3.8226], [105.5125, -3.8713], [105.5727, -3.8993], [105.5625, -3.9284], [105.611, -3.9649], [105.6304, -4.0026], [105.6248, -4.0393], [105.6518, -4.0871], [105.698, -4.125], [105.7602, -4.1372], [105.809, -4.1242], [105.8214, -4.1572], [105.8453, -4.16], [105.847, -4.0926], [105.8814, -3.9846], [105.9569, -3.8525], [105.9608, -3.8245], [105.9157, -3.768], [105.8574, -3.7397], [105.8308, -3.7107], [105.8219, -3.6377], [105.8391, -3.5511], [105.8855, -3.4368], [105.9167, -3.3843], [105.9832, -3.3145], [106.0841, -3.2618], [106.0871, -3.1995], [106.0476, -3.1209], [106.0555, -3.0718], [106.0474, -2.9952], [106.0119, -2.9681], [105.8832, -2.9661], [105.847, -2.9508], [105.7931, -2.8882], [105.7802, -2.822], [105.7821, -2.6898], [105.7015, -2.6855], [105.6605, -2.6668], [105.6105, -2.5977], [105.6055, -2.5179], [105.6335, -2.4362], [105.6212, -2.3911], [105.5685, -2.4162], [105.5455, -2.4164], [105.4633, -2.4625], [105.3323, -2.4506], [105.2695, -2.5387], [105.23, -2.5416], [105.199, -2.591], [105.2204, -2.7478], [105.2552, -2.7566], [105.2566, -2.8592], [105.3022, -2.9147], [105.2834, -2.9766], [105.2609, -2.9817], [105.2338, -3.0362], [105.2167, -3.1022], [105.1806, -3.0594], [105.1409, -2.9518], [105.1168, -2.9484], [105.0833, -3.0001], [105.0843, -3.1049], [105.0444, -3.114], [105.0503, -3.1485], [104.9232, -3.1594], [104.8838, -3.1422], [104.8023, -3.0719], [104.7919, -3.1136], [104.8182, -3.1437], [104.8037, -3.1888], [104.8089, -3.2729], [104.8264, -3.3187], [104.8058, -3.4121], [104.8161, -3.4506], [104.7509, -3.4866], [104.7009, -3.4666], [104.6607, -3.4971], [104.632, -3.6152], [104.66, -3.6504], [104.7477, -3.6823], [104.7782, -3.7298], [104.8247, -3.748], [104.8688, -3.7907], [104.8848, -3.9445], [104.9278, -3.9451], [104.9113, -4.0064], [104.8532, -4.0362], [104.8284, -4.0639], [104.8336, -4.101], [104.7869, -4.1364], [104.7478, -4.2478], [104.7925, -4.2666], [104.8594, -4.2392], [104.9061, -4.201], [104.9462, -4.1921]]]}}, {"type": "Feature", "id": 1309, "properties": {"WADMKK": "Pasaman", "WADMPR": "Sumatera Barat", "KDPKAB": "13.08", "LUASWH": 68.8232207, "kode_wilayah": 1309, "nama_resmi": "Kabupaten Pasaman", "tipe": "Kabupaten", "provinsi": "Sumatera Barat", "pulau": "Sumatera", "parlemen": 14.29, "pendapatan": 39.85, "pengeluaran": 9194.0, "ahh": 70.64, "profesional": 65.5, "tpak": 58.83, "rls": 8.14, "hls": 13.52, "skor_ekonomi": 42.43, "skor_keputusan": 55.26, "skor_kapasitas_sosial": 52.28, "ikpp_komposit": 49.53, "kuadran": "Kuadran I (Ekonomi Tinggi, Keputusan Tinggi)", "lisa_cluster_keputusan": "Not Significant", "lisa_cluster_ekonomi": "Not Significant", "pc1": -0.564, "pc2": 0.267, "lat": -2.054, "lon": 99.58}, "geometry": {"type": "Polygon", "coordinates": [[[100.0159, -0.0974], [100.0791, -0.0808], [100.1171, -0.0952], [100.1961, -0.1022], [100.2131, -0.07], [100.2467, -0.0731], [100.2653, -0.0323], [100.3488, 0.0341], [100.3177, 0.0909], [100.3527, 0.1708], [100.3335, 0.2549], [100.3084, 0.302], [100.332, 0.3533], [100.3014, 0.3964], [100.2761, 0.4119], [100.2244, 0.5028], [100.2395, 0.5316], [100.1981, 0.6263], [100.2203, 0.6621], [100.2737, 0.6771], [100.2619, 0.7332], [100.2133, 0.7361], [100.1812, 0.7623], [100.0771, 0.7866], [100.0103, 0.8397], [99.9653, 0.8524], [99.9436, 0.8832], [99.8705, 0.9067], [99.8366, 0.8905], [99.8383, 0.8269], [99.8433, 0.7817], [99.8249, 0.7359], [99.8506, 0.6836], [99.9113, 0.6798], [99.9204, 0.6051], [99.9596, 0.5687], [99.9466, 0.5115], [99.9084, 0.4721], [99.8269, 0.4594], [99.8129, 0.414], [99.7531, 0.4019], [99.7768, 0.3586], [99.7524, 0.333], [99.7953, 0.2995], [99.8474, 0.317], [99.9156, 0.3142], [99.9228, 0.2934], [99.9804, 0.2874], [100.0589, 0.223], [100.0582, 0.1644], [100.0223, 0.1077], [99.9824, 0.0708], [100.0294, 0.0151], [100.0386, -0.0368], [100.0159, -0.0974]]]}}, {"type": "Feature", "id": 3471, "properties": {"WADMKK": "Kota Yogyakarta", "WADMPR": "Daerah Istimewa Yogyakarta", "KDPKAB": "34.71", "LUASWH": 1.08227662, "kode_wilayah": 3471, "nama_resmi": "Kota Yogyakarta", "tipe": "Kota", "provinsi": "DI Yogyakarta", "pulau": "Jawa", "parlemen": 12.5, "pendapatan": 45.32, "pengeluaran": 20603.0, "ahh": 76.99, "profesional": 52.08, "tpak": 64.19, "rls": 12.12, "hls": 17.66, "skor_ekonomi": 50.98, "skor_keputusan": 44.66, "skor_kapasitas_sosial": 88.09, "ikpp_komposit": 55.87, "kuadran": "Kuadran IV (Ekonomi Tinggi, Keputusan Rendah)", "lisa_cluster_keputusan": "Not Significant", "lisa_cluster_ekonomi": "High-High (Hotspot)", "pc1": 4.169, "pc2": 3.511, "lat": -7.8, "lon": 110.391}, "geometry": {"type": "Polygon", "coordinates": [[[110.3511, -7.7682], [110.3518, -7.8257], [110.3954, -7.8323], [110.3971, -7.7885], [110.3511, -7.7682]]]}}, {"type": "Feature", "id": 2171, "properties": {"WADMKK": "Kota Batam", "WADMPR": "Kepulauan Riau", "KDPKAB": "21.71", "LUASWH": 10.42098212, "kode_wilayah": 2171, "nama_resmi": "Kota B A T A M", "tipe": "Kota", "provinsi": "Kepulauan Riau", "pulau": "Sumatera", "parlemen": 10.0, "pendapatan": 29.48, "pengeluaran": 19668.0, "ahh": 76.09, "profesional": 42.38, "tpak": 51.48, "rls": 11.21, "hls": 13.56, "skor_ekonomi": 27.96, "skor_keputusan": 35.89, "skor_kapasitas_sosial": 76.38, "ikpp_komposit": 40.82, "kuadran": "Kuadran III (Ekonomi Rendah, Keputusan Rendah)", "lisa_cluster_keputusan": "Not Significant", "lisa_cluster_ekonomi": "Low-Low (Coldspot)", "pc1": 2.666, "pc2": 0.562, "lat": 1.129, "lon": 104.055}, "geometry": {"type": "MultiPolygon", "coordinates": [[[[104.2158, 0.718], [104.2688, 0.6255], [104.2856, 0.6616], [104.2158, 0.718]]], [[[104.2808, 0.7302], [104.2456, 0.7927], [104.1786, 0.777], [104.1882, 0.7333], [104.2378, 0.6998], [104.2808, 0.7302]]], [[[104.2384, 0.8653], [104.1694, 0.8868], [104.1431, 0.9386], [104.0987, 0.96], [104.0903, 0.8986], [104.1476, 0.8527], [104.1647, 0.7919], [104.2451, 0.8199], [104.2384, 0.8653]]], [[[103.9639, 0.9719], [103.8534, 1.0338], [103.8371, 0.9725], [103.8971, 0.9369], [103.9427, 0.9255], [103.9639, 0.9719]]], [[[103.8996, 1.0961], [103.911, 1.0379], [103.9422, 1.0079], [103.9813, 1.0082], [104.0341, 0.9802], [104.067, 0.9835], [104.0789, 1.0245], [104.1328, 1.0343], [104.1465, 1.1253], [104.1394, 1.1686], [104.0871, 1.1958], [104.0429, 1.1752], [104.0145, 1.1921], [103.9885, 1.1308], [103.9224, 1.1429], [103.8996, 1.0961]]]]}}, {"type": "Feature", "id": 9111, "properties": {"WADMKK": "Manokwari Selatan", "WADMPR": "Papua Barat", "KDPKAB": "92.11", "LUASWH": 3.57781916, "kode_wilayah": 9111, "nama_resmi": "Kabupaten Manokwari Selatan", "tipe": "Kabupaten", "provinsi": "Papua Barat", "pulau": "Papua", "parlemen": 12.0, "pendapatan": 64.17, "pengeluaran": 8283.0, "ahh": 69.09, "profesional": 27.61, "tpak": 53.71, "rls": 8.74, "hls": 14.08, "skor_ekonomi": 62.44, "skor_keputusan": 27.83, "skor_kapasitas_sosial": 51.75, "ikpp_komposit": 46.46, "kuadran": "Kuadran IV (Ekonomi Tinggi, Keputusan Rendah)", "lisa_cluster_keputusan": "Low-Low (Coldspot)", "lisa_cluster_ekonomi": "Not Significant", "pc1": -1.778, "pc2": 2.865, "lat": -2.909, "lon": 140.773}, "geometry": {"type": "Polygon", "coordinates": [[[134.1019, -1.766], [134.0685, -1.6752], [134.1173, -1.6397], [134.143, -1.5993], [134.2016, -1.5498], [134.2106, -1.4992], [134.198, -1.4559], [134.2383, -1.3628], [134.2755, -1.3365], [134.212, -1.2542], [134.1852, -1.1977], [134.1296, -1.2287], [134.0833, -1.2163], [134.0445, -1.2408], [134.0847, -1.3251], [134.0463, -1.3755], [134.0751, -1.3947], [134.0757, -1.4428], [134.0097, -1.4312], [133.93, -1.5388], [133.8564, -1.507], [133.8437, -1.5584], [133.7864, -1.5141], [133.732, -1.5098], [133.6912, -1.5306], [133.7222, -1.5896], [133.7106, -1.6213], [133.778, -1.6343], [133.8135, -1.6723], [133.8809, -1.7061], [133.9179, -1.8075], [133.9187, -1.8524], [134.0084, -1.8384], [134.0783, -1.8023], [134.1019, -1.766]]]}}, {"type": "Feature", "id": 6102, "properties": {"WADMKK": "Bengkayang", "WADMPR": "Kalimantan Barat", "KDPKAB": "61.07", "LUASWH": 29.81970806, "kode_wilayah": 6102, "nama_resmi": "Kabupaten Bengkayang", "tipe": "Kabupaten", "provinsi": "Kalimantan Barat", "pulau": "Kalimantan", "parlemen": 23.33, "pendapatan": 38.59, "pengeluaran": 10208.0, "ahh": 77.03, "profesional": 50.65, "tpak": 56.88, "rls": 7.41, "hls": 12.22, "skor_ekonomi": 40.01, "skor_keputusan": 53.55, "skor_kapasitas_sosial": 57.62, "ikpp_komposit": 48.95, "kuadran": "Kuadran I (Ekonomi Tinggi, Keputusan Tinggi)", "lisa_cluster_keputusan": "Not Significant", "lisa_cluster_ekonomi": "Not Significant", "pc1": -0.398, "pc2": -0.081, "lat": 0.351, "lon": 108.962}, "geometry": {"type": "Polygon", "coordinates": [[[108.9268, 0.5623], [108.9513, 0.5311], [109.0815, 0.5904], [109.1478, 0.6581], [109.1516, 0.6818], [109.2119, 0.7026], [109.2752, 0.7454], [109.3144, 0.7266], [109.3531, 0.7744], [109.4213, 0.7415], [109.482, 0.7643], [109.4889, 0.7334], [109.567, 0.7127], [109.6606, 0.7531], [109.6848, 0.8429], [109.7667, 0.8341], [109.772, 0.8498], [109.8562, 0.8581], [109.9317, 0.949], [109.9354, 1.0264], [110.0816, 1.0352], [110.1354, 1.0203], [110.1311, 1.0819], [110.1057, 1.1695], [110.1277, 1.1948], [110.0972, 1.199], [110.064, 1.263], [109.9797, 1.2992], [109.9635, 1.4028], [109.9303, 1.425], [109.8376, 1.4218], [109.8382, 1.4757], [109.752, 1.5367], [109.7193, 1.4762], [109.6783, 1.4475], [109.6118, 1.4318], [109.6179, 1.2326], [109.5615, 1.1887], [109.5567, 1.142], [109.5326, 1.114], [109.497, 1.0183], [109.4247, 1.0449], [109.3733, 0.9982], [109.3134, 1.0269], [109.2417, 1.0185], [109.2163, 0.9766], [109.1759, 0.9624], [109.1743, 0.9068], [109.0612, 0.8423], [109.0515, 0.7883], [109.0715, 0.756], [108.9934, 0.7456], [108.8906, 0.8177], [108.8738, 0.8402], [108.8406, 0.8147], [108.8845, 0.7552], [108.875, 0.7085], [108.9113, 0.6723], [108.9286, 0.6239], [108.9268, 0.5623]]]}}, {"type": "Feature", "id": 6501, "properties": {"WADMKK": "Malinau", "WADMPR": "Kalimantan Utara", "KDPKAB": "65.02", "LUASWH": 788.89637351, "kode_wilayah": 6501, "nama_resmi": "Kabupaten Malinau", "tipe": "Kabupaten", "provinsi": "Kalimantan Utara", "pulau": "Kalimantan", "parlemen": 25.0, "pendapatan": 29.05, "pengeluaran": 11998.0, "ahh": 74.76, "profesional": 45.16, "tpak": 49.59, "rls": 9.84, "hls": 12.97, "skor_ekonomi": 26.37, "skor_keputusan": 51.39, "skor_kapasitas_sosial": 63.16, "ikpp_komposit": 43.74, "kuadran": "Kuadran II (Ekonomi Rendah, Keputusan Tinggi)", "lisa_cluster_keputusan": "Not Significant", "lisa_cluster_ekonomi": "Low-Low (Coldspot)", "pc1": 1.017, "pc2": -0.853, "lat": 2.841, "lon": 117.398}, "geometry": {"type": "Polygon", "coordinates": [[[115.4181, 1.1517], [115.4049, 1.1734], [115.4274, 1.2228], [115.4875, 1.2525], [115.5948, 1.2822], [115.6858, 1.282], [115.697, 1.2663], [115.7645, 1.2591], [115.7734, 1.3077], [115.807, 1.3246], [115.8569, 1.4014], [115.8543, 1.434], [115.9085, 1.4735], [115.9551, 1.4894], [115.9648, 1.5241], [116.0076, 1.5259], [116.0414, 1.5566], [116.0364, 1.6061], [116.0889, 1.6616], [116.1335, 1.6681], [116.1617, 1.7441], [116.1838, 1.841], [116.1755, 1.9028], [116.1991, 1.9506], [116.1945, 1.9857], [116.2311, 2.0128], [116.2126, 2.063], [116.2228, 2.0979], [116.148, 2.1526], [116.0965, 2.1703], [116.0566, 2.145], [116.011, 2.1915], [115.989, 2.262], [116.0368, 2.2572], [116.0602, 2.3163], [116.1183, 2.3873], [116.1727, 2.4023], [116.2134, 2.4649], [116.2762, 2.4915], [116.3094, 2.5751], [116.2939, 2.6166], [116.3267, 2.6916], [116.3633, 2.7145], [116.4355, 2.8116], [116.4788, 2.8229], [116.5843, 2.891], [116.6079, 2.9446], [116.664, 3.0078], [116.7459, 3.0435], [116.725, 3.1011], [116.7435, 3.1554], [116.7723, 3.1798], [116.794, 3.2355], [116.7824, 3.2911], [116.7071, 3.3712], [116.7095, 3.4242], [116.6765, 3.5333], [116.7306, 3.6167], [116.716, 3.6442], [116.7426, 3.6813], [116.6957, 3.7019], [116.6634, 3.7761], [116.5571, 3.841], [116.4255, 3.8813], [116.3874, 3.9287], [116.3809, 3.9959], [116.3228, 4.0657], [116.2752, 4.0398], [116.2225, 4.0769], [116.1858, 4.0783], [116.1319, 4.1224], [116.0852, 4.1179], [116.0447, 4.0842], [116.0028, 4.0894], [115.9946, 4.0582], [116.0212, 4.0052], [116.0081, 3.9398], [115.9564, 3.9139], [115.9076, 3.8437], [115.9474, 3.7737], [115.9305, 3.7578], [115.9125, 3.6828], [115.9537, 3.6173], [115.9708, 3.5294], [115.9386, 3.527], [115.8794, 3.4588], [115.848, 3.4924], [115.8058, 3.4915], [115.7572, 3.4444], [115.7117, 3.4368], [115.6865, 3.4089], [115.657, 3.4391], [115.624, 3.4081], [115.5865, 3.45], [115.543, 3.3578], [115.518, 3.197], [115.5616, 3.1702], [115.5105, 3.0934], [115.5154, 3.0559], [115.4855, 3.0182], [115.4397, 3.0229], [115.3936, 2.9797], [115.3305, 2.976], [115.3185, 3.0161], [115.2845, 3.0475], [115.2485, 2.9647], [115.2093, 2.9572], [115.148, 2.9081], [115.152, 2.8704], [115.1178, 2.8359], [115.142, 2.805], [115.1404, 2.7473], [115.1063, 2.7219], [115.1192, 2.655], [115.088, 2.6163], [115.1136, 2.5833], [115.1697, 2.6135], [115.2512, 2.5412], [115.2492, 2.5094], [115.2044, 2.4712], [115.1482, 2.4773], [115.1181, 2.4563], [115.0966, 2.4026], [115.0632, 2.4077], [114.948, 2.3161], [114.9677, 2.2944], [114.917, 2.2549], [114.8706, 2.2638], [114.7986, 2.2475], [114.788, 2.201], [114.7411, 2.1912], [114.7346, 2.1502], [114.7911, 2.1459], [114.8222, 2.1183], [114.7987, 2.0426], [114.828, 2.0272], [114.8809, 2.0307], [114.8522, 1.9456], [114.8559, 1.8952], [114.8172, 1.8898], [114.7906, 1.8475], [114.7473, 1.8694], [114.7062, 1.8207], [114.7192, 1.7159], [114.7051, 1.6373], [114.6808, 1.6104], [114.6105, 1.5752], [114.6159, 1.5155], [114.5652, 1.4262], [114.5723, 1.3894], [114.6168, 1.3632], [114.6901, 1.3599], [114.7225, 1.3133], [114.7598, 1.3261], [114.7948, 1.3762], [114.8787, 1.4179], [114.9018, 1.419], [114.9539, 1.3732], [115.0169, 1.348], [115.0452, 1.2675], [115.0996, 1.2443], [115.0937, 1.212], [115.1221, 1.1865], [115.182, 1.1967], [115.2425, 1.1809], [115.2781, 1.1364], [115.3807, 1.1179], [115.4181, 1.1517]]]}}, {"type": "Feature", "id": 1402, "properties": {"WADMKK": "Indragiri Hulu", "WADMPR": "Riau", "KDPKAB": "14.02", "LUASWH": 9.4909556, "kode_wilayah": 1402, "nama_resmi": "Kabupaten Indragiri Hulu", "tipe": "Kabupaten", "provinsi": "Riau", "pulau": "Sumatera", "parlemen": 5.0, "pendapatan": 29.27, "pengeluaran": 11333.0, "ahh": 72.88, "profesional": 61.35, "tpak": 44.48, "rls": 8.43, "hls": 12.6, "skor_ekonomi": 23.4, "skor_keputusan": 44.04, "skor_kapasitas_sosial": 56.21, "ikpp_komposit": 38.22, "kuadran": "Kuadran III (Ekonomi Rendah, Keputusan Rendah)", "lisa_cluster_keputusan": "Not Significant", "lisa_cluster_ekonomi": "Low-Low (Coldspot)", "pc1": 0.19, "pc2": -0.976, "lat": -0.393, "lon": 102.438}, "geometry": {"type": "Polygon", "coordinates": [[[101.9267, -0.9153], [101.9665, -0.9139], [101.9861, -0.8811], [102.0656, -0.8895], [102.126, -0.9211], [102.1457, -0.8997], [102.2155, -0.9454], [102.2783, -0.9158], [102.3078, -0.9213], [102.3235, -0.9619], [102.3831, -0.9936], [102.3715, -1.0302], [102.4413, -1.0313], [102.4742, -1.0706], [102.5498, -1.1044], [102.6067, -1.0978], [102.6014, -1.0425], [102.5746, -1.0068], [102.5643, -0.9369], [102.5745, -0.8821], [102.6288, -0.8178], [102.6766, -0.7777], [102.6374, -0.7446], [102.6509, -0.6811], [102.6906, -0.6529], [102.6864, -0.5126], [102.7168, -0.4543], [102.7168, -0.2447], [102.6903, -0.246], [102.6899, -0.163], [102.7168, -0.1639], [102.7169, 0.0935], [102.6009, 0.0893], [102.5335, 0.0682], [102.4674, -0.117], [102.4147, -0.1655], [102.2146, -0.1654], [102.1751, -0.2477], [102.1432, -0.2876], [102.0872, -0.2883], [102.048, -0.314], [101.9853, -0.3945], [101.8987, -0.3868], [101.9139, -0.3997], [101.9123, -0.5336], [101.8312, -0.5715], [101.8271, -0.6197], [101.7884, -0.6595], [101.7947, -0.7398], [101.7776, -0.7887], [101.8212, -0.8498], [101.8402, -0.8215], [101.8965, -0.8445], [101.9267, -0.9153]]]}}, {"type": "Feature", "id": 1277, "properties": {"WADMKK": "Kota Padang Sidempuan", "WADMPR": "Sumatera Utara", "KDPKAB": "12.77", "LUASWH": 0.41453325, "kode_wilayah": 1277, "nama_resmi": "Kota Padangsidimpuan", "tipe": "Kota", "provinsi": "Sumatera Utara", "pulau": "Sumatera", "parlemen": 30.0, "pendapatan": 31.58, "pengeluaran": 11964.0, "ahh": 72.45, "profesional": 54.68, "tpak": 56.85, "rls": 11.13, "hls": 14.62, "skor_ekonomi": 33.3, "skor_keputusan": 62.31, "skor_kapasitas_sosial": 66.03, "ikpp_komposit": 51.45, "kuadran": "Kuadran II (Ekonomi Rendah, Keputusan Tinggi)", "lisa_cluster_keputusan": "Not Significant", "lisa_cluster_ekonomi": "Low-High (Spatial Outlier)", "pc1": 1.774, "pc2": -0.155, "lat": 1.378, "lon": 99.271}, "geometry": {"type": "Polygon", "coordinates": [[[99.3197, 1.3032], [99.3504, 1.314], [99.3278, 1.4155], [99.2488, 1.4773], [99.22, 1.4108], [99.2452, 1.3666], [99.3197, 1.3032]]]}}, {"type": "Feature", "id": 7414, "properties": {"WADMKK": "Buton Tengah", "WADMPR": "Sulawesi Tenggara", "KDPKAB": "74.14", "LUASWH": 7.80796458, "kode_wilayah": 7414, "nama_resmi": "Kabupaten Buton Tengah", "tipe": "Kabupaten", "provinsi": "Sulawesi Tenggara", "pulau": "Sulawesi", "parlemen": 12.0, "pendapatan": 50.06, "pengeluaran": 10401.0, "ahh": 72.13, "profesional": 57.32, "tpak": 54.18, "rls": 7.31, "hls": 12.49, "skor_ekonomi": 49.27, "skor_keputusan": 47.71, "skor_kapasitas_sosial": 51.63, "ikpp_komposit": 49.12, "kuadran": "Kuadran I (Ekonomi Tinggi, Keputusan Tinggi)", "lisa_cluster_keputusan": "Not Significant", "lisa_cluster_ekonomi": "Not Significant", "pc1": -1.122, "pc2": 0.942, "lat": -5.316, "lon": 122.532}, "geometry": {"type": "MultiPolygon", "coordinates": [[[[121.9328, -5.4289], [121.9466, -5.4839], [122.0464, -5.4542], [122.0489, -5.4136], [121.9425, -5.4121], [121.9328, -5.4289]]], [[[122.3168, -5.1423], [122.3055, -5.2166], [122.3158, -5.2383], [122.2662, -5.3267], [122.2794, -5.3937], [122.361, -5.3907], [122.463, -5.4032], [122.4964, -5.3346], [122.4797, -5.2998], [122.5243, -5.2765], [122.5387, -5.325], [122.5205, -5.438], [122.5659, -5.4112], [122.5995, -5.357], [122.64, -5.3559], [122.6391, -5.2636], [122.6069, -5.2232], [122.5614, -5.2279], [122.5282, -5.1951], [122.4497, -5.2346], [122.3757, -5.1929], [122.3548, -5.1534], [122.3168, -5.1423]]]]}}, {"type": "Feature", "id": 3376, "properties": {"WADMKK": "Tegal", "WADMPR": "Jawa Tengah", "KDPKAB": "33.28", "LUASWH": 3.79662426, "kode_wilayah": 3376, "nama_resmi": "Kota Tegal", "tipe": "Kota", "provinsi": "Jawa Tengah", "pulau": "Jawa", "parlemen": 13.33, "pendapatan": 30.24, "pengeluaran": 14358.0, "ahh": 76.97, "profesional": 54.44, "tpak": 55.63, "rls": 9.28, "hls": 13.25, "skor_ekonomi": 31.26, "skor_keputusan": 46.99, "skor_kapasitas_sosial": 67.58, "ikpp_komposit": 44.82, "kuadran": "Kuadran III (Ekonomi Rendah, Keputusan Rendah)", "lisa_cluster_keputusan": "Not Significant", "lisa_cluster_ekonomi": "Not Significant", "pc1": 1.336, "pc2": 0.056, "lat": -6.87, "lon": 109.137}, "geometry": {"type": "Polygon", "coordinates": [[[109.0764, -6.8892], [109.0706, -6.9727], [109.03, -6.9877], [109.019, -7.0237], [108.9772, -7.0751], [108.9845, -7.1113], [109.0565, -7.15], [109.0556, -7.1862], [109.1526, -7.2425], [109.1969, -7.2497], [109.2027, -7.2469], [109.1964, -7.1306], [109.2334, -7.0808], [109.2728, -7.0564], [109.2932, -6.9942], [109.3335, -6.9423], [109.351, -6.8617], [109.3037, -6.8725], [109.1916, -6.8605], [109.1617, -6.8447], [109.1254, -6.8985], [109.0764, -6.8892]]]}}, {"type": "Feature", "id": 3309, "properties": {"WADMKK": "Boyolali", "WADMPR": "Jawa Tengah", "KDPKAB": "33.09", "LUASWH": 4.27095537, "kode_wilayah": 3309, "nama_resmi": "Kabupaten Boyolali", "tipe": "Kabupaten", "provinsi": "Jawa Tengah", "pulau": "Jawa", "parlemen": 26.53, "pendapatan": 41.2, "pengeluaran": 14195.0, "ahh": 78.55, "profesional": 54.73, "tpak": 65.85, "rls": 8.17, "hls": 12.67, "skor_ekonomi": 48.08, "skor_keputusan": 59.18, "skor_kapasitas_sosial": 65.95, "ikpp_komposit": 56.09, "kuadran": "Kuadran I (Ekonomi Tinggi, Keputusan Tinggi)", "lisa_cluster_keputusan": "Not Significant", "lisa_cluster_ekonomi": "High-High (Hotspot)", "pc1": 0.688, "pc2": 0.886, "lat": -7.546, "lon": 110.611}, "geometry": {"type": "Polygon", "coordinates": [[[110.4452, -7.5412], [110.4775, -7.5557], [110.5211, -7.6191], [110.574, -7.5818], [110.6117, -7.5762], [110.7026, -7.5936], [110.7132, -7.5416], [110.7805, -7.5237], [110.8008, -7.5335], [110.8154, -7.5227], [110.8046, -7.4592], [110.7808, -7.4529], [110.7727, -7.3923], [110.8017, -7.369], [110.7927, -7.2894], [110.8388, -7.2626], [110.8211, -7.2147], [110.7612, -7.1872], [110.75, -7.1488], [110.6625, -7.224], [110.621, -7.2264], [110.6371, -7.263], [110.5999, -7.2918], [110.6412, -7.3246], [110.6385, -7.4028], [110.6062, -7.4881], [110.5068, -7.4118], [110.4644, -7.4089], [110.4393, -7.4536], [110.4162, -7.4956], [110.4452, -7.5412]]]}}, {"type": "Feature", "id": 3573, "properties": {"WADMKK": "Kota Malang", "WADMPR": "Jawa Timur", "KDPKAB": "35.73", "LUASWH": 1.08557023, "kode_wilayah": 3573, "nama_resmi": "Kota Malang", "tipe": "Kota", "provinsi": "Jawa Timur", "pulau": "Jawa", "parlemen": 26.67, "pendapatan": 34.55, "pengeluaran": 17791.0, "ahh": 76.19, "profesional": 49.5, "tpak": 55.86, "rls": 11.14, "hls": 15.79, "skor_ekonomi": 35.52, "skor_keputusan": 55.81, "skor_kapasitas_sosial": 78.7, "ikpp_komposit": 52.27, "kuadran": "Kuadran I (Ekonomi Tinggi, Keputusan Tinggi)", "lisa_cluster_keputusan": "Not Significant", "lisa_cluster_ekonomi": "Not Significant", "pc1": 3.38, "pc2": 0.949, "lat": -7.978, "lon": 112.634}, "geometry": {"type": "Polygon", "coordinates": [[[112.6447, -8.0486], [112.6934, -7.9855], [112.6581, -7.9653], [112.6615, -7.9255], [112.6302, -7.9108], [112.5899, -7.9362], [112.5974, -8.006], [112.6447, -8.0486]]]}}, {"type": "Feature", "id": 7109, "properties": {"WADMKK": "Minahasa Tenggara", "WADMPR": "Sulawesi Utara", "KDPKAB": "71.07", "LUASWH": 5.73691133, "kode_wilayah": 7109, "nama_resmi": "Kabupaten Minahasa Tenggara", "tipe": "Kabupaten", "provinsi": "Sulawesi Utara", "pulau": "Sulawesi", "parlemen": 40.0, "pendapatan": 34.78, "pengeluaran": 13045.0, "ahh": 75.32, "profesional": 58.8, "tpak": 50.92, "rls": 11.03, "hls": 14.38, "skor_ekonomi": 32.66, "skor_keputusan": 74.15, "skor_kapasitas_sosial": 70.17, "ikpp_komposit": 56.76, "kuadran": "Kuadran II (Ekonomi Rendah, Keputusan Tinggi)", "lisa_cluster_keputusan": "High-High (Hotspot)", "lisa_cluster_ekonomi": "Low-Low (Coldspot)", "pc1": 2.578, "pc2": -0.444, "lat": 2.745, "lon": 125.362}, "geometry": {"type": "Polygon", "coordinates": [[[124.699, 0.8439], [124.7162, 0.8895], [124.7875, 0.9225], [124.7951, 0.9487], [124.8849, 0.9714], [124.9089, 1.0184], [124.8333, 1.1207], [124.7699, 1.0965], [124.7367, 1.1151], [124.6644, 1.1344], [124.6489, 1.1163], [124.5519, 1.0853], [124.5795, 1.005], [124.571, 0.9627], [124.5955, 0.9372], [124.6521, 0.9515], [124.6347, 0.8908], [124.699, 0.8439]]]}}, {"type": "Feature", "id": 6474, "properties": {"WADMKK": "Kota Bontang", "WADMPR": "Kalimantan Timur", "KDPKAB": "64.74", "LUASWH": 2.15456095, "kode_wilayah": 6474, "nama_resmi": "Kota Bontang", "tipe": "Kota", "provinsi": "Kalimantan Timur", "pulau": "Kalimantan", "parlemen": 4.0, "pendapatan": 17.8, "pengeluaran": 8265.0, "ahh": 72.25, "profesional": 46.97, "tpak": 58.03, "rls": 8.39, "hls": 12.69, "skor_ekonomi": 20.89, "skor_keputusan": 33.51, "skor_kapasitas_sosial": 52.53, "ikpp_komposit": 32.27, "kuadran": "Kuadran III (Ekonomi Rendah, Keputusan Rendah)", "lisa_cluster_keputusan": "Not Significant", "lisa_cluster_ekonomi": "Low-Low (Coldspot)", "pc1": -0.872, "pc2": -1.264, "lat": 0.07, "lon": 117.444}, "geometry": {"type": "Polygon", "coordinates": [[[117.5166, 0.0224], [117.4991, 0.0601], [117.4884, 0.1581], [117.5045, 0.2057], [117.4692, 0.1992], [117.4247, 0.1021], [117.39, 0.064], [117.3883, 0.0225], [117.5166, 0.0224]]]}}, {"type": "Feature", "id": 3528, "properties": {"WADMKK": "Pamekasan", "WADMPR": "Jawa Timur", "KDPKAB": "35.28", "LUASWH": 2.49404969, "kode_wilayah": 3528, "nama_resmi": "Kabupaten Pamekasan", "tipe": "Kabupaten", "provinsi": "Jawa Timur", "pulau": "Jawa", "parlemen": 2.22, "pendapatan": 34.42, "pengeluaran": 9811.0, "ahh": 70.52, "profesional": 37.14, "tpak": 71.42, "rls": 7.17, "hls": 13.69, "skor_ekonomi": 45.08, "skor_keputusan": 25.32, "skor_kapasitas_sosial": 50.86, "ikpp_komposit": 38.33, "kuadran": "Kuadran IV (Ekonomi Tinggi, Keputusan Rendah)", "lisa_cluster_keputusan": "Not Significant", "lisa_cluster_ekonomi": "Not Significant", "pc1": -1.849, "pc2": 1.134, "lat": -7.157, "lon": 113.472}, "geometry": {"type": "Polygon", "coordinates": [[[113.3936, -7.2173], [113.5492, -7.2326], [113.602, -7.1285], [113.6212, -7.0848], [113.5766, -7.0319], [113.6401, -6.9277], [113.6425, -6.8876], [113.4834, -6.8967], [113.3948, -7.0301], [113.3953, -7.0707], [113.3639, -7.1003], [113.3793, -7.1484], [113.3719, -7.1946], [113.3936, -7.2173]]]}}, {"type": "Feature", "id": 9431, "properties": {"WADMKK": "Mamberamo Tengah", "WADMPR": "Papua Pegunungan", "KDPKAB": "91.21", "LUASWH": 9.3956321, "kode_wilayah": 9431, "nama_resmi": "Kabupaten Mamberamo Tengah", "tipe": "Kabupaten", "provinsi": "Papua Pegunungan", "pulau": "Papua", "parlemen": 15.0, "pendapatan": 44.4, "pengeluaran": 8051.026583735317, "ahh": 69.0509735119856, "profesional": 14.29, "tpak": 76.31893819640882, "rls": 5.823166817946883, "hls": 9.720033636371037, "skor_ekonomi": 57.65, "skor_keputusan": 21.65, "skor_kapasitas_sosial": 36.87, "ikpp_komposit": 39.09, "kuadran": "Kuadran IV (Ekonomi Tinggi, Keputusan Rendah)", "lisa_cluster_keputusan": "Low-Low (Coldspot)", "lisa_cluster_ekonomi": "High-High (Hotspot)", "pc1": -4.693, "pc2": 0.933, "lat": -2.375, "lon": 138.319}, "geometry": {"type": "Polygon", "coordinates": [[[138.6345, -3.7668], [138.7237, -3.7763], [138.7889, -3.8089], [138.8819, -3.7925], [138.9061, -3.8135], [138.9045, -3.868], [138.9493, -3.8789], [139.0335, -3.8592], [139.1183, -3.8161], [139.106, -3.7456], [139.1564, -3.7626], [139.2067, -3.7408], [139.2638, -3.7716], [139.2791, -3.7473], [139.2886, -3.6671], [139.3217, -3.6293], [139.4178, -3.6004], [139.4316, -3.5255], [139.4636, -3.4602], [139.3735, -3.4359], [139.3557, -3.4832], [139.2833, -3.4678], [139.2481, -3.4387], [139.2067, -3.449], [139.1404, -3.4258], [139.1474, -3.3732], [139.0729, -3.3238], [139.0655, -3.2764], [139.0301, -3.2853], [138.9246, -3.3894], [138.8724, -3.4229], [138.8881, -3.3575], [138.8756, -3.3402], [138.9083, -3.2558], [138.9023, -3.2812], [138.8074, -3.4254], [138.7603, -3.4499], [138.6118, -3.3876], [138.6414, -3.448], [138.7147, -3.5052], [138.7092, -3.5527], [138.7424, -3.6552], [138.6991, -3.7233], [138.648, -3.7113], [138.6208, -3.7688], [138.6345, -3.7668]]]}}, {"type": "Feature", "id": 9433, "properties": {"WADMKK": "Puncak", "WADMPR": "Papua Tengah", "KDPKAB": "91.25", "LUASWH": 12.39735017, "kode_wilayah": 9433, "nama_resmi": "Kabupaten Puncak", "tipe": "Kabupaten", "provinsi": "Papua Tengah", "pulau": "Papua", "parlemen": 12.5, "pendapatan": 30.98, "pengeluaran": 5026.0, "ahh": 68.6, "profesional": 77.05, "tpak": 93.41, "rls": 3.83, "hls": 9.44, "skor_ekonomi": 55.49, "skor_keputusan": 61.36, "skor_kapasitas_sosial": 28.42, "ikpp_komposit": 52.42, "kuadran": "Kuadran I (Ekonomi Tinggi, Keputusan Tinggi)", "lisa_cluster_keputusan": "High-Low (Spatial Outlier)", "lisa_cluster_ekonomi": "High-High (Hotspot)", "pc1": -4.872, "pc2": -0.627, "lat": -3.865, "lon": 137.606}, "geometry": {"type": "MultiPolygon", "coordinates": [[[[137.7103, -4.192], [137.7359, -4.1207], [137.8408, -4.1501], [137.8396, -4.1893], [137.925, -4.1625], [137.9799, -4.1214], [138.0055, -4.1205], [137.9621, -4.0409], [137.9704, -3.9639], [137.9613, -3.9386], [138.0012, -3.8971], [138.0795, -3.8733], [138.0227, -3.8448], [137.9751, -3.8594], [137.9039, -3.8323], [137.8892, -3.774], [137.8213, -3.6817], [137.7603, -3.7237], [137.6901, -3.7115], [137.657, -3.6523], [137.6895, -3.6132], [137.5974, -3.5738], [137.598, -3.5308], [137.5586, -3.4575], [137.5085, -3.4282], [137.4669, -3.3743], [137.4496, -3.2287], [137.565, -3.1028], [137.6509, -3.0925], [137.6834, -3.0487], [137.5812, -3.0662], [137.5486, -3.0551], [137.523, -3.0807], [137.4447, -3.1073], [137.4078, -3.0881], [137.3485, -3.0902], [137.221, -3.1243], [137.1105, -3.1335], [137.0625, -3.1832], [137.0625, -3.2332], [137.022, -3.2828], [137.0228, -3.3075], [137.103, -3.2637], [137.1934, -3.2387], [137.2361, -3.259], [137.2736, -3.2969], [137.2605, -3.3756], [137.192, -3.4601], [137.1285, -3.4198], [137.0566, -3.4696], [137.0236, -3.4593], [136.9845, -3.4795], [137.032, -3.5412], [137.0906, -3.5584], [137.171, -3.5509], [137.2081, -3.5584], [137.1888, -3.6536], [137.234, -3.6457], [137.2929, -3.5992], [137.3141, -3.5609], [137.3484, -3.5791], [137.3509, -3.616], [137.2839, -3.6744], [137.2067, -3.7787], [137.2071, -3.8123], [137.2461, -3.8407], [137.2551, -3.8819], [137.241, -3.9313], [137.1438, -3.9586], [137.2648, -3.9563], [137.2502, -4.0029], [137.1147, -4.0274], [137.1183, -4.0314], [137.1627, -4.064], [137.2824, -4.0542], [137.3254, -4.0719], [137.4064, -4.0741], [137.488, -4.1205], [137.5115, -4.1445], [137.5648, -4.1514], [137.5851, -4.1906], [137.6874, -4.2009], [137.7103, -4.192]]], [[[136.9611, -3.3332], [136.9098, -3.2572], [136.9163, -3.2352], [136.8881, -3.2593], [136.9244, -3.3291], [136.9611, -3.3332]]]]}}, {"type": "Feature", "id": 3274, "properties": {"WADMKK": "Cirebon", "WADMPR": "Jawa Barat", "KDPKAB": "32.09", "LUASWH": 1.30634196, "kode_wilayah": 3274, "nama_resmi": "Kota Cirebon", "tipe": "Kota", "provinsi": "Jawa Barat", "pulau": "Jawa", "parlemen": 34.29, "pendapatan": 31.77, "pengeluaran": 12869.0, "ahh": 75.55, "profesional": 44.52, "tpak": 54.77, "rls": 10.53, "hls": 13.17, "skor_ekonomi": 32.19, "skor_keputusan": 59.41, "skor_kapasitas_sosial": 66.94, "ikpp_komposit": 50.03, "kuadran": "Kuadran II (Ekonomi Rendah, Keputusan Tinggi)", "lisa_cluster_keputusan": "Not Significant", "lisa_cluster_ekonomi": "Low-Low (Coldspot)", "pc1": 1.516, "pc2": -0.458, "lat": -6.707, "lon": 108.558}, "geometry": {"type": "Polygon", "coordinates": [[[108.7605, -6.988], [108.7648, -6.8944], [108.8247, -6.8323], [108.8308, -6.7849], [108.7503, -6.8154], [108.6861, -6.8001], [108.6749, -6.765], [108.6117, -6.7684], [108.5911, -6.7433], [108.5296, -6.7792], [108.5235, -6.7344], [108.5621, -6.6913], [108.539, -6.5161], [108.4669, -6.5699], [108.4311, -6.5204], [108.3609, -6.5548], [108.3236, -6.6208], [108.3367, -6.6703], [108.3676, -6.6985], [108.3655, -6.7594], [108.398, -6.7951], [108.444, -6.7814], [108.5119, -6.7999], [108.5099, -6.8565], [108.621, -6.9104], [108.6531, -6.9037], [108.7077, -6.9376], [108.7218, -6.99], [108.7605, -6.988]]]}}, {"type": "Feature", "id": 6502, "properties": {"WADMKK": "Bulungan", "WADMPR": "Kalimantan Utara", "KDPKAB": "65.01", "LUASWH": 33.1827174, "kode_wilayah": 6502, "nama_resmi": "Kabupaten Bulungan", "tipe": "Kabupaten", "provinsi": "Kalimantan Utara", "pulau": "Kalimantan", "parlemen": 8.0, "pendapatan": 22.57, "pengeluaran": 11507.0, "ahh": 72.32, "profesional": 44.07, "tpak": 48.52, "rls": 8.38, "hls": 11.65, "skor_ekonomi": 19.52, "skor_keputusan": 35.21, "skor_kapasitas_sosial": 53.77, "ikpp_komposit": 32.65, "kuadran": "Kuadran III (Ekonomi Rendah, Keputusan Rendah)", "lisa_cluster_keputusan": "Not Significant", "lisa_cluster_ekonomi": "Low-Low (Coldspot)", "pc1": -0.469, "pc2": -1.496, "lat": 3.552, "lon": 116.622}, "geometry": {"type": "MultiPolygon", "coordinates": [[[[116.2228, 2.0979], [116.2863, 2.1025], [116.3492, 2.1781], [116.2898, 2.2356], [116.3044, 2.2623], [116.3574, 2.2945], [116.4021, 2.2979], [116.455, 2.2769], [116.4667, 2.3254], [116.5042, 2.3481], [116.4912, 2.446], [116.5572, 2.4565], [116.6286, 2.3938], [116.7144, 2.3914], [116.7509, 2.4356], [116.753, 2.4743], [116.795, 2.5095], [116.8447, 2.5195], [116.8771, 2.4958], [116.9242, 2.5049], [116.9608, 2.477], [116.9698, 2.4438], [117.024, 2.4598], [117.0155, 2.4977], [117.0485, 2.548], [117.1337, 2.5362], [117.172, 2.5619], [117.2148, 2.5647], [117.1922, 2.4957], [117.2699, 2.4829], [117.3082, 2.5338], [117.3638, 2.5387], [117.3881, 2.5598], [117.4153, 2.5014], [117.4993, 2.5216], [117.5721, 2.5015], [117.6128, 2.5199], [117.7087, 2.3915], [117.7212, 2.3463], [117.8116, 2.3264], [117.8219, 2.3613], [117.8638, 2.3929], [117.9183, 2.3936], [117.9882, 2.4351], [117.9382, 2.4729], [117.8862, 2.54], [117.8119, 2.6097], [117.7896, 2.6527], [117.7852, 2.7483], [117.6907, 2.7855], [117.728, 2.8289], [117.714, 2.9157], [117.6905, 2.9586], [117.6356, 2.9787], [117.6274, 3.0513], [117.5678, 3.0464], [117.5426, 3.0681], [117.4355, 3.0518], [117.4775, 3.0959], [117.4443, 3.1617], [117.3344, 3.1779], [117.3076, 3.2071], [117.3791, 3.2295], [117.4004, 3.2613], [117.5167, 3.2759], [117.5045, 3.322], [117.4468, 3.3409], [117.3885, 3.3302], [117.3675, 3.3645], [117.2991, 3.424], [117.2449, 3.3138], [117.1953, 3.3322], [117.1727, 3.3584], [117.1357, 3.3445], [117.0912, 3.3904], [117.0308, 3.4053], [116.8187, 3.387], [116.7784, 3.3715], [116.7071, 3.3712], [116.7824, 3.2911], [116.794, 3.2355], [116.7723, 3.1798], [116.7435, 3.1554], [116.725, 3.1011], [116.7459, 3.0435], [116.664, 3.0078], [116.6079, 2.9446], [116.5843, 2.891], [116.4788, 2.8229], [116.4355, 2.8116], [116.3633, 2.7145], [116.3267, 2.6916], [116.2939, 2.6166], [116.3094, 2.5751], [116.2762, 2.4915], [116.2134, 2.4649], [116.1727, 2.4023], [116.1183, 2.3873], [116.0602, 2.3163], [116.0368, 2.2572], [115.989, 2.262], [116.011, 2.1915], [116.0566, 2.145], [116.0965, 2.1703], [116.148, 2.1526], [116.2228, 2.0979]]], [[[117.4565, 3.55], [117.4563, 3.5155], [117.5035, 3.5067], [117.5472, 3.4712], [117.6061, 3.4744], [117.6094, 3.5006], [117.5082, 3.5432], [117.4565, 3.55]]], [[[117.4928, 3.4075], [117.4493, 3.4021], [117.4553, 3.3474], [117.5051, 3.3554], [117.4928, 3.4075]]], [[[117.8738, 3.4671], [117.8501, 3.5372], [117.8009, 3.5894], [117.7562, 3.564], [117.7722, 3.5058], [117.8423, 3.4555], [117.8738, 3.4671]]]]}}, {"type": "Feature", "id": 1608, "properties": {"WADMKK": "Ogan Komering Ulu Selatan", "WADMPR": "Sumatera Selatan", "KDPKAB": "16.09", "LUASWH": 11.17902555, "kode_wilayah": 1608, "nama_resmi": "Kabupaten Ogan Komering Ulu Selatan", "tipe": "Kabupaten", "provinsi": "Sumatera Selatan", "pulau": "Sumatera", "parlemen": 12.82, "pendapatan": 23.69, "pengeluaran": 9680.0, "ahh": 70.29, "profesional": 57.49, "tpak": 66.58, "rls": 8.25, "hls": 11.82, "skor_ekonomi": 31.83, "skor_keputusan": 48.57, "skor_kapasitas_sosial": 49.38, "ikpp_komposit": 42.04, "kuadran": "Kuadran II (Ekonomi Rendah, Keputusan Tinggi)", "lisa_cluster_keputusan": "Not Significant", "lisa_cluster_ekonomi": "Not Significant", "pc1": -1.15, "pc2": -1.0, "lat": -4.369, "lon": 104.358}, "geometry": {"type": "Polygon", "coordinates": [[[103.8557, -4.8919], [103.8638, -4.9174], [103.9356, -4.8846], [103.9616, -4.9105], [104.0719, -4.9039], [104.1216, -4.9242], [104.1744, -4.9058], [104.1913, -4.863], [104.2634, -4.8812], [104.2872, -4.8556], [104.3395, -4.8672], [104.3405, -4.8227], [104.3125, -4.7788], [104.2993, -4.644], [104.2774, -4.5792], [104.2242, -4.4909], [104.2113, -4.4492], [104.1513, -4.4058], [104.0456, -4.4581], [103.9883, -4.4634], [103.9191, -4.3451], [103.8369, -4.2376], [103.74, -4.248], [103.7062, -4.2762], [103.6263, -4.2733], [103.5972, -4.3577], [103.545, -4.3711], [103.4675, -4.3549], [103.4465, -4.3744], [103.4066, -4.5008], [103.4834, -4.5766], [103.5293, -4.5707], [103.5931, -4.5229], [103.6295, -4.55], [103.6243, -4.5942], [103.6668, -4.6155], [103.7077, -4.696], [103.6773, -4.7176], [103.7706, -4.7484], [103.7905, -4.779], [103.8263, -4.8017], [103.8695, -4.8564], [103.8557, -4.8919]]]}}, {"type": "Feature", "id": 1704, "properties": {"WADMKK": "Kaur", "WADMPR": "Bengkulu", "KDPKAB": "17.04", "LUASWH": 3.54688776, "kode_wilayah": 1704, "nama_resmi": "Kabupaten Kaur", "tipe": "Kabupaten", "provinsi": "Bengkulu", "pulau": "Sumatera", "parlemen": 16.0, "pendapatan": 38.6, "pengeluaran": 9742.0, "ahh": 69.54, "profesional": 56.45, "tpak": 56.42, "rls": 8.47, "hls": 13.15, "skor_ekonomi": 39.73, "skor_keputusan": 50.76, "skor_kapasitas_sosial": 51.41, "ikpp_komposit": 46.48, "kuadran": "Kuadran I (Ekonomi Tinggi, Keputusan Tinggi)", "lisa_cluster_keputusan": "Not Significant", "lisa_cluster_ekonomi": "Not Significant", "pc1": -0.678, "pc2": 0.02, "lat": -4.759, "lon": 103.349}, "geometry": {"type": "Polygon", "coordinates": [[[103.0703, -4.5589], [103.1541, -4.6019], [103.2844, -4.7105], [103.3279, -4.8082], [103.3564, -4.7969], [103.4038, -4.8184], [103.4095, -4.8617], [103.499, -4.8749], [103.5621, -4.9239], [103.596, -4.9224], [103.6693, -4.8493], [103.7311, -4.7993], [103.7905, -4.779], [103.7706, -4.7484], [103.6773, -4.7176], [103.7077, -4.696], [103.6668, -4.6155], [103.6243, -4.5942], [103.6295, -4.55], [103.5931, -4.5229], [103.5293, -4.5707], [103.4834, -4.5766], [103.4066, -4.5008], [103.4465, -4.3744], [103.4675, -4.3549], [103.4098, -4.3138], [103.3715, -4.3159], [103.3161, -4.2672], [103.2889, -4.262], [103.2691, -4.2933], [103.2007, -4.3088], [103.201, -4.3935], [103.1676, -4.3993], [103.1211, -4.4822], [103.0803, -4.5086], [103.0703, -4.5589]]]}}, {"type": "Feature", "id": 5202, "properties": {"WADMKK": "Lombok Tengah", "WADMPR": "Nusa Tenggara Barat", "KDPKAB": "52.02", "LUASWH": 588842719656000.0, "kode_wilayah": 5202, "nama_resmi": "Kabupaten Lombok Tengah", "tipe": "Kabupaten", "provinsi": "Nusa Tenggara Barat", "pulau": "Bali & Nusa Tenggara", "parlemen": 12.0, "pendapatan": 36.07, "pengeluaran": 11531.0, "ahh": 69.35, "profesional": 37.57, "tpak": 71.38, "rls": 6.73, "hls": 13.89, "skor_ekonomi": 46.63, "skor_keputusan": 34.49, "skor_kapasitas_sosial": 50.34, "ikpp_komposit": 42.52, "kuadran": "Kuadran IV (Ekonomi Tinggi, Keputusan Rendah)", "lisa_cluster_keputusan": "Low-Low (Coldspot)", "lisa_cluster_ekonomi": "High-High (Hotspot)", "pc1": -1.563, "pc2": 0.926, "lat": -8.706, "lon": 116.27}, "geometry": {"type": "Polygon", "coordinates": [[[116.1093, -8.8727], [116.1505, -8.8629], [116.1658, -8.9055], [116.324, -8.9082], [116.3966, -8.9371], [116.4027, -8.8646], [116.396, -8.8178], [116.4463, -8.7443], [116.4281, -8.6906], [116.3786, -8.664], [116.3843, -8.4905], [116.4063, -8.4345], [116.3373, -8.4105], [116.3059, -8.4571], [116.3206, -8.4983], [116.2495, -8.5927], [116.1748, -8.6222], [116.1961, -8.6735], [116.1689, -8.6821], [116.1663, -8.7323], [116.0925, -8.8385], [116.1093, -8.8727]]]}}, {"type": "Feature", "id": 7204, "properties": {"WADMKK": "Poso", "WADMPR": "Sulawesi Tengah", "KDPKAB": "72.02", "LUASWH": 18.0462711, "kode_wilayah": 7204, "nama_resmi": "Kabupaten Poso", "tipe": "Kabupaten", "provinsi": "Sulawesi Tengah", "pulau": "Sulawesi", "parlemen": 33.33, "pendapatan": 33.0, "pengeluaran": 8863.0, "ahh": 68.61, "profesional": 53.52, "tpak": 60.41, "rls": 8.56, "hls": 12.43, "skor_ekonomi": 36.87, "skor_keputusan": 64.56, "skor_kapasitas_sosial": 48.21, "ikpp_komposit": 50.21, "kuadran": "Kuadran I (Ekonomi Tinggi, Keputusan Tinggi)", "lisa_cluster_keputusan": "Not Significant", "lisa_cluster_ekonomi": "Not Significant", "pc1": -0.834, "pc2": -1.098, "lat": 1.018, "lon": 120.798}, "geometry": {"type": "Polygon", "coordinates": [[[120.8377, -2.2186], [120.8377, -2.1398], [120.8172, -2.0643], [120.9283, -1.9211], [120.956, -1.8172], [120.9539, -1.6946], [120.9359, -1.6505], [120.8881, -1.4766], [120.8877, -1.411], [120.8439, -1.4014], [120.8442, -1.3597], [120.7618, -1.3681], [120.6762, -1.4152], [120.6441, -1.3654], [120.6397, -1.3117], [120.5713, -1.2562], [120.5715, -1.1991], [120.5919, -1.1766], [120.5812, -1.108], [120.4895, -1.1463], [120.424, -1.1528], [120.3542, -1.1852], [120.2867, -1.2049], [120.2709, -1.2322], [120.2309, -1.2238], [120.225, -1.2932], [120.2691, -1.3407], [120.2773, -1.3998], [120.2379, -1.443], [120.1843, -1.4466], [120.1021, -1.5174], [120.1297, -1.5588], [120.1248, -1.6472], [120.1437, -1.7214], [120.1803, -1.7717], [120.1227, -1.7895], [120.0945, -1.8234], [120.1351, -1.8809], [120.1262, -1.9121], [120.0891, -1.9287], [120.0945, -1.9675], [120.1291, -1.9946], [120.1803, -1.9662], [120.2329, -1.987], [120.2898, -2.0387], [120.3256, -2.0405], [120.3291, -1.9969], [120.3878, -1.9751], [120.4201, -1.979], [120.4804, -2.0828], [120.5134, -2.1102], [120.5292, -2.0837], [120.524, -2.032], [120.5538, -2.024], [120.6035, -2.0987], [120.6328, -2.1099], [120.6823, -2.1924], [120.7234, -2.211], [120.7432, -2.2419], [120.7813, -2.2139], [120.8377, -2.2186]]]}}, {"type": "Feature", "id": 1407, "properties": {"WADMKK": "Rokan Hulu", "WADMPR": "Riau", "KDPKAB": "14.06", "LUASWH": 6.83197483, "kode_wilayah": 1407, "nama_resmi": "Kabupaten Rokan Hulu", "tipe": "Kabupaten", "provinsi": "Riau", "pulau": "Sumatera", "parlemen": 6.67, "pendapatan": 26.47, "pengeluaran": 10586.0, "ahh": 72.97, "profesional": 57.32, "tpak": 47.03, "rls": 8.94, "hls": 12.94, "skor_ekonomi": 22.31, "skor_keputusan": 42.86, "skor_kapasitas_sosial": 57.39, "ikpp_komposit": 37.55, "kuadran": "Kuadran III (Ekonomi Rendah, Keputusan Rendah)", "lisa_cluster_keputusan": "Not Significant", "lisa_cluster_ekonomi": "Not Significant", "pc1": 0.283, "pc2": -0.995, "lat": 2.099, "lon": 100.818}, "geometry": {"type": "Polygon", "coordinates": [[[100.4458, 0.4178], [100.4939, 0.4536], [100.5179, 0.44], [100.551, 0.4708], [100.5424, 0.5019], [100.5755, 0.5256], [100.7195, 0.3899], [100.7845, 0.4038], [100.8413, 0.3923], [100.8405, 0.4599], [100.8637, 0.4654], [100.8639, 0.5287], [100.7806, 0.5508], [100.7579, 0.5895], [100.658, 0.6061], [100.6041, 0.7047], [100.7036, 0.7815], [100.745, 0.8698], [100.7602, 0.8549], [100.8349, 0.941], [100.9932, 0.9683], [100.9973, 1.0195], [100.984, 1.082], [100.9883, 1.2981], [100.9734, 1.3488], [100.976, 1.3788], [100.9347, 1.3964], [100.8554, 1.3451], [100.8278, 1.316], [100.786, 1.2402], [100.7062, 1.241], [100.6647, 1.2916], [100.6258, 1.2299], [100.5593, 1.2552], [100.4523, 1.3377], [100.4579, 1.3687], [100.3637, 1.4009], [100.3409, 1.4376], [100.3005, 1.417], [100.2372, 1.4061], [100.1805, 1.4168], [100.0525, 1.3778], [100.0507, 1.3727], [100.0717, 1.3389], [100.0789, 1.3461], [100.1229, 1.2472], [100.1111, 1.2215], [100.1704, 1.1227], [100.1285, 1.1066], [100.1493, 1.0099], [100.1511, 0.9359], [100.1217, 0.8214], [100.1812, 0.7623], [100.2133, 0.7361], [100.2619, 0.7332], [100.2737, 0.6771], [100.2203, 0.6621], [100.1981, 0.6263], [100.2395, 0.5316], [100.2244, 0.5028], [100.2761, 0.4119], [100.3014, 0.3964], [100.3459, 0.3806], [100.3893, 0.4071], [100.4458, 0.4178]]]}}, {"type": "Feature", "id": 3577, "properties": {"WADMKK": "Kota Madiun", "WADMPR": "Jawa Timur", "KDPKAB": "35.77", "LUASWH": 1.90119383, "kode_wilayah": 3577, "nama_resmi": "Kota Madiun", "tipe": "Kota", "provinsi": "Jawa Timur", "pulau": "Jawa", "parlemen": 20.69, "pendapatan": 38.79, "pengeluaran": 17518.0, "ahh": 75.98, "profesional": 49.97, "tpak": 62.81, "rls": 12.11, "hls": 14.54, "skor_ekonomi": 43.89, "skor_keputusan": 50.69, "skor_kapasitas_sosial": 78.01, "ikpp_komposit": 53.43, "kuadran": "Kuadran I (Ekonomi Tinggi, Keputusan Tinggi)", "lisa_cluster_keputusan": "Not Significant", "lisa_cluster_ekonomi": "Not Significant", "pc1": 2.762, "pc2": 1.724, "lat": -7.624, "lon": 111.521}, "geometry": {"type": "Polygon", "coordinates": [[[111.5107, -7.6592], [111.5417, -7.6587], [111.5585, -7.5994], [111.5009, -7.6076], [111.5117, -7.6489], [111.5107, -7.6592]]]}}, {"type": "Feature", "id": 7472, "properties": {"WADMKK": "Kota Bau Bau", "WADMPR": "Sulawesi Tenggara", "KDPKAB": "74.72", "LUASWH": 390.01750739, "kode_wilayah": 7472, "nama_resmi": "Kota Baubau", "tipe": "Kota", "provinsi": "Sulawesi Tenggara", "pulau": "Sulawesi", "parlemen": 20.0, "pendapatan": 31.29, "pengeluaran": 11717.0, "ahh": 71.52, "profesional": 55.53, "tpak": 52.56, "rls": 8.52, "hls": 13.69, "skor_ekonomi": 30.36, "skor_keputusan": 53.78, "skor_kapasitas_sosial": 57.01, "ikpp_komposit": 45.06, "kuadran": "Kuadran II (Ekonomi Rendah, Keputusan Tinggi)", "lisa_cluster_keputusan": "Not Significant", "lisa_cluster_ekonomi": "Not Significant", "pc1": 0.427, "pc2": -0.655, "lat": -5.485, "lon": 122.585}, "geometry": {"type": "Polygon", "coordinates": [[[122.5737, -5.5381], [122.6705, -5.4963], [122.7423, -5.4796], [122.7699, -5.4142], [122.7601, -5.3758], [122.6838, -5.3222], [122.6559, -5.3237], [122.6187, -5.406], [122.6504, -5.4366], [122.5974, -5.4545], [122.5646, -5.4821], [122.5737, -5.5381]]]}}, {"type": "Feature", "id": 1310, "properties": {"WADMKK": "Solok Selatan", "WADMPR": "Sumatera Barat", "KDPKAB": "13.11", "LUASWH": 127.69487655, "kode_wilayah": 1310, "nama_resmi": "Kabupaten Solok Selatan", "tipe": "Kabupaten", "provinsi": "Sumatera Barat", "pulau": "Sumatera", "parlemen": 0.0, "pendapatan": 36.99, "pengeluaran": 11240.0, "ahh": 71.02, "profesional": 62.21, "tpak": 65.91, "rls": 8.85, "hls": 13.07, "skor_ekonomi": 44.1, "skor_keputusan": 40.07, "skor_kapasitas_sosial": 55.48, "ikpp_komposit": 44.76, "kuadran": "Kuadran IV (Ekonomi Tinggi, Keputusan Rendah)", "lisa_cluster_keputusan": "Not Significant", "lisa_cluster_ekonomi": "Not Significant", "pc1": -0.632, "pc2": 1.021, "lat": -0.953, "lon": 101.494}, "geometry": {"type": "Polygon", "coordinates": [[[101.1317, -1.6847], [101.2159, -1.7251], [101.2719, -1.6954], [101.3365, -1.6807], [101.3911, -1.6897], [101.4266, -1.6775], [101.4314, -1.6416], [101.473, -1.5918], [101.5097, -1.573], [101.5272, -1.4886], [101.6721, -1.3886], [101.4686, -1.2813], [101.4678, -1.2589], [101.4108, -1.1841], [101.4029, -1.1505], [101.4355, -1.0983], [101.4536, -1.011], [101.3763, -1.0476], [101.3399, -1.0767], [101.335, -1.134], [101.2946, -1.1513], [101.2323, -1.1511], [101.198, -1.107], [101.1666, -1.1028], [101.1769, -1.1352], [101.2455, -1.2145], [101.2424, -1.2951], [101.1715, -1.3038], [101.0842, -1.2973], [101.0339, -1.2771], [100.9836, -1.313], [100.9388, -1.2836], [100.8928, -1.3257], [100.8928, -1.3903], [100.9372, -1.4252], [100.9348, -1.4601], [100.9762, -1.4831], [100.9845, -1.5291], [101.02, -1.5647], [101.0181, -1.6073], [101.0624, -1.6524], [101.1317, -1.6847]]]}}, {"type": "Feature", "id": 3503, "properties": {"WADMKK": "Trenggalek", "WADMPR": "Jawa Timur", "KDPKAB": "35.03", "LUASWH": 2.11585372, "kode_wilayah": 3503, "nama_resmi": "Kabupaten Trenggalek", "tipe": "Kabupaten", "provinsi": "Jawa Timur", "pulau": "Jawa", "parlemen": 11.11, "pendapatan": 38.04, "pengeluaran": 10872.0, "ahh": 76.72, "profesional": 57.46, "tpak": 70.27, "rls": 7.92, "hls": 12.63, "skor_ekonomi": 47.82, "skor_keputusan": 46.99, "skor_kapasitas_sosial": 59.74, "ikpp_komposit": 49.87, "kuadran": "Kuadran IV (Ekonomi Tinggi, Keputusan Rendah)", "lisa_cluster_keputusan": "Not Significant", "lisa_cluster_ekonomi": "Not Significant", "pc1": -0.517, "pc2": 1.057, "lat": -8.048, "lon": 111.709}, "geometry": {"type": "Polygon", "coordinates": [[[111.4035, -8.2704], [111.4265, -8.2586], [111.4639, -8.3224], [111.5118, -8.3327], [111.5502, -8.306], [111.6832, -8.3747], [111.6884, -8.3354], [111.7697, -8.2888], [111.7514, -8.2883], [111.7181, -8.1919], [111.7336, -8.1422], [111.8136, -8.137], [111.841, -8.119], [111.7802, -8.0392], [111.7545, -8.0308], [111.7591, -7.9837], [111.7381, -7.9585], [111.7553, -7.9083], [111.7409, -7.8792], [111.6881, -7.9331], [111.647, -7.9549], [111.6563, -7.9964], [111.5834, -8.0251], [111.5353, -8.0597], [111.5279, -8.1074], [111.483, -8.1259], [111.4654, -8.175], [111.4248, -8.1704], [111.3936, -8.2298], [111.4035, -8.2704]]]}}, {"type": "Feature", "id": 3215, "properties": {"WADMKK": "Karawang", "WADMPR": "Jawa Barat", "KDPKAB": "32.15", "LUASWH": 2.05119198, "kode_wilayah": 3215, "nama_resmi": "Kabupaten Karawang", "tipe": "Kabupaten", "provinsi": "Jawa Barat", "pulau": "Jawa", "parlemen": 16.0, "pendapatan": 27.96, "pengeluaran": 12942.0, "ahh": 75.29, "profesional": 42.71, "tpak": 43.48, "rls": 8.05, "hls": 12.21, "skor_ekonomi": 21.53, "skor_keputusan": 41.57, "skor_kapasitas_sosial": 59.34, "ikpp_komposit": 37.11, "kuadran": "Kuadran III (Ekonomi Rendah, Keputusan Rendah)", "lisa_cluster_keputusan": "Not Significant", "lisa_cluster_ekonomi": "Low-Low (Coldspot)", "pc1": 0.373, "pc2": -1.237, "lat": -6.302, "lon": 107.305}, "geometry": {"type": "Polygon", "coordinates": [[[107.2205, -6.5907], [107.3403, -6.4793], [107.4351, -6.4581], [107.5003, -6.4084], [107.5294, -6.4184], [107.579, -6.3223], [107.5821, -6.2561], [107.6429, -6.2155], [107.6208, -6.1877], [107.5425, -6.1785], [107.4733, -6.1486], [107.4035, -6.0376], [107.3456, -5.9718], [107.2664, -5.9607], [107.1871, -5.9879], [107.1337, -5.9763], [107.0982, -5.9399], [107.0942, -6.0234], [107.1431, -6.0708], [107.2625, -6.111], [107.2838, -6.1378], [107.2761, -6.267], [107.2249, -6.3053], [107.2023, -6.4138], [107.2169, -6.4614], [107.174, -6.4858], [107.165, -6.5031], [107.1931, -6.5783], [107.2205, -6.5907]]]}}, {"type": "Feature", "id": 7601, "properties": {"WADMKK": "Majene", "WADMPR": "Sulawesi Barat", "KDPKAB": "76.05", "LUASWH": 8.58262373, "kode_wilayah": 7601, "nama_resmi": "Kabupaten Majene", "tipe": "Kabupaten", "provinsi": "Sulawesi Barat", "pulau": "Sulawesi", "parlemen": 20.0, "pendapatan": 42.13, "pengeluaran": 9250.0, "ahh": 71.7, "profesional": 55.24, "tpak": 47.53, "rls": 7.94, "hls": 12.68, "skor_ekonomi": 37.57, "skor_keputusan": 53.59, "skor_kapasitas_sosial": 51.72, "ikpp_komposit": 46.81, "kuadran": "Kuadran I (Ekonomi Tinggi, Keputusan Tinggi)", "lisa_cluster_keputusan": "High-High (Hotspot)", "lisa_cluster_ekonomi": "Not Significant", "pc1": -0.606, "pc2": -0.315, "lat": -1.174, "lon": 119.377}, "geometry": {"type": "Polygon", "coordinates": [[[118.8776, -2.9224], [118.8486, -2.9875], [118.8596, -3.0318], [118.8382, -3.0817], [118.7783, -3.0813], [118.7817, -3.1245], [118.8292, -3.1701], [118.8312, -3.2325], [118.8576, -3.2966], [118.8423, -3.3333], [118.8511, -3.3898], [118.9066, -3.5254], [118.9465, -3.5529], [119.0053, -3.5334], [118.9676, -3.4977], [118.9513, -3.4454], [118.9155, -3.4086], [118.9389, -3.3593], [118.9255, -3.328], [118.9098, -3.1636], [118.9547, -3.1593], [118.9466, -3.1066], [119.0367, -3.0845], [119.0741, -3.1117], [119.0576, -3.0475], [119.0827, -3.0245], [119.0691, -2.9891], [119.0261, -2.9604], [118.9741, -2.9281], [118.8776, -2.9224]]]}}, {"type": "Feature", "id": 9410, "properties": {"WADMKK": "Paniai", "WADMPR": "Papua Tengah", "KDPKAB": "91.08", "LUASWH": 15.15169431, "kode_wilayah": 9410, "nama_resmi": "Kabupaten Paniai", "tipe": "Kabupaten", "provinsi": "Papua Tengah", "pulau": "Papua", "parlemen": 0.0, "pendapatan": 47.87, "pengeluaran": 4597.0, "ahh": 57.59, "profesional": 2.32, "tpak": 95.08, "rls": 1.92, "hls": 4.45, "skor_ekonomi": 72.64, "skor_keputusan": 0.0, "skor_kapasitas_sosial": 0.0, "ikpp_komposit": 29.06, "kuadran": "Kuadran IV (Ekonomi Tinggi, Keputusan Rendah)", "lisa_cluster_keputusan": "Low-Low (Coldspot)", "lisa_cluster_ekonomi": "High-High (Hotspot)", "pc1": -10.817, "pc2": 0.483, "lat": -3.788, "lon": 136.362}, "geometry": {"type": "MultiPolygon", "coordinates": [[[[136.1925, -3.9825], [136.2354, -3.9964], [136.2656, -3.9809], [136.4319, -4.0167], [136.526, -4.0299], [136.5664, -4.0841], [136.5989, -4.0952], [136.5766, -4.1502], [136.6982, -4.1924], [136.7706, -4.1654], [136.735, -4.0919], [136.775, -4.0785], [136.9226, -4.1285], [137.0184, -4.1203], [137.0094, -4.0858], [137.0361, -4.0451], [137.095, -4.0323], [137.0217, -3.9428], [137.0098, -3.8849], [136.9684, -3.9206], [136.9453, -3.9107], [136.9125, -3.9584], [136.7844, -3.8807], [136.7365, -3.8865], [136.7328, -3.8419], [136.7624, -3.7877], [136.7143, -3.7744], [136.5649, -3.7109], [136.59, -3.6762], [136.5774, -3.6112], [136.4988, -3.5971], [136.4701, -3.5549], [136.4359, -3.5572], [136.4199, -3.4949], [136.3892, -3.4735], [136.3444, -3.3774], [136.2995, -3.4025], [136.2814, -3.3278], [136.2478, -3.3025], [136.1869, -3.3022], [136.1846, -3.3405], [136.1536, -3.3714], [136.1595, -3.4438], [136.1165, -3.4718], [136.0516, -3.5453], [136.0192, -3.5557], [136.0006, -3.6271], [136.0159, -3.6915], [136.0782, -3.7362], [136.1136, -3.7399], [136.1028, -3.8017], [136.1263, -3.8568], [136.1458, -3.9485], [136.1925, -3.9825]]], [[[137.1147, -4.0274], [137.2502, -4.0029], [137.2648, -3.9563], [137.1438, -3.9586], [137.1476, -3.9908], [137.1147, -4.0274]]]]}}, {"type": "Feature", "id": 6103, "properties": {"WADMKK": "Landak", "WADMPR": "Kalimantan Barat", "KDPKAB": "61.08", "LUASWH": 26.28052309, "kode_wilayah": 6103, "nama_resmi": "Kabupaten Landak", "tipe": "Kabupaten", "provinsi": "Kalimantan Barat", "pulau": "Kalimantan", "parlemen": 20.0, "pendapatan": 36.14, "pengeluaran": 8868.0, "ahh": 76.46, "profesional": 45.29, "tpak": 56.55, "rls": 7.46, "hls": 12.54, "skor_ekonomi": 37.47, "skor_keputusan": 46.93, "skor_kapasitas_sosial": 56.29, "ikpp_komposit": 45.02, "kuadran": "Kuadran IV (Ekonomi Tinggi, Keputusan Rendah)", "lisa_cluster_keputusan": "Not Significant", "lisa_cluster_ekonomi": "Not Significant", "pc1": -0.692, "pc2": -0.142, "lat": 0.123, "lon": 110.596}, "geometry": {"type": "Polygon", "coordinates": [[[109.3678, 0.1967], [109.4362, 0.2298], [109.4885, 0.2149], [109.4888, 0.1639], [109.5114, 0.1165], [109.5006, 0.0685], [109.5216, 0.0376], [109.525, -0.0262], [109.5651, -0.0138], [109.5929, 0.038], [109.6838, 0.0633], [109.7064, 0.0896], [109.8764, 0.077], [110.0052, 0.1474], [110.0493, 0.2111], [110.1014, 0.2184], [110.1459, 0.2711], [110.1348, 0.292], [110.1924, 0.4077], [110.1639, 0.4576], [110.1987, 0.4851], [110.1993, 0.5258], [110.2513, 0.5466], [110.2201, 0.6016], [110.2451, 0.6762], [110.2393, 0.7276], [110.201, 0.7525], [110.1787, 0.8069], [110.2073, 0.8472], [110.2591, 0.8595], [110.2171, 0.9182], [110.2248, 0.9638], [110.2046, 0.9949], [110.1354, 1.0203], [110.0816, 1.0352], [109.9354, 1.0264], [109.9317, 0.949], [109.8562, 0.8581], [109.772, 0.8498], [109.7667, 0.8341], [109.6848, 0.8429], [109.6606, 0.7531], [109.567, 0.7127], [109.4889, 0.7334], [109.482, 0.7643], [109.4213, 0.7415], [109.3531, 0.7744], [109.3144, 0.7266], [109.2752, 0.7454], [109.2119, 0.7026], [109.1516, 0.6818], [109.174, 0.6641], [109.2505, 0.6677], [109.2844, 0.6274], [109.2599, 0.6105], [109.2338, 0.5245], [109.2052, 0.4987], [109.3005, 0.4168], [109.3106, 0.3601], [109.2677, 0.3325], [109.2251, 0.3294], [109.1771, 0.2836], [109.1794, 0.2464], [109.2739, 0.2359], [109.3185, 0.2462], [109.3678, 0.1967]]]}}, {"type": "Feature", "id": 6204, "properties": {"WADMKK": "Barito Selatan", "WADMPR": "Kalimantan Tengah", "KDPKAB": "62.04", "LUASWH": 98.09110551, "kode_wilayah": 6204, "nama_resmi": "Kabupaten Barito Selatan", "tipe": "Kabupaten", "provinsi": "Kalimantan Tengah", "pulau": "Kalimantan", "parlemen": 52.0, "pendapatan": 37.91, "pengeluaran": 12508.0, "ahh": 69.91, "profesional": 51.98, "tpak": 52.58, "rls": 9.22, "hls": 13.0, "skor_ekonomi": 36.68, "skor_keputusan": 80.5, "skor_kapasitas_sosial": 55.93, "ikpp_komposit": 58.06, "kuadran": "Kuadran I (Ekonomi Tinggi, Keputusan Tinggi)", "lisa_cluster_keputusan": "High-High (Hotspot)", "lisa_cluster_ekonomi": "Not Significant", "pc1": 0.837, "pc2": -1.258, "lat": -1.719, "lon": 114.845}, "geometry": {"type": "Polygon", "coordinates": [[[114.8587, -2.5231], [114.8743, -2.4972], [115.0014, -2.3957], [114.9797, -2.3688], [114.9196, -2.2371], [114.9316, -2.1876], [114.9137, -2.1686], [114.9334, -2.118], [114.9252, -2.0893], [114.9413, -1.9836], [114.9367, -1.8425], [114.9711, -1.7964], [115.0254, -1.6875], [115.0686, -1.6495], [115.0824, -1.6791], [115.1571, -1.6407], [115.3145, -1.6447], [115.3621, -1.6204], [115.3568, -1.6037], [115.391, -1.5205], [115.4276, -1.5023], [115.4545, -1.4616], [115.4419, -1.4057], [115.401, -1.3553], [115.4126, -1.2637], [115.365, -1.2559], [115.3084, -1.2961], [115.3008, -1.3343], [115.2546, -1.3632], [115.2443, -1.3204], [115.1913, -1.3138], [115.1773, -1.2912], [115.1277, -1.3137], [114.991, -1.3186], [114.8946, -1.3536], [114.7908, -1.3471], [114.6681, -1.3193], [114.6619, -1.4082], [114.6138, -1.5515], [114.6242, -1.6041], [114.5968, -1.6704], [114.6205, -1.9076], [114.6168, -2.0167], [114.6506, -2.0882], [114.6941, -2.1551], [114.6817, -2.2322], [114.6805, -2.3245], [114.6443, -2.4048], [114.7369, -2.4394], [114.7698, -2.4932], [114.7186, -2.5676], [114.7795, -2.6062], [114.7973, -2.5915], [114.8587, -2.5231]]]}}, {"type": "Feature", "id": 1673, "properties": {"WADMKK": "Kota Pagar Alam", "WADMPR": "Sumatera Selatan", "KDPKAB": "16.72", "LUASWH": 16.33609412, "kode_wilayah": 1673, "nama_resmi": "Kota Pagar Alam", "tipe": "Kota", "provinsi": "Sumatera Selatan", "pulau": "Sumatera", "parlemen": 17.39, "pendapatan": 22.14, "pengeluaran": 10245.0, "ahh": 70.02, "profesional": 62.17, "tpak": 67.43, "rls": 9.44, "hls": 13.5, "skor_ekonomi": 30.88, "skor_keputusan": 55.85, "skor_kapasitas_sosial": 55.34, "ikpp_komposit": 45.76, "kuadran": "Kuadran II (Ekonomi Rendah, Keputusan Tinggi)", "lisa_cluster_keputusan": "Not Significant", "lisa_cluster_ekonomi": "Not Significant", "pc1": 0.08, "pc2": -0.79, "lat": -3.326, "lon": 102.825}, "geometry": {"type": "Polygon", "coordinates": [[[103.376, -4.2106], [103.3591, -4.1811], [103.3613, -4.0982], [103.39, -4.0721], [103.4134, -3.9892], [103.3531, -4.0025], [103.3438, -4.051], [103.2782, -4.0319], [103.2251, -3.9893], [103.1899, -3.9894], [103.1299, -4.0243], [103.1455, -4.1145], [103.1862, -4.1619], [103.1778, -4.2407], [103.2241, -4.2407], [103.2889, -4.262], [103.3161, -4.2672], [103.376, -4.2106]]]}}, {"type": "Feature", "id": 7305, "properties": {"WADMKK": "Takalar", "WADMPR": "Sulawesi Selatan", "KDPKAB": "73.05", "LUASWH": 2.69042196, "kode_wilayah": 7305, "nama_resmi": "Kabupaten Takalar", "tipe": "Kabupaten", "provinsi": "Sulawesi Selatan", "pulau": "Sulawesi", "parlemen": 31.43, "pendapatan": 27.88, "pengeluaran": 12058.0, "ahh": 71.75, "profesional": 55.05, "tpak": 41.26, "rls": 8.8, "hls": 13.63, "skor_ekonomi": 20.07, "skor_keputusan": 63.85, "skor_kapasitas_sosial": 58.15, "ikpp_komposit": 45.2, "kuadran": "Kuadran II (Ekonomi Rendah, Keputusan Tinggi)", "lisa_cluster_keputusan": "High-High (Hotspot)", "lisa_cluster_ekonomi": "Not Significant", "pc1": 1.225, "pc2": -1.881, "lat": -5.425, "lon": 119.441}, "geometry": {"type": "MultiPolygon", "coordinates": [[[[119.3657, -5.4226], [119.4306, -5.5086], [119.4184, -5.5603], [119.4402, -5.5963], [119.5092, -5.5375], [119.4878, -5.4922], [119.5283, -5.4812], [119.5311, -5.4316], [119.5737, -5.4464], [119.6366, -5.431], [119.6461, -5.3997], [119.5696, -5.293], [119.4814, -5.311], [119.4569, -5.3724], [119.4209, -5.4113], [119.3657, -5.4226]]], [[[119.3654, -5.4221], [119.4006, -5.3822], [119.3945, -5.3106], [119.3765, -5.2928], [119.4065, -5.2323], [119.3838, -5.2105], [119.3693, -5.3012], [119.3542, -5.3258], [119.3654, -5.4221]]]]}}, {"type": "Feature", "id": 5321, "properties": {"WADMKK": "Malaka", "WADMPR": "Nusa Tenggara Timur", "KDPKAB": "53.21", "LUASWH": 1936.0107416499998, "kode_wilayah": 5321, "nama_resmi": "Kabupaten Malaka", "tipe": "Kabupaten", "provinsi": "Nusa Tenggara Timur", "pulau": "Bali & Nusa Tenggara", "parlemen": 16.0, "pendapatan": 51.75, "pengeluaran": 6879.0, "ahh": 67.98, "profesional": 59.55, "tpak": 67.68, "rls": 7.14, "hls": 12.83, "skor_ekonomi": 59.29, "skor_keputusan": 52.84, "skor_kapasitas_sosial": 43.06, "ikpp_komposit": 53.46, "kuadran": "Kuadran I (Ekonomi Tinggi, Keputusan Tinggi)", "lisa_cluster_keputusan": "High-Low (Spatial Outlier)", "lisa_cluster_ekonomi": "High-High (Hotspot)", "pc1": -2.425, "pc2": 1.284, "lat": -9.445, "lon": 124.918}, "geometry": {"type": "Polygon", "coordinates": [[[124.8075, -9.7883], [124.89, -9.6993], [124.9475, -9.6812], [124.9832, -9.6349], [125.0089, -9.5298], [125.0862, -9.463], [125.0793, -9.3902], [125.0522, -9.3314], [125.0108, -9.3005], [124.9955, -9.3519], [124.9596, -9.3938], [124.8992, -9.3627], [124.85, -9.3883], [124.8195, -9.3453], [124.7799, -9.4595], [124.7366, -9.496], [124.7415, -9.5303], [124.6929, -9.5861], [124.6453, -9.5849], [124.6531, -9.6183], [124.736, -9.6509], [124.7845, -9.6353], [124.8198, -9.6569], [124.7977, -9.7709], [124.8075, -9.7883]]]}}, {"type": "Feature", "id": 3275, "properties": {"WADMKK": "Kota Bekasi", "WADMPR": "Jawa Barat", "KDPKAB": "32.75", "LUASWH": 5.15103621, "kode_wilayah": 3275, "nama_resmi": "Kota Bekasi", "tipe": "Kota", "provinsi": "Jawa Barat", "pulau": "Jawa", "parlemen": 20.0, "pendapatan": 29.77, "pengeluaran": 16775.0, "ahh": 77.75, "profesional": 47.42, "tpak": 50.63, "rls": 11.79, "hls": 14.14, "skor_ekonomi": 27.7, "skor_keputusan": 48.36, "skor_kapasitas_sosial": 78.18, "ikpp_komposit": 46.06, "kuadran": "Kuadran II (Ekonomi Rendah, Keputusan Tinggi)", "lisa_cluster_keputusan": "Not Significant", "lisa_cluster_ekonomi": "Low-Low (Coldspot)", "pc1": 3.08, "pc2": 0.285, "lat": -6.236, "lon": 106.994}, "geometry": {"type": "Polygon", "coordinates": [[[106.9186, -6.396], [106.9511, -6.3469], [106.991, -6.3633], [107.0373, -6.3214], [107.0144, -6.2797], [107.0338, -6.1988], [106.973, -6.175], [106.944, -6.2524], [106.9054, -6.2602], [106.9228, -6.3143], [106.9143, -6.3655], [106.9186, -6.396]]]}}, {"type": "Feature", "id": 3303, "properties": {"WADMKK": "Purbalingga", "WADMPR": "Jawa Tengah", "KDPKAB": "33.03", "LUASWH": 13.35233446, "kode_wilayah": 3303, "nama_resmi": "Kabupaten Purbalingga", "tipe": "Kabupaten", "provinsi": "Jawa Tengah", "pulau": "Jawa", "parlemen": 30.0, "pendapatan": 30.81, "pengeluaran": 11343.0, "ahh": 75.86, "profesional": 45.84, "tpak": 62.25, "rls": 7.36, "hls": 12.03, "skor_ekonomi": 35.93, "skor_keputusan": 56.39, "skor_kapasitas_sosial": 56.69, "ikpp_komposit": 48.27, "kuadran": "Kuadran I (Ekonomi Tinggi, Keputusan Tinggi)", "lisa_cluster_keputusan": "Not Significant", "lisa_cluster_ekonomi": "Not Significant", "pc1": -0.359, "pc2": -0.751, "lat": -7.389, "lon": 109.364}, "geometry": {"type": "Polygon", "coordinates": [[[109.2237, -7.2463], [109.2549, -7.2806], [109.3129, -7.4102], [109.3617, -7.4854], [109.418, -7.4725], [109.4504, -7.4465], [109.5079, -7.4481], [109.5421, -7.4071], [109.5273, -7.3235], [109.5626, -7.3323], [109.5694, -7.2647], [109.5386, -7.2444], [109.5324, -7.2314], [109.5069, -7.2392], [109.4572, -7.1963], [109.3825, -7.1902], [109.3462, -7.2116], [109.2475, -7.2269], [109.2237, -7.2463]]]}}, {"type": "Feature", "id": 6101, "properties": {"WADMKK": "Sambas", "WADMPR": "Kalimantan Barat", "KDPKAB": "61.01", "LUASWH": 5.47723163, "kode_wilayah": 6101, "nama_resmi": "Kabupaten Sambas", "tipe": "Kabupaten", "provinsi": "Kalimantan Barat", "pulau": "Kalimantan", "parlemen": 20.0, "pendapatan": 38.65, "pengeluaran": 11538.0, "ahh": 72.13, "profesional": 42.7, "tpak": 59.91, "rls": 6.76, "hls": 12.76, "skor_ekonomi": 41.95, "skor_keputusan": 45.2, "skor_kapasitas_sosial": 51.98, "ikpp_komposit": 45.26, "kuadran": "Kuadran IV (Ekonomi Tinggi, Keputusan Rendah)", "lisa_cluster_keputusan": "Not Significant", "lisa_cluster_ekonomi": "Not Significant", "pc1": -1.066, "pc2": 0.135, "lat": 1.361, "lon": 109.329}, "geometry": {"type": "Polygon", "coordinates": [[[108.9785, 0.9974], [109.0473, 1.0081], [109.0833, 1.001], [109.1295, 1.0179], [109.1759, 0.9624], [109.2163, 0.9766], [109.2417, 1.0185], [109.3134, 1.0269], [109.3733, 0.9982], [109.4247, 1.0449], [109.497, 1.0183], [109.5326, 1.114], [109.5567, 1.142], [109.5615, 1.1887], [109.6179, 1.2326], [109.6118, 1.4318], [109.6783, 1.4475], [109.7193, 1.4762], [109.752, 1.5367], [109.662, 1.6174], [109.6677, 1.7331], [109.6855, 1.7821], [109.6228, 1.8033], [109.5863, 1.7919], [109.5758, 1.8438], [109.5516, 1.8591], [109.5401, 1.9265], [109.5602, 1.9712], [109.4564, 1.9766], [109.435, 1.9528], [109.3376, 1.9433], [109.3351, 1.8288], [109.2912, 1.7813], [109.2805, 1.7202], [109.2516, 1.6597], [109.204, 1.623], [109.1186, 1.5793], [109.0603, 1.526], [109.0415, 1.485], [109.0433, 1.3635], [109.0281, 1.318], [108.9872, 1.2712], [108.9479, 1.1647], [108.903, 1.1628], [108.9668, 1.0445], [108.9785, 0.9974]]]}}, {"type": "Feature", "id": 7202, "properties": {"WADMKK": "Banggai", "WADMPR": "Sulawesi Tengah", "KDPKAB": "72.01", "LUASWH": 4.12195573, "kode_wilayah": 7202, "nama_resmi": "Kabupaten Banggai", "tipe": "Kabupaten", "provinsi": "Sulawesi Tengah", "pulau": "Sulawesi", "parlemen": 34.29, "pendapatan": 28.47, "pengeluaran": 9051.0, "ahh": 72.01, "profesional": 57.96, "tpak": 54.36, "rls": 9.2, "hls": 13.18, "skor_ekonomi": 28.78, "skor_keputusan": 68.4, "skor_kapasitas_sosial": 55.69, "ikpp_komposit": 50.01, "kuadran": "Kuadran II (Ekonomi Rendah, Keputusan Tinggi)", "lisa_cluster_keputusan": "Not Significant", "lisa_cluster_ekonomi": "Low-Low (Coldspot)", "pc1": 0.431, "pc2": -1.473, "lat": -1.395, "lon": 120.755}, "geometry": {"type": "Polygon", "coordinates": [[[122.0581, -1.6173], [122.1613, -1.5988], [122.2199, -1.6014], [122.3032, -1.5348], [122.3898, -1.4953], [122.4369, -1.424], [122.4728, -1.4038], [122.4971, -1.3558], [122.5622, -1.3087], [122.5634, -1.2653], [122.631, -1.2361], [122.6364, -1.1752], [122.6666, -1.1398], [122.7071, -1.1395], [122.7285, -1.0866], [122.7986, -0.9997], [122.804, -0.9411], [122.8914, -0.9297], [122.975, -0.9024], [123.0407, -0.9098], [123.0646, -0.8652], [123.1032, -0.8369], [123.151, -0.8864], [123.1409, -0.9275], [123.2695, -1.0447], [123.309, -1.0516], [123.3517, -1.0343], [123.3969, -0.9556], [123.3838, -0.9306], [123.4472, -0.7721], [123.4384, -0.7175], [123.397, -0.6929], [123.3764, -0.6396], [123.263, -0.5796], [123.194, -0.5702], [123.1672, -0.5844], [123.0578, -0.5639], [123.0395, -0.5961], [122.9896, -0.6224], [122.8963, -0.6225], [122.8803, -0.6385], [122.8074, -0.6344], [122.8017, -0.7088], [122.8692, -0.7115], [122.9194, -0.7645], [122.7906, -0.7757], [122.7351, -0.8103], [122.656, -0.7944], [122.6172, -0.762], [122.5817, -0.784], [122.524, -0.7839], [122.4577, -0.7593], [122.4171, -0.7839], [122.3364, -0.7776], [122.2976, -0.7893], [122.2022, -0.7883], [122.1615, -0.8173], [122.1487, -0.9103], [122.1013, -0.9622], [122.0218, -0.9363], [121.9469, -0.9967], [121.8549, -0.9755], [121.8701, -1.0569], [121.9204, -1.0959], [121.9367, -1.1298], [121.989, -1.1233], [122.0492, -1.1863], [122.066, -1.2272], [122.1268, -1.2752], [122.1304, -1.344], [122.1106, -1.3761], [122.0383, -1.3406], [121.9848, -1.3919], [122.0584, -1.431], [122.0339, -1.5798], [122.0581, -1.6173]]]}}, {"type": "Feature", "id": 6402, "properties": {"WADMKK": "Kutai Barat", "WADMPR": "Kalimantan Timur", "KDPKAB": "64.07", "LUASWH": 24.25377818, "kode_wilayah": 6402, "nama_resmi": "Kabupaten Kutai Barat", "tipe": "Kabupaten", "provinsi": "Kalimantan Timur", "pulau": "Kalimantan", "parlemen": 20.0, "pendapatan": 27.19, "pengeluaran": 11903.0, "ahh": 75.6, "profesional": 54.16, "tpak": 55.1, "rls": 8.89, "hls": 13.36, "skor_ekonomi": 28.02, "skor_keputusan": 52.87, "skor_kapasitas_sosial": 62.77, "ikpp_komposit": 44.91, "kuadran": "Kuadran II (Ekonomi Rendah, Keputusan Tinggi)", "lisa_cluster_keputusan": "Not Significant", "lisa_cluster_ekonomi": "Low-Low (Coldspot)", "pc1": 0.899, "pc2": -0.685, "lat": -0.443, "lon": 116.999}, "geometry": {"type": "Polygon", "coordinates": [[[115.8419, -1.0969], [115.9284, -1.1134], [116.0384, -1.1199], [116.1002, -1.0966], [116.1039, -1.1377], [116.1397, -1.1525], [116.1815, -1.1179], [116.2191, -1.1179], [116.2541, -1.0524], [116.3289, -1.0496], [116.3583, -0.9937], [116.4386, -0.9708], [116.4736, -0.9411], [116.5009, -0.8581], [116.4906, -0.8071], [116.5168, -0.7483], [116.455, -0.735], [116.4494, -0.7122], [116.32, -0.5342], [116.287, -0.5241], [116.2506, -0.4859], [116.2658, -0.4497], [116.2414, -0.4025], [116.3222, -0.3825], [116.3064, -0.3298], [116.2774, -0.289], [116.165, -0.214], [116.1609, -0.1783], [116.0655, -0.1678], [116.0341, -0.1457], [115.9608, -0.0578], [115.9481, -0.0155], [115.9893, 0.0207], [115.9792, 0.101], [115.9052, 0.1219], [115.8309, 0.2152], [115.7637, 0.2318], [115.7818, 0.2845], [115.6829, 0.3295], [115.717, 0.2496], [115.7138, 0.2214], [115.6497, 0.1665], [115.6431, 0.1455], [115.5481, 0.1389], [115.4611, 0.1431], [115.4372, 0.0875], [115.4343, 0.0402], [115.3745, 0.0312], [115.3117, -0.0566], [115.2949, -0.0524], [115.3096, -0.1178], [115.257, -0.1607], [115.2981, -0.2077], [115.2566, -0.2407], [115.2538, -0.3009], [115.2299, -0.306], [115.2336, -0.3633], [115.2735, -0.4548], [115.3071, -0.486], [115.2904, -0.5554], [115.3367, -0.5435], [115.3809, -0.5722], [115.3565, -0.6134], [115.378, -0.6398], [115.3338, -0.6832], [115.3466, -0.7204], [115.3008, -0.745], [115.2882, -0.7951], [115.3764, -0.8755], [115.4804, -0.8763], [115.5545, -0.8598], [115.6323, -0.9862], [115.6792, -1.0089], [115.7109, -1.075], [115.7664, -1.1377], [115.8198, -1.0886], [115.8419, -1.0969]]]}}, {"type": "Feature", "id": 5301, "properties": {"WADMKK": "Sumba Barat", "WADMPR": "Nusa Tenggara Timur", "KDPKAB": "53.12", "LUASWH": 19.70784165, "kode_wilayah": 5301, "nama_resmi": "Kabupaten Sumba Barat", "tipe": "Kabupaten", "provinsi": "Nusa Tenggara Timur", "pulau": "Bali & Nusa Tenggara", "parlemen": 16.0, "pendapatan": 36.22, "pengeluaran": 8243.0, "ahh": 69.76, "profesional": 57.16, "tpak": 72.69, "rls": 7.17, "hls": 13.4, "skor_ekonomi": 47.59, "skor_keputusan": 51.24, "skor_kapasitas_sosial": 47.82, "ikpp_komposit": 49.1, "kuadran": "Kuadran I (Ekonomi Tinggi, Keputusan Tinggi)", "lisa_cluster_keputusan": "High-Low (Spatial Outlier)", "lisa_cluster_ekonomi": "High-High (Hotspot)", "pc1": -1.643, "pc2": 0.439, "lat": -10.073, "lon": 123.864}, "geometry": {"type": "Polygon", "coordinates": [[[119.1425, -9.7291], [119.1639, -9.7421], [119.3013, -9.7444], [119.3473, -9.7589], [119.3845, -9.7958], [119.4124, -9.7669], [119.482, -9.7446], [119.5394, -9.7598], [119.5249, -9.6827], [119.4887, -9.6651], [119.4984, -9.5852], [119.5203, -9.5269], [119.4856, -9.5274], [119.4033, -9.376], [119.3668, -9.3789], [119.3793, -9.412], [119.3671, -9.4667], [119.4036, -9.5601], [119.3653, -9.6157], [119.3089, -9.6343], [119.2779, -9.6844], [119.2157, -9.6833], [119.1872, -9.6489], [119.1407, -9.6916], [119.1425, -9.7291]]]}}, {"type": "Feature", "id": 1473, "properties": {"WADMKK": "Kota Dumai", "WADMPR": "Riau", "KDPKAB": "14.72", "LUASWH": 72.71455231, "kode_wilayah": 1473, "nama_resmi": "Kota D U M A I", "tipe": "Kota", "provinsi": "Riau", "pulau": "Sumatera", "parlemen": 5.71, "pendapatan": 23.83, "pengeluaran": 12847.0, "ahh": 73.82, "profesional": 51.32, "tpak": 44.8, "rls": 10.29, "hls": 13.35, "skor_ekonomi": 18.41, "skor_keputusan": 37.98, "skor_kapasitas_sosial": 64.44, "ikpp_komposit": 35.44, "kuadran": "Kuadran III (Ekonomi Rendah, Keputusan Rendah)", "lisa_cluster_keputusan": "Not Significant", "lisa_cluster_ekonomi": "Low-Low (Coldspot)", "pc1": 1.302, "pc2": -0.825, "lat": 1.667, "lon": 101.4}, "geometry": {"type": "Polygon", "coordinates": [[[101.3172, 1.4744], [101.4356, 1.4472], [101.4493, 1.4943], [101.5066, 1.4933], [101.5281, 1.5956], [101.598, 1.6002], [101.7185, 1.6227], [101.725, 1.6714], [101.6647, 1.6647], [101.6155, 1.6422], [101.5283, 1.647], [101.4728, 1.6851], [101.4309, 1.6888], [101.393, 1.7134], [101.3556, 1.7858], [101.3635, 1.8314], [101.3359, 1.891], [101.3032, 2.0422], [101.267, 2.0804], [101.1825, 2.1239], [101.0656, 2.2325], [101.0391, 2.2202], [101.0111, 2.1342], [101.0161, 2.0805], [101.0593, 1.9517], [101.1306, 1.8356], [101.1992, 1.7547], [101.2904, 1.5995], [101.3354, 1.4961], [101.3172, 1.4744]]]}}, {"type": "Feature", "id": 6471, "properties": {"WADMKK": "Kota Balikpapan", "WADMPR": "Kalimantan Timur", "KDPKAB": "64.71", "LUASWH": 2.16168525, "kode_wilayah": 6471, "nama_resmi": "Kota Balikpapan", "tipe": "Kota", "provinsi": "Kalimantan Timur", "pulau": "Kalimantan", "parlemen": 26.67, "pendapatan": 27.56, "pengeluaran": 11190.0, "ahh": 71.76, "profesional": 52.33, "tpak": 57.83, "rls": 9.63, "hls": 13.35, "skor_ekonomi": 30.08, "skor_keputusan": 57.71, "skor_kapasitas_sosial": 58.67, "ikpp_komposit": 46.85, "kuadran": "Kuadran II (Ekonomi Rendah, Keputusan Tinggi)", "lisa_cluster_keputusan": "Not Significant", "lisa_cluster_ekonomi": "Low-Low (Coldspot)", "pc1": 0.594, "pc2": -0.862, "lat": -1.276, "lon": 116.828}, "geometry": {"type": "Polygon", "coordinates": [[[116.7412, -1.0733], [116.7289, -1.1016], [116.7686, -1.129], [116.7885, -1.1732], [116.7837, -1.2115], [116.8163, -1.2373], [116.8115, -1.2819], [116.8843, -1.2766], [116.9334, -1.2532], [117.0002, -1.2007], [117.0227, -1.1407], [116.9335, -1.1101], [116.9037, -1.0647], [116.8402, -1.0483], [116.8517, -1.0158], [116.8006, -1.0506], [116.7412, -1.0733]]]}}, {"type": "Feature", "id": 1110, "properties": {"WADMKK": "Bireuen", "WADMPR": "Aceh", "KDPKAB": "11.11", "LUASWH": 1.39202181, "kode_wilayah": 1110, "nama_resmi": "Kabupaten Bireuen", "tipe": "Kabupaten", "provinsi": "Aceh", "pulau": "Sumatera", "parlemen": 10.0, "pendapatan": 38.53, "pengeluaran": 10150.0, "ahh": 73.87, "profesional": 59.7, "tpak": 54.36, "rls": 9.59, "hls": 14.88, "skor_ekonomi": 38.38, "skor_keputusan": 47.48, "skor_kapasitas_sosial": 63.21, "ikpp_komposit": 46.99, "kuadran": "Kuadran IV (Ekonomi Tinggi, Keputusan Rendah)", "lisa_cluster_keputusan": "Not Significant", "lisa_cluster_ekonomi": "High-High (Hotspot)", "pc1": 0.822, "pc2": 0.846, "lat": 2.271, "lon": 97.815}, "geometry": {"type": "Polygon", "coordinates": [[[96.5731, 4.9477], [96.6296, 4.9687], [96.753, 4.9639], [96.7865, 4.94], [96.813, 4.9757], [96.8336, 5.0888], [96.8757, 5.1172], [96.8903, 5.1749], [96.9176, 5.2007], [96.9075, 5.2511], [96.8274, 5.2748], [96.72, 5.2453], [96.6236, 5.2109], [96.532, 5.1984], [96.489, 5.2068], [96.4626, 5.2365], [96.393, 5.2097], [96.3433, 5.2265], [96.3355, 5.1476], [96.3636, 5.034], [96.3265, 4.9659], [96.3465, 4.9439], [96.3793, 4.9304], [96.4247, 4.9404], [96.4699, 4.8941], [96.5111, 4.9008], [96.5731, 4.9477]]]}}, {"type": "Feature", "id": 3305, "properties": {"WADMKK": "Kebumen", "WADMPR": "Jawa Tengah", "KDPKAB": "33.05", "LUASWH": 1.62552162, "kode_wilayah": 3305, "nama_resmi": "Kabupaten Kebumen", "tipe": "Kabupaten", "provinsi": "Jawa Tengah", "pulau": "Jawa", "parlemen": 24.0, "pendapatan": 25.84, "pengeluaran": 10176.0, "ahh": 76.18, "profesional": 49.81, "tpak": 66.46, "rls": 7.87, "hls": 13.39, "skor_ekonomi": 33.81, "skor_keputusan": 53.59, "skor_kapasitas_sosial": 59.66, "ikpp_komposit": 46.89, "kuadran": "Kuadran II (Ekonomi Rendah, Keputusan Tinggi)", "lisa_cluster_keputusan": "Not Significant", "lisa_cluster_ekonomi": "Not Significant", "pc1": 0.045, "pc2": -0.499, "lat": -7.668, "lon": 109.654}, "geometry": {"type": "Polygon", "coordinates": [[[109.391, -7.7261], [109.4162, -7.7714], [109.4679, -7.7584], [109.5909, -7.7774], [109.8236, -7.8312], [109.832, -7.7232], [109.8004, -7.7067], [109.8145, -7.6014], [109.7654, -7.6044], [109.7368, -7.5366], [109.7673, -7.5211], [109.7522, -7.4463], [109.6877, -7.5021], [109.6328, -7.4816], [109.593, -7.5134], [109.4988, -7.5088], [109.4327, -7.5361], [109.4154, -7.5697], [109.4463, -7.621], [109.3813, -7.6658], [109.391, -7.7261]]]}}, {"type": "Feature", "id": 7412, "properties": {"WADMKK": "Konawe Kepulauan", "WADMPR": "Sulawesi Tenggara", "KDPKAB": "74.12", "LUASWH": 7.3309491, "kode_wilayah": 7412, "nama_resmi": "Kabupaten Konawe Kepulauan", "tipe": "Kabupaten", "provinsi": "Sulawesi Tenggara", "pulau": "Sulawesi", "parlemen": 15.0, "pendapatan": 76.54, "pengeluaran": 11755.0, "ahh": 73.71, "profesional": 48.57, "tpak": 58.12, "rls": 11.03, "hls": 15.53, "skor_ekonomi": 76.99, "skor_keputusan": 44.58, "skor_kapasitas_sosial": 68.95, "ikpp_komposit": 62.42, "kuadran": "Kuadran IV (Ekonomi Tinggi, Keputusan Rendah)", "lisa_cluster_keputusan": "Not Significant", "lisa_cluster_ekonomi": "Not Significant", "pc1": 0.67, "pc2": 4.83, "lat": -4.053, "lon": 122.989}, "geometry": {"type": "Polygon", "coordinates": [[[123.142, -4.2495], [123.1667, -4.2064], [123.2482, -4.1241], [123.25, -4.0596], [123.2166, -4.0203], [123.1401, -4.0083], [123.0963, -4.0236], [123.0129, -3.9781], [122.9719, -4.057], [122.9391, -4.0948], [122.996, -4.2028], [123.07, -4.2483], [123.142, -4.2495]]]}}, {"type": "Feature", "id": 6310, "properties": {"WADMKK": "Tanah Bumbu", "WADMPR": "Kalimantan Selatan", "KDPKAB": "63.10", "LUASWH": 13.09455568, "kode_wilayah": 6310, "nama_resmi": "Kabupaten Tanah Bumbu", "tipe": "Kabupaten", "provinsi": "Kalimantan Selatan", "pulau": "Kalimantan", "parlemen": 11.43, "pendapatan": 31.26, "pengeluaran": 13026.0, "ahh": 73.14, "profesional": 54.45, "tpak": 46.8, "rls": 8.43, "hls": 12.61, "skor_ekonomi": 26.74, "skor_keputusan": 45.27, "skor_kapasitas_sosial": 58.19, "ikpp_komposit": 40.44, "kuadran": "Kuadran III (Ekonomi Rendah, Keputusan Rendah)", "lisa_cluster_keputusan": "Not Significant", "lisa_cluster_ekonomi": "Not Significant", "pc1": 0.391, "pc2": -0.731, "lat": -3.483, "lon": 115.947}, "geometry": {"type": "Polygon", "coordinates": [[[115.3753, -3.8607], [115.655, -3.7433], [115.7048, -3.7346], [115.787, -3.6788], [115.851, -3.6251], [115.966, -3.61], [115.9929, -3.5715], [115.9938, -3.515], [116.0142, -3.4837], [116.0069, -3.4325], [116.0311, -3.3644], [116.0854, -3.2786], [115.9734, -3.2245], [115.9342, -3.1524], [115.7923, -3.1818], [115.7688, -3.1952], [115.7128, -3.1129], [115.7035, -3.0789], [115.6067, -3.057], [115.5643, -3.016], [115.5204, -3.0282], [115.4811, -3.0759], [115.4775, -3.1057], [115.4233, -3.1455], [115.4164, -3.2267], [115.4289, -3.296], [115.4058, -3.339], [115.3907, -3.4362], [115.4115, -3.4517], [115.3493, -3.5044], [115.3128, -3.5107], [115.2613, -3.5618], [115.25, -3.5908], [115.2833, -3.7], [115.3244, -3.7055], [115.3753, -3.8607]]]}}, {"type": "Feature", "id": 1207, "properties": {"WADMKK": "Labuhanbatu", "WADMPR": "Sumatera Utara", "KDPKAB": "12.10", "LUASWH": 32.20312644, "kode_wilayah": 1207, "nama_resmi": "Kabupaten Labuhan Batu", "tipe": "Kabupaten", "provinsi": "Sumatera Utara", "pulau": "Sumatera", "parlemen": 6.67, "pendapatan": 32.22, "pengeluaran": 12102.0, "ahh": 73.01, "profesional": 56.33, "tpak": 47.66, "rls": 9.5, "hls": 13.26, "skor_ekonomi": 28.19, "skor_keputusan": 42.2, "skor_kapasitas_sosial": 60.73, "ikpp_komposit": 40.3, "kuadran": "Kuadran III (Ekonomi Rendah, Keputusan Rendah)", "lisa_cluster_keputusan": "Not Significant", "lisa_cluster_ekonomi": "Not Significant", "pc1": 0.667, "pc2": -0.22, "lat": 3.551, "lon": 98.866}, "geometry": {"type": "Polygon", "coordinates": [[[99.8405, 1.801], [99.8818, 1.8212], [99.8681, 1.8624], [99.8985, 1.9802], [99.9438, 1.9447], [100.0372, 1.9363], [100.06, 1.9874], [100.0357, 2.0762], [100.0778, 2.094], [100.125, 2.1706], [100.1568, 2.1939], [100.2048, 2.1939], [100.238, 2.2196], [100.3602, 2.2194], [100.3626, 2.248], [100.3193, 2.3346], [100.299, 2.4426], [100.3219, 2.5477], [100.2343, 2.6425], [100.2203, 2.7044], [100.1758, 2.7111], [100.1384, 2.6876], [100.0596, 2.7341], [100.053, 2.7115], [100.0729, 2.5459], [100.0159, 2.4856], [100.0091, 2.4093], [99.9832, 2.4084], [99.9899, 2.1985], [99.9454, 2.2084], [99.8642, 2.181], [99.7711, 2.188], [99.7627, 2.1366], [99.7141, 2.0885], [99.6306, 2.0427], [99.6954, 2.0229], [99.6919, 1.9717], [99.7907, 2.0236], [99.8524, 2.0007], [99.8359, 1.9616], [99.8312, 1.8831], [99.8479, 1.8352], [99.8405, 1.801]]]}}, {"type": "Feature", "id": 1610, "properties": {"WADMKK": "Ogan Ilir", "WADMPR": "Sumatera Selatan", "KDPKAB": "16.10", "LUASWH": 5.06556106, "kode_wilayah": 1610, "nama_resmi": "Kabupaten Ogan Ilir", "tipe": "Kabupaten", "provinsi": "Sumatera Selatan", "pulau": "Sumatera", "parlemen": 12.5, "pendapatan": 28.09, "pengeluaran": 12093.0, "ahh": 68.54, "profesional": 51.8, "tpak": 67.11, "rls": 8.09, "hls": 12.42, "skor_ekonomi": 36.36, "skor_keputusan": 44.47, "skor_kapasitas_sosial": 50.13, "ikpp_komposit": 42.36, "kuadran": "Kuadran IV (Ekonomi Tinggi, Keputusan Rendah)", "lisa_cluster_keputusan": "Not Significant", "lisa_cluster_ekonomi": "Not Significant", "pc1": -1.015, "pc2": -0.367, "lat": -3.261, "lon": 104.653}, "geometry": {"type": "Polygon", "coordinates": [[[104.3876, -3.7607], [104.4537, -3.7449], [104.4706, -3.7641], [104.5564, -3.8031], [104.6075, -3.7219], [104.6353, -3.6548], [104.66, -3.6504], [104.632, -3.6152], [104.6607, -3.4971], [104.7009, -3.4666], [104.7509, -3.4866], [104.8161, -3.4506], [104.8058, -3.4121], [104.8264, -3.3187], [104.8089, -3.2729], [104.8037, -3.1888], [104.8182, -3.1437], [104.7919, -3.1136], [104.8023, -3.0719], [104.7902, -3.0535], [104.7505, -3.0392], [104.728, -3.075], [104.6766, -3.0486], [104.643, -3.0963], [104.5777, -3.1018], [104.5223, -3.1805], [104.5425, -3.2101], [104.5488, -3.2632], [104.5332, -3.2974], [104.5384, -3.3451], [104.4978, -3.3993], [104.4373, -3.4281], [104.4427, -3.4565], [104.4156, -3.4933], [104.3177, -3.5387], [104.3157, -3.5571], [104.3209, -3.6092], [104.3907, -3.5903], [104.4176, -3.5633], [104.4578, -3.5818], [104.4514, -3.644], [104.37, -3.701], [104.3876, -3.7607]]]}}, {"type": "Feature", "id": 5106, "properties": {"WADMKK": "Bangli", "WADMPR": "Bali", "KDPKAB": "51.06", "LUASWH": 14.82233926, "kode_wilayah": 5106, "nama_resmi": "Kabupaten Bangli", "tipe": "Kabupaten", "provinsi": "Bali", "pulau": "Bali & Nusa Tenggara", "parlemen": 13.33, "pendapatan": 36.58, "pengeluaran": 12148.0, "ahh": 73.66, "profesional": 54.04, "tpak": 76.49, "rls": 7.58, "hls": 12.53, "skor_ekonomi": 50.3, "skor_keputusan": 46.72, "skor_kapasitas_sosial": 55.98, "ikpp_komposit": 50.0, "kuadran": "Kuadran IV (Ekonomi Tinggi, Keputusan Rendah)", "lisa_cluster_keputusan": "Not Significant", "lisa_cluster_ekonomi": "High-High (Hotspot)", "pc1": -0.955, "pc2": 1.033, "lat": -8.462, "lon": 115.352}, "geometry": {"type": "Polygon", "coordinates": [[[115.251, -8.3145], [115.3222, -8.3292], [115.3368, -8.3826], [115.3175, -8.4337], [115.3345, -8.5213], [115.3576, -8.5209], [115.3759, -8.4607], [115.4007, -8.4629], [115.415, -8.4], [115.3959, -8.3614], [115.4299, -8.2674], [115.4582, -8.2417], [115.4344, -8.1806], [115.3199, -8.1541], [115.3005, -8.1725], [115.2451, -8.1765], [115.2323, -8.2399], [115.251, -8.3145]]]}}, {"type": "Feature", "id": 6105, "properties": {"WADMKK": "Sanggau", "WADMPR": "Kalimantan Barat", "KDPKAB": "61.03", "LUASWH": 22.03626476, "kode_wilayah": 6105, "nama_resmi": "Kabupaten Sanggau", "tipe": "Kabupaten", "provinsi": "Kalimantan Barat", "pulau": "Kalimantan", "parlemen": 10.0, "pendapatan": 33.5, "pengeluaran": 9728.0, "ahh": 73.95, "profesional": 46.89, "tpak": 54.67, "rls": 7.47, "hls": 11.88, "skor_ekonomi": 33.78, "skor_keputusan": 38.91, "skor_kapasitas_sosial": 52.61, "ikpp_komposit": 39.6, "kuadran": "Kuadran III (Ekonomi Rendah, Keputusan Rendah)", "lisa_cluster_keputusan": "Low-Low (Coldspot)", "lisa_cluster_ekonomi": "Not Significant", "pc1": -1.117, "pc2": -0.371, "lat": 0.079, "lon": 111.495}, "geometry": {"type": "Polygon", "coordinates": [[[109.9658, -0.4971], [110.0366, -0.4365], [110.0505, -0.3876], [110.1029, -0.4194], [110.1595, -0.4313], [110.1976, -0.4188], [110.3059, -0.4478], [110.3211, -0.4105], [110.4074, -0.3902], [110.4372, -0.3395], [110.4745, -0.3242], [110.5704, -0.3465], [110.5567, -0.3193], [110.5601, -0.259], [110.5969, -0.2423], [110.6299, -0.203], [110.597, -0.1574], [110.6373, -0.1422], [110.7096, -0.1695], [110.7482, -0.1596], [110.7144, -0.0829], [110.7254, -0.0031], [110.7648, 0.078], [110.7971, 0.0994], [110.843, 0.0961], [110.9005, 0.1665], [110.8888, 0.2356], [110.9087, 0.2514], [110.9119, 0.3075], [110.959, 0.3726], [110.9397, 0.4318], [110.9622, 0.5174], [110.9999, 0.558], [110.9888, 0.5984], [111.0106, 0.6483], [110.989, 0.7094], [111.0116, 0.7393], [110.9806, 0.7415], [110.9036, 0.7128], [110.8577, 0.7277], [110.8394, 0.7708], [110.7916, 0.7939], [110.7657, 0.8604], [110.8032, 0.9006], [110.7163, 0.9061], [110.6976, 0.8842], [110.5956, 0.8577], [110.4905, 0.8767], [110.4054, 0.953], [110.3964, 0.9977], [110.3438, 1.0063], [110.2984, 0.9956], [110.2793, 1.0523], [110.2105, 1.1186], [110.193, 1.1829], [110.1277, 1.1948], [110.1057, 1.1695], [110.1311, 1.0819], [110.1354, 1.0203], [110.2046, 0.9949], [110.2248, 0.9638], [110.2171, 0.9182], [110.2591, 0.8595], [110.2073, 0.8472], [110.1787, 0.8069], [110.201, 0.7525], [110.2393, 0.7276], [110.2451, 0.6762], [110.2201, 0.6016], [110.2513, 0.5466], [110.1993, 0.5258], [110.1987, 0.4851], [110.1639, 0.4576], [110.1924, 0.4077], [110.1348, 0.292], [110.1459, 0.2711], [110.1014, 0.2184], [110.0493, 0.2111], [110.0052, 0.1474], [109.8764, 0.077], [109.8842, 0.0437], [109.8421, 0.001], [109.8514, -0.0493], [109.942, -0.1652], [109.9444, -0.2281], [109.9677, -0.2891], [109.9354, -0.3267], [109.9294, -0.413], [109.9718, -0.4342], [109.9658, -0.4971]]]}}, {"type": "Feature", "id": 2103, "properties": {"WADMKK": "Natuna", "WADMPR": "Kepulauan Riau", "KDPKAB": "21.03", "LUASWH": 0.24156653, "kode_wilayah": 2103, "nama_resmi": "Kabupaten Natuna", "tipe": "Kabupaten", "provinsi": "Kepulauan Riau", "pulau": "Sumatera", "parlemen": 0.0, "pendapatan": 24.87, "pengeluaran": 15560.0, "ahh": 68.41, "profesional": 53.75, "tpak": 59.03, "rls": 9.2, "hls": 13.94, "skor_ekonomi": 28.26, "skor_keputusan": 34.41, "skor_kapasitas_sosial": 58.56, "ikpp_komposit": 36.78, "kuadran": "Kuadran III (Ekonomi Rendah, Keputusan Rendah)", "lisa_cluster_keputusan": "Not Significant", "lisa_cluster_ekonomi": "Not Significant", "pc1": 0.519, "pc2": -0.022, "lat": 3.923, "lon": 108.337}, "geometry": {"type": "MultiPolygon", "coordinates": [[[[108.87, 3.0097], [108.8419, 3.0025], [108.8288, 2.9365], [108.7756, 2.8785], [108.8192, 2.8435], [108.876, 2.8813], [108.8904, 2.9978], [108.87, 3.0097]]], [[[108.1544, 3.6305], [108.2012, 3.659], [108.3056, 3.6704], [108.3041, 3.7167], [108.3343, 3.7635], [108.3868, 3.7935], [108.3968, 3.8269], [108.382, 3.9314], [108.4024, 3.9582], [108.2929, 4.0607], [108.2299, 4.1401], [108.2278, 4.1972], [108.2081, 4.2267], [108.1743, 4.165], [108.1044, 4.1074], [108.0741, 4.0678], [108.0261, 4.0538], [107.9737, 4.0144], [107.9899, 3.9425], [108.0649, 3.8341], [108.1185, 3.8264], [108.1884, 3.7836], [108.1152, 3.738], [108.0899, 3.6812], [108.1456, 3.6591], [108.1544, 3.6305]]], [[[107.9738, 4.7346], [107.9289, 4.6808], [107.965, 4.6691], [107.9738, 4.7346]]]]}}, {"type": "Feature", "id": 3312, "properties": {"WADMKK": "Wonogiri", "WADMPR": "Jawa Tengah", "KDPKAB": "33.12", "LUASWH": 5.52982575, "kode_wilayah": 3312, "nama_resmi": "Kabupaten Wonogiri", "tipe": "Kabupaten", "provinsi": "Jawa Tengah", "pulau": "Jawa", "parlemen": 24.0, "pendapatan": 39.75, "pengeluaran": 10634.0, "ahh": 78.84, "profesional": 52.12, "tpak": 67.63, "rls": 7.68, "hls": 12.61, "skor_ekonomi": 47.81, "skor_keputusan": 55.14, "skor_kapasitas_sosial": 61.73, "ikpp_komposit": 53.53, "kuadran": "Kuadran I (Ekonomi Tinggi, Keputusan Tinggi)", "lisa_cluster_keputusan": "Not Significant", "lisa_cluster_ekonomi": "High-High (Hotspot)", "pc1": -0.2, "pc2": 0.751, "lat": -7.815, "lon": 110.926}, "geometry": {"type": "Polygon", "coordinates": [[[110.8349, -8.2031], [110.9001, -8.2113], [110.8953, -8.1667], [110.9153, -8.1159], [110.9514, -8.0709], [111.0342, -8.0793], [111.0666, -8.0607], [111.1115, -8.0631], [111.135, -8.0212], [111.1256, -7.9703], [111.1544, -7.922], [111.25, -7.946], [111.28, -7.9186], [111.3034, -7.8383], [111.2887, -7.7935], [111.2745, -7.7375], [111.2365, -7.7503], [111.1845, -7.7123], [111.1312, -7.7166], [111.1217, -7.7411], [111.0507, -7.7594], [111.0346, -7.7767], [110.9414, -7.7397], [110.8606, -7.7594], [110.8574, -7.81], [110.8046, -7.7913], [110.7856, -7.8167], [110.7556, -8.0244], [110.7895, -8.1162], [110.7856, -8.1507], [110.8287, -8.1677], [110.8349, -8.2031]]]}}, {"type": "Feature", "id": 7307, "properties": {"WADMKK": "Sinjai", "WADMPR": "Sulawesi Selatan", "KDPKAB": "73.07", "LUASWH": 7.44211081, "kode_wilayah": 7307, "nama_resmi": "Kabupaten Sinjai", "tipe": "Kabupaten", "provinsi": "Sulawesi Selatan", "pulau": "Sulawesi", "parlemen": 16.67, "pendapatan": 34.06, "pengeluaran": 10547.0, "ahh": 72.81, "profesional": 59.39, "tpak": 45.23, "rls": 8.45, "hls": 13.22, "skor_ekonomi": 28.44, "skor_keputusan": 53.34, "skor_kapasitas_sosial": 56.56, "ikpp_komposit": 44.02, "kuadran": "Kuadran II (Ekonomi Rendah, Keputusan Tinggi)", "lisa_cluster_keputusan": "High-High (Hotspot)", "lisa_cluster_ekonomi": "Not Significant", "pc1": 0.351, "pc2": -0.798, "lat": -5.12, "lon": 120.235}, "geometry": {"type": "Polygon", "coordinates": [[[119.9556, -5.3544], [119.993, -5.3238], [120.0446, -5.3459], [120.1532, -5.3019], [120.1783, -5.3129], [120.258, -5.2879], [120.3344, -5.2876], [120.3079, -5.2118], [120.271, -5.1421], [120.2893, -5.1135], [120.2357, -5.0886], [120.2075, -5.1], [120.1799, -5.0697], [120.125, -5.048], [120.0843, -5.0749], [120.0571, -5.1268], [119.9707, -5.1393], [119.9976, -5.228], [119.9287, -5.3416], [119.9376, -5.3559], [119.9556, -5.3544]]]}}, {"type": "Feature", "id": 6107, "properties": {"WADMKK": "Sintang", "WADMPR": "Kalimantan Barat", "KDPKAB": "61.05", "LUASWH": 187.6455127, "kode_wilayah": 6107, "nama_resmi": "Kabupaten Sintang", "tipe": "Kabupaten", "provinsi": "Kalimantan Barat", "pulau": "Kalimantan", "parlemen": 10.0, "pendapatan": 32.82, "pengeluaran": 9657.0, "ahh": 74.78, "profesional": 52.97, "tpak": 63.22, "rls": 7.65, "hls": 12.32, "skor_ekonomi": 38.45, "skor_keputusan": 42.98, "skor_kapasitas_sosial": 54.85, "ikpp_komposit": 43.54, "kuadran": "Kuadran IV (Ekonomi Tinggi, Keputusan Rendah)", "lisa_cluster_keputusan": "Not Significant", "lisa_cluster_ekonomi": "Not Significant", "pc1": -0.933, "pc2": 0.075, "lat": 0.869, "lon": 109.497}, "geometry": {"type": "Polygon", "coordinates": [[[112.4628, -0.6691], [112.5029, -0.7002], [112.5933, -0.6901], [112.6502, -0.6549], [112.6881, -0.6541], [112.7435, -0.5729], [112.787, -0.5857], [112.8324, -0.5776], [112.8658, -0.5478], [112.9981, -0.5034], [113.0546, -0.5138], [113.1155, -0.4729], [113.1641, -0.4771], [113.2112, -0.5061], [113.2711, -0.4245], [113.2559, -0.3842], [113.2205, -0.3335], [113.2842, -0.2622], [113.2908, -0.2087], [113.3307, -0.1513], [113.3857, -0.1317], [113.4432, -0.064], [113.4157, -0.0474], [113.4325, 0.0095], [113.3958, 0.0341], [113.414, 0.116], [113.4004, 0.1341], [113.3145, 0.1703], [113.2618, 0.2301], [113.1948, 0.2425], [113.1021, 0.2281], [113.1007, 0.2629], [113.0501, 0.2753], [112.9986, 0.2538], [112.9655, 0.2144], [112.9633, 0.1506], [112.8241, 0.162], [112.753, 0.2335], [112.6566, 0.2342], [112.5961, 0.184], [112.5116, 0.1836], [112.5056, 0.1048], [112.3989, 0.1466], [112.3934, 0.0948], [112.2642, 0.1108], [112.191, 0.0901], [112.1113, 0.0895], [112.0923, 0.1191], [112.0487, 0.1344], [112.0587, 0.1798], [111.9896, 0.1914], [111.9688, 0.1628], [111.9264, 0.1831], [111.867, 0.1831], [111.8409, 0.2281], [111.7209, 0.2497], [111.6732, 0.2786], [111.6762, 0.3328], [111.7014, 0.4364], [111.7245, 0.4593], [111.7206, 0.5706], [111.6874, 0.6276], [111.7167, 0.6723], [111.7179, 0.707], [111.7454, 0.7578], [111.6765, 0.8154], [111.6367, 0.8716], [111.6078, 0.9343], [111.5516, 0.9249], [111.529, 0.9544], [111.4887, 1.0353], [111.4452, 1.0141], [111.3851, 1.015], [111.2315, 1.0862], [111.1383, 1.0505], [111.0693, 1.0494], [110.9979, 1.0293], [110.9069, 1.0292], [110.8856, 0.9781], [110.8062, 0.938], [110.8032, 0.9006], [110.7657, 0.8604], [110.7916, 0.7939], [110.8394, 0.7708], [110.8577, 0.7277], [110.9036, 0.7128], [110.9806, 0.7415], [111.0116, 0.7393], [111.0507, 0.7199], [111.1193, 0.7201], [111.1991, 0.6852], [111.2122, 0.5983], [111.2715, 0.5776], [111.2944, 0.5], [111.2151, 0.3997], [111.2317, 0.3064], [111.257, 0.2965], [111.2823, 0.1329], [111.2363, 0.1205], [111.2227, 0.0689], [111.162, 0.1009], [111.1226, 0.0851], [111.1435, 0.0195], [111.1367, -0.0992], [111.1228, -0.1328], [111.0876, -0.1487], [111.0891, -0.2451], [111.0491, -0.2661], [111.052, -0.3139], [111.0222, -0.3689], [111.0372, -0.4316], [111.0735, -0.4554], [111.0951, -0.504], [111.1852, -0.5153], [111.2607, -0.4354], [111.3125, -0.4141], [111.3916, -0.3497], [111.4308, -0.3663], [111.495, -0.322], [111.4792, -0.2929], [111.4981, -0.2336], [111.588, -0.204], [111.6619, -0.1646], [111.7023, -0.1275], [111.7512, -0.1905], [111.7809, -0.1782], [111.8109, -0.2027], [111.8913, -0.2103], [111.9372, -0.1871], [111.9973, -0.2079], [112.1072, -0.2623], [112.1473, -0.3084], [112.232, -0.2418], [112.3731, -0.1857], [112.408, -0.1805], [112.3735, -0.2618], [112.3657, -0.3532], [112.4374, -0.4307], [112.4143, -0.4839], [112.44, -0.5476], [112.4159, -0.631], [112.4628, -0.6691]]]}}, {"type": "Feature", "id": 7210, "properties": {"WADMKK": "Sigi", "WADMPR": "Sulawesi Tengah", "KDPKAB": "72.10", "LUASWH": 2.38933034, "kode_wilayah": 7210, "nama_resmi": "Kabupaten Sigi", "tipe": "Kabupaten", "provinsi": "Sulawesi Tengah", "pulau": "Sulawesi", "parlemen": 33.33, "pendapatan": 32.97, "pengeluaran": 10235.0, "ahh": 71.29, "profesional": 50.46, "tpak": 55.25, "rls": 8.49, "hls": 12.84, "skor_ekonomi": 33.63, "skor_keputusan": 62.51, "skor_kapasitas_sosial": 53.65, "ikpp_komposit": 49.19, "kuadran": "Kuadran II (Ekonomi Rendah, Keputusan Tinggi)", "lisa_cluster_keputusan": "Not Significant", "lisa_cluster_ekonomi": "Not Significant", "pc1": -0.094, "pc2": -1.043, "lat": -1.047, "lon": 119.95}, "geometry": {"type": "Polygon", "coordinates": [[[119.8703, -2.0185], [119.9009, -2.0554], [119.9708, -1.9973], [119.9966, -1.9576], [120.0446, -1.9721], [120.0945, -1.9675], [120.0891, -1.9287], [120.1262, -1.9121], [120.1351, -1.8809], [120.0945, -1.8234], [120.1227, -1.7895], [120.1803, -1.7717], [120.1437, -1.7214], [120.1248, -1.6472], [120.1297, -1.5588], [120.1021, -1.5174], [120.1843, -1.4466], [120.2379, -1.443], [120.2773, -1.3998], [120.2691, -1.3407], [120.225, -1.2932], [120.2309, -1.2238], [120.2709, -1.2322], [120.2867, -1.2049], [120.3542, -1.1852], [120.3418, -1.1426], [120.265, -1.1496], [120.2292, -1.1207], [120.2271, -1.0857], [120.1114, -1.0163], [120.0822, -1.0127], [120.0524, -0.9676], [120.0657, -0.9195], [120.0337, -0.8567], [120.0052, -0.8908], [119.9025, -0.9427], [119.8744, -0.9234], [119.8323, -0.9425], [119.8178, -0.858], [119.768, -0.8991], [119.7113, -0.936], [119.6672, -0.9435], [119.6477, -0.9871], [119.6742, -1.0065], [119.7498, -0.9996], [119.8002, -1.0871], [119.7872, -1.2209], [119.831, -1.2844], [119.8218, -1.3037], [119.8331, -1.3867], [119.778, -1.3968], [119.6833, -1.4412], [119.6928, -1.4727], [119.6723, -1.5464], [119.7369, -1.6101], [119.7954, -1.7399], [119.8245, -1.7675], [119.8715, -1.7797], [119.8588, -1.8257], [119.8747, -1.8611], [119.8478, -1.904], [119.871, -1.9381], [119.8489, -1.9881], [119.8703, -2.0185]]]}}, {"type": "Feature", "id": 3518, "properties": {"WADMKK": "Nganjuk", "WADMPR": "Jawa Timur", "KDPKAB": "35.18", "LUASWH": 2.04796727, "kode_wilayah": 3518, "nama_resmi": "Kabupaten Nganjuk", "tipe": "Kabupaten", "provinsi": "Jawa Timur", "pulau": "Jawa", "parlemen": 22.0, "pendapatan": 26.41, "pengeluaran": 13376.0, "ahh": 74.53, "profesional": 45.59, "tpak": 55.22, "rls": 8.25, "hls": 13.18, "skor_ekonomi": 27.35, "skor_keputusan": 48.95, "skor_kapasitas_sosial": 61.0, "ikpp_komposit": 42.72, "kuadran": "Kuadran II (Ekonomi Rendah, Keputusan Tinggi)", "lisa_cluster_keputusan": "Not Significant", "lisa_cluster_ekonomi": "Not Significant", "pc1": 0.643, "pc2": -0.825, "lat": -7.602, "lon": 111.902}, "geometry": {"type": "Polygon", "coordinates": [[[111.7992, -7.8366], [111.9003, -7.7397], [111.9543, -7.6796], [112.0022, -7.7523], [112.0591, -7.7235], [112.1012, -7.6352], [112.1105, -7.5931], [112.1113, -7.5667], [112.1689, -7.4907], [112.1569, -7.4656], [112.1, -7.4629], [112.0626, -7.4173], [112.0693, -7.397], [111.9713, -7.405], [111.9404, -7.4401], [111.821, -7.4396], [111.8006, -7.4607], [111.8493, -7.5096], [111.8043, -7.5455], [111.7785, -7.6559], [111.7329, -7.7263], [111.726, -7.778], [111.7505, -7.7991], [111.7858, -7.8335], [111.7992, -7.8366]]]}}, {"type": "Feature", "id": 3572, "properties": {"WADMKK": "Blitar", "WADMPR": "Jawa Timur", "KDPKAB": "35.05", "LUASWH": 14.45216978, "kode_wilayah": 3572, "nama_resmi": "Kota Blitar", "tipe": "Kota", "provinsi": "Jawa Timur", "pulau": "Jawa", "parlemen": 12.0, "pendapatan": 38.94, "pengeluaran": 14933.0, "ahh": 76.75, "profesional": 58.39, "tpak": 59.23, "rls": 10.82, "hls": 14.81, "skor_ekonomi": 41.81, "skor_keputusan": 48.42, "skor_kapasitas_sosial": 74.18, "ikpp_komposit": 50.93, "kuadran": "Kuadran I (Ekonomi Tinggi, Keputusan Tinggi)", "lisa_cluster_keputusan": "High-High (Hotspot)", "lisa_cluster_ekonomi": "Not Significant", "pc1": 2.189, "pc2": 1.575, "lat": -8.099, "lon": 112.165}, "geometry": {"type": "Polygon", "coordinates": [[[112.0285, -8.3121], [112.1397, -8.3148], [112.255, -8.343], [112.2963, -8.3312], [112.3599, -8.3484], [112.3884, -8.2854], [112.3892, -8.2152], [112.3668, -8.1749], [112.4531, -8.1445], [112.4559, -8.0503], [112.4773, -7.9643], [112.453, -7.9271], [112.3636, -7.9554], [112.3066, -7.9293], [112.2209, -7.9618], [112.0963, -7.9886], [111.9567, -7.9977], [111.9939, -8.0577], [111.9969, -8.0921], [112.1208, -8.1248], [112.0786, -8.1875], [112.0286, -8.169], [112.0227, -8.2443], [112.0285, -8.3121]], [[112.1635, -8.1334], [112.1359, -8.109], [112.1728, -8.0576], [112.1975, -8.0937], [112.1635, -8.1334]]]}}, {"type": "Feature", "id": 1674, "properties": {"WADMKK": "Kota Lubuk Linggau", "WADMPR": "Sumatera Selatan", "KDPKAB": "16.73", "LUASWH": 10.53041093, "kode_wilayah": 1674, "nama_resmi": "Kota Lubuklinggau", "tipe": "Kota", "provinsi": "Sumatera Selatan", "pulau": "Sumatera", "parlemen": 30.0, "pendapatan": 27.35, "pengeluaran": 14672.0, "ahh": 72.6, "profesional": 54.08, "tpak": 59.92, "rls": 9.94, "hls": 13.69, "skor_ekonomi": 31.18, "skor_keputusan": 61.9, "skor_kapasitas_sosial": 64.42, "ikpp_komposit": 50.12, "kuadran": "Kuadran II (Ekonomi Rendah, Keputusan Tinggi)", "lisa_cluster_keputusan": "Not Significant", "lisa_cluster_ekonomi": "Not Significant", "pc1": 1.556, "pc2": -0.61, "lat": -3.369, "lon": 104.308}, "geometry": {"type": "Polygon", "coordinates": [[[102.7582, -3.2899], [102.798, -3.3317], [102.8896, -3.352], [102.9124, -3.3777], [102.967, -3.3623], [102.9604, -3.2649], [102.9363, -3.265], [102.9322, -3.2012], [102.9116, -3.1586], [102.8614, -3.1307], [102.8146, -3.1749], [102.8119, -3.2221], [102.7582, -3.2899]]]}}, {"type": "Feature", "id": 6206, "properties": {"WADMKK": "Sukamara", "WADMPR": "Kalimantan Tengah", "KDPKAB": "62.08", "LUASWH": 350.36866636, "kode_wilayah": 6206, "nama_resmi": "Kabupaten Sukamara", "tipe": "Kabupaten", "provinsi": "Kalimantan Tengah", "pulau": "Kalimantan", "parlemen": 20.0, "pendapatan": 21.47, "pengeluaran": 9809.0, "ahh": 74.2, "profesional": 42.03, "tpak": 52.27, "rls": 8.18, "hls": 12.17, "skor_ekonomi": 20.8, "skor_keputusan": 44.75, "skor_kapasitas_sosial": 55.14, "ikpp_komposit": 37.25, "kuadran": "Kuadran III (Ekonomi Rendah, Keputusan Rendah)", "lisa_cluster_keputusan": "Low-High (Spatial Outlier)", "lisa_cluster_ekonomi": "Not Significant", "pc1": -0.305, "pc2": -1.701, "lat": -1.881, "lon": 113.399}, "geometry": {"type": "Polygon", "coordinates": [[[110.7332, -2.9964], [110.8004, -2.9767], [110.8497, -2.9964], [110.9151, -3.0445], [110.9775, -3.0662], [111.0397, -3.0537], [111.1337, -3.0182], [111.298, -2.9282], [111.3615, -2.9086], [111.3799, -2.8768], [111.3824, -2.76], [111.374, -2.7341], [111.3998, -2.6534], [111.3437, -2.6257], [111.3083, -2.589], [111.2255, -2.562], [111.2176, -2.5051], [111.2808, -2.5072], [111.2748, -2.336], [111.3169, -2.3052], [111.382, -2.2821], [111.3894, -2.2148], [111.3555, -2.1525], [111.2648, -2.1404], [111.25, -2.063], [111.2052, -2.0376], [111.12, -2.023], [111.0871, -2.041], [111.0584, -2.0593], [111.0695, -2.1145], [111.0251, -2.226], [111.1156, -2.3275], [111.0994, -2.4667], [111.1259, -2.5389], [111.1316, -2.5988], [111.1739, -2.6877], [111.1486, -2.7401], [111.1008, -2.7689], [111.0333, -2.7857], [110.9615, -2.8596], [110.894, -2.8698], [110.7557, -2.9419], [110.7332, -2.9964]]]}}, {"type": "Feature", "id": 3310, "properties": {"WADMKK": "Klaten", "WADMPR": "Jawa Tengah", "KDPKAB": "33.10", "LUASWH": 1.0830074, "kode_wilayah": 3310, "nama_resmi": "Kabupaten Klaten", "tipe": "Kabupaten", "provinsi": "Jawa Tengah", "pulau": "Jawa", "parlemen": 22.45, "pendapatan": 36.8, "pengeluaran": 13513.0, "ahh": 79.33, "profesional": 53.12, "tpak": 64.0, "rls": 9.29, "hls": 13.43, "skor_ekonomi": 42.73, "skor_keputusan": 54.4, "skor_kapasitas_sosial": 70.24, "ikpp_komposit": 52.9, "kuadran": "Kuadran I (Ekonomi Tinggi, Keputusan Tinggi)", "lisa_cluster_keputusan": "Not Significant", "lisa_cluster_ekonomi": "High-High (Hotspot)", "pc1": 1.296, "pc2": 0.885, "lat": -7.712, "lon": 110.592}, "geometry": {"type": "Polygon", "coordinates": [[[110.5436, -7.7926], [110.7148, -7.7913], [110.7698, -7.7169], [110.7781, -7.6647], [110.7643, -7.6198], [110.7026, -7.5936], [110.6117, -7.5762], [110.574, -7.5818], [110.5211, -7.6191], [110.4775, -7.5557], [110.4452, -7.5412], [110.4918, -7.7422], [110.5436, -7.7926]]]}}, {"type": "Feature", "id": 1173, "properties": {"WADMKK": "Kota Langsa", "WADMPR": "Aceh", "KDPKAB": "11.74", "LUASWH": 1.87427179, "kode_wilayah": 1173, "nama_resmi": "Kota Langsa", "tipe": "Kota", "provinsi": "Aceh", "pulau": "Sumatera", "parlemen": 12.0, "pendapatan": 27.8, "pengeluaran": 13133.0, "ahh": 71.94, "profesional": 51.12, "tpak": 45.38, "rls": 11.28, "hls": 15.71, "skor_ekonomi": 22.56, "skor_keputusan": 43.56, "skor_kapasitas_sosial": 68.83, "ikpp_komposit": 40.21, "kuadran": "Kuadran III (Ekonomi Rendah, Keputusan Rendah)", "lisa_cluster_keputusan": "Not Significant", "lisa_cluster_ekonomi": "Not Significant", "pc1": 2.294, "pc2": -0.102, "lat": 5.179, "lon": 97.149}, "geometry": {"type": "Polygon", "coordinates": [[[98.0023, 4.4052], [98.0388, 4.4202], [98.0468, 4.4655], [98.0762, 4.5127], [98.0696, 4.5472], [97.9858, 4.534], [97.9747, 4.5566], [97.9683, 4.5318], [97.9168, 4.5314], [97.8682, 4.4725], [98.0023, 4.4052]]]}}, {"type": "Feature", "id": 9434, "properties": {"WADMKK": "Dogiyai", "WADMPR": "Papua Tengah", "KDPKAB": "91.26", "LUASWH": 343.46983372, "kode_wilayah": 9434, "nama_resmi": "Kabupaten Dogiyai", "tipe": "Kabupaten", "provinsi": "Papua Tengah", "pulau": "Papua", "parlemen": 0.0, "pendapatan": 41.46, "pengeluaran": 6363.0, "ahh": 68.51, "profesional": 47.29, "tpak": 83.77, "rls": 2.39, "hls": 5.6, "skor_ekonomi": 59.49, "skor_keputusan": 30.09, "skor_kapasitas_sosial": 19.24, "ikpp_komposit": 39.68, "kuadran": "Kuadran IV (Ekonomi Tinggi, Keputusan Rendah)", "lisa_cluster_keputusan": "Low-Low (Coldspot)", "lisa_cluster_ekonomi": "High-High (Hotspot)", "pc1": -7.297, "pc2": -0.297, "lat": -4.045, "lon": 135.676}, "geometry": {"type": "Polygon", "coordinates": [[[136.003, -4.2807], [136.0239, -4.2108], [136.0834, -4.1557], [136.075, -4.132], [136.105, -4.0908], [136.1042, -4.0514], [136.1599, -4.0462], [136.1925, -3.9825], [136.1458, -3.9485], [136.1263, -3.8568], [136.1192, -3.9039], [136.06, -3.8861], [135.9546, -3.9153], [135.8467, -3.8921], [135.78, -3.9111], [135.684, -3.8833], [135.6239, -3.9333], [135.5691, -3.9468], [135.5355, -3.9336], [135.4954, -3.8892], [135.4345, -3.8675], [135.4171, -3.8933], [135.3624, -3.8627], [135.1454, -3.8053], [135.0431, -3.7837], [135.027, -3.8322], [135.0975, -3.929], [135.0929, -3.9665], [135.057, -3.9708], [135.0329, -4.0026], [135.1061, -3.9976], [135.1531, -4.0253], [135.1197, -4.1205], [135.1297, -4.1711], [135.2463, -4.1792], [135.2759, -4.1669], [135.31, -4.2012], [135.3657, -4.1966], [135.3954, -4.231], [135.4594, -4.2514], [135.5028, -4.2027], [135.616, -4.2316], [135.6856, -4.1976], [135.7218, -4.2612], [135.8213, -4.2981], [135.9029, -4.2813], [136.003, -4.2807]]]}}, {"type": "Feature", "id": 3271, "properties": {"WADMKK": "Kota Bogor", "WADMPR": "Jawa Barat", "KDPKAB": "32.71", "LUASWH": 0.36030407, "kode_wilayah": 3271, "nama_resmi": "Kota Bogor", "tipe": "Kota", "provinsi": "Jawa Barat", "pulau": "Jawa", "parlemen": 26.0, "pendapatan": 29.47, "pengeluaran": 13154.0, "ahh": 76.69, "profesional": 42.58, "tpak": 50.69, "rls": 10.71, "hls": 13.51, "skor_ekonomi": 27.45, "skor_keputusan": 50.57, "skor_kapasitas_sosial": 69.75, "ikpp_komposit": 45.16, "kuadran": "Kuadran II (Ekonomi Rendah, Keputusan Tinggi)", "lisa_cluster_keputusan": "Not Significant", "lisa_cluster_ekonomi": "Low-Low (Coldspot)", "pc1": 1.813, "pc2": -0.381, "lat": -6.595, "lon": 106.794}, "geometry": {"type": "Polygon", "coordinates": [[[106.8358, -6.6785], [106.8469, -6.6427], [106.8379, -6.5799], [106.8175, -6.5388], [106.7355, -6.555], [106.8191, -6.672], [106.8358, -6.6785]]]}}, {"type": "Feature", "id": 1502, "properties": {"WADMKK": "Merangin", "WADMPR": "Jambi", "KDPKAB": "15.02", "LUASWH": 7.13479607, "kode_wilayah": 1502, "nama_resmi": "Kabupaten Merangin", "tipe": "Kabupaten", "provinsi": "Jambi", "pulau": "Sumatera", "parlemen": 2.86, "pendapatan": 41.69, "pengeluaran": 11425.0, "ahh": 73.99, "profesional": 60.18, "tpak": 62.03, "rls": 8.4, "hls": 12.26, "skor_ekonomi": 46.17, "skor_keputusan": 41.31, "skor_kapasitas_sosial": 57.06, "ikpp_komposit": 46.4, "kuadran": "Kuadran IV (Ekonomi Tinggi, Keputusan Rendah)", "lisa_cluster_keputusan": "Not Significant", "lisa_cluster_ekonomi": "Not Significant", "pc1": -0.661, "pc2": 1.102, "lat": -2.06, "lon": 102.274}, "geometry": {"type": "Polygon", "coordinates": [[[101.9191, -2.7356], [101.9969, -2.7241], [102.0639, -2.7685], [102.073, -2.7649], [102.0863, -2.6934], [102.064, -2.6216], [102.1042, -2.6014], [102.0943, -2.5726], [102.1435, -2.5205], [102.1577, -2.4854], [102.1244, -2.4305], [102.2398, -2.4035], [102.2761, -2.3575], [102.3031, -2.3935], [102.3955, -2.3291], [102.4108, -2.2733], [102.4625, -2.182], [102.5461, -2.2139], [102.6291, -2.1854], [102.6258, -2.1122], [102.5474, -2.0779], [102.5472, -2.0181], [102.5088, -2.0188], [102.4766, -1.9749], [102.4583, -1.9], [102.4569, -1.8503], [102.4867, -1.7597], [102.5235, -1.6859], [102.5204, -1.6574], [102.4704, -1.6553], [102.4055, -1.7007], [102.3618, -1.6777], [102.2311, -1.7539], [102.1337, -1.7907], [102.1395, -1.838], [102.1106, -1.8727], [102.058, -1.8774], [102.0348, -1.9046], [101.9962, -1.9092], [101.9774, -1.8708], [101.9129, -1.8373], [101.883, -1.8469], [101.8287, -1.8207], [101.7882, -1.8291], [101.7345, -1.8773], [101.6291, -1.8887], [101.666, -1.9728], [101.7304, -2.0012], [101.7604, -2.0741], [101.7934, -2.1054], [101.7838, -2.136], [101.8203, -2.1637], [101.778, -2.2057], [101.7114, -2.3181], [101.6379, -2.3503], [101.6003, -2.3334], [101.5546, -2.3519], [101.557, -2.4519], [101.5401, -2.5499], [101.6097, -2.5499], [101.6773, -2.533], [101.7731, -2.6491], [101.8458, -2.7034], [101.8602, -2.7306], [101.9191, -2.7356]]]}}, {"type": "Feature", "id": 9105, "properties": {"WADMKK": "Manokwari", "WADMPR": "Papua Barat", "KDPKAB": "92.02", "LUASWH": 5.49309426, "kode_wilayah": 9105, "nama_resmi": "Kabupaten Manokwari", "tipe": "Kabupaten", "provinsi": "Papua Barat", "pulau": "Papua", "parlemen": 15.79, "pendapatan": 30.94, "pengeluaran": 11632.155515423668, "ahh": 72.43838069422303, "profesional": 35.48, "tpak": 52.80747879062138, "rls": 7.952523932546166, "hls": 12.951482567164252, "skor_ekonomi": 30.18, "skor_keputusan": 36.54, "skor_kapasitas_sosial": 55.5, "ikpp_komposit": 37.79, "kuadran": "Kuadran III (Ekonomi Rendah, Keputusan Rendah)", "lisa_cluster_keputusan": "Low-Low (Coldspot)", "lisa_cluster_ekonomi": "Low-High (Spatial Outlier)", "pc1": -0.448, "pc2": -0.455, "lat": -1.874, "lon": 136.237}, "geometry": {"type": "Polygon", "coordinates": [[[134.0445, -1.2408], [134.0833, -1.2163], [134.1296, -1.2287], [134.1852, -1.1977], [134.1056, -1.133], [134.071, -1.0714], [134.0704, -1.0318], [134.0117, -0.9635], [134.0673, -0.8656], [134.1346, -0.8702], [134.0712, -0.8138], [133.9913, -0.7598], [133.9713, -0.7199], [133.9039, -0.7274], [133.8806, -0.7151], [133.8173, -0.7485], [133.7962, -0.7262], [133.7432, -0.7216], [133.7319, -0.7478], [133.5994, -0.7334], [133.529, -0.7479], [133.4858, -0.7406], [133.4724, -0.7999], [133.4371, -0.8058], [133.4412, -0.863], [133.469, -0.9011], [133.4558, -0.9631], [133.4884, -0.9604], [133.4883, -1.0236], [133.5286, -1.0619], [133.5778, -1.0659], [133.6698, -1.0469], [133.6974, -1.0699], [133.7104, -1.1217], [133.744, -1.091], [133.7322, -1.0378], [133.7683, -1.0241], [133.78, -1.0657], [133.8611, -1.0599], [133.8968, -1.0427], [133.895, -1.1034], [133.9193, -1.1649], [133.9962, -1.2023], [134.0445, -1.2408]]]}}, {"type": "Feature", "id": 3207, "properties": {"WADMKK": "Ciamis", "WADMPR": "Jawa Barat", "KDPKAB": "32.07", "LUASWH": 6.61209022, "kode_wilayah": 3207, "nama_resmi": "Kabupaten Ciamis", "tipe": "Kabupaten", "provinsi": "Jawa Barat", "pulau": "Jawa", "parlemen": 10.0, "pendapatan": 39.14, "pengeluaran": 10085.0, "ahh": 74.94, "profesional": 47.47, "tpak": 55.64, "rls": 8.1, "hls": 14.3, "skor_ekonomi": 39.76, "skor_keputusan": 39.3, "skor_kapasitas_sosial": 60.15, "ikpp_komposit": 43.65, "kuadran": "Kuadran IV (Ekonomi Tinggi, Keputusan Rendah)", "lisa_cluster_keputusan": "Not Significant", "lisa_cluster_ekonomi": "Not Significant", "pc1": -0.054, "pc2": 0.853, "lat": -7.326, "lon": 108.351}, "geometry": {"type": "Polygon", "coordinates": [[[108.4271, -7.5006], [108.4854, -7.5285], [108.5209, -7.5238], [108.5278, -7.5739], [108.5977, -7.5621], [108.6466, -7.5403], [108.6487, -7.4679], [108.7181, -7.4694], [108.7179, -7.4266], [108.6621, -7.3525], [108.6505, -7.3882], [108.6002, -7.3945], [108.5695, -7.4377], [108.4695, -7.3804], [108.4892, -7.35], [108.5592, -7.3323], [108.5566, -7.287], [108.5851, -7.2408], [108.563, -7.1944], [108.5259, -7.1811], [108.5052, -7.1314], [108.4392, -7.1176], [108.3857, -7.0735], [108.3514, -7.0524], [108.245, -7.0666], [108.2096, -7.0534], [108.167, -7.0635], [108.2168, -7.0918], [108.2162, -7.1313], [108.1924, -7.1733], [108.1933, -7.2693], [108.2021, -7.2865], [108.2882, -7.3358], [108.3094, -7.3371], [108.3422, -7.3558], [108.408, -7.3653], [108.3959, -7.4082], [108.4206, -7.4231], [108.4271, -7.5006]]]}}, {"type": "Feature", "id": 9419, "properties": {"WADMKK": "Sarmi", "WADMPR": "Papua", "KDPKAB": "91.10", "LUASWH": 758.15678387, "kode_wilayah": 9419, "nama_resmi": "Kabupaten Sarmi", "tipe": "Kabupaten", "provinsi": "Papua", "pulau": "Papua", "parlemen": 25.0, "pendapatan": 36.92, "pengeluaran": 13137.626196300944, "ahh": 75.40952005563258, "profesional": 34.39, "tpak": 56.720824418360856, "rls": 9.731902603809216, "hls": 13.378885890945185, "skor_ekonomi": 38.32, "skor_keputusan": 44.18, "skor_kapasitas_sosial": 65.62, "ikpp_komposit": 46.12, "kuadran": "Kuadran IV (Ekonomi Tinggi, Keputusan Rendah)", "lisa_cluster_keputusan": "Low-Low (Coldspot)", "lisa_cluster_ekonomi": "Not Significant", "pc1": 0.774, "pc2": 0.512, "lat": -2.468, "lon": 139.203}, "geometry": {"type": "Polygon", "coordinates": [[[139.4636, -3.4602], [139.4441, -3.4289], [139.4967, -3.3572], [139.4984, -3.2863], [139.4813, -3.1685], [139.5294, -3.0794], [139.5321, -2.9956], [139.5205, -2.9433], [139.5862, -2.8729], [139.5486, -2.8241], [139.4219, -2.7683], [139.423, -2.7133], [139.382, -2.6995], [139.3894, -2.6517], [139.4311, -2.5934], [139.4863, -2.623], [139.5455, -2.6113], [139.5836, -2.5563], [139.616, -2.5378], [139.661, -2.5553], [139.7627, -2.5268], [139.7813, -2.4879], [139.7507, -2.4464], [139.7521, -2.4076], [139.7932, -2.408], [139.9714, -2.4417], [139.9994, -2.36], [139.8106, -2.3785], [139.7144, -2.3378], [139.644, -2.2918], [139.528, -2.2442], [139.4334, -2.1821], [139.364, -2.1476], [139.2479, -2.1078], [139.1248, -2.0315], [139.0556, -2.0088], [139.0005, -1.9761], [138.9059, -1.9555], [138.8754, -1.9699], [138.8027, -1.9315], [138.7378, -1.8534], [138.6827, -1.8037], [138.6288, -1.7802], [138.4917, -1.7526], [138.3466, -1.7114], [138.1733, -1.63], [138.1472, -1.6276], [138.1738, -1.7455], [138.1583, -1.7646], [138.1596, -1.8363], [138.148, -1.889], [138.1667, -1.9182], [138.229, -1.9437], [138.252, -2.0331], [138.3106, -2.0716], [138.2945, -2.1266], [138.2992, -2.1681], [138.3308, -2.1929], [138.3545, -2.17], [138.3844, -2.2174], [138.4074, -2.2004], [138.4649, -2.2737], [138.4657, -2.3213], [138.4009, -2.3572], [138.3843, -2.394], [138.4148, -2.4207], [138.4187, -2.48], [138.4365, -2.5228], [138.5405, -2.5386], [138.6343, -2.5005], [138.7175, -2.5319], [138.7942, -2.5285], [138.8723, -2.5465], [138.905, -2.5758], [138.947, -2.5777], [139.0339, -2.6109], [139.0541, -2.5947], [139.112, -2.6207], [139.1321, -2.6523], [139.2288, -2.6261], [139.2298, -2.6939], [139.2073, -2.7476], [139.1789, -2.7647], [139.1508, -2.8228], [139.1065, -2.8822], [139.1444, -2.9553], [139.1235, -3.0009], [139.1204, -3.1173], [139.0518, -3.1067], [139.0285, -3.1335], [139.0032, -3.2036], [139.0124, -3.2496], [139.0655, -3.2764], [139.0729, -3.3238], [139.1474, -3.3732], [139.1404, -3.4258], [139.2067, -3.449], [139.2481, -3.4387], [139.2833, -3.4678], [139.3557, -3.4832], [139.3735, -3.4359], [139.4636, -3.4602]]]}}, {"type": "Feature", "id": 6301, "properties": {"WADMKK": "Tanah Laut", "WADMPR": "Kalimantan Selatan", "KDPKAB": "63.01", "LUASWH": 78.76027527, "kode_wilayah": 6301, "nama_resmi": "Kabupaten Tanah Laut", "tipe": "Kabupaten", "provinsi": "Kalimantan Selatan", "pulau": "Kalimantan", "parlemen": 34.29, "pendapatan": 28.35, "pengeluaran": 12595.0, "ahh": 72.32, "profesional": 58.33, "tpak": 56.4, "rls": 7.94, "hls": 12.43, "skor_ekonomi": 29.94, "skor_keputusan": 68.65, "skor_kapasitas_sosial": 55.27, "ikpp_komposit": 50.49, "kuadran": "Kuadran II (Ekonomi Rendah, Keputusan Tinggi)", "lisa_cluster_keputusan": "Not Significant", "lisa_cluster_ekonomi": "Not Significant", "pc1": 0.376, "pc2": -1.546, "lat": -3.799, "lon": 114.783}, "geometry": {"type": "Polygon", "coordinates": [[[114.5137, -3.5429], [114.5545, -3.5567], [114.6149, -3.6487], [114.6213, -3.7211], [114.6024, -3.807], [114.61, -3.8874], [114.6379, -4.0295], [114.6276, -4.0713], [114.6421, -4.1747], [114.7205, -4.1646], [115.0202, -4.0068], [115.1202, -3.9692], [115.2221, -3.9218], [115.3753, -3.8607], [115.3244, -3.7055], [115.2833, -3.7], [115.25, -3.5908], [115.2613, -3.5618], [115.2283, -3.5971], [115.1132, -3.6375], [115.0801, -3.6821], [115.0423, -3.7017], [114.9914, -3.7018], [114.9504, -3.7264], [114.9368, -3.6937], [114.9615, -3.6309], [114.9348, -3.6126], [114.8943, -3.545], [114.8575, -3.5611], [114.8088, -3.5244], [114.736, -3.5104], [114.6821, -3.5178], [114.5137, -3.5429]]]}}, {"type": "Feature", "id": 7102, "properties": {"WADMKK": "Minahasa", "WADMPR": "Sulawesi Utara", "KDPKAB": "71.02", "LUASWH": 1.17810161, "kode_wilayah": 7102, "nama_resmi": "Kabupaten Minahasa", "tipe": "Kabupaten", "provinsi": "Sulawesi Utara", "pulau": "Sulawesi", "parlemen": 45.71, "pendapatan": 40.23, "pengeluaran": 10170.0, "ahh": 70.6, "profesional": 59.22, "tpak": 49.42, "rls": 8.61, "hls": 12.39, "skor_ekonomi": 36.93, "skor_keputusan": 79.62, "skor_kapasitas_sosial": 52.11, "ikpp_komposit": 57.04, "kuadran": "Kuadran I (Ekonomi Tinggi, Keputusan Tinggi)", "lisa_cluster_keputusan": "High-High (Hotspot)", "lisa_cluster_ekonomi": "High-Low (Spatial Outlier)", "pc1": 0.173, "pc2": -1.354, "lat": 1.301, "lon": 124.911}, "geometry": {"type": "Polygon", "coordinates": [[[124.9089, 1.0184], [124.9655, 1.0684], [125.0236, 1.1428], [125.0635, 1.2861], [125.0274, 1.291], [125.0133, 1.3293], [124.9632, 1.3191], [124.9122, 1.3531], [124.9259, 1.3771], [124.8852, 1.4658], [124.8235, 1.428], [124.784, 1.4612], [124.6884, 1.4089], [124.6392, 1.3996], [124.6237, 1.4188], [124.5653, 1.3787], [124.6211, 1.3365], [124.7047, 1.3304], [124.7167, 1.2816], [124.7596, 1.2519], [124.7271, 1.1837], [124.7367, 1.1151], [124.7699, 1.0965], [124.8333, 1.1207], [124.9089, 1.0184]], [[124.8216, 1.2563], [124.7364, 1.3039], [124.7339, 1.3269], [124.791, 1.3979], [124.8357, 1.4051], [124.8752, 1.3142], [124.8466, 1.2637], [124.8216, 1.2563]]]}}, {"type": "Feature", "id": 7318, "properties": {"WADMKK": "Tana Toraja", "WADMPR": "Sulawesi Selatan", "KDPKAB": "73.18", "LUASWH": 3.67280469, "kode_wilayah": 7318, "nama_resmi": "Kabupaten Tana Toraja", "tipe": "Kabupaten", "provinsi": "Sulawesi Selatan", "pulau": "Sulawesi", "parlemen": 6.67, "pendapatan": 44.78, "pengeluaran": 14928.0, "ahh": 74.03, "profesional": 63.79, "tpak": 58.3, "rls": 10.88, "hls": 14.55, "skor_ekonomi": 46.8, "skor_keputusan": 47.19, "skor_kapasitas_sosial": 70.24, "ikpp_komposit": 51.64, "kuadran": "Kuadran IV (Ekonomi Tinggi, Keputusan Rendah)", "lisa_cluster_keputusan": "Not Significant", "lisa_cluster_ekonomi": "Not Significant", "pc1": 1.715, "pc2": 1.989, "lat": -3.087, "lon": 119.857}, "geometry": {"type": "Polygon", "coordinates": [[[120.0414, -3.3683], [120.0226, -3.2792], [119.9823, -3.2498], [119.9871, -3.1827], [119.9599, -3.1035], [119.9359, -3.0675], [119.895, -3.045], [119.8533, -3.0517], [119.8079, -2.9595], [119.7743, -2.9395], [119.7186, -2.9543], [119.6756, -2.9188], [119.6916, -2.8231], [119.6817, -2.7562], [119.5838, -2.7479], [119.5678, -2.7984], [119.5792, -2.8233], [119.55, -2.8976], [119.5766, -2.9502], [119.5646, -2.9943], [119.5952, -3.0633], [119.6325, -3.1098], [119.5361, -3.1393], [119.5137, -3.1726], [119.4703, -3.1909], [119.4096, -3.1833], [119.387, -3.2172], [119.4377, -3.2856], [119.4817, -3.2916], [119.558, -3.2696], [119.6156, -3.2868], [119.6672, -3.3681], [119.6969, -3.3867], [119.725, -3.3633], [119.7293, -3.2933], [119.8151, -3.2455], [119.829, -3.2653], [119.9234, -3.2661], [119.9336, -3.2903], [119.9957, -3.3024], [120.0414, -3.3683]]]}}, {"type": "Feature", "id": 7505, "properties": {"WADMKK": "Gorontalo Utara", "WADMPR": "Gorontalo", "KDPKAB": "75.05", "LUASWH": 3.0382094, "kode_wilayah": 7505, "nama_resmi": "Kabupaten Gorontalo Utara", "tipe": "Kabupaten", "provinsi": "Gorontalo", "pulau": "Sulawesi", "parlemen": 36.0, "pendapatan": 28.27, "pengeluaran": 8415.0, "ahh": 73.62, "profesional": 59.82, "tpak": 63.75, "rls": 8.13, "hls": 12.6, "skor_ekonomi": 34.44, "skor_keputusan": 71.2, "skor_kapasitas_sosial": 53.73, "ikpp_komposit": 53.0, "kuadran": "Kuadran II (Ekonomi Rendah, Keputusan Tinggi)", "lisa_cluster_keputusan": "High-High (Hotspot)", "lisa_cluster_ekonomi": "Not Significant", "pc1": -0.228, "pc2": -1.318, "lat": 0.791, "lon": 122.869}, "geometry": {"type": "Polygon", "coordinates": [[[122.2481, 0.9138], [122.3517, 0.921], [122.4157, 0.8855], [122.4966, 0.8715], [122.5795, 0.8751], [122.6427, 0.848], [122.7152, 0.7868], [122.8314, 0.7544], [122.8909, 0.7512], [122.9071, 0.7076], [122.968, 0.7182], [123.0058, 0.7829], [123.0701, 0.803], [123.1241, 0.7881], [123.1671, 0.7519], [123.2196, 0.7608], [123.249, 0.7478], [123.2711, 0.8026], [123.2058, 0.8574], [123.1516, 0.8708], [123.1215, 0.9248], [123.0961, 0.9133], [123.0201, 0.9338], [122.9864, 0.9677], [122.9219, 0.8612], [122.8583, 0.8219], [122.7969, 0.8346], [122.7889, 0.8651], [122.6822, 0.9002], [122.6638, 0.9352], [122.6093, 0.9445], [122.4752, 1.0008], [122.3698, 0.9929], [122.316, 1.0067], [122.2387, 0.9956], [122.1957, 1.0386], [122.0421, 0.9867], [122.036, 0.9323], [121.982, 0.907], [122.0327, 0.8857], [122.1013, 0.9018], [122.2481, 0.9138]]]}}, {"type": "Feature", "id": 1903, "properties": {"WADMKK": "Bangka Barat", "WADMPR": "Kepulauan Bangka Belitung", "KDPKAB": "19.05", "LUASWH": 91.05108359, "kode_wilayah": 1903, "nama_resmi": "Kabupaten Bangka Barat", "tipe": "Kabupaten", "provinsi": "Kepulauan Bangka Belitung", "pulau": "Sumatera", "parlemen": 16.67, "pendapatan": 26.73, "pengeluaran": 13199.0, "ahh": 72.6, "profesional": 52.35, "tpak": 52.07, "rls": 7.48, "hls": 11.79, "skor_ekonomi": 25.7, "skor_keputusan": 48.63, "skor_kapasitas_sosial": 54.0, "ikpp_komposit": 40.53, "kuadran": "Kuadran II (Ekonomi Rendah, Keputusan Tinggi)", "lisa_cluster_keputusan": "Not Significant", "lisa_cluster_ekonomi": "Low-Low (Coldspot)", "pc1": -0.205, "pc2": -1.36, "lat": -3.02, "lon": 106.512}, "geometry": {"type": "Polygon", "coordinates": [[[105.745, -1.7833], [105.6953, -1.7809], [105.6551, -1.7454], [105.6614, -1.7136], [105.717, -1.6541], [105.6522, -1.6508], [105.6295, -1.6276], [105.605, -1.5297], [105.5354, -1.5651], [105.4711, -1.5614], [105.3846, -1.642], [105.3423, -1.6678], [105.3426, -1.7011], [105.3997, -1.75], [105.3726, -1.8215], [105.2641, -1.8965], [105.1634, -1.9295], [105.1087, -2.0228], [105.1252, -2.0751], [105.2259, -2.0654], [105.259, -2.0865], [105.301, -2.1543], [105.3283, -2.1282], [105.4391, -2.1328], [105.4695, -2.1048], [105.5395, -2.0793], [105.592, -2.1232], [105.6469, -2.1171], [105.7397, -2.1326], [105.7331, -2.0539], [105.7724, -2.0489], [105.7807, -1.9981], [105.7201, -1.9815], [105.7056, -1.894], [105.7425, -1.8826], [105.7575, -1.8209], [105.745, -1.7833]]]}}, {"type": "Feature", "id": 5171, "properties": {"WADMKK": "Kota Denpasar", "WADMPR": "Bali", "KDPKAB": "51.71", "LUASWH": 0.50748534, "kode_wilayah": 5171, "nama_resmi": "Kota Denpasar", "tipe": "Kota", "provinsi": "Bali", "pulau": "Bali & Nusa Tenggara", "parlemen": 8.89, "pendapatan": 42.01, "pengeluaran": 20763.0, "ahh": 77.76, "profesional": 47.98, "tpak": 60.5, "rls": 11.53, "hls": 14.13, "skor_ekonomi": 45.53, "skor_keputusan": 38.63, "skor_kapasitas_sosial": 81.39, "ikpp_komposit": 49.94, "kuadran": "Kuadran IV (Ekonomi Tinggi, Keputusan Rendah)", "lisa_cluster_keputusan": "Not Significant", "lisa_cluster_ekonomi": "High-High (Hotspot)", "pc1": 2.893, "pc2": 2.413, "lat": -8.654, "lon": 115.217}, "geometry": {"type": "Polygon", "coordinates": [[[115.1888, -8.739], [115.2636, -8.7068], [115.2749, -8.6504], [115.2442, -8.6014], [115.1848, -8.6167], [115.1735, -8.6617], [115.1888, -8.739]]]}}, {"type": "Feature", "id": 1705, "properties": {"WADMKK": "Seluma", "WADMPR": "Bengkulu", "KDPKAB": "17.05", "LUASWH": 6.94060011, "kode_wilayah": 1705, "nama_resmi": "Kabupaten Seluma", "tipe": "Kabupaten", "provinsi": "Bengkulu", "pulau": "Sumatera", "parlemen": 13.33, "pendapatan": 35.42, "pengeluaran": 9474.0, "ahh": 70.57, "profesional": 55.55, "tpak": 56.69, "rls": 8.14, "hls": 13.33, "skor_ekonomi": 36.87, "skor_keputusan": 47.73, "skor_kapasitas_sosial": 52.1, "ikpp_komposit": 44.26, "kuadran": "Kuadran I (Ekonomi Tinggi, Keputusan Tinggi)", "lisa_cluster_keputusan": "Not Significant", "lisa_cluster_ekonomi": "Not Significant", "pc1": -0.666, "pc2": -0.11, "lat": -4.078, "lon": 102.556}, "geometry": {"type": "Polygon", "coordinates": [[[102.7965, -4.3539], [102.8158, -4.3243], [102.8568, -4.3153], [102.9004, -4.1785], [102.9395, -4.1827], [103.0027, -4.1605], [102.9738, -4.1271], [102.9186, -4.0931], [102.9979, -4.0192], [102.9611, -4.0197], [102.9119, -3.9696], [102.8849, -3.9894], [102.7917, -3.9559], [102.7486, -3.9011], [102.6609, -3.8184], [102.6203, -3.8022], [102.5741, -3.8037], [102.4824, -3.8533], [102.4146, -3.8693], [102.3713, -3.8565], [102.3171, -3.9114], [102.3006, -3.9821], [102.5428, -4.1613], [102.7965, -4.3539]]]}}, {"type": "Feature", "id": 8206, "properties": {"WADMKK": "Halmahera Timur", "WADMPR": "Maluku Utara", "KDPKAB": "82.06", "LUASWH": 11.0891673, "kode_wilayah": 8206, "nama_resmi": "Kabupaten Halmahera Timur", "tipe": "Kabupaten", "provinsi": "Maluku Utara", "pulau": "Maluku", "parlemen": 5.0, "pendapatan": 25.7, "pengeluaran": 8805.0, "ahh": 69.07, "profesional": 54.36, "tpak": 59.8, "rls": 7.86, "hls": 13.17, "skor_ekonomi": 29.53, "skor_keputusan": 39.36, "skor_kapasitas_sosial": 48.57, "ikpp_komposit": 37.27, "kuadran": "Kuadran III (Ekonomi Rendah, Keputusan Rendah)", "lisa_cluster_keputusan": "Not Significant", "lisa_cluster_ekonomi": "Low-Low (Coldspot)", "pc1": -1.176, "pc2": -0.698, "lat": 0.677, "lon": 128.284}, "geometry": {"type": "Polygon", "coordinates": [[[128.6689, 0.4963], [128.6783, 0.5503], [128.5721, 0.562], [128.527, 0.5899], [128.4815, 0.5974], [128.4345, 0.6324], [128.3192, 0.6557], [128.2606, 0.7378], [128.2393, 0.7347], [128.1984, 0.7898], [128.2391, 0.8159], [128.2822, 0.8203], [128.2797, 0.8668], [128.3342, 0.912], [128.3842, 0.911], [128.4408, 0.9296], [128.5069, 0.973], [128.5391, 0.9764], [128.6181, 1.0468], [128.685, 1.068], [128.6951, 1.1193], [128.6906, 1.1961], [128.7187, 1.2484], [128.71, 1.2881], [128.7468, 1.3318], [128.7356, 1.3987], [128.6857, 1.462], [128.6794, 1.4937], [128.7225, 1.5725], [128.6703, 1.5899], [128.555, 1.5678], [128.5053, 1.5331], [128.4717, 1.5517], [128.3673, 1.4986], [128.3462, 1.4606], [128.2494, 1.4214], [128.1666, 1.3663], [128.0921, 1.243], [128.1458, 1.2536], [128.1799, 1.2427], [128.2005, 1.1959], [128.1657, 1.1245], [128.0688, 1.1225], [127.988, 1.0905], [127.9257, 0.9656], [127.934, 0.8877], [127.8834, 0.8294], [127.8005, 0.7971], [127.7537, 0.808], [127.694, 0.8791], [127.6968, 0.8342], [127.7313, 0.7596], [127.75, 0.7577], [127.7827, 0.6931], [127.7921, 0.6432], [127.8537, 0.6177], [127.9286, 0.6256], [127.996, 0.6568], [128.1354, 0.5891], [128.2142, 0.5994], [128.2604, 0.5756], [128.2712, 0.5497], [128.3164, 0.5546], [128.3585, 0.5106], [128.4384, 0.5046], [128.4837, 0.4898], [128.5435, 0.4225], [128.6211, 0.4434], [128.635, 0.4842], [128.6689, 0.4963]]]}}, {"type": "Feature", "id": 3673, "properties": {"WADMKK": "Kota Serang", "WADMPR": "Banten", "KDPKAB": "36.73", "LUASWH": 5.18192684, "kode_wilayah": 3673, "nama_resmi": "Kota Serang", "tipe": "Kota", "provinsi": "Banten", "pulau": "Jawa", "parlemen": 8.89, "pendapatan": 28.03, "pengeluaran": 14603.0, "ahh": 71.29, "profesional": 51.65, "tpak": 53.21, "rls": 8.93, "hls": 12.83, "skor_ekonomi": 27.65, "skor_keputusan": 41.09, "skor_kapasitas_sosial": 58.78, "ikpp_komposit": 39.25, "kuadran": "Kuadran III (Ekonomi Rendah, Keputusan Rendah)", "lisa_cluster_keputusan": "Not Significant", "lisa_cluster_ekonomi": "Low-Low (Coldspot)", "pc1": 0.456, "pc2": -0.488, "lat": -6.12, "lon": 106.173}, "geometry": {"type": "Polygon", "coordinates": [[[106.1483, -6.0203], [106.1473, -6.0666], [106.1104, -6.0856], [106.0694, -6.1308], [106.0782, -6.1805], [106.1223, -6.1679], [106.138, -6.2093], [106.1923, -6.218], [106.2557, -6.1462], [106.2247, -6.129], [106.2164, -6.0162], [106.1483, -6.0203]]]}}, {"type": "Feature", "id": 1506, "properties": {"WADMKK": "Tanjung Jabung Timur", "WADMPR": "Jambi", "KDPKAB": "15.07", "LUASWH": 23.24061605, "kode_wilayah": 1506, "nama_resmi": "Kabupaten Tanjung Jabung Timur", "tipe": "Kabupaten", "provinsi": "Jambi", "pulau": "Sumatera", "parlemen": 20.0, "pendapatan": 23.14, "pengeluaran": 10328.0, "ahh": 69.29, "profesional": 48.78, "tpak": 41.47, "rls": 7.7, "hls": 12.21, "skor_ekonomi": 15.68, "skor_keputusan": 49.27, "skor_kapasitas_sosial": 48.17, "ikpp_komposit": 35.61, "kuadran": "Kuadran II (Ekonomi Rendah, Keputusan Tinggi)", "lisa_cluster_keputusan": "Not Significant", "lisa_cluster_ekonomi": "Low-Low (Coldspot)", "pc1": -0.468, "pc2": -2.463, "lat": -0.827, "lon": 103.461}, "geometry": {"type": "Polygon", "coordinates": [[[104.491, -1.6678], [104.4669, -1.6183], [104.4377, -1.5046], [104.4556, -1.4303], [104.4553, -1.3322], [104.3929, -1.2174], [104.4078, -1.1632], [104.3942, -1.0761], [104.3586, -1.0186], [104.3291, -1.0428], [104.2657, -1.0416], [104.2019, -1.0699], [104.1545, -1.046], [104.0317, -1.0022], [103.9152, -0.9831], [103.8349, -1.0103], [103.7526, -0.9893], [103.7273, -0.9574], [103.6857, -0.9469], [103.574, -0.8753], [103.5571, -0.959], [103.5359, -0.9914], [103.4794, -1.0242], [103.4404, -1.0723], [103.4478, -1.195], [103.4257, -1.2197], [103.3382, -1.2372], [103.3368, -1.2786], [103.3897, -1.2793], [103.417, -1.3283], [103.5069, -1.3323], [103.559, -1.3157], [103.5807, -1.3902], [103.6336, -1.3922], [103.6714, -1.3704], [103.8368, -1.3418], [104.0553, -1.3183], [104.1037, -1.3002], [104.1027, -1.345], [104.1639, -1.449], [104.2355, -1.5434], [104.2863, -1.5734], [104.3384, -1.6453], [104.3625, -1.6467], [104.4055, -1.6293], [104.4619, -1.6421], [104.491, -1.6678]]]}}, {"type": "Feature", "id": 1372, "properties": {"WADMKK": "Solok", "WADMPR": "Sumatera Barat", "KDPKAB": "13.02", "LUASWH": 50.58482704, "kode_wilayah": 1372, "nama_resmi": "Kota Solok", "tipe": "Kota", "provinsi": "Sumatera Barat", "pulau": "Sumatera", "parlemen": 15.0, "pendapatan": 36.21, "pengeluaran": 12995.0, "ahh": 77.02, "profesional": 68.27, "tpak": 62.54, "rls": 11.37, "hls": 14.37, "skor_ekonomi": 41.26, "skor_keputusan": 57.76, "skor_kapasitas_sosial": 73.1, "ikpp_komposit": 54.23, "kuadran": "Kuadran I (Ekonomi Tinggi, Keputusan Tinggi)", "lisa_cluster_keputusan": "Not Significant", "lisa_cluster_ekonomi": "Not Significant", "pc1": 2.149, "pc2": 1.166, "lat": -0.799, "lon": 100.653}, "geometry": {"type": "Polygon", "coordinates": [[[100.8928, -1.3257], [100.9388, -1.2836], [100.9836, -1.313], [101.0339, -1.2771], [101.0842, -1.2973], [101.1715, -1.3038], [101.2424, -1.2951], [101.2455, -1.2145], [101.1769, -1.1352], [101.1666, -1.1028], [101.1656, -1.0555], [101.2045, -0.9677], [101.191, -0.9512], [101.0683, -0.9903], [101.0459, -0.8859], [100.926, -0.8084], [100.8979, -0.8233], [100.8538, -0.7869], [100.8096, -0.7728], [100.7376, -0.7245], [100.6944, -0.7217], [100.7066, -0.6712], [100.6875, -0.6319], [100.705, -0.5711], [100.6646, -0.532], [100.5934, -0.5964], [100.4869, -0.6586], [100.4266, -0.6584], [100.4579, -0.7261], [100.5103, -0.7569], [100.5415, -0.809], [100.6168, -0.7796], [100.6437, -0.7448], [100.6817, -0.7431], [100.6663, -0.8109], [100.6361, -0.7952], [100.5448, -0.8149], [100.5656, -0.9027], [100.5385, -0.9589], [100.5532, -1.0323], [100.605, -1.0705], [100.644, -1.1209], [100.726, -1.0945], [100.8007, -1.203], [100.8, -1.2786], [100.8533, -1.2965], [100.8928, -1.3257]]]}}, {"type": "Feature", "id": 1613, "properties": {"WADMKK": "Musi Rawas Utara", "WADMPR": "Sumatera Selatan", "KDPKAB": "16.13", "LUASWH": 46.66597002, "kode_wilayah": 1613, "nama_resmi": "Kabupaten Musi Rawas Utara", "tipe": "Kabupaten", "provinsi": "Sumatera Selatan", "pulau": "Sumatera", "parlemen": 0.0, "pendapatan": 25.8, "pengeluaran": 11198.0, "ahh": 68.56, "profesional": 59.12, "tpak": 55.97, "rls": 7.51, "hls": 11.9, "skor_ekonomi": 27.24, "skor_keputusan": 38.0, "skor_kapasitas_sosial": 47.04, "ikpp_komposit": 35.5, "kuadran": "Kuadran III (Ekonomi Rendah, Keputusan Rendah)", "lisa_cluster_keputusan": "Not Significant", "lisa_cluster_ekonomi": "Not Significant", "pc1": -1.262, "pc2": -1.007, "lat": -2.735, "lon": 102.901}, "geometry": {"type": "Polygon", "coordinates": [[[102.4865, -3.1099], [102.5857, -3.0704], [102.6336, -3.0417], [102.7129, -3.0123], [102.8699, -2.973], [102.8733, -2.9268], [102.901, -2.886], [102.9464, -2.881], [103.0143, -2.8544], [103.1017, -2.8434], [103.1199, -2.7707], [103.1751, -2.7586], [103.2711, -2.7531], [103.3413, -2.6947], [103.3614, -2.5732], [103.2854, -2.5116], [103.2758, -2.4468], [103.2267, -2.4701], [103.2, -2.439], [103.143, -2.4347], [103.1168, -2.4515], [103.0828, -2.4326], [103.0664, -2.3849], [103.0293, -2.3416], [102.9407, -2.3362], [102.8928, -2.3173], [102.8559, -2.3335], [102.8435, -2.374], [102.8792, -2.4244], [102.8157, -2.4854], [102.7775, -2.554], [102.7134, -2.5712], [102.6595, -2.6134], [102.6141, -2.6222], [102.6158, -2.6527], [102.5806, -2.6783], [102.5388, -2.6752], [102.4691, -2.7043], [102.4056, -2.6891], [102.3731, -2.6562], [102.3052, -2.6493], [102.2713, -2.6245], [102.2414, -2.6511], [102.2368, -2.6896], [102.1684, -2.7072], [102.073, -2.7649], [102.0639, -2.7685], [102.0728, -2.7941], [102.1294, -2.8348], [102.1313, -2.8748], [102.2241, -2.9307], [102.2429, -3.0195], [102.3176, -3.0699], [102.3868, -3.0436], [102.4423, -3.0586], [102.4865, -3.1099]]]}}, {"type": "Feature", "id": 6303, "properties": {"WADMKK": "Banjar", "WADMPR": "Kalimantan Selatan", "KDPKAB": "63.03", "LUASWH": 9.23192784, "kode_wilayah": 6303, "nama_resmi": "Kabupaten Banjar", "tipe": "Kabupaten", "provinsi": "Kalimantan Selatan", "pulau": "Kalimantan", "parlemen": 22.22, "pendapatan": 34.3, "pengeluaran": 13683.0, "ahh": 70.3, "profesional": 49.0, "tpak": 55.45, "rls": 7.95, "hls": 13.04, "skor_ekonomi": 35.03, "skor_keputusan": 51.43, "skor_kapasitas_sosial": 54.8, "ikpp_komposit": 45.54, "kuadran": "Kuadran I (Ekonomi Tinggi, Keputusan Tinggi)", "lisa_cluster_keputusan": "High-High (Hotspot)", "lisa_cluster_ekonomi": "Not Significant", "pc1": -0.018, "pc2": -0.426, "lat": -3.409, "lon": 114.848}, "geometry": {"type": "Polygon", "coordinates": [[[114.5137, -3.5429], [114.6821, -3.5178], [114.6759, -3.4618], [114.7194, -3.3775], [114.7838, -3.4212], [114.9001, -3.449], [114.9052, -3.5321], [114.8943, -3.545], [114.9348, -3.6126], [114.9615, -3.6309], [114.9368, -3.6937], [114.9504, -3.7264], [114.9914, -3.7018], [115.0423, -3.7017], [115.0801, -3.6821], [115.1132, -3.6375], [115.2283, -3.5971], [115.2613, -3.5618], [115.3128, -3.5107], [115.3493, -3.5044], [115.4115, -3.4517], [115.3907, -3.4362], [115.4058, -3.339], [115.4289, -3.296], [115.4164, -3.2267], [115.4233, -3.1455], [115.4775, -3.1057], [115.4811, -3.0759], [115.5204, -3.0282], [115.5121, -3.0084], [115.5772, -2.9309], [115.5773, -2.8835], [115.5557, -2.8311], [115.5061, -2.8867], [115.4777, -2.9403], [115.435, -2.9769], [115.3578, -2.9839], [115.3396, -2.965], [115.2163, -3.0473], [115.168, -3.1147], [115.2419, -3.1358], [115.2376, -3.1668], [115.1231, -3.1961], [114.8284, -3.0153], [114.8306, -3.0945], [114.8692, -3.064], [114.8691, -3.1366], [114.8212, -3.1893], [114.7653, -3.2299], [114.6386, -3.2756], [114.625, -3.3506], [114.5862, -3.3821], [114.5223, -3.3634], [114.5068, -3.388], [114.5194, -3.4414], [114.4988, -3.5189], [114.5137, -3.5429]]]}}, {"type": "Feature", "id": 1709, "properties": {"WADMKK": "Bengkulu Tengah", "WADMPR": "Bengkulu", "KDPKAB": "17.09", "LUASWH": 5.81085642, "kode_wilayah": 1709, "nama_resmi": "Kabupaten Bengkulu Tengah", "tipe": "Kabupaten", "provinsi": "Bengkulu", "pulau": "Sumatera", "parlemen": 20.0, "pendapatan": 42.23, "pengeluaran": 10672.0, "ahh": 70.68, "profesional": 48.78, "tpak": 50.39, "rls": 7.71, "hls": 13.47, "skor_ekonomi": 39.44, "skor_keputusan": 49.27, "skor_kapasitas_sosial": 52.69, "ikpp_komposit": 46.02, "kuadran": "Kuadran I (Ekonomi Tinggi, Keputusan Tinggi)", "lisa_cluster_keputusan": "Not Significant", "lisa_cluster_ekonomi": "Not Significant", "pc1": -0.501, "pc2": 0.071, "lat": -3.773, "lon": 102.39}, "geometry": {"type": "Polygon", "coordinates": [[[102.3713, -3.8565], [102.4146, -3.8693], [102.4824, -3.8533], [102.5741, -3.8037], [102.6203, -3.8022], [102.583, -3.7454], [102.5779, -3.6834], [102.5496, -3.6756], [102.5128, -3.6194], [102.5074, -3.5847], [102.4464, -3.5291], [102.4168, -3.4762], [102.3693, -3.4947], [102.3299, -3.5304], [102.2604, -3.5515], [102.199, -3.593], [102.1997, -3.6474], [102.2373, -3.6838], [102.2339, -3.7178], [102.2576, -3.7557], [102.2976, -3.7439], [102.3713, -3.8565]]]}}, {"type": "Feature", "id": 3274, "properties": {"WADMKK": "Kota Cirebon", "WADMPR": "Jawa Barat", "KDPKAB": "32.74", "LUASWH": 1.32176556, "kode_wilayah": 3274, "nama_resmi": "Kota Cirebon", "tipe": "Kota", "provinsi": "Jawa Barat", "pulau": "Jawa", "parlemen": 34.29, "pendapatan": 31.77, "pengeluaran": 12869.0, "ahh": 75.55, "profesional": 44.52, "tpak": 54.77, "rls": 10.53, "hls": 13.17, "skor_ekonomi": 32.19, "skor_keputusan": 59.41, "skor_kapasitas_sosial": 66.94, "ikpp_komposit": 50.03, "kuadran": "Kuadran II (Ekonomi Rendah, Keputusan Tinggi)", "lisa_cluster_keputusan": "Not Significant", "lisa_cluster_ekonomi": "Low-Low (Coldspot)", "pc1": 1.516, "pc2": -0.458, "lat": -6.707, "lon": 108.558}, "geometry": {"type": "Polygon", "coordinates": [[[108.5621, -6.6913], [108.5235, -6.7344], [108.5296, -6.7792], [108.5911, -6.7433], [108.5621, -6.6913]]]}}, {"type": "Feature", "id": 8108, "properties": {"WADMKK": "Maluku Barat Daya", "WADMPR": "Maluku", "KDPKAB": "81.08", "LUASWH": 4.72089375, "kode_wilayah": 8108, "nama_resmi": "Kabupaten Maluku Barat Daya", "tipe": "Kabupaten", "provinsi": "Maluku", "pulau": "Maluku", "parlemen": 15.0, "pendapatan": 42.37, "pengeluaran": 8426.0, "ahh": 69.15, "profesional": 53.03, "tpak": 56.71, "rls": 8.59, "hls": 13.25, "skor_ekonomi": 43.51, "skor_keputusan": 47.57, "skor_kapasitas_sosial": 50.09, "ikpp_komposit": 46.45, "kuadran": "Kuadran IV (Ekonomi Tinggi, Keputusan Rendah)", "lisa_cluster_keputusan": "Not Significant", "lisa_cluster_ekonomi": "High-High (Hotspot)", "pc1": -1.065, "pc2": 0.416, "lat": -8.148, "lon": 127.802}, "geometry": {"type": "MultiPolygon", "coordinates": [[[[129.0319, -8.2348], [129.029, -8.2171], [128.965, -8.1855], [128.8627, -8.1841], [128.8721, -8.2316], [128.9244, -8.2454], [128.951, -8.2253], [129.0026, -8.2589], [129.0319, -8.2348]]], [[[129.8346, -8.2104], [129.8752, -8.154], [129.8482, -8.1418], [129.8346, -8.2104]]], [[[129.5595, -7.9311], [129.5703, -7.909], [129.5258, -7.8687], [129.515, -7.9229], [129.5595, -7.9311]]], [[[129.8378, -7.948], [129.8676, -7.9063], [129.846, -7.8897], [129.8449, -7.8405], [129.8186, -7.8168], [129.777, -7.8145], [129.6755, -7.786], [129.5966, -7.8226], [129.5815, -7.894], [129.6033, -7.9122], [129.6739, -8.0112], [129.7528, -8.0548], [129.7928, -8.0429], [129.8378, -7.948]]], [[[128.2291, -8.2464], [128.2209, -8.2104], [128.1865, -8.2023], [128.0933, -8.2233], [128.079, -8.2565], [128.1491, -8.2777], [128.2343, -8.2714], [128.2291, -8.2464]]], [[[127.6434, -8.2387], [127.7509, -8.2061], [127.7462, -8.1766], [127.6704, -8.1605], [127.6025, -8.217], [127.6434, -8.2387]]], [[[128.0523, -8.2292], [128.0772, -8.1918], [128.1257, -8.1535], [128.077, -8.1375], [128.0354, -8.148], [127.9469, -8.1463], [127.9272, -8.1291], [127.7882, -8.1036], [127.7936, -8.1836], [127.8871, -8.2183], [127.9434, -8.2199], [127.9604, -8.247], [128.0426, -8.26], [128.0523, -8.2292]]], [[[127.2103, -8.1058], [127.2149, -8.0338], [127.1662, -8.0141], [127.1376, -8.0351], [127.1477, -8.1019], [127.2103, -8.1058]]], [[[125.8132, -7.9978], [125.8696, -7.9769], [125.8862, -7.9524], [126.0712, -7.8876], [126.1279, -7.8905], [126.1713, -7.9232], [126.2251, -7.9284], [126.332, -7.9145], [126.3668, -7.9341], [126.4234, -7.932], [126.4641, -7.9746], [126.5033, -7.9184], [126.5208, -7.8592], [126.5491, -7.8235], [126.6035, -7.7921], [126.659, -7.7778], [126.6946, -7.7512], [126.8427, -7.734], [126.8085, -7.6772], [126.7126, -7.6451], [126.6395, -7.6054], [126.6366, -7.5635], [126.5363, -7.5718], [126.4708, -7.5892], [126.4383, -7.6321], [126.3983, -7.6366], [126.3234, -7.6951], [126.2342, -7.6891], [126.1865, -7.727], [126.0236, -7.6921], [125.9843, -7.6568], [125.9474, -7.662], [125.8945, -7.7577], [125.863, -7.7671], [125.8708, -7.8148], [125.8074, -7.8638], [125.8255, -7.9044], [125.8132, -7.9978]]], [[[128.5744, -7.1733], [128.6261, -7.214], [128.6514, -7.2159], [128.6795, -7.1717], [128.6996, -7.1068], [128.6506, -7.0927], [128.6108, -7.062], [128.5433, -7.1053], [128.5252, -7.1445], [128.5744, -7.1733]]], [[[127.3877, -7.4938], [127.3551, -7.5291], [127.366, -7.5914], [127.3233, -7.6273], [127.3399, -7.6492], [127.3864, -7.6492], [127.406, -7.6048], [127.4702, -7.5893], [127.4891, -7.5486], [127.3877, -7.4938]]]]}}, {"type": "Feature", "id": 2104, "properties": {"WADMKK": "Lingga", "WADMPR": "Kepulauan Riau", "KDPKAB": "21.04", "LUASWH": 10.2597682, "kode_wilayah": 2104, "nama_resmi": "Kabupaten Lingga", "tipe": "Kabupaten", "provinsi": "Kepulauan Riau", "pulau": "Sumatera", "parlemen": 16.0, "pendapatan": 23.25, "pengeluaran": 12906.0, "ahh": 65.68, "profesional": 55.62, "tpak": 41.72, "rls": 7.6, "hls": 12.65, "skor_ekonomi": 15.94, "skor_keputusan": 50.21, "skor_kapasitas_sosial": 46.47, "ikpp_komposit": 35.75, "kuadran": "Kuadran II (Ekonomi Rendah, Keputusan Tinggi)", "lisa_cluster_keputusan": "Not Significant", "lisa_cluster_ekonomi": "Low-Low (Coldspot)", "pc1": -0.251, "pc2": -2.378, "lat": -0.21, "lon": 104.605}, "geometry": {"type": "MultiPolygon", "coordinates": [[[[104.5751, -0.4945], [104.5996, -0.4686], [104.5415, -0.3945], [104.4775, -0.3357], [104.4398, -0.3404], [104.4304, -0.3831], [104.3854, -0.4133], [104.3514, -0.3939], [104.2782, -0.3965], [104.2599, -0.4752], [104.2989, -0.5351], [104.3185, -0.5367], [104.3421, -0.6562], [104.3657, -0.6839], [104.3987, -0.6001], [104.4406, -0.5876], [104.4565, -0.6216], [104.5045, -0.6436], [104.5083, -0.5955], [104.5351, -0.5384], [104.5751, -0.4945]]], [[[104.8833, -0.3263], [104.9016, -0.2881], [104.9379, -0.2654], [104.8911, -0.2248], [104.8259, -0.1334], [104.8117, -0.2037], [104.752, -0.1897], [104.7365, -0.148], [104.6834, -0.0853], [104.6092, -0.0136], [104.5616, 0.0188], [104.5092, -0.0557], [104.5051, -0.1285], [104.4701, -0.1372], [104.429, -0.237], [104.4984, -0.2419], [104.5271, -0.273], [104.6621, -0.2119], [104.7036, -0.2047], [104.7523, -0.2542], [104.8368, -0.3152], [104.8833, -0.3263]]], [[[104.4717, 0.0938], [104.4402, 0.1319], [104.3915, 0.106], [104.4822, 0.015], [104.4924, 0.0708], [104.4717, 0.0938]]], [[[104.6978, 0.0165], [104.7096, 0.0383], [104.6662, 0.0707], [104.608, 0.147], [104.5165, 0.2472], [104.4804, 0.2335], [104.5537, 0.1265], [104.6978, 0.0165]]], [[[104.3479, 0.3452], [104.3512, 0.3167], [104.3935, 0.2894], [104.4165, 0.3315], [104.3479, 0.3452]]]]}}, {"type": "Feature", "id": 1114, "properties": {"WADMKK": "Aceh Tamiang", "WADMPR": "Aceh", "KDPKAB": "11.16", "LUASWH": 2.86521534, "kode_wilayah": 1114, "nama_resmi": "Kabupaten Aceh Tamiang", "tipe": "Kabupaten", "provinsi": "Aceh", "pulau": "Sumatera", "parlemen": 17.14, "pendapatan": 28.23, "pengeluaran": 9529.0, "ahh": 72.22, "profesional": 58.89, "tpak": 53.99, "rls": 9.3, "hls": 14.51, "skor_ekonomi": 28.33, "skor_keputusan": 53.43, "skor_kapasitas_sosial": 59.11, "ikpp_komposit": 44.53, "kuadran": "Kuadran II (Ekonomi Rendah, Keputusan Tinggi)", "lisa_cluster_keputusan": "Not Significant", "lisa_cluster_ekonomi": "Not Significant", "pc1": 0.69, "pc2": -0.579, "lat": 4.624, "lon": 95.617}, "geometry": {"type": "Polygon", "coordinates": [[[97.9005, 3.9106], [97.953, 3.8899], [98.0065, 3.9017], [98.0203, 3.9558], [98.0827, 3.9539], [98.0957, 3.9841], [98.0402, 4.0412], [98.0625, 4.1859], [98.0916, 4.1941], [98.072, 4.2504], [98.1438, 4.2598], [98.1547, 4.2891], [98.2095, 4.299], [98.253, 4.2899], [98.2818, 4.3495], [98.2767, 4.3895], [98.2342, 4.4636], [98.1233, 4.5218], [98.0762, 4.5127], [98.0468, 4.4655], [98.0388, 4.4202], [98.0023, 4.4052], [97.9309, 4.3604], [97.9074, 4.3903], [97.8565, 4.3868], [97.7849, 4.3565], [97.7329, 4.2492], [97.7282, 4.2014], [97.7524, 4.1214], [97.7998, 4.0933], [97.8137, 4.0053], [97.8429, 3.9896], [97.8755, 3.9294], [97.9005, 3.9106]]]}}, {"type": "Feature", "id": 5208, "properties": {"WADMKK": "Lombok Utara", "WADMPR": "Nusa Tenggara Barat", "KDPKAB": "52.08", "LUASWH": 4110.27656041, "kode_wilayah": 5208, "nama_resmi": "Kabupaten Lombok Utara", "tipe": "Kabupaten", "provinsi": "Nusa Tenggara Barat", "pulau": "Bali & Nusa Tenggara", "parlemen": 3.33, "pendapatan": 26.82, "pengeluaran": 10272.0, "ahh": 70.47, "profesional": 39.06, "tpak": 69.91, "rls": 6.4, "hls": 13.02, "skor_ekonomi": 36.89, "skor_keputusan": 27.61, "skor_kapasitas_sosial": 48.27, "ikpp_komposit": 35.45, "kuadran": "Kuadran IV (Ekonomi Tinggi, Keputusan Rendah)", "lisa_cluster_keputusan": "Not Significant", "lisa_cluster_ekonomi": "High-High (Hotspot)", "pc1": -1.968, "pc2": 0.077, "lat": -8.356, "lon": 116.159}, "geometry": {"type": "Polygon", "coordinates": [[[116.0366, -8.4702], [116.1198, -8.4708], [116.1421, -8.4544], [116.2145, -8.4802], [116.3373, -8.4105], [116.4063, -8.4345], [116.4213, -8.3881], [116.4646, -8.3344], [116.4699, -8.2736], [116.4939, -8.2455], [116.4602, -8.2271], [116.3495, -8.2113], [116.2696, -8.2448], [116.1917, -8.3082], [116.1787, -8.3395], [116.1, -8.3934], [116.0535, -8.4093], [116.0366, -8.4702]]]}}, {"type": "Feature", "id": 9415, "properties": {"WADMKK": "Asmat", "WADMPR": "Papua Selatan", "KDPKAB": "91.18", "LUASWH": 31.66447609, "kode_wilayah": 9415, "nama_resmi": "Kabupaten Asmat", "tipe": "Kabupaten", "provinsi": "Papua Selatan", "pulau": "Papua", "parlemen": 30.43, "pendapatan": 41.88, "pengeluaran": 9856.0, "ahh": 71.0, "profesional": 33.78, "tpak": 57.71, "rls": 10.42, "hls": 12.82, "skor_ekonomi": 43.67, "skor_keputusan": 48.71, "skor_kapasitas_sosial": 57.19, "ikpp_komposit": 48.39, "kuadran": "Kuadran I (Ekonomi Tinggi, Keputusan Tinggi)", "lisa_cluster_keputusan": "High-Low (Spatial Outlier)", "lisa_cluster_ekonomi": "High-High (Hotspot)", "pc1": -0.294, "pc2": 0.426, "lat": -5.057, "lon": 138.399}, "geometry": {"type": "Polygon", "coordinates": [[[137.6778, -5.2177], [137.6812, -5.237], [137.7402, -5.2867], [137.7233, -5.3518], [137.7619, -5.3495], [137.8159, -5.3798], [137.8631, -5.3501], [138.0166, -5.5086], [138.054, -5.5046], [138.0816, -5.5337], [138.0454, -5.5922], [138.0494, -5.6739], [138.0761, -5.7368], [138.1412, -5.7194], [138.1718, -5.819], [138.2767, -5.841], [138.2505, -5.8852], [138.2554, -5.9243], [138.3089, -5.9941], [138.3546, -6.1049], [138.3955, -6.1698], [138.383, -6.1966], [138.4062, -6.2782], [138.4329, -6.3232], [138.4378, -6.37], [138.5705, -6.4872], [138.6044, -6.5238], [138.7832, -6.4031], [138.8723, -6.1785], [138.9187, -6.1527], [138.9229, -5.6566], [139.0925, -5.5625], [139.1377, -5.6461], [139.5038, -5.5985], [139.4934, -5.5098], [139.5637, -5.4153], [139.6947, -5.3637], [139.7246, -5.3043], [139.7571, -5.2939], [139.8505, -5.2975], [139.8879, -5.2691], [139.9137, -5.2133], [139.8204, -5.1648], [139.873, -5.1495], [139.9189, -5.2053], [139.9477, -5.1649], [139.9288, -5.0907], [139.8879, -5.0633], [139.6665, -5.0629], [139.5792, -5.0527], [139.4982, -5.0023], [139.2279, -4.9986], [139.0777, -4.9863], [139.1483, -4.8792], [139.1678, -4.8355], [139.1646, -4.7418], [139.1142, -4.767], [139.067, -4.8395], [138.9482, -4.8363], [138.9452, -4.8028], [138.9825, -4.7621], [138.9427, -4.7638], [138.8591, -4.7069], [138.8022, -4.7636], [138.8078, -4.7279], [138.6288, -4.7162], [138.5896, -4.6987], [138.5357, -4.7204], [138.5699, -4.7503], [138.5712, -4.7935], [138.4005, -4.8119], [138.3257, -4.6675], [138.2812, -4.6806], [138.2472, -4.6691], [138.1927, -4.7135], [138.1571, -4.6804], [138.1261, -4.609], [138.0889, -4.5668], [138.0314, -4.6098], [137.9971, -4.588], [137.9242, -4.5929], [137.9085, -4.6034], [137.8277, -4.5968], [137.7696, -4.6477], [137.7932, -4.6894], [137.8921, -4.7515], [137.8967, -4.7802], [137.865, -4.8636], [137.8341, -4.9072], [137.8483, -4.9262], [137.8248, -4.9817], [137.7745, -5.0617], [137.7337, -5.0928], [137.6778, -5.2177]]]}}, {"type": "Feature", "id": 3311, "properties": {"WADMKK": "Sukoharjo", "WADMPR": "Jawa Tengah", "KDPKAB": "33.11", "LUASWH": 5.11122156, "kode_wilayah": 3311, "nama_resmi": "Kabupaten Sukoharjo", "tipe": "Kabupaten", "provinsi": "Jawa Tengah", "pulau": "Jawa", "parlemen": 15.56, "pendapatan": 40.96, "pengeluaran": 12758.0, "ahh": 80.38, "profesional": 49.71, "tpak": 56.92, "rls": 10.01, "hls": 13.92, "skor_ekonomi": 42.3, "skor_keputusan": 45.85, "skor_kapasitas_sosial": 73.42, "ikpp_komposit": 49.94, "kuadran": "Kuadran IV (Ekonomi Tinggi, Keputusan Rendah)", "lisa_cluster_keputusan": "Not Significant", "lisa_cluster_ekonomi": "High-High (Hotspot)", "pc1": 1.569, "pc2": 1.419, "lat": -7.665, "lon": 110.836}, "geometry": {"type": "Polygon", "coordinates": [[[110.7856, -7.8167], [110.8046, -7.7913], [110.8574, -7.81], [110.8606, -7.7594], [110.9414, -7.7397], [110.9541, -7.6833], [110.945, -7.618], [110.9125, -7.5843], [110.8611, -7.5672], [110.8217, -7.5952], [110.7709, -7.5453], [110.7132, -7.5416], [110.7026, -7.5936], [110.7643, -7.6198], [110.7781, -7.6647], [110.7698, -7.7169], [110.7148, -7.7913], [110.7856, -7.8167]]]}}, {"type": "Feature", "id": 3279, "properties": {"WADMKK": "Kota Banjar", "WADMPR": "Jawa Barat", "KDPKAB": "32.79", "LUASWH": 3.90074257, "kode_wilayah": 3279, "nama_resmi": "Kota Banjar", "tipe": "Kota", "provinsi": "Jawa Barat", "pulau": "Jawa", "parlemen": 13.33, "pendapatan": 28.26, "pengeluaran": 11811.0, "ahh": 74.08, "profesional": 48.06, "tpak": 52.16, "rls": 8.83, "hls": 13.28, "skor_ekonomi": 27.21, "skor_keputusan": 42.72, "skor_kapasitas_sosial": 60.4, "ikpp_komposit": 40.05, "kuadran": "Kuadran III (Ekonomi Rendah, Keputusan Rendah)", "lisa_cluster_keputusan": "Not Significant", "lisa_cluster_ekonomi": "Not Significant", "pc1": 0.452, "pc2": -0.526, "lat": -7.362, "lon": 108.56}, "geometry": {"type": "Polygon", "coordinates": [[[108.5592, -7.3323], [108.4892, -7.35], [108.4695, -7.3804], [108.5695, -7.4377], [108.6002, -7.3945], [108.6505, -7.3882], [108.6621, -7.3525], [108.6, -7.3505], [108.5592, -7.3323]]]}}, {"type": "Feature", "id": 7373, "properties": {"WADMKK": "Kota Palopo", "WADMPR": "Sulawesi Selatan", "KDPKAB": "73.73", "LUASWH": 5.26590134, "kode_wilayah": 7373, "nama_resmi": "Kota Palopo", "tipe": "Kota", "provinsi": "Sulawesi Selatan", "pulau": "Sulawesi", "parlemen": 20.0, "pendapatan": 34.91, "pengeluaran": 13534.0, "ahh": 73.59, "profesional": 50.16, "tpak": 74.58, "rls": 9.38, "hls": 13.04, "skor_ekonomi": 47.52, "skor_keputusan": 50.19, "skor_kapasitas_sosial": 62.18, "ikpp_komposit": 51.52, "kuadran": "Kuadran I (Ekonomi Tinggi, Keputusan Tinggi)", "lisa_cluster_keputusan": "Not Significant", "lisa_cluster_ekonomi": "Not Significant", "pc1": 0.167, "pc2": 1.003, "lat": -3.008, "lon": 120.202}, "geometry": {"type": "Polygon", "coordinates": [[[120.0856, -3.0308], [120.1235, -3.0695], [120.2295, -3.0431], [120.2126, -2.9564], [120.2181, -2.9075], [120.1801, -2.8833], [120.0929, -2.9192], [120.0495, -2.9525], [120.051, -2.9835], [120.0856, -3.0308]]]}}, {"type": "Feature", "id": 6309, "properties": {"WADMKK": "Tabalong", "WADMPR": "Kalimantan Selatan", "KDPKAB": "63.09", "LUASWH": 10.83283893, "kode_wilayah": 6309, "nama_resmi": "Kabupaten Tabalong", "tipe": "Kabupaten", "provinsi": "Kalimantan Selatan", "pulau": "Kalimantan", "parlemen": 26.67, "pendapatan": 29.45, "pengeluaran": 13097.0, "ahh": 73.5, "profesional": 52.81, "tpak": 63.08, "rls": 9.15, "hls": 12.92, "skor_ekonomi": 35.15, "skor_keputusan": 58.03, "skor_kapasitas_sosial": 60.91, "ikpp_komposit": 49.45, "kuadran": "Kuadran I (Ekonomi Tinggi, Keputusan Tinggi)", "lisa_cluster_keputusan": "Not Significant", "lisa_cluster_ekonomi": "Not Significant", "pc1": 0.632, "pc2": -0.419, "lat": -2.164, "lon": 115.382}, "geometry": {"type": "Polygon", "coordinates": [[[115.1255, -2.2946], [115.2138, -2.3402], [115.2828, -2.3597], [115.3487, -2.3399], [115.3596, -2.2956], [115.4053, -2.2981], [115.4795, -2.2509], [115.492, -2.2114], [115.5513, -2.1865], [115.5675, -2.1623], [115.6403, -2.1301], [115.692, -2.0669], [115.6949, -2.0405], [115.719, -1.9974], [115.7005, -1.9709], [115.7233, -1.9215], [115.728, -1.797], [115.687, -1.7584], [115.7071, -1.7332], [115.6652, -1.7067], [115.67, -1.6302], [115.6361, -1.6038], [115.6189, -1.4879], [115.6353, -1.4638], [115.688, -1.4468], [115.7588, -1.3126], [115.7163, -1.3363], [115.6262, -1.3504], [115.5241, -1.4296], [115.4675, -1.4341], [115.4545, -1.4616], [115.4276, -1.5023], [115.391, -1.5205], [115.3568, -1.6037], [115.3621, -1.6204], [115.3344, -1.748], [115.3117, -1.7959], [115.321, -1.8923], [115.3926, -1.893], [115.441, -1.9423], [115.3919, -2.05], [115.3636, -2.0442], [115.2985, -2.1424], [115.2965, -2.2163], [115.2477, -2.2122], [115.1255, -2.2946]]]}}, {"type": "Feature", "id": 3511, "properties": {"WADMKK": "Bondowoso", "WADMPR": "Jawa Timur", "KDPKAB": "35.11", "LUASWH": 2.33409083, "kode_wilayah": 3511, "nama_resmi": "Kabupaten Bondowoso", "tipe": "Kabupaten", "provinsi": "Jawa Timur", "pulau": "Jawa", "parlemen": 17.78, "pendapatan": 37.89, "pengeluaran": 11689.0, "ahh": 69.8, "profesional": 46.85, "tpak": 60.97, "rls": 6.53, "hls": 13.33, "skor_ekonomi": 41.89, "skor_keputusan": 45.96, "skor_kapasitas_sosial": 49.6, "ikpp_komposit": 45.06, "kuadran": "Kuadran IV (Ekonomi Tinggi, Keputusan Rendah)", "lisa_cluster_keputusan": "Not Significant", "lisa_cluster_ekonomi": "Not Significant", "pc1": -1.146, "pc2": 0.125, "lat": -7.914, "lon": 113.822}, "geometry": {"type": "Polygon", "coordinates": [[[113.6436, -7.9731], [113.7397, -8.0469], [113.7723, -8.0382], [113.8539, -8.0441], [113.8951, -8.016], [114.0147, -8.0869], [114.0468, -8.1252], [114.1352, -8.1029], [114.2133, -8.1], [114.2469, -8.0543], [114.2243, -7.9867], [114.1767, -7.9695], [114.132, -7.9883], [114.0942, -7.8808], [114.0896, -7.8074], [114.0702, -7.7606], [113.9508, -7.7652], [113.9368, -7.7917], [113.8495, -7.7956], [113.8091, -7.8131], [113.7615, -7.7923], [113.7335, -7.8096], [113.7225, -7.879], [113.6238, -7.9615], [113.6436, -7.9731]]]}}, {"type": "Feature", "id": 7501, "properties": {"WADMKK": "Boalemo", "WADMPR": "Gorontalo", "KDPKAB": "75.02", "LUASWH": 14.10190194, "kode_wilayah": 7501, "nama_resmi": "Kabupaten Boalemo", "tipe": "Kabupaten", "provinsi": "Gorontalo", "pulau": "Sulawesi", "parlemen": 28.0, "pendapatan": 29.69, "pengeluaran": 13860.0, "ahh": 75.85, "profesional": 57.17, "tpak": 53.75, "rls": 10.41, "hls": 14.59, "skor_ekonomi": 29.57, "skor_keputusan": 62.15, "skor_kapasitas_sosial": 70.65, "ikpp_komposit": 50.82, "kuadran": "Kuadran II (Ekonomi Rendah, Keputusan Tinggi)", "lisa_cluster_keputusan": "High-High (Hotspot)", "lisa_cluster_ekonomi": "Not Significant", "pc1": 2.388, "pc2": -0.287, "lat": 0.629, "lon": 122.981}, "geometry": {"type": "Polygon", "coordinates": [[[122.1209, 0.4947], [122.1683, 0.4697], [122.2334, 0.4862], [122.269, 0.4741], [122.3974, 0.5196], [122.4182, 0.5026], [122.529, 0.506], [122.6535, 0.486], [122.6502, 0.515], [122.6299, 0.5332], [122.6312, 0.5892], [122.6038, 0.6406], [122.5437, 0.7003], [122.5068, 0.7087], [122.4944, 0.7401], [122.4415, 0.7626], [122.3959, 0.7649], [122.3415, 0.795], [122.2674, 0.7846], [122.2449, 0.8124], [122.261, 0.8432], [122.2481, 0.9138], [122.1013, 0.9018], [122.1006, 0.8321], [122.1152, 0.6999], [122.1268, 0.667], [122.1274, 0.5414], [122.1209, 0.4947]]]}}, {"type": "Feature", "id": 1572, "properties": {"WADMKK": "Kota Sungai Penuh", "WADMPR": "Jambi", "KDPKAB": "15.72", "LUASWH": 0.33078586, "kode_wilayah": 1572, "nama_resmi": "Kota Sungai Penuh", "tipe": "Kota", "provinsi": "Jambi", "pulau": "Sumatera", "parlemen": 0.0, "pendapatan": 35.49, "pengeluaran": 11499.0, "ahh": 75.37, "profesional": 55.61, "tpak": 53.3, "rls": 10.48, "hls": 14.84, "skor_ekonomi": 34.82, "skor_keputusan": 35.66, "skor_kapasitas_sosial": 68.38, "ikpp_komposit": 41.87, "kuadran": "Kuadran IV (Ekonomi Tinggi, Keputusan Rendah)", "lisa_cluster_keputusan": "Not Significant", "lisa_cluster_ekonomi": "Not Significant", "pc1": 1.276, "pc2": 1.173, "lat": -2.071, "lon": 101.396}, "geometry": {"type": "Polygon", "coordinates": [[[101.2797, -2.251], [101.4156, -2.1558], [101.4092, -2.1189], [101.4446, -2.1033], [101.4449, -2.0448], [101.4123, -2.031], [101.2716, -2.032], [101.2397, -2.0667], [101.2611, -2.1019], [101.2797, -2.251]]]}}, {"type": "Feature", "id": 1707, "properties": {"WADMKK": "Lebong", "WADMPR": "Bengkulu", "KDPKAB": "17.07", "LUASWH": 21.88458239, "kode_wilayah": 1707, "nama_resmi": "Kabupaten Lebong", "tipe": "Kabupaten", "provinsi": "Bengkulu", "pulau": "Sumatera", "parlemen": 28.0, "pendapatan": 38.76, "pengeluaran": 12362.0, "ahh": 66.09, "profesional": 56.54, "tpak": 54.66, "rls": 8.41, "hls": 12.91, "skor_ekonomi": 38.79, "skor_keputusan": 61.73, "skor_kapasitas_sosial": 48.78, "ikpp_komposit": 49.96, "kuadran": "Kuadran I (Ekonomi Tinggi, Keputusan Tinggi)", "lisa_cluster_keputusan": "Not Significant", "lisa_cluster_ekonomi": "Not Significant", "pc1": -0.399, "pc2": -0.607, "lat": -3.157, "lon": 102.183}, "geometry": {"type": "Polygon", "coordinates": [[[102.3752, -3.3835], [102.4229, -3.3585], [102.4565, -3.3196], [102.4881, -3.3267], [102.4943, -3.2684], [102.4867, -3.256], [102.4865, -3.1099], [102.4423, -3.0586], [102.3868, -3.0436], [102.3176, -3.0699], [102.2429, -3.0195], [102.2241, -2.9307], [102.1313, -2.8748], [102.1294, -2.8348], [102.0728, -2.7941], [102.0639, -2.7685], [101.9969, -2.7241], [101.9191, -2.7356], [101.9263, -2.7703], [101.9898, -2.8439], [102.0178, -2.8539], [102.0422, -2.9841], [102.067, -2.9921], [102.1374, -3.066], [102.1428, -3.1185], [102.1271, -3.1704], [102.1467, -3.2066], [102.2426, -3.246], [102.291, -3.2838], [102.2955, -3.3236], [102.2702, -3.3592], [102.3752, -3.3835]]]}}, {"type": "Feature", "id": 1206, "properties": {"WADMKK": "Toba", "WADMPR": "Sumatera Utara", "KDPKAB": "12.12", "LUASWH": 8.39023252, "kode_wilayah": 1206, "nama_resmi": "Kabupaten Toba Samosir", "tipe": "Kabupaten", "provinsi": "Sumatera Utara", "pulau": "Sumatera", "parlemen": 13.33, "pendapatan": 47.45, "pengeluaran": 12960.0, "ahh": 73.45, "profesional": 58.88, "tpak": 77.05, "rls": 10.77, "hls": 13.6, "skor_ekonomi": 61.02, "skor_keputusan": 49.96, "skor_kapasitas_sosial": 65.6, "ikpp_komposit": 57.51, "kuadran": "Kuadran I (Ekonomi Tinggi, Keputusan Tinggi)", "lisa_cluster_keputusan": "Not Significant", "lisa_cluster_ekonomi": "Not Significant", "pc1": 0.375, "pc2": 2.66, "lat": 3.111, "lon": 98.501}, "geometry": {"type": "Polygon", "coordinates": [[[99.3946, 2.1709], [99.4241, 2.2153], [99.4793, 2.2424], [99.5232, 2.242], [99.5502, 2.3072], [99.4994, 2.3985], [99.4187, 2.4604], [99.4656, 2.5475], [99.421, 2.5684], [99.3486, 2.5602], [99.305, 2.5741], [99.2634, 2.5418], [99.1806, 2.5379], [99.1708, 2.5589], [99.0907, 2.5766], [99.0777, 2.5971], [99.0424, 2.6338], [98.9746, 2.602], [98.958, 2.6461], [98.8947, 2.6629], [98.906, 2.5949], [98.943, 2.5493], [98.9899, 2.5202], [99.0186, 2.4837], [99.0189, 2.4392], [98.9816, 2.3945], [98.9957, 2.3476], [98.9921, 2.2882], [99.0693, 2.2925], [99.1382, 2.2778], [99.1625, 2.3034], [99.1972, 2.264], [99.213, 2.164], [99.2517, 2.1209], [99.3316, 2.105], [99.3341, 2.139], [99.3946, 2.1709]]]}}, {"type": "Feature", "id": 9408, "properties": {"WADMKK": "Kepulauan Yapen", "WADMPR": "Papua", "KDPKAB": "91.05", "LUASWH": 2.98979783, "kode_wilayah": 9408, "nama_resmi": "Kabupaten Kepulauan Yapen", "tipe": "Kabupaten", "provinsi": "Papua", "pulau": "Papua", "parlemen": 4.0, "pendapatan": 37.35, "pengeluaran": 10310.603494098386, "ahh": 72.72141391615386, "profesional": 41.26, "tpak": 70.06052788859215, "rls": 6.958356962149991, "hls": 12.276712158438372, "skor_ekonomi": 47.03, "skor_keputusan": 29.69, "skor_kapasitas_sosial": 51.14, "ikpp_komposit": 40.92, "kuadran": "Kuadran IV (Ekonomi Tinggi, Keputusan Rendah)", "lisa_cluster_keputusan": "Low-Low (Coldspot)", "lisa_cluster_ekonomi": "High-High (Hotspot)", "pc1": -1.968, "pc2": 1.015, "lat": -4.032, "lon": 136.299}, "geometry": {"type": "MultiPolygon", "coordinates": [[[[136.5268, -1.8781], [136.6176, -1.8623], [136.6354, -1.8714], [136.7025, -1.8242], [136.757, -1.8265], [136.7959, -1.8122], [136.8684, -1.8146], [136.8619, -1.7754], [136.7941, -1.7417], [136.6366, -1.7252], [136.5844, -1.729], [136.4471, -1.7043], [136.4042, -1.7204], [136.3247, -1.7036], [136.3033, -1.6862], [136.1819, -1.6555], [135.952, -1.6407], [135.8346, -1.6398], [135.6891, -1.6198], [135.6415, -1.6264], [135.4531, -1.6], [135.475, -1.68], [135.549, -1.6651], [135.6741, -1.7062], [135.7095, -1.6898], [135.8224, -1.7361], [135.9125, -1.7556], [135.9874, -1.8198], [136.0264, -1.8194], [136.07, -1.8494], [136.1471, -1.8533], [136.2521, -1.8962], [136.314, -1.8635], [136.4065, -1.8834], [136.5268, -1.8781]]], [[[135.2855, -1.5209], [135.2153, -1.4746], [135.1199, -1.4656], [135.1142, -1.5], [135.1531, -1.5194], [135.2855, -1.5209]]]]}}, {"type": "Feature", "id": 1612, "properties": {"WADMKK": "Penukal Abab Lematang Ilir", "WADMPR": "Sumatera Selatan", "KDPKAB": "16.12", "LUASWH": 38.62143814, "kode_wilayah": 1612, "nama_resmi": "Kabupaten Penukal Abab Lematang Ilir", "tipe": "Kabupaten", "provinsi": "Sumatera Selatan", "pulau": "Sumatera", "parlemen": 0.0, "pendapatan": 38.99, "pengeluaran": 9604.0, "ahh": 71.2, "profesional": 59.43, "tpak": 69.85, "rls": 7.27, "hls": 12.5, "skor_ekonomi": 48.46, "skor_keputusan": 38.21, "skor_kapasitas_sosial": 49.57, "ikpp_komposit": 44.58, "kuadran": "Kuadran IV (Ekonomi Tinggi, Keputusan Rendah)", "lisa_cluster_keputusan": "Not Significant", "lisa_cluster_ekonomi": "Not Significant", "pc1": -1.804, "pc2": 1.041, "lat": -3.31, "lon": 103.884}, "geometry": {"type": "Polygon", "coordinates": [[[103.6267, -3.3594], [103.6871, -3.3043], [103.7606, -3.2801], [103.78, -3.3132], [103.8497, -3.3175], [103.9074, -3.3597], [103.9177, -3.3992], [103.9487, -3.4125], [104.0246, -3.4058], [104.0287, -3.3412], [104.0925, -3.356], [104.1322, -3.3439], [104.1847, -3.3286], [104.2338, -3.283], [104.2099, -3.2623], [104.2342, -3.2112], [104.2579, -3.0315], [104.2312, -3.021], [104.1659, -3.0503], [104.1177, -3.0118], [104.0647, -3.0044], [104.0256, -3.0297], [103.9504, -3.0042], [103.9108, -3.0244], [103.8897, -3.0758], [103.8537, -3.0802], [103.7915, -3.1345], [103.7801, -3.179], [103.797, -3.2235], [103.7362, -3.2614], [103.7159, -3.236], [103.6483, -3.2477], [103.6051, -3.2875], [103.6267, -3.3594]]]}}, {"type": "Feature", "id": 3508, "properties": {"WADMKK": "Lumajang", "WADMPR": "Jawa Timur", "KDPKAB": "35.08", "LUASWH": 16.51727117, "kode_wilayah": 3508, "nama_resmi": "Kabupaten Lumajang", "tipe": "Kabupaten", "provinsi": "Jawa Timur", "pulau": "Jawa", "parlemen": 28.0, "pendapatan": 23.74, "pengeluaran": 10124.0, "ahh": 73.17, "profesional": 66.99, "tpak": 53.91, "rls": 7.27, "hls": 12.41, "skor_ekonomi": 23.99, "skor_keputusan": 68.72, "skor_kapasitas_sosial": 52.49, "ikpp_komposit": 47.58, "kuadran": "Kuadran II (Ekonomi Rendah, Keputusan Tinggi)", "lisa_cluster_keputusan": "Not Significant", "lisa_cluster_ekonomi": "Not Significant", "pc1": 0.055, "pc2": -2.131, "lat": -8.135, "lon": 113.224}, "geometry": {"type": "Polygon", "coordinates": [[[112.9491, -8.3561], [112.9841, -8.3209], [113.0901, -8.2868], [113.2378, -8.2852], [113.3035, -8.3072], [113.3131, -8.2288], [113.3679, -8.1853], [113.3614, -8.0278], [113.3395, -7.9412], [113.2747, -7.9253], [113.2678, -7.9028], [113.2118, -7.9113], [113.1534, -7.972], [113.0789, -7.9841], [113.0591, -8.0104], [113.0227, -7.9695], [112.9923, -7.9624], [112.9407, -7.9819], [112.9001, -8.0619], [112.9203, -8.0879], [112.9042, -8.1922], [112.9224, -8.2388], [112.9119, -8.2694], [112.9491, -8.3561]]]}}, {"type": "Feature", "id": 7326, "properties": {"WADMKK": "Toraja Utara", "WADMPR": "Sulawesi Selatan", "KDPKAB": "73.26", "LUASWH": 25.57929488, "kode_wilayah": 7326, "nama_resmi": "Kabupaten Toraja Utara", "tipe": "Kabupaten", "provinsi": "Sulawesi Selatan", "pulau": "Sulawesi", "parlemen": 13.33, "pendapatan": 36.34, "pengeluaran": 8401.0, "ahh": 70.7, "profesional": 61.83, "tpak": 57.19, "rls": 8.63, "hls": 13.89, "skor_ekonomi": 38.06, "skor_keputusan": 51.93, "skor_kapasitas_sosial": 53.38, "ikpp_komposit": 46.67, "kuadran": "Kuadran I (Ekonomi Tinggi, Keputusan Tinggi)", "lisa_cluster_keputusan": "Not Significant", "lisa_cluster_ekonomi": "Not Significant", "pc1": -0.389, "pc2": 0.063, "lat": -2.974, "lon": 119.895}, "geometry": {"type": "Polygon", "coordinates": [[[119.9871, -3.1827], [120.0089, -3.1692], [120.0251, -3.0553], [120.0856, -3.0308], [120.051, -2.9835], [120.0495, -2.9525], [120.0171, -2.9134], [119.9886, -2.8454], [119.9415, -2.7788], [119.8859, -2.7631], [119.8379, -2.6672], [119.8493, -2.6347], [119.7604, -2.5866], [119.744, -2.6106], [119.7551, -2.6753], [119.7478, -2.7144], [119.6817, -2.7562], [119.6916, -2.8231], [119.6756, -2.9188], [119.7186, -2.9543], [119.7743, -2.9395], [119.8079, -2.9595], [119.8533, -3.0517], [119.895, -3.045], [119.9359, -3.0675], [119.9599, -3.1035], [119.9871, -3.1827]]]}}, {"type": "Feature", "id": 1609, "properties": {"WADMKK": "Ogan Komering Ulu Timur", "WADMPR": "Sumatera Selatan", "KDPKAB": "16.08", "LUASWH": 17.47575973, "kode_wilayah": 1609, "nama_resmi": "Kabupaten Ogan Komering Ulu Timur", "tipe": "Kabupaten", "provinsi": "Sumatera Selatan", "pulau": "Sumatera", "parlemen": 15.56, "pendapatan": 28.85, "pengeluaran": 12623.0, "ahh": 72.01, "profesional": 54.7, "tpak": 63.99, "rls": 8.08, "hls": 12.49, "skor_ekonomi": 35.14, "skor_keputusan": 49.19, "skor_kapasitas_sosial": 55.31, "ikpp_komposit": 44.79, "kuadran": "Kuadran I (Ekonomi Tinggi, Keputusan Tinggi)", "lisa_cluster_keputusan": "Not Significant", "lisa_cluster_ekonomi": "Not Significant", "pc1": -0.312, "pc2": -0.387, "lat": -4.532, "lon": 104.095}, "geometry": {"type": "Polygon", "coordinates": [[[104.5564, -3.8031], [104.5585, -3.8573], [104.4902, -3.9166], [104.4362, -3.9804], [104.3577, -4.0075], [104.3425, -4.0474], [104.3067, -4.0813], [104.3334, -4.1815], [104.2695, -4.2422], [104.2315, -4.2474], [104.2261, -4.3167], [104.2403, -4.3322], [104.2174, -4.4003], [104.1513, -4.4058], [104.2113, -4.4492], [104.2242, -4.4909], [104.2774, -4.5792], [104.2993, -4.644], [104.3408, -4.602], [104.3218, -4.4583], [104.3475, -4.4002], [104.4499, -4.2984], [104.4716, -4.312], [104.5248, -4.2643], [104.6212, -4.2256], [104.7064, -4.2593], [104.7478, -4.2478], [104.7869, -4.1364], [104.8336, -4.101], [104.8284, -4.0639], [104.8532, -4.0362], [104.9113, -4.0064], [104.9278, -3.9451], [104.8848, -3.9445], [104.8688, -3.7907], [104.8247, -3.748], [104.7782, -3.7298], [104.7477, -3.6823], [104.66, -3.6504], [104.6353, -3.6548], [104.6075, -3.7219], [104.5564, -3.8031]]]}}, {"type": "Feature", "id": 5308, "properties": {"WADMKK": "Lembata", "WADMPR": "Nusa Tenggara Timur", "KDPKAB": "53.13", "LUASWH": 7.60935535, "kode_wilayah": 5308, "nama_resmi": "Kabupaten Lembata", "tipe": "Kabupaten", "provinsi": "Nusa Tenggara Timur", "pulau": "Bali & Nusa Tenggara", "parlemen": 0.0, "pendapatan": 48.52, "pengeluaran": 8238.0, "ahh": 70.16, "profesional": 48.8, "tpak": 79.08, "rls": 8.27, "hls": 12.47, "skor_ekonomi": 63.3, "skor_keputusan": 31.1, "skor_kapasitas_sosial": 49.08, "ikpp_komposit": 47.58, "kuadran": "Kuadran IV (Ekonomi Tinggi, Keputusan Rendah)", "lisa_cluster_keputusan": "Not Significant", "lisa_cluster_ekonomi": "High-High (Hotspot)", "pc1": -2.569, "pc2": 2.517, "lat": -8.843, "lon": 121.662}, "geometry": {"type": "Polygon", "coordinates": [[[123.4285, -8.5685], [123.4484, -8.5355], [123.4909, -8.5153], [123.5295, -8.5699], [123.5841, -8.542], [123.5849, -8.5127], [123.5534, -8.4711], [123.6122, -8.4222], [123.6521, -8.4057], [123.6705, -8.4296], [123.7347, -8.3422], [123.756, -8.2967], [123.7961, -8.2725], [123.8629, -8.2752], [123.9137, -8.2581], [123.9017, -8.2152], [123.8538, -8.2155], [123.7715, -8.1714], [123.6991, -8.2544], [123.6271, -8.249], [123.6353, -8.2908], [123.5747, -8.288], [123.5897, -8.3481], [123.5671, -8.3653], [123.5004, -8.3514], [123.5579, -8.241], [123.4807, -8.2474], [123.4579, -8.2713], [123.4126, -8.2529], [123.3725, -8.2987], [123.4323, -8.2988], [123.4632, -8.3249], [123.4348, -8.3666], [123.3843, -8.375], [123.3323, -8.4036], [123.3015, -8.4526], [123.2073, -8.5342], [123.2916, -8.5489], [123.3136, -8.5275], [123.3866, -8.5839], [123.4285, -8.5685]]]}}, {"type": "Feature", "id": 9413, "properties": {"WADMKK": "Boven Digoel", "WADMPR": "Papua Selatan", "KDPKAB": "91.16", "LUASWH": 100.66268663, "kode_wilayah": 9413, "nama_resmi": "Kabupaten Boven Digoel", "tipe": "Kabupaten", "provinsi": "Papua Selatan", "pulau": "Papua", "parlemen": 5.0, "pendapatan": 34.89, "pengeluaran": 6755.0, "ahh": 68.48, "profesional": 43.49, "tpak": 92.75, "rls": 4.98, "hls": 10.63, "skor_ekonomi": 58.81, "skor_keputusan": 32.09, "skor_kapasitas_sosial": 34.69, "ikpp_komposit": 43.3, "kuadran": "Kuadran IV (Ekonomi Tinggi, Keputusan Rendah)", "lisa_cluster_keputusan": "Low-Low (Coldspot)", "lisa_cluster_ekonomi": "High-High (Hotspot)", "pc1": -4.782, "pc2": 0.875, "lat": -5.74, "lon": 140.348}, "geometry": {"type": "Polygon", "coordinates": [[[140.0848, -7.2101], [140.1012, -7.1511], [140.1813, -7.0831], [140.1862, -7.0595], [140.2348, -7.022], [140.2552, -6.9811], [140.2941, -6.9694], [140.398, -6.9008], [140.4907, -6.804], [140.4913, -6.739], [140.534, -6.7125], [140.5416, -6.7972], [140.5839, -6.9439], [140.552, -6.9616], [140.5669, -6.9987], [140.5981, -7.0083], [140.5892, -7.053], [140.6893, -7.0315], [140.8256, -7.0455], [140.7821, -6.9206], [140.7397, -6.8635], [140.7505, -6.838], [140.7077, -6.7382], [140.7194, -6.6959], [140.7616, -6.693], [140.8034, -6.6688], [140.8453, -6.6154], [140.8907, -6.6046], [140.9483, -6.4929], [140.9388, -6.4447], [140.9754, -6.3827], [140.964, -6.3238], [141.0, -6.3223], [140.9999, -5.8753], [141.0006, -5.3444], [140.7379, -5.2777], [140.7263, -5.233], [140.6264, -5.2642], [140.4691, -5.2196], [140.4348, -5.2279], [140.3875, -5.1962], [140.2971, -5.1553], [140.2561, -5.0592], [140.1864, -5.0397], [140.1119, -5.0531], [140.06, -5.0495], [140.1203, -5.1513], [140.0671, -5.159], [139.9833, -5.0918], [139.9675, -5.1455], [139.9717, -5.2228], [139.9137, -5.2133], [139.8879, -5.2691], [139.8505, -5.2975], [139.7571, -5.2939], [139.7726, -5.3038], [139.8167, -5.5815], [139.7133, -5.6878], [139.7177, -5.7377], [139.8426, -5.8146], [139.8575, -5.9109], [139.8621, -6.1675], [139.8112, -6.2154], [139.8187, -6.2664], [139.7074, -6.3927], [139.7177, -6.4336], [139.7976, -6.4979], [139.9042, -6.4925], [139.9397, -6.4685], [140.066, -6.4656], [140.07, -6.8362], [140.0758, -6.9201], [140.041, -6.9748], [140.0669, -7.0184], [140.0782, -7.0888], [140.0607, -7.1403], [140.0848, -7.2101]]]}}, {"type": "Feature", "id": 3525, "properties": {"WADMKK": "Gresik", "WADMPR": "Jawa Timur", "KDPKAB": "35.25", "LUASWH": 1.07122335, "kode_wilayah": 3525, "nama_resmi": "Kabupaten Gresik", "tipe": "Kabupaten", "provinsi": "Jawa Timur", "pulau": "Jawa", "parlemen": 10.0, "pendapatan": 31.49, "pengeluaran": 14356.0, "ahh": 75.78, "profesional": 46.25, "tpak": 56.37, "rls": 10.03, "hls": 13.98, "skor_ekonomi": 32.92, "skor_keputusan": 38.48, "skor_kapasitas_sosial": 69.05, "ikpp_komposit": 42.37, "kuadran": "Kuadran III (Ekonomi Rendah, Keputusan Rendah)", "lisa_cluster_keputusan": "Not Significant", "lisa_cluster_ekonomi": "Not Significant", "pc1": 1.389, "pc2": 0.628, "lat": -7.171, "lon": 112.6}, "geometry": {"type": "MultiPolygon", "coordinates": [[[[112.4946, -7.4085], [112.5658, -7.3981], [112.5927, -7.3723], [112.6646, -7.3514], [112.5971, -7.2043], [112.6632, -7.1932], [112.6707, -7.1731], [112.6343, -7.098], [112.6504, -7.0201], [112.6088, -6.9798], [112.5843, -6.8889], [112.5561, -6.847], [112.5203, -6.9057], [112.4563, -6.8832], [112.4465, -6.8744], [112.44, -6.8743], [112.4301, -6.9301], [112.3712, -6.9848], [112.4787, -7.0033], [112.5459, -7.0573], [112.5359, -7.0956], [112.476, -7.1257], [112.47, -7.1588], [112.5015, -7.1918], [112.4466, -7.2135], [112.3997, -7.2602], [112.4102, -7.3053], [112.3707, -7.3243], [112.4783, -7.3049], [112.4763, -7.3845], [112.4946, -7.4085]]], [[[112.6319, -5.8464], [112.6999, -5.8526], [112.7415, -5.7886], [112.7049, -5.7355], [112.6454, -5.7308], [112.5897, -5.7775], [112.5765, -5.8278], [112.5914, -5.8554], [112.6319, -5.8464]]]]}}, {"type": "Feature", "id": 8171, "properties": {"WADMKK": "Kota Ambon", "WADMPR": "Maluku", "KDPKAB": "81.71", "LUASWH": 8.34475539, "kode_wilayah": 8171, "nama_resmi": "Kota Ambon", "tipe": "Kota", "provinsi": "Maluku", "pulau": "Maluku", "parlemen": 20.59, "pendapatan": 40.8, "pengeluaran": 8020.0, "ahh": 66.17, "profesional": 47.56, "tpak": 46.46, "rls": 9.17, "hls": 12.98, "skor_ekonomi": 35.63, "skor_keputusan": 48.99, "skor_kapasitas_sosial": 46.58, "ikpp_komposit": 43.16, "kuadran": "Kuadran I (Ekonomi Tinggi, Keputusan Tinggi)", "lisa_cluster_keputusan": "Not Significant", "lisa_cluster_ekonomi": "Not Significant", "pc1": -1.039, "pc2": -0.52, "lat": -3.694, "lon": 128.181}, "geometry": {"type": "Polygon", "coordinates": [[[128.0847, -3.7224], [128.1517, -3.669], [128.189, -3.6756], [128.1302, -3.7453], [128.2271, -3.7482], [128.2644, -3.7292], [128.2966, -3.6662], [128.2712, -3.6179], [128.242, -3.5753], [128.2142, -3.6196], [128.1619, -3.6454], [128.1218, -3.6441], [128.0708, -3.6726], [128.0847, -3.7224]]]}}, {"type": "Feature", "id": 1216, "properties": {"WADMKK": "Pakpak Bharat", "WADMPR": "Sumatera Utara", "KDPKAB": "12.15", "LUASWH": 24.66596764, "kode_wilayah": 1216, "nama_resmi": "Kabupaten Pakpak Bharat", "tipe": "Kabupaten", "provinsi": "Sumatera Utara", "pulau": "Sumatera", "parlemen": 5.0, "pendapatan": 49.32, "pengeluaran": 9158.0, "ahh": 69.26, "profesional": 58.15, "tpak": 80.89, "rls": 9.73, "hls": 13.91, "skor_ekonomi": 65.19, "skor_keputusan": 41.9, "skor_kapasitas_sosial": 54.71, "ikpp_komposit": 53.78, "kuadran": "Kuadran IV (Ekonomi Tinggi, Keputusan Rendah)", "lisa_cluster_keputusan": "Not Significant", "lisa_cluster_ekonomi": "High-High (Hotspot)", "pc1": -1.315, "pc2": 2.878, "lat": 2.25, "lon": 98.79}, "geometry": {"type": "Polygon", "coordinates": [[[98.2661, 2.2636], [98.2608, 2.3319], [98.3064, 2.3471], [98.2987, 2.4175], [98.3488, 2.423], [98.3764, 2.4625], [98.4214, 2.4764], [98.4675, 2.5492], [98.4199, 2.638], [98.357, 2.6598], [98.3411, 2.6995], [98.2052, 2.7291], [98.1167, 2.7851], [98.0694, 2.7642], [98.104, 2.6819], [98.1077, 2.6044], [98.0766, 2.5748], [98.0978, 2.4798], [98.147, 2.424], [98.1971, 2.3115], [98.2661, 2.2636]]]}}, {"type": "Feature", "id": 5314, "properties": {"WADMKK": "Rote Ndao", "WADMPR": "Nusa Tenggara Timur", "KDPKAB": "53.14", "LUASWH": 14.27928265, "kode_wilayah": 5314, "nama_resmi": "Kabupaten Rote Ndao", "tipe": "Kabupaten", "provinsi": "Nusa Tenggara Timur", "pulau": "Bali & Nusa Tenggara", "parlemen": 0.0, "pendapatan": 36.14, "pengeluaran": 7365.0, "ahh": 67.84, "profesional": 52.99, "tpak": 61.14, "rls": 7.83, "hls": 13.23, "skor_ekonomi": 40.32, "skor_keputusan": 33.9, "skor_kapasitas_sosial": 45.62, "ikpp_komposit": 38.81, "kuadran": "Kuadran IV (Ekonomi Tinggi, Keputusan Rendah)", "lisa_cluster_keputusan": "Low-Low (Coldspot)", "lisa_cluster_ekonomi": "High-High (Hotspot)", "pc1": -1.958, "pc2": 0.393, "lat": -10.758, "lon": 123.063}, "geometry": {"type": "Polygon", "coordinates": [[[122.832, -10.9308], [122.9399, -10.911], [122.9887, -10.8605], [123.0893, -10.8567], [123.1263, -10.8178], [123.1892, -10.8369], [123.2449, -10.7769], [123.2526, -10.7345], [123.3576, -10.6844], [123.4012, -10.6868], [123.4254, -10.6566], [123.4164, -10.6088], [123.3894, -10.5969], [123.3687, -10.5294], [123.3696, -10.478], [123.2634, -10.5213], [123.203, -10.5913], [123.1781, -10.6368], [123.1293, -10.6435], [123.0423, -10.7296], [122.9317, -10.7382], [122.81, -10.782], [122.8256, -10.8341], [122.832, -10.9308]]]}}, {"type": "Feature", "id": 3321, "properties": {"WADMKK": "Demak", "WADMPR": "Jawa Tengah", "KDPKAB": "33.21", "LUASWH": 3.84856032, "kode_wilayah": 3321, "nama_resmi": "Kabupaten Demak", "tipe": "Kabupaten", "provinsi": "Jawa Tengah", "pulau": "Jawa", "parlemen": 10.0, "pendapatan": 38.82, "pengeluaran": 11591.0, "ahh": 77.88, "profesional": 46.45, "tpak": 58.56, "rls": 8.28, "hls": 13.36, "skor_ekonomi": 41.27, "skor_keputusan": 38.62, "skor_kapasitas_sosial": 64.11, "ikpp_komposit": 44.78, "kuadran": "Kuadran IV (Ekonomi Tinggi, Keputusan Rendah)", "lisa_cluster_keputusan": "Not Significant", "lisa_cluster_ekonomi": "Not Significant", "pc1": 0.163, "pc2": 1.02, "lat": -6.891, "lon": 110.638}, "geometry": {"type": "Polygon", "coordinates": [[[110.5699, -7.1482], [110.5615, -7.0902], [110.5938, -7.0678], [110.6375, -6.9749], [110.6736, -7.0088], [110.7303, -7.0329], [110.7753, -7.0029], [110.7786, -6.9487], [110.7865, -6.9108], [110.8318, -6.8534], [110.7583, -6.7942], [110.705, -6.7948], [110.6674, -6.7651], [110.671, -6.7223], [110.6247, -6.7091], [110.5962, -6.7259], [110.5507, -6.7286], [110.5587, -6.8049], [110.5241, -6.8371], [110.4871, -6.9464], [110.5019, -7.0095], [110.4772, -7.0875], [110.4998, -7.1185], [110.5699, -7.1482]]]}}, {"type": "Feature", "id": 6404, "properties": {"WADMKK": "Kutai Timur", "WADMPR": "Kalimantan Timur", "KDPKAB": "64.08", "LUASWH": 14.97184604, "kode_wilayah": 6404, "nama_resmi": "Kabupaten Kutai Timur", "tipe": "Kabupaten", "provinsi": "Kalimantan Timur", "pulau": "Kalimantan", "parlemen": 15.0, "pendapatan": 18.71, "pengeluaran": 12490.0, "ahh": 76.13, "profesional": 58.38, "tpak": 43.71, "rls": 9.47, "hls": 13.02, "skor_ekonomi": 12.84, "skor_keputusan": 51.14, "skor_kapasitas_sosial": 64.7, "ikpp_komposit": 38.53, "kuadran": "Kuadran II (Ekonomi Rendah, Keputusan Tinggi)", "lisa_cluster_keputusan": "Not Significant", "lisa_cluster_ekonomi": "Low-Low (Coldspot)", "pc1": 1.629, "pc2": -1.843, "lat": 0.943, "lon": 116.985}, "geometry": {"type": "Polygon", "coordinates": [[[117.5045, 0.2057], [117.5281, 0.2203], [117.5334, 0.286], [117.5666, 0.3913], [117.6121, 0.4324], [117.6011, 0.4759], [117.6581, 0.5626], [117.6735, 0.6156], [117.7073, 0.623], [117.7113, 0.6973], [117.752, 0.7564], [117.8023, 0.7912], [117.8877, 0.8311], [117.9685, 0.7753], [118.0249, 0.7774], [118.0276, 0.8329], [117.9688, 0.9589], [117.9736, 0.9764], [117.8971, 1.0673], [117.8945, 1.1231], [117.9843, 1.0575], [117.9914, 1.0011], [118.0646, 0.9035], [118.2032, 0.8689], [118.322, 0.8488], [118.3416, 0.8192], [118.3854, 0.8089], [118.4428, 0.8444], [118.5464, 0.8084], [118.5933, 0.8118], [118.622, 0.8449], [118.6775, 0.8571], [118.7093, 0.8292], [118.7951, 0.8017], [118.8648, 0.8796], [118.9643, 0.9426], [118.9888, 1.0225], [118.9525, 1.0515], [118.9175, 1.017], [118.8411, 0.9845], [118.7871, 0.9958], [118.7507, 1.1086], [118.6993, 1.1222], [118.6139, 1.1086], [118.5886, 1.1256], [118.5818, 1.185], [118.5377, 1.2036], [118.5134, 1.2807], [118.4168, 1.283], [118.3806, 1.2618], [118.3429, 1.2732], [118.3175, 1.1841], [118.2229, 1.1869], [118.1876, 1.1699], [118.0863, 1.1591], [118.0327, 1.1654], [117.9946, 1.201], [117.9813, 1.2583], [117.9462, 1.275], [117.8734, 1.3607], [117.8473, 1.4113], [117.8652, 1.439], [117.8319, 1.4948], [117.8362, 1.5349], [117.8183, 1.6014], [117.7924, 1.6123], [117.7724, 1.6585], [117.7249, 1.6951], [117.6689, 1.6714], [117.6428, 1.5925], [117.5752, 1.6106], [117.5323, 1.5623], [117.5096, 1.5095], [117.4854, 1.504], [117.4561, 1.5567], [117.3858, 1.5849], [117.3734, 1.513], [117.3369, 1.4919], [117.3339, 1.4512], [117.2754, 1.4216], [117.2321, 1.3801], [117.1518, 1.3821], [117.0867, 1.4126], [117.0325, 1.4221], [116.9788, 1.4716], [116.9844, 1.5203], [116.9009, 1.6111], [116.8777, 1.6712], [116.8343, 1.6912], [116.7786, 1.6924], [116.6526, 1.6492], [116.6028, 1.6923], [116.5439, 1.6955], [116.4605, 1.7248], [116.4876, 1.7816], [116.4158, 1.8224], [116.3864, 1.7879], [116.3222, 1.8258], [116.2941, 1.8664], [116.2401, 1.8618], [116.1838, 1.841], [116.1617, 1.7441], [116.1335, 1.6681], [116.0889, 1.6616], [116.0364, 1.6061], [116.0414, 1.5566], [116.0076, 1.5259], [116.1312, 1.4781], [116.1543, 1.4505], [116.141, 1.4138], [116.1585, 1.3627], [116.1491, 1.2972], [116.1122, 1.2706], [116.0806, 1.2114], [116.0357, 1.1756], [116.0318, 1.1284], [116.0743, 1.0243], [116.029, 0.9714], [116.0471, 0.9196], [116.0322, 0.8521], [115.9911, 0.8033], [116.0287, 0.7742], [116.0757, 0.8094], [116.1234, 0.7548], [116.2239, 0.7103], [116.244, 0.6297], [116.2722, 0.5853], [116.2623, 0.5291], [116.2841, 0.4721], [116.3173, 0.4607], [116.4022, 0.3562], [116.4685, 0.3126], [116.4595, 0.236], [116.4692, 0.1839], [116.6525, 0.1839], [116.7766, 0.2273], [116.8264, 0.2359], [116.8766, 0.3661], [116.931, 0.4187], [116.9473, 0.522], [116.9898, 0.5794], [117.0272, 0.5367], [117.0786, 0.4483], [117.1067, 0.4382], [117.1444, 0.3706], [117.2157, 0.3394], [117.1766, 0.2742], [117.1819, 0.2054], [117.1726, 0.151], [117.2036, 0.1214], [117.2178, 0.0774], [117.268, 0.0389], [117.3883, 0.0225], [117.39, 0.064], [117.4247, 0.1021], [117.4692, 0.1992], [117.5045, 0.2057]]]}}, {"type": "Feature", "id": 1104, "properties": {"WADMKK": "Aceh Tenggara", "WADMPR": "Aceh", "KDPKAB": "11.02", "LUASWH": 3.56958456, "kode_wilayah": 1104, "nama_resmi": "Kabupaten Aceh Tenggara", "tipe": "Kabupaten", "provinsi": "Aceh", "pulau": "Sumatera", "parlemen": 6.67, "pendapatan": 31.77, "pengeluaran": 8876.0, "ahh": 70.81, "profesional": 46.46, "tpak": 56.27, "rls": 10.1, "hls": 14.47, "skor_ekonomi": 33.12, "skor_keputusan": 35.6, "skor_kapasitas_sosial": 58.34, "ikpp_komposit": 39.16, "kuadran": "Kuadran III (Ekonomi Rendah, Keputusan Rendah)", "lisa_cluster_keputusan": "Low-Low (Coldspot)", "lisa_cluster_ekonomi": "Low-Low (Coldspot)", "pc1": 0.011, "pc2": 0.387, "lat": 4.622, "lon": 96.846}, "geometry": {"type": "Polygon", "coordinates": [[[97.9362, 2.9895], [97.9301, 3.0548], [97.9838, 3.0861], [97.9822, 3.1161], [97.9421, 3.1648], [97.9112, 3.2518], [97.969, 3.2737], [98.0293, 3.3308], [97.9972, 3.3727], [97.9487, 3.39], [97.9302, 3.4925], [97.9066, 3.5552], [97.8681, 3.5711], [97.8528, 3.6293], [97.8005, 3.7226], [97.8249, 3.7506], [97.7039, 3.7355], [97.2935, 3.6732], [97.2508, 3.6923], [97.2065, 3.6913], [97.2846, 3.6413], [97.295, 3.5952], [97.3733, 3.6389], [97.4164, 3.619], [97.4623, 3.6196], [97.4822, 3.5412], [97.4509, 3.5359], [97.3984, 3.4513], [97.4403, 3.3961], [97.4759, 3.3183], [97.4641, 3.2679], [97.4774, 3.217], [97.5169, 3.1705], [97.6102, 3.1012], [97.6422, 3.0326], [97.6424, 2.952], [97.7551, 2.9273], [97.7704, 2.9588], [97.8148, 2.983], [97.8281, 2.9995], [97.8952, 3.0087], [97.9362, 2.9895]]]}}, {"type": "Feature", "id": 7410, "properties": {"WADMKK": "Konawe Utara", "WADMPR": "Sulawesi Tenggara", "KDPKAB": "74.09", "LUASWH": 2.80058734, "kode_wilayah": 7410, "nama_resmi": "Kabupaten Konawe Utara", "tipe": "Kabupaten", "provinsi": "Sulawesi Tenggara", "pulau": "Sulawesi", "parlemen": 15.0, "pendapatan": 37.48, "pengeluaran": 8386.0, "ahh": 70.01, "profesional": 55.74, "tpak": 75.99, "rls": 7.75, "hls": 13.36, "skor_ekonomi": 50.85, "skor_keputusan": 49.38, "skor_kapasitas_sosial": 49.51, "ikpp_komposit": 49.99, "kuadran": "Kuadran I (Ekonomi Tinggi, Keputusan Tinggi)", "lisa_cluster_keputusan": "Not Significant", "lisa_cluster_ekonomi": "High-High (Hotspot)", "pc1": -1.601, "pc2": 0.86, "lat": -4.801, "lon": 122.983}, "geometry": {"type": "MultiPolygon", "coordinates": [[[[121.951, -3.0483], [121.9266, -3.123], [121.8867, -3.1561], [121.8246, -3.2327], [121.7655, -3.2499], [121.6751, -3.2236], [121.6554, -3.1701], [121.5926, -3.1634], [121.5469, -3.2098], [121.5528, -3.2459], [121.6133, -3.3535], [121.588, -3.3984], [121.6183, -3.4249], [121.6624, -3.4177], [121.667, -3.4703], [121.7672, -3.5104], [121.7833, -3.5687], [121.9059, -3.558], [121.9835, -3.5733], [122.021, -3.616], [122.0706, -3.6307], [122.0882, -3.6902], [122.1226, -3.7287], [122.1694, -3.7254], [122.2566, -3.7619], [122.2881, -3.8059], [122.3829, -3.8665], [122.449, -3.8704], [122.4737, -3.8217], [122.4439, -3.7506], [122.3414, -3.7445], [122.2466, -3.663], [122.1955, -3.6077], [122.197, -3.5706], [122.2789, -3.5531], [122.2796, -3.506], [122.3006, -3.4656], [122.2517, -3.4179], [122.2806, -3.3643], [122.3308, -3.3892], [122.3805, -3.4485], [122.3901, -3.4074], [122.3374, -3.3651], [122.2927, -3.3601], [122.2869, -3.3069], [122.3107, -3.2729], [122.2957, -3.2262], [122.3132, -3.1642], [122.2565, -3.1403], [122.2251, -3.1019], [122.1506, -3.0394], [122.1265, -3.0827], [122.08, -3.0922], [122.0387, -3.0523], [121.951, -3.0483]]], [[[122.4, -3.4444], [122.4091, -3.4772], [122.4482, -3.5051], [122.4653, -3.4639], [122.4046, -3.4032], [122.4, -3.4444]]]]}}, {"type": "Feature", "id": 7313, "properties": {"WADMKK": "Wajo", "WADMPR": "Sulawesi Selatan", "KDPKAB": "73.13", "LUASWH": 30.18359967, "kode_wilayah": 7313, "nama_resmi": "Kabupaten Wajo", "tipe": "Kabupaten", "provinsi": "Sulawesi Selatan", "pulau": "Sulawesi", "parlemen": 10.0, "pendapatan": 28.85, "pengeluaran": 8319.0, "ahh": 76.77, "profesional": 59.82, "tpak": 71.72, "rls": 8.77, "hls": 14.1, "skor_ekonomi": 39.95, "skor_keputusan": 47.56, "skor_kapasitas_sosial": 62.0, "ikpp_komposit": 47.4, "kuadran": "Kuadran IV (Ekonomi Tinggi, Keputusan Rendah)", "lisa_cluster_keputusan": "Not Significant", "lisa_cluster_ekonomi": "Not Significant", "pc1": 0.009, "pc2": 0.63, "lat": -4.112, "lon": 120.027}, "geometry": {"type": "Polygon", "coordinates": [[[119.9587, -4.2678], [120.0013, -4.2647], [120.0018, -4.2647], [120.0409, -4.2683], [120.0408, -4.2685], [120.0726, -4.2855], [120.0944, -4.2429], [120.1251, -4.2259], [120.2308, -4.2407], [120.2638, -4.2727], [120.2929, -4.2434], [120.3664, -4.2234], [120.3811, -4.1752], [120.3462, -4.1322], [120.3379, -4.0923], [120.361, -4.0216], [120.3367, -3.9386], [120.3441, -3.8927], [120.4003, -3.7848], [120.4391, -3.7462], [120.4382, -3.6902], [120.412, -3.6635], [120.3209, -3.6468], [120.3388, -3.6779], [120.2993, -3.7052], [120.1909, -3.6445], [120.1566, -3.6422], [120.1433, -3.683], [120.2105, -3.7234], [120.1918, -3.7728], [120.1534, -3.7652], [120.125, -3.8128], [120.0862, -3.7925], [120.0795, -3.8473], [120.0457, -3.8708], [120.0338, -3.9155], [120.0, -3.9345], [119.9107, -3.9345], [119.8847, -4.0125], [119.8944, -4.109], [119.949, -4.14], [119.9478, -4.1538], [119.95, -4.1868], [119.9499, -4.187], [119.9379, -4.2296], [119.9378, -4.2303], [119.9585, -4.2673], [119.9587, -4.2678]]]}}, {"type": "Feature", "id": 6209, "properties": {"WADMKK": "Katingan", "WADMPR": "Kalimantan Tengah", "KDPKAB": "62.06", "LUASWH": 50.31176681, "kode_wilayah": 6209, "nama_resmi": "Kabupaten Katingan", "tipe": "Kabupaten", "provinsi": "Kalimantan Tengah", "pulau": "Kalimantan", "parlemen": 8.0, "pendapatan": 29.97, "pengeluaran": 11691.0, "ahh": 68.53, "profesional": 34.83, "tpak": 47.82, "rls": 8.95, "hls": 12.99, "skor_ekonomi": 26.14, "skor_keputusan": 29.02, "skor_kapasitas_sosial": 52.71, "ikpp_komposit": 32.61, "kuadran": "Kuadran III (Ekonomi Rendah, Keputusan Rendah)", "lisa_cluster_keputusan": "Not Significant", "lisa_cluster_ekonomi": "Low-Low (Coldspot)", "pc1": -0.563, "pc2": -0.563, "lat": -2.185, "lon": 111.428}, "geometry": {"type": "Polygon", "coordinates": [[[113.2345, -3.1521], [113.2918, -3.2118], [113.3366, -3.2748], [113.4276, -3.2365], [113.4504, -3.1904], [113.5404, -3.1623], [113.6011, -3.1672], [113.6337, -3.1348], [113.6639, -3.0542], [113.7136, -3.0216], [113.7084, -2.9633], [113.6603, -2.9139], [113.6457, -2.8567], [113.6041, -2.7619], [113.5841, -2.7378], [113.665, -2.6183], [113.7509, -2.5217], [113.762, -2.4019], [113.6899, -2.2432], [113.6997, -2.157], [113.6947, -2.0865], [113.5569, -1.9033], [113.4894, -1.7865], [113.4757, -1.6806], [113.502, -1.6445], [113.4776, -1.605], [113.3998, -1.5411], [113.361, -1.5249], [113.1992, -1.2835], [113.1837, -1.2165], [113.2037, -1.1677], [113.2489, -1.1289], [113.2839, -1.0536], [113.2432, -0.9769], [113.2196, -0.8929], [113.2342, -0.8626], [113.2006, -0.8354], [113.1901, -0.7348], [113.2238, -0.7044], [113.2204, -0.6598], [113.1726, -0.602], [113.1607, -0.5376], [113.2112, -0.5061], [113.1641, -0.4771], [113.1155, -0.4729], [113.0546, -0.5138], [112.9981, -0.5034], [112.8658, -0.5478], [112.8324, -0.5776], [112.787, -0.5857], [112.7435, -0.5729], [112.6881, -0.6541], [112.6502, -0.6549], [112.5933, -0.6901], [112.5029, -0.7002], [112.4628, -0.6691], [112.4343, -0.6736], [112.385, -0.7137], [112.3479, -0.7038], [112.3108, -0.7214], [112.2755, -0.6509], [112.2333, -0.6133], [112.1763, -0.6434], [112.1754, -0.7256], [112.1942, -0.7654], [112.1465, -0.8302], [112.1723, -0.8663], [112.1132, -0.9298], [112.1169, -1.0452], [112.158, -1.0391], [112.1622, -1.0871], [112.1187, -1.1398], [112.1059, -1.2056], [112.1233, -1.2285], [112.127, -1.3128], [112.1923, -1.3024], [112.2579, -1.3207], [112.3167, -1.3038], [112.3339, -1.246], [112.3922, -1.2396], [112.4268, -1.2063], [112.5398, -1.1929], [112.632, -1.2077], [112.6749, -1.2558], [112.6912, -1.3065], [112.7495, -1.3335], [112.746, -1.3781], [112.8393, -1.4239], [112.8383, -1.5049], [112.8623, -1.5247], [112.8638, -1.5917], [112.8989, -1.5942], [112.8966, -1.6401], [112.9299, -1.641], [112.9287, -1.7048], [113.0001, -1.7164], [113.0618, -1.8133], [113.1342, -1.8152], [113.1423, -1.8994], [113.2036, -1.9524], [113.2034, -1.9757], [113.2697, -2.0244], [113.2298, -2.1646], [113.1722, -2.323], [113.213, -2.4506], [113.1357, -2.6083], [113.0947, -2.6753], [113.0973, -2.7975], [113.1483, -2.9232], [113.2222, -3.0842], [113.2345, -3.1521]]]}}, {"type": "Feature", "id": 7409, "properties": {"WADMKK": "Buton Utara", "WADMPR": "Sulawesi Tenggara", "KDPKAB": "74.10", "LUASWH": 36.95278493, "kode_wilayah": 7409, "nama_resmi": "Kabupaten Buton Utara", "tipe": "Kabupaten", "provinsi": "Sulawesi Tenggara", "pulau": "Sulawesi", "parlemen": 25.0, "pendapatan": 39.08, "pengeluaran": 8434.0, "ahh": 70.07, "profesional": 54.55, "tpak": 56.57, "rls": 7.35, "hls": 13.22, "skor_ekonomi": 40.28, "skor_keputusan": 57.67, "skor_kapasitas_sosial": 48.48, "ikpp_komposit": 48.88, "kuadran": "Kuadran I (Ekonomi Tinggi, Keputusan Tinggi)", "lisa_cluster_keputusan": "Not Significant", "lisa_cluster_ekonomi": "Not Significant", "pc1": -1.031, "pc2": -0.388, "lat": -3.512, "lon": 122.111}, "geometry": {"type": "MultiPolygon", "coordinates": [[[[122.9501, -5.1467], [122.9725, -5.1138], [122.98, -5.0599], [122.9555, -5.0141], [122.9687, -4.9532], [123.0101, -4.9057], [123.0102, -4.8143], [123.0279, -4.7637], [123.0836, -4.7594], [123.1387, -4.7226], [123.1692, -4.7779], [123.1745, -4.8383], [123.213, -4.8587], [123.2022, -4.7773], [123.2132, -4.7141], [123.1842, -4.6339], [123.1917, -4.5783], [123.1412, -4.4876], [123.0456, -4.4251], [123.0784, -4.4018], [123.042, -4.3696], [122.948, -4.4269], [122.8675, -4.5258], [122.8494, -4.606], [122.928, -4.6102], [122.9014, -4.6735], [122.8975, -4.7363], [122.8799, -4.7768], [122.9143, -4.829], [122.9116, -4.8831], [122.8844, -4.9535], [122.8906, -5.0111], [122.8322, -5.0736], [122.8807, -5.1126], [122.9501, -5.1467]]], [[[123.0866, -4.7953], [123.039, -4.8331], [123.1135, -4.8473], [123.1184, -4.7989], [123.0866, -4.7953]]]]}}, {"type": "Feature", "id": 7205, "properties": {"WADMKK": "Donggala", "WADMPR": "Sulawesi Tengah", "KDPKAB": "72.03", "LUASWH": 6.50149607, "kode_wilayah": 7205, "nama_resmi": "Kabupaten Donggala", "tipe": "Kabupaten", "provinsi": "Sulawesi Tengah", "pulau": "Sulawesi", "parlemen": 20.0, "pendapatan": 31.08, "pengeluaran": 9254.0, "ahh": 72.49, "profesional": 55.94, "tpak": 64.43, "rls": 9.04, "hls": 13.13, "skor_ekonomi": 37.54, "skor_keputusan": 54.06, "skor_kapasitas_sosial": 56.06, "ikpp_komposit": 47.85, "kuadran": "Kuadran I (Ekonomi Tinggi, Keputusan Tinggi)", "lisa_cluster_keputusan": "High-High (Hotspot)", "lisa_cluster_ekonomi": "Not Significant", "pc1": -0.258, "pc2": -0.194, "lat": 1.169, "lon": 121.41}, "geometry": {"type": "MultiPolygon", "coordinates": [[[[119.5612, -0.8495], [119.5572, -1.0096], [119.5759, -1.0208], [119.5731, -1.0777], [119.5933, -1.125], [119.5768, -1.1781], [119.5282, -1.1861], [119.5365, -1.2218], [119.4677, -1.2962], [119.4385, -1.3783], [119.5209, -1.4336], [119.568, -1.4281], [119.5934, -1.3964], [119.6433, -1.4052], [119.6833, -1.4412], [119.778, -1.3968], [119.8331, -1.3867], [119.8218, -1.3037], [119.831, -1.2844], [119.7872, -1.2209], [119.8002, -1.0871], [119.7498, -0.9996], [119.6742, -1.0065], [119.6477, -0.9871], [119.6672, -0.9435], [119.7113, -0.936], [119.768, -0.8991], [119.7661, -0.8295], [119.8045, -0.8018], [119.7611, -0.6812], [119.7237, -0.6613], [119.6715, -0.7028], [119.679, -0.7673], [119.6275, -0.7979], [119.613, -0.8353], [119.5612, -0.8495]]], [[[120.1367, 0.7479], [120.0759, 0.7424], [120.0404, 0.7122], [120.0155, 0.6609], [120.0353, 0.602], [120.0451, 0.5127], [119.9991, 0.4831], [119.9008, 0.4787], [119.878, 0.4305], [119.8884, 0.3917], [119.8456, 0.3344], [119.8931, 0.2866], [119.8994, 0.2172], [119.834, 0.2165], [119.8092, 0.2361], [119.7726, 0.1982], [119.871, 0.0979], [119.8818, -0.0249], [119.8215, -0.1171], [119.7714, -0.1068], [119.7375, -0.0609], [119.7392, -0.0309], [119.6986, 0.0015], [119.6668, -0.0179], [119.605, -0.0114], [119.6525, -0.0945], [119.7197, -0.1457], [119.777, -0.1252], [119.8099, -0.1362], [119.8182, -0.1922], [119.7787, -0.2768], [119.7551, -0.4269], [119.7588, -0.4899], [119.7891, -0.5983], [119.8235, -0.6892], [119.8436, -0.697], [119.9177, -0.7017], [119.901, -0.7333], [119.9011, -0.7964], [119.9695, -0.8124], [120.0186, -0.7816], [120.016, -0.7237], [120.0325, -0.6837], [120.0004, -0.5855], [119.9384, -0.5122], [119.9109, -0.3544], [119.9271, -0.3349], [119.9055, -0.2694], [119.9354, -0.21], [119.8985, -0.1386], [119.9319, -0.1005], [119.9415, 0.0108], [119.9612, 0.0857], [120.0001, 0.1231], [120.0338, 0.1277], [120.0497, 0.181], [120.0922, 0.2049], [120.0958, 0.2434], [120.055, 0.2862], [120.0567, 0.3314], [120.0783, 0.3793], [120.1169, 0.3975], [120.1133, 0.4317], [120.1548, 0.4678], [120.1592, 0.5318], [120.1802, 0.546], [120.1926, 0.6158], [120.1961, 0.7008], [120.1369, 0.7469], [120.1367, 0.7473], [120.1366, 0.7475], [120.1367, 0.7476], [120.1367, 0.7479]]]]}}, {"type": "Feature", "id": 6308, "properties": {"WADMKK": "Hulu Sungai Utara", "WADMPR": "Kalimantan Selatan", "KDPKAB": "63.08", "LUASWH": 15.38075466, "kode_wilayah": 6308, "nama_resmi": "Kabupaten Hulu Sungai Utara", "tipe": "Kabupaten", "provinsi": "Kalimantan Selatan", "pulau": "Kalimantan", "parlemen": 23.33, "pendapatan": 30.3, "pengeluaran": 10981.0, "ahh": 67.23, "profesional": 56.59, "tpak": 63.09, "rls": 7.78, "hls": 13.21, "skor_ekonomi": 35.97, "skor_keputusan": 57.52, "skor_kapasitas_sosial": 48.11, "ikpp_komposit": 47.02, "kuadran": "Kuadran I (Ekonomi Tinggi, Keputusan Tinggi)", "lisa_cluster_keputusan": "Not Significant", "lisa_cluster_ekonomi": "Not Significant", "pc1": -0.766, "pc2": -0.804, "lat": -2.419, "lon": 115.254}, "geometry": {"type": "Polygon", "coordinates": [[[114.8646, -2.5282], [114.9985, -2.4991], [115.1547, -2.5546], [115.2287, -2.5401], [115.2956, -2.5098], [115.3411, -2.4687], [115.3823, -2.5051], [115.3994, -2.4535], [115.3145, -2.4033], [115.3187, -2.3552], [115.3487, -2.3399], [115.2828, -2.3597], [115.2138, -2.3402], [115.1255, -2.2946], [115.0736, -2.3507], [115.0014, -2.3957], [114.8743, -2.4972], [114.8587, -2.5231], [114.8609, -2.5265], [114.8646, -2.5282]]]}}, {"type": "Feature", "id": 1501, "properties": {"WADMKK": "Kerinci", "WADMPR": "Jambi", "KDPKAB": "15.01", "LUASWH": 0.13455856, "kode_wilayah": 1501, "nama_resmi": "Kabupaten Kerinci", "tipe": "Kabupaten", "provinsi": "Jambi", "pulau": "Sumatera", "parlemen": 6.67, "pendapatan": 42.71, "pengeluaran": 11441.0, "ahh": 72.82, "profesional": 54.06, "tpak": 66.71, "rls": 8.6, "hls": 13.92, "skor_ekonomi": 50.06, "skor_keputusan": 40.68, "skor_kapasitas_sosial": 59.06, "ikpp_komposit": 48.11, "kuadran": "Kuadran IV (Ekonomi Tinggi, Keputusan Rendah)", "lisa_cluster_keputusan": "Low-Low (Coldspot)", "lisa_cluster_ekonomi": "Not Significant", "pc1": -0.364, "pc2": 1.698, "lat": -2.057, "lon": 101.388}, "geometry": {"type": "Polygon", "coordinates": [[[101.557, -2.4519], [101.5546, -2.3519], [101.6003, -2.3334], [101.6379, -2.3503], [101.7114, -2.3181], [101.778, -2.2057], [101.8203, -2.1637], [101.7838, -2.136], [101.7934, -2.1054], [101.7604, -2.0741], [101.7304, -2.0012], [101.666, -1.9728], [101.6291, -1.8887], [101.4375, -1.6958], [101.4266, -1.6775], [101.3911, -1.6897], [101.3365, -1.6807], [101.2719, -1.6954], [101.2159, -1.7251], [101.1317, -1.6847], [101.1383, -1.8989], [101.2397, -2.0667], [101.2716, -2.032], [101.4123, -2.031], [101.4449, -2.0448], [101.4446, -2.1033], [101.4092, -2.1189], [101.4156, -2.1558], [101.2797, -2.251], [101.2929, -2.2887], [101.557, -2.4519]]]}}, {"type": "Feature", "id": 1806, "properties": {"WADMKK": "Lampung Utara", "WADMPR": "Lampung", "KDPKAB": "18.03", "LUASWH": 13.69711983, "kode_wilayah": 1806, "nama_resmi": "Kabupaten Lampung Utara", "tipe": "Kabupaten", "provinsi": "Lampung", "pulau": "Sumatera", "parlemen": 6.67, "pendapatan": 34.49, "pengeluaran": 9837.0, "ahh": 72.15, "profesional": 56.83, "tpak": 50.44, "rls": 8.38, "hls": 12.56, "skor_ekonomi": 32.09, "skor_keputusan": 42.53, "skor_kapasitas_sosial": 53.64, "ikpp_komposit": 40.58, "kuadran": "Kuadran III (Ekonomi Rendah, Keputusan Rendah)", "lisa_cluster_keputusan": "Not Significant", "lisa_cluster_ekonomi": "Not Significant", "pc1": -0.532, "pc2": -0.324, "lat": -5.481, "lon": 104.682}, "geometry": {"type": "Polygon", "coordinates": [[[104.5905, -5.0693], [104.6282, -5.0887], [104.6871, -5.0825], [104.7671, -5.0361], [104.7996, -4.9854], [104.8379, -4.9752], [104.8872, -4.9897], [104.9324, -4.9196], [104.9643, -4.9135], [104.9964, -4.9494], [105.0388, -4.9601], [105.0581, -4.8742], [105.1237, -4.7576], [105.1254, -4.7262], [105.069, -4.6968], [105.0164, -4.6515], [104.988, -4.5885], [104.9807, -4.535], [104.9263, -4.5154], [104.8889, -4.5234], [104.8391, -4.5044], [104.7016, -4.5532], [104.6937, -4.6042], [104.6439, -4.6344], [104.6137, -4.6714], [104.6339, -4.7056], [104.6236, -4.7388], [104.6447, -4.7809], [104.6221, -4.8224], [104.554, -4.8435], [104.5096, -4.9429], [104.4938, -4.9765], [104.5016, -5.018], [104.5676, -5.0223], [104.5905, -5.0693]]]}}, {"type": "Feature", "id": 3218, "properties": {"WADMKK": "Pangandaran", "WADMPR": "Jawa Barat", "KDPKAB": "32.18", "LUASWH": 8.38865284, "kode_wilayah": 3218, "nama_resmi": "Kabupaten Pangandaran", "tipe": "Kabupaten", "provinsi": "Jawa Barat", "pulau": "Jawa", "parlemen": 20.0, "pendapatan": 37.06, "pengeluaran": 9654.0, "ahh": 74.46, "profesional": 48.42, "tpak": 69.11, "rls": 8.1, "hls": 12.31, "skor_ekonomi": 46.16, "skor_keputusan": 49.03, "skor_kapasitas_sosial": 55.41, "ikpp_komposit": 49.16, "kuadran": "Kuadran I (Ekonomi Tinggi, Keputusan Tinggi)", "lisa_cluster_keputusan": "Not Significant", "lisa_cluster_ekonomi": "Not Significant", "pc1": -0.981, "pc2": 0.496, "lat": -7.615, "lon": 108.499}, "geometry": {"type": "Polygon", "coordinates": [[[108.3408, -7.8168], [108.4327, -7.8209], [108.4957, -7.7932], [108.4968, -7.7402], [108.5167, -7.6987], [108.5839, -7.6841], [108.6635, -7.6921], [108.6951, -7.6756], [108.7625, -7.6964], [108.8011, -7.6728], [108.7372, -7.6103], [108.7547, -7.5591], [108.7181, -7.4694], [108.6487, -7.4679], [108.6466, -7.5403], [108.5977, -7.5621], [108.5278, -7.5739], [108.5209, -7.5238], [108.4854, -7.5285], [108.4271, -7.5006], [108.3721, -7.4795], [108.3334, -7.5159], [108.3614, -7.6005], [108.3616, -7.6624], [108.313, -7.7243], [108.3237, -7.7956], [108.3408, -7.8168]]]}}, {"type": "Feature", "id": 3527, "properties": {"WADMKK": "Sampang", "WADMPR": "Jawa Timur", "KDPKAB": "35.27", "LUASWH": 5.27306738, "kode_wilayah": 3527, "nama_resmi": "Kabupaten Sampang", "tipe": "Kabupaten", "provinsi": "Jawa Timur", "pulau": "Jawa", "parlemen": 8.89, "pendapatan": 31.69, "pengeluaran": 9782.0, "ahh": 70.85, "profesional": 30.9, "tpak": 60.1, "rls": 5.08, "hls": 12.55, "skor_ekonomi": 35.43, "skor_keputusan": 27.2, "skor_kapasitas_sosial": 44.48, "ikpp_komposit": 33.95, "kuadran": "Kuadran IV (Ekonomi Tinggi, Keputusan Rendah)", "lisa_cluster_keputusan": "Not Significant", "lisa_cluster_ekonomi": "Not Significant", "pc1": -2.46, "pc2": -0.345, "lat": -7.188, "lon": 113.237}, "geometry": {"type": "Polygon", "coordinates": [[[113.0405, -7.2128], [113.1006, -7.2289], [113.152, -7.2057], [113.1778, -7.2274], [113.2746, -7.2155], [113.3936, -7.2173], [113.3719, -7.1946], [113.3793, -7.1484], [113.3639, -7.1003], [113.3953, -7.0707], [113.3948, -7.0301], [113.4834, -6.8967], [113.4384, -6.8876], [113.1247, -6.893], [113.0973, -6.9428], [113.1074, -6.9814], [113.1475, -6.99], [113.1117, -7.0344], [113.1139, -7.1126], [113.0574, -7.1639], [113.0405, -7.2128]]]}}, {"type": "Feature", "id": 1311, "properties": {"WADMKK": "Dharmasraya", "WADMPR": "Sumatera Barat", "KDPKAB": "13.10", "LUASWH": 52.05049788, "kode_wilayah": 1311, "nama_resmi": "Kabupaten Dharmasraya", "tipe": "Kabupaten", "provinsi": "Sumatera Barat", "pulau": "Sumatera", "parlemen": 6.67, "pendapatan": 26.94, "pengeluaran": 12254.0, "ahh": 74.66, "profesional": 66.02, "tpak": 58.76, "rls": 8.98, "hls": 12.89, "skor_ekonomi": 30.06, "skor_keputusan": 48.68, "skor_kapasitas_sosial": 61.2, "ikpp_komposit": 43.74, "kuadran": "Kuadran II (Ekonomi Rendah, Keputusan Tinggi)", "lisa_cluster_keputusan": "Not Significant", "lisa_cluster_ekonomi": "Not Significant", "pc1": 0.588, "pc2": -0.325, "lat": -1.556, "lon": 101.24}, "geometry": {"type": "Polygon", "coordinates": [[[101.4375, -1.6958], [101.4864, -1.6485], [101.6798, -1.4981], [101.7194, -1.4356], [101.6949, -1.3941], [101.7281, -1.3549], [101.6945, -1.3074], [101.7267, -1.2348], [101.816, -1.2178], [101.8842, -1.1347], [101.8313, -1.1106], [101.8215, -1.0592], [101.8236, -0.9776], [101.7508, -0.9717], [101.6982, -0.9355], [101.7345, -0.8965], [101.7317, -0.8706], [101.6477, -0.8237], [101.5876, -0.8473], [101.5478, -0.8211], [101.5206, -0.848], [101.4541, -0.8577], [101.3756, -0.9729], [101.2858, -0.9575], [101.2254, -0.9298], [101.191, -0.9512], [101.2045, -0.9677], [101.1656, -1.0555], [101.1666, -1.1028], [101.198, -1.107], [101.2323, -1.1511], [101.2946, -1.1513], [101.335, -1.134], [101.3399, -1.0767], [101.3763, -1.0476], [101.4536, -1.011], [101.4355, -1.0983], [101.4029, -1.1505], [101.4108, -1.1841], [101.4678, -1.2589], [101.4686, -1.2813], [101.6721, -1.3886], [101.5272, -1.4886], [101.5097, -1.573], [101.473, -1.5918], [101.4314, -1.6416], [101.4266, -1.6775], [101.4375, -1.6958]]]}}, {"type": "Feature", "id": 1702, "properties": {"WADMKK": "Rejang Lebong", "WADMPR": "Bengkulu", "KDPKAB": "17.02", "LUASWH": 0.28025854, "kode_wilayah": 1702, "nama_resmi": "Kabupaten Rejang Lebong", "tipe": "Kabupaten", "provinsi": "Bengkulu", "pulau": "Sumatera", "parlemen": 20.0, "pendapatan": 25.5, "pengeluaran": 11385.0, "ahh": 71.44, "profesional": 61.43, "tpak": 63.72, "rls": 8.81, "hls": 14.2, "skor_ekonomi": 31.78, "skor_keputusan": 57.73, "skor_kapasitas_sosial": 58.18, "ikpp_komposit": 47.44, "kuadran": "Kuadran II (Ekonomi Rendah, Keputusan Tinggi)", "lisa_cluster_keputusan": "Not Significant", "lisa_cluster_ekonomi": "Not Significant", "pc1": 0.555, "pc2": -0.566, "lat": -3.478, "lon": 102.532}, "geometry": {"type": "Polygon", "coordinates": [[[102.8102, -3.5299], [102.8476, -3.5369], [102.9071, -3.6165], [102.9947, -3.5248], [103.0051, -3.4666], [102.9985, -3.4129], [102.967, -3.3623], [102.9124, -3.3777], [102.8896, -3.352], [102.798, -3.3317], [102.7582, -3.2899], [102.7398, -3.3051], [102.6184, -3.3294], [102.5704, -3.2795], [102.4943, -3.2684], [102.4881, -3.3267], [102.4565, -3.3196], [102.4229, -3.3585], [102.3752, -3.3835], [102.4168, -3.4762], [102.4464, -3.5291], [102.5322, -3.4953], [102.5944, -3.5257], [102.7222, -3.5526], [102.8102, -3.5299], [102.8102, -3.5299]]]}}, {"type": "Feature", "id": 8207, "properties": {"WADMKK": "Pulau Morotai", "WADMPR": "Maluku Utara", "KDPKAB": "82.07", "LUASWH": 11.50337129, "kode_wilayah": 8207, "nama_resmi": "Kabupaten Pulau Morotai", "tipe": "Kabupaten", "provinsi": "Maluku Utara", "pulau": "Maluku", "parlemen": 15.0, "pendapatan": 26.72, "pengeluaran": 8159.0, "ahh": 71.13, "profesional": 43.72, "tpak": 49.0, "rls": 9.32, "hls": 14.79, "skor_ekonomi": 23.78, "skor_keputusan": 41.34, "skor_kapasitas_sosial": 56.93, "ikpp_komposit": 37.43, "kuadran": "Kuadran III (Ekonomi Rendah, Keputusan Rendah)", "lisa_cluster_keputusan": "Not Significant", "lisa_cluster_ekonomi": "Not Significant", "pc1": 0.238, "pc2": -0.745, "lat": 2.013, "lon": 128.284}, "geometry": {"type": "MultiPolygon", "coordinates": [[[[128.2942, 2.0171], [128.4007, 2.0574], [128.4711, 2.0542], [128.5212, 2.0673], [128.6215, 2.2115], [128.654, 2.3109], [128.6504, 2.3692], [128.6886, 2.4124], [128.6923, 2.4733], [128.6449, 2.5332], [128.5808, 2.6361], [128.5217, 2.5758], [128.4613, 2.5956], [128.4072, 2.5259], [128.3642, 2.5077], [128.2938, 2.4282], [128.2753, 2.3587], [128.2169, 2.2801], [128.2494, 2.2375], [128.2436, 2.1634], [128.2533, 2.0948], [128.2931, 2.0544], [128.2942, 2.0171]]], [[[128.169, 2.2908], [128.1847, 2.3663], [128.1663, 2.4126], [128.1252, 2.3337], [128.169, 2.2908]]]]}}, {"type": "Feature", "id": 9426, "properties": {"WADMKK": "Waropen", "WADMPR": "Papua", "KDPKAB": "91.15", "LUASWH": 583.73670906, "kode_wilayah": 9426, "nama_resmi": "Kabupaten Waropen", "tipe": "Kabupaten", "provinsi": "Papua", "pulau": "Papua", "parlemen": 5.0, "pendapatan": 35.29, "pengeluaran": 9951.942148726395, "ahh": 69.83382156203169, "profesional": 30.84, "tpak": 54.10732010782392, "rls": 7.983790329132521, "hls": 13.293624557774075, "skor_ekonomi": 35.13, "skor_keputusan": 23.63, "skor_kapasitas_sosial": 51.17, "ikpp_komposit": 33.74, "kuadran": "Kuadran IV (Ekonomi Tinggi, Keputusan Rendah)", "lisa_cluster_keputusan": "Low-Low (Coldspot)", "lisa_cluster_ekonomi": "Low-High (Spatial Outlier)", "pc1": -1.37, "pc2": 0.321, "lat": -2.844, "lon": 136.671}, "geometry": {"type": "Polygon", "coordinates": [[[136.9163, -3.2352], [136.9032, -3.1581], [136.9867, -3.1758], [137.0407, -3.2113], [136.9507, -3.2836], [137.0034, -3.3174], [137.0228, -3.3075], [137.022, -3.2828], [137.0625, -3.2332], [137.0625, -3.1832], [137.1105, -3.1335], [137.221, -3.1243], [137.3485, -3.0902], [137.4078, -3.0881], [137.4447, -3.1073], [137.523, -3.0807], [137.5486, -3.0551], [137.4553, -3.0492], [137.3866, -2.9682], [137.3546, -2.9058], [137.3592, -2.8781], [137.2798, -2.8058], [137.286, -2.7149], [137.2601, -2.682], [137.2674, -2.6332], [137.2527, -2.5917], [137.1916, -2.5637], [137.158, -2.5866], [137.1134, -2.5069], [137.0342, -2.452], [137.0297, -2.4173], [136.9731, -2.4273], [136.9087, -2.3805], [136.9372, -2.3394], [136.8651, -2.2878], [136.8594, -2.25], [136.8168, -2.2025], [136.7495, -2.2524], [136.7128, -2.2291], [136.6713, -2.261], [136.6057, -2.2531], [136.5758, -2.2194], [136.4288, -2.204], [136.3431, -2.2601], [136.3375, -2.364], [136.2958, -2.4108], [136.2788, -2.4634], [136.2799, -2.5119], [136.2245, -2.6114], [136.1081, -2.6688], [136.0643, -2.6728], [136.0114, -2.7059], [136.0471, -2.7191], [136.0498, -2.771], [136.1393, -2.7722], [136.1537, -2.7941], [136.2045, -2.8006], [136.29, -2.8876], [136.3085, -2.9355], [136.2977, -2.9731], [136.3229, -3.0203], [136.4055, -3.0147], [136.4373, -3.0548], [136.5779, -3.0658], [136.538, -3.1557], [136.5327, -3.2258], [136.5673, -3.254], [136.6656, -3.2251], [136.6458, -3.1604], [136.6679, -3.1373], [136.7318, -3.1832], [136.7652, -3.1927], [136.7374, -3.2382], [136.8088, -3.2542], [136.848, -3.2447], [136.8519, -3.2533], [136.8961, -3.3676], [136.8984, -3.4062], [136.9602, -3.3905], [136.9611, -3.3332], [136.9244, -3.3291], [136.8881, -3.2593], [136.9163, -3.2352]]]}}, {"type": "Feature", "id": 9106, "properties": {"WADMKK": "Sorong Selatan", "WADMPR": "Papua Barat Daya", "KDPKAB": "92.04", "LUASWH": 66.48582875, "kode_wilayah": 9106, "nama_resmi": "Kabupaten Sorong Selatan", "tipe": "Kabupaten", "provinsi": "Papua Barat Daya", "pulau": "Papua", "parlemen": 5.0, "pendapatan": 31.68, "pengeluaran": 6139.0, "ahh": 70.29, "profesional": 37.97, "tpak": 74.15, "rls": 7.17, "hls": 12.78, "skor_ekonomi": 44.17, "skor_keputusan": 28.4, "skor_kapasitas_sosial": 45.37, "ikpp_komposit": 38.1, "kuadran": "Kuadran IV (Ekonomi Tinggi, Keputusan Rendah)", "lisa_cluster_keputusan": "Low-Low (Coldspot)", "lisa_cluster_ekonomi": "Not Significant", "pc1": -2.763, "pc2": 0.545, "lat": -1.171, "lon": 136.09}, "geometry": {"type": "Polygon", "coordinates": [[[131.7781, -1.5735], [131.81, -1.6135], [131.8537, -1.5695], [131.8916, -1.6105], [131.8811, -1.6364], [131.9175, -1.7198], [131.9758, -1.7052], [132.027, -1.7144], [131.9216, -1.8137], [131.9478, -1.8489], [131.9285, -1.8815], [131.9889, -1.9328], [131.9743, -1.9726], [132.0343, -2.0225], [132.04, -2.0708], [132.1426, -2.1486], [132.1805, -2.1534], [132.2332, -2.1898], [132.2972, -2.2702], [132.3803, -2.2629], [132.4325, -2.2328], [132.5268, -2.195], [132.5988, -2.1988], [132.6941, -2.0705], [132.6256, -1.9832], [132.6561, -1.962], [132.6222, -1.8761], [132.627, -1.858], [132.5223, -1.8202], [132.4957, -1.826], [132.4468, -1.8849], [132.4417, -1.8324], [132.4093, -1.7812], [132.5073, -1.7673], [132.4797, -1.7307], [132.4204, -1.7589], [132.397, -1.7017], [132.4358, -1.6045], [132.4079, -1.5628], [132.3629, -1.5379], [132.256, -1.4174], [132.1691, -1.3467], [132.1146, -1.3239], [132.0939, -1.25], [132.0713, -1.0903], [132.0185, -1.0533], [131.9907, -1.0816], [131.9166, -1.0549], [131.8759, -1.097], [131.8502, -1.1897], [131.863, -1.2358], [131.8958, -1.2825], [131.8915, -1.3146], [131.8377, -1.3446], [131.815, -1.386], [131.8207, -1.4817], [131.7925, -1.4914], [131.8027, -1.5475], [131.7781, -1.5735]]]}}, {"type": "Feature", "id": 3602, "properties": {"WADMKK": "Lebak", "WADMPR": "Banten", "KDPKAB": "36.02", "LUASWH": 7.97026174, "kode_wilayah": 3602, "nama_resmi": "Kabupaten Lebak", "tipe": "Kabupaten", "provinsi": "Banten", "pulau": "Jawa", "parlemen": 14.0, "pendapatan": 32.74, "pengeluaran": 9631.0, "ahh": 70.38, "profesional": 53.54, "tpak": 57.53, "rls": 6.61, "hls": 12.11, "skor_ekonomi": 34.83, "skor_keputusan": 47.0, "skor_kapasitas_sosial": 46.32, "ikpp_komposit": 42.0, "kuadran": "Kuadran IV (Ekonomi Tinggi, Keputusan Rendah)", "lisa_cluster_keputusan": "Not Significant", "lisa_cluster_ekonomi": "Low-Low (Coldspot)", "pc1": -1.554, "pc2": -0.778, "lat": -6.361, "lon": 106.246}, "geometry": {"type": "Polygon", "coordinates": [[[105.8834, -6.8368], [105.9072, -6.8192], [105.9928, -6.8143], [106.06, -6.8333], [106.0962, -6.8764], [106.2376, -6.931], [106.2463, -6.9608], [106.3785, -6.9952], [106.3971, -6.9785], [106.393, -6.9004], [106.4312, -6.8617], [106.4356, -6.8242], [106.4979, -6.791], [106.5247, -6.7624], [106.4668, -6.751], [106.4291, -6.6802], [106.43, -6.58], [106.4038, -6.5167], [106.4036, -6.4537], [106.451, -6.4136], [106.4267, -6.3479], [106.4009, -6.3303], [106.3251, -6.3358], [106.2735, -6.3003], [106.1718, -6.2913], [106.1302, -6.3267], [106.1315, -6.3775], [106.0905, -6.4239], [106.0635, -6.4051], [106.0247, -6.4285], [106.0094, -6.4736], [105.9747, -6.5173], [105.9828, -6.5421], [105.9341, -6.6003], [105.9462, -6.6602], [105.9184, -6.7186], [105.8927, -6.7207], [105.8663, -6.7876], [105.8834, -6.8368]]]}}, {"type": "Feature", "id": 3301, "properties": {"WADMKK": "Cilacap", "WADMPR": "Jawa Tengah", "KDPKAB": "33.01", "LUASWH": 2.77506752, "kode_wilayah": 3301, "nama_resmi": "Kabupaten Cilacap", "tipe": "Kabupaten", "provinsi": "Jawa Tengah", "pulau": "Jawa", "parlemen": 24.0, "pendapatan": 26.05, "pengeluaran": 11868.0, "ahh": 76.58, "profesional": 47.48, "tpak": 52.28, "rls": 7.4, "hls": 12.69, "skor_ekonomi": 25.18, "skor_keputusan": 52.03, "skor_kapasitas_sosial": 59.46, "ikpp_komposit": 42.78, "kuadran": "Kuadran II (Ekonomi Rendah, Keputusan Tinggi)", "lisa_cluster_keputusan": "Not Significant", "lisa_cluster_ekonomi": "Not Significant", "pc1": 0.355, "pc2": -1.28, "lat": -7.726, "lon": 109.01}, "geometry": {"type": "MultiPolygon", "coordinates": [[[[108.8011, -7.6728], [108.8603, -7.6599], [108.8978, -7.7094], [108.9673, -7.7124], [109.0003, -7.7437], [109.0563, -7.6977], [109.1072, -7.6826], [109.2918, -7.7013], [109.391, -7.7261], [109.3813, -7.6658], [109.3587, -7.6393], [109.2616, -7.6199], [109.265, -7.5955], [109.1806, -7.5492], [109.1656, -7.5725], [109.1091, -7.5816], [109.0663, -7.573], [108.9564, -7.4958], [108.9561, -7.47], [108.9102, -7.4467], [108.9386, -7.417], [108.9491, -7.3629], [108.9758, -7.3349], [108.9112, -7.3023], [108.861, -7.2429], [108.7544, -7.196], [108.7241, -7.1952], [108.6955, -7.1519], [108.6351, -7.1387], [108.5622, -7.1713], [108.563, -7.1944], [108.5851, -7.2408], [108.5566, -7.287], [108.5592, -7.3323], [108.6, -7.3505], [108.6621, -7.3525], [108.7179, -7.4266], [108.7181, -7.4694], [108.7547, -7.5591], [108.7372, -7.6103], [108.8011, -7.6728]]], [[[108.8128, -7.6836], [108.8151, -7.7346], [108.8648, -7.7408], [109.0137, -7.7784], [108.9633, -7.7184], [108.8756, -7.709], [108.8128, -7.6836]]]]}}, {"type": "Feature", "id": 3172, "properties": {"WADMKK": "Kota Administrasi Jakarta Timur", "WADMPR": "DKI Jakarta", "KDPKAB": "31.75", "LUASWH": 1.68888622, "kode_wilayah": 3172, "nama_resmi": "Kota Jakarta Timur", "tipe": "Kota", "provinsi": "DKI Jakarta", "pulau": "Jawa", "parlemen": 25.47, "pendapatan": 34.12, "pengeluaran": 19193.0, "ahh": 77.11, "profesional": 45.57, "tpak": 50.19, "rls": 11.99, "hls": 14.07, "skor_ekonomi": 31.58, "skor_keputusan": 52.09, "skor_kapasitas_sosial": 79.96, "ikpp_komposit": 49.46, "kuadran": "Kuadran II (Ekonomi Rendah, Keputusan Tinggi)", "lisa_cluster_keputusan": "Not Significant", "lisa_cluster_ekonomi": "Not Significant", "pc1": 3.459, "pc2": 0.568, "lat": -6.12, "lon": 106.892}, "geometry": {"type": "Polygon", "coordinates": [[[106.84, -6.3359], [106.8847, -6.3725], [106.9143, -6.3655], [106.9228, -6.3143], [106.9054, -6.2602], [106.944, -6.2524], [106.973, -6.175], [106.9715, -6.1543], [106.8789, -6.1664], [106.8491, -6.2076], [106.8654, -6.2233], [106.8584, -6.3052], [106.84, -6.3359]]]}}, {"type": "Feature", "id": 1808, "properties": {"WADMKK": "Tulang Bawang", "WADMPR": "Lampung", "KDPKAB": "18.05", "LUASWH": 13.24225626, "kode_wilayah": 1808, "nama_resmi": "Kabupaten Tulangbawang", "tipe": "Kabupaten", "provinsi": "Lampung", "pulau": "Sumatera", "parlemen": 25.0, "pendapatan": 25.9, "pengeluaran": 12122.0, "ahh": 72.57, "profesional": 48.98, "tpak": 50.58, "rls": 7.65, "hls": 12.3, "skor_ekonomi": 23.98, "skor_keputusan": 53.95, "skor_kapasitas_sosial": 54.25, "ikpp_komposit": 42.02, "kuadran": "Kuadran II (Ekonomi Rendah, Keputusan Tinggi)", "lisa_cluster_keputusan": "Not Significant", "lisa_cluster_ekonomi": "Not Significant", "pc1": 0.005, "pc2": -1.68, "lat": -4.506, "lon": 104.511}, "geometry": {"type": "Polygon", "coordinates": [[[105.196, -4.5943], [105.2121, -4.6354], [105.2621, -4.6352], [105.3821, -4.5168], [105.4516, -4.4926], [105.52, -4.497], [105.5336, -4.5203], [105.6202, -4.5181], [105.6938, -4.4912], [105.7133, -4.5312], [105.754, -4.5228], [105.8035, -4.5809], [105.7808, -4.6326], [105.8166, -4.65], [105.878, -4.6823], [105.89, -4.628], [105.8833, -4.5827], [105.9055, -4.5492], [105.89, -4.4383], [105.8506, -4.4033], [105.8142, -4.3002], [105.8257, -4.1955], [105.8214, -4.1572], [105.809, -4.1242], [105.7602, -4.1372], [105.7547, -4.1949], [105.7198, -4.1855], [105.6048, -4.1959], [105.5297, -4.1659], [105.5059, -4.1385], [105.467, -4.1624], [105.4225, -4.1625], [105.4247, -4.1221], [105.366, -4.1296], [105.3632, -4.1591], [105.3122, -4.1568], [105.2761, -4.1845], [105.2322, -4.1907], [105.1887, -4.2422], [105.1823, -4.3011], [105.2303, -4.4132], [105.203, -4.4286], [105.1641, -4.5306], [105.196, -4.5943]]]}}, {"type": "Feature", "id": 3372, "properties": {"WADMKK": "Kota Surakarta", "WADMPR": "Jawa Tengah", "KDPKAB": "33.72", "LUASWH": 1.87244882, "kode_wilayah": 3372, "nama_resmi": "Kota Surakarta", "tipe": "Kota", "provinsi": "Jawa Tengah", "pulau": "Jawa", "parlemen": 17.78, "pendapatan": 44.62, "pengeluaran": 16291.0, "ahh": 79.94, "profesional": 48.44, "tpak": 56.45, "rls": 11.25, "hls": 15.07, "skor_ekonomi": 45.5, "skor_keputusan": 47.02, "skor_kapasitas_sosial": 81.12, "ikpp_komposit": 53.23, "kuadran": "Kuadran IV (Ekonomi Tinggi, Keputusan Rendah)", "lisa_cluster_keputusan": "Not Significant", "lisa_cluster_ekonomi": "High-High (Hotspot)", "pc1": 2.866, "pc2": 2.207, "lat": -7.569, "lon": 110.829}, "geometry": {"type": "Polygon", "coordinates": [[[110.8611, -7.5672], [110.8596, -7.5399], [110.8154, -7.5227], [110.8008, -7.5335], [110.7709, -7.5453], [110.8217, -7.5952], [110.8611, -7.5672]]]}}, {"type": "Feature", "id": 7408, "properties": {"WADMKK": "Kolaka Utara", "WADMPR": "Sulawesi Tenggara", "KDPKAB": "74.08", "LUASWH": 1.3853665, "kode_wilayah": 7408, "nama_resmi": "Kabupaten Kolaka Utara", "tipe": "Kabupaten", "provinsi": "Sulawesi Tenggara", "pulau": "Sulawesi", "parlemen": 16.0, "pendapatan": 28.53, "pengeluaran": 8458.0, "ahh": 72.64, "profesional": 64.29, "tpak": 63.43, "rls": 8.09, "hls": 12.74, "skor_ekonomi": 34.49, "skor_keputusan": 56.01, "skor_kapasitas_sosial": 52.65, "ikpp_komposit": 46.73, "kuadran": "Kuadran II (Ekonomi Rendah, Keputusan Tinggi)", "lisa_cluster_keputusan": "Not Significant", "lisa_cluster_ekonomi": "Not Significant", "pc1": -0.628, "pc2": -0.676, "lat": -3.49, "lon": 120.888}, "geometry": {"type": "Polygon", "coordinates": [[[121.0103, -2.8663], [121.0462, -2.8649], [121.0897, -2.9227], [121.0652, -2.9688], [121.0781, -3.0083], [121.0512, -3.1088], [121.0559, -3.1845], [121.0202, -3.2445], [120.9769, -3.2601], [120.9381, -3.3354], [120.8645, -3.4356], [120.8805, -3.5291], [120.9093, -3.5766], [121.0283, -3.6907], [121.0905, -3.7218], [121.1027, -3.7453], [121.121, -3.718], [121.2527, -3.6571], [121.2429, -3.6158], [121.1562, -3.5346], [121.1209, -3.4876], [121.1547, -3.4352], [121.1229, -3.4112], [121.1701, -3.2962], [121.2213, -3.2537], [121.2303, -3.2274], [121.2823, -3.2272], [121.3376, -3.2486], [121.3726, -3.2465], [121.431, -3.2754], [121.4416, -3.1695], [121.363, -3.0558], [121.3612, -2.9876], [121.3471, -2.9845], [121.1534, -2.8138], [121.0825, -2.7733], [121.0341, -2.7909], [120.9899, -2.8396], [121.0102, -2.8664], [121.0103, -2.8663]]]}}, {"type": "Feature", "id": 5306, "properties": {"WADMKK": "Belu", "WADMPR": "Nusa Tenggara Timur", "KDPKAB": "53.04", "LUASWH": 1906.38147027, "kode_wilayah": 5306, "nama_resmi": "Kabupaten Belu", "tipe": "Kabupaten", "provinsi": "Nusa Tenggara Timur", "pulau": "Bali & Nusa Tenggara", "parlemen": 16.67, "pendapatan": 40.45, "pengeluaran": 8159.0, "ahh": 67.92, "profesional": 44.17, "tpak": 70.44, "rls": 7.5, "hls": 12.32, "skor_ekonomi": 50.23, "skor_keputusan": 43.16, "skor_kapasitas_sosial": 44.06, "ikpp_komposit": 46.17, "kuadran": "Kuadran IV (Ekonomi Tinggi, Keputusan Rendah)", "lisa_cluster_keputusan": "Low-Low (Coldspot)", "lisa_cluster_ekonomi": "High-High (Hotspot)", "pc1": -2.428, "pc2": 0.565, "lat": -8.326, "lon": 123.003}, "geometry": {"type": "Polygon", "coordinates": [[[124.8195, -9.3453], [124.85, -9.3883], [124.8992, -9.3627], [124.9596, -9.3938], [124.9955, -9.3519], [125.0108, -9.3005], [124.985, -9.2513], [124.9827, -9.1914], [125.0139, -9.1695], [125.0749, -9.1757], [125.097, -9.2018], [125.1335, -9.1751], [125.1749, -9.1735], [125.1809, -9.0213], [125.1167, -8.9696], [125.0661, -9.0283], [125.0002, -9.0644], [124.9437, -9.049], [124.9268, -8.9664], [124.8769, -8.9813], [124.8511, -9.0068], [124.7924, -9.0182], [124.8202, -9.0763], [124.8199, -9.1993], [124.8574, -9.2607], [124.844, -9.3261], [124.8195, -9.3453]]]}}, {"type": "Feature", "id": 1213, "properties": {"WADMKK": "Langkat", "WADMPR": "Sumatera Utara", "KDPKAB": "12.05", "LUASWH": 13.14167793, "kode_wilayah": 1213, "nama_resmi": "Kabupaten Langkat", "tipe": "Kabupaten", "provinsi": "Sumatera Utara", "pulau": "Sumatera", "parlemen": 10.0, "pendapatan": 31.39, "pengeluaran": 12080.0, "ahh": 71.92, "profesional": 55.82, "tpak": 61.74, "rls": 8.74, "hls": 13.28, "skor_ekonomi": 36.16, "skor_keputusan": 44.89, "skor_kapasitas_sosial": 57.61, "ikpp_komposit": 43.94, "kuadran": "Kuadran IV (Ekonomi Tinggi, Keputusan Rendah)", "lisa_cluster_keputusan": "Not Significant", "lisa_cluster_ekonomi": "Not Significant", "pc1": -0.024, "pc2": 0.145, "lat": 0.797, "lon": 99.579}, "geometry": {"type": "Polygon", "coordinates": [[[98.4714, 3.2417], [98.47, 3.2765], [98.509, 3.3077], [98.4959, 3.3903], [98.5102, 3.496], [98.4982, 3.5644], [98.4745, 3.5567], [98.4427, 3.6128], [98.5012, 3.6724], [98.5045, 3.745], [98.5515, 3.7899], [98.6193, 3.8799], [98.6637, 3.9081], [98.6127, 3.912], [98.5595, 3.9395], [98.5414, 4.0122], [98.4636, 4.0394], [98.4309, 4.039], [98.4012, 4.0704], [98.3096, 4.0728], [98.2958, 4.1071], [98.2357, 4.1311], [98.1988, 4.107], [98.1778, 4.1442], [98.2056, 4.1807], [98.2453, 4.187], [98.253, 4.2899], [98.2095, 4.299], [98.1547, 4.2891], [98.1438, 4.2598], [98.072, 4.2504], [98.0916, 4.1941], [98.0625, 4.1859], [98.0402, 4.0412], [98.0957, 3.9841], [98.0827, 3.9539], [98.0203, 3.9558], [98.0065, 3.9017], [97.953, 3.8899], [97.9005, 3.9106], [97.9219, 3.8459], [97.8964, 3.8084], [97.8249, 3.7506], [97.8005, 3.7226], [97.8528, 3.6293], [97.8681, 3.5711], [97.9066, 3.5552], [97.9302, 3.4925], [97.9487, 3.39], [97.9972, 3.3727], [98.0293, 3.3308], [98.101, 3.312], [98.1226, 3.2665], [98.1812, 3.2847], [98.2328, 3.2608], [98.2927, 3.256], [98.2996, 3.2263], [98.3438, 3.22], [98.3515, 3.289], [98.4325, 3.2375], [98.4714, 3.2417]]]}}, {"type": "Feature", "id": 3174, "properties": {"WADMKK": "Kota Administrasi Jakarta Barat", "WADMPR": "DKI Jakarta", "KDPKAB": "31.73", "LUASWH": 0.79506646, "kode_wilayah": 3174, "nama_resmi": "Kota Jakarta Barat", "tipe": "Kota", "provinsi": "DKI Jakarta", "pulau": "Jawa", "parlemen": 25.47, "pendapatan": 34.54, "pengeluaran": 22119.0, "ahh": 76.28, "profesional": 48.78, "tpak": 48.39, "rls": 11.24, "hls": 13.14, "skor_ekonomi": 30.86, "skor_keputusan": 54.24, "skor_kapasitas_sosial": 78.25, "ikpp_komposit": 49.69, "kuadran": "Kuadran II (Ekonomi Rendah, Keputusan Tinggi)", "lisa_cluster_keputusan": "Not Significant", "lisa_cluster_ekonomi": "Not Significant", "pc1": 3.431, "pc2": 0.258, "lat": -6.248, "lon": 106.808}, "geometry": {"type": "Polygon", "coordinates": [[[106.7374, -6.2239], [106.7924, -6.2078], [106.8275, -6.1598], [106.8213, -6.1369], [106.7509, -6.1344], [106.7105, -6.0964], [106.688, -6.0971], [106.6868, -6.1724], [106.7241, -6.1918], [106.7374, -6.2239]]]}}, {"type": "Feature", "id": 9471, "properties": {"WADMKK": "Kota Jayapura", "WADMPR": "Papua", "KDPKAB": "91.71", "LUASWH": 12.83178061, "kode_wilayah": 9471, "nama_resmi": "Kota Jayapura", "tipe": "Kota", "provinsi": "Papua", "pulau": "Papua", "parlemen": 22.86, "pendapatan": 35.12, "pengeluaran": 6262.0, "ahh": 61.16, "profesional": 44.97, "tpak": 70.14, "rls": 5.82, "hls": 9.71, "skor_ekonomi": 44.95, "skor_keputusan": 49.32, "skor_kapasitas_sosial": 24.76, "ikpp_komposit": 42.66, "kuadran": "Kuadran I (Ekonomi Tinggi, Keputusan Tinggi)", "lisa_cluster_keputusan": "High-Low (Spatial Outlier)", "lisa_cluster_ekonomi": "Not Significant", "pc1": -4.653, "pc2": -1.38, "lat": -2.592, "lon": 140.669}, "geometry": {"type": "Polygon", "coordinates": [[[141.0027, -2.8393], [141.0013, -2.6044], [140.9224, -2.6216], [140.8136, -2.6069], [140.7859, -2.6221], [140.7064, -2.6287], [140.6897, -2.5949], [140.7389, -2.5148], [140.6937, -2.4782], [140.6527, -2.4763], [140.6038, -2.5184], [140.6255, -2.5668], [140.6211, -2.6149], [140.6277, -2.7519], [140.728, -2.7633], [140.7882, -2.7254], [140.83, -2.7191], [140.8538, -2.7506], [140.9869, -2.8209], [141.0027, -2.8393]]]}}, {"type": "Feature", "id": 3571, "properties": {"WADMKK": "Kota Kediri", "WADMPR": "Jawa Timur", "KDPKAB": "35.71", "LUASWH": 0.96102018, "kode_wilayah": 3571, "nama_resmi": "Kota Kediri", "tipe": "Kota", "provinsi": "Jawa Timur", "pulau": "Jawa", "parlemen": 27.59, "pendapatan": 36.45, "pengeluaran": 13670.0, "ahh": 76.76, "profesional": 54.21, "tpak": 60.55, "rls": 10.92, "hls": 15.71, "skor_ekonomi": 40.25, "skor_keputusan": 59.8, "skor_kapasitas_sosial": 74.88, "ikpp_komposit": 55.0, "kuadran": "Kuadran I (Ekonomi Tinggi, Keputusan Tinggi)", "lisa_cluster_keputusan": "Not Significant", "lisa_cluster_ekonomi": "Not Significant", "pc1": 2.579, "pc2": 1.066, "lat": -7.812, "lon": 112.014}, "geometry": {"type": "Polygon", "coordinates": [[[112.0665, -7.8538], [111.9927, -7.7841], [111.9549, -7.8073], [111.9979, -7.8508], [112.0485, -7.8727], [112.0665, -7.8538]]]}}, {"type": "Feature", "id": 3509, "properties": {"WADMKK": "Jember", "WADMPR": "Jawa Timur", "KDPKAB": "35.09", "LUASWH": 9.46790463, "kode_wilayah": 3509, "nama_resmi": "Kabupaten Jember", "tipe": "Kabupaten", "provinsi": "Jawa Timur", "pulau": "Jawa", "parlemen": 22.0, "pendapatan": 31.24, "pengeluaran": 10700.0, "ahh": 72.22, "profesional": 54.83, "tpak": 59.84, "rls": 6.54, "hls": 13.5, "skor_ekonomi": 34.84, "skor_keputusan": 55.13, "skor_kapasitas_sosial": 52.18, "ikpp_komposit": 46.42, "kuadran": "Kuadran I (Ekonomi Tinggi, Keputusan Tinggi)", "lisa_cluster_keputusan": "High-High (Hotspot)", "lisa_cluster_ekonomi": "Not Significant", "pc1": -0.539, "pc2": -0.668, "lat": -8.17, "lon": 113.702}, "geometry": {"type": "MultiPolygon", "coordinates": [[[[113.3035, -8.3072], [113.3628, -8.3551], [113.3877, -8.3996], [113.4408, -8.3778], [113.5222, -8.428], [113.5746, -8.4271], [113.6392, -8.4547], [113.6466, -8.4944], [113.7086, -8.4814], [113.75, -8.5181], [113.7906, -8.4884], [113.8376, -8.5537], [113.8533, -8.4327], [113.9273, -8.3799], [113.9257, -8.2939], [113.9897, -8.1834], [114.0468, -8.1252], [114.0147, -8.0869], [113.8951, -8.016], [113.8539, -8.0441], [113.7723, -8.0382], [113.7397, -8.0469], [113.6436, -7.9731], [113.5628, -7.9827], [113.5326, -8.0092], [113.4946, -8.0021], [113.4654, -8.0275], [113.391, -7.9972], [113.3614, -8.0278], [113.3679, -8.1853], [113.3131, -8.2288], [113.3035, -8.3072]]], [[[113.2973, -8.4445], [113.269, -8.4969], [113.3071, -8.5091], [113.3998, -8.4961], [113.4005, -8.4574], [113.2973, -8.4445]]]]}}, {"type": "Feature", "id": 1809, "properties": {"WADMKK": "Pesawaran", "WADMPR": "Lampung", "KDPKAB": "18.09", "LUASWH": 16.79251831, "kode_wilayah": 1809, "nama_resmi": "Kabupaten Pesawaran", "tipe": "Kabupaten", "provinsi": "Lampung", "pulau": "Sumatera", "parlemen": 15.0, "pendapatan": 30.58, "pengeluaran": 9190.0, "ahh": 72.14, "profesional": 57.28, "tpak": 54.13, "rls": 8.0, "hls": 12.63, "skor_ekonomi": 30.65, "skor_keputusan": 50.41, "skor_kapasitas_sosial": 52.29, "ikpp_komposit": 42.88, "kuadran": "Kuadran II (Ekonomi Rendah, Keputusan Tinggi)", "lisa_cluster_keputusan": "Not Significant", "lisa_cluster_ekonomi": "Not Significant", "pc1": -0.57, "pc2": -0.86, "lat": -5.398, "lon": 105.07}, "geometry": {"type": "Polygon", "coordinates": [[[105.1947, -5.7949], [105.1556, -5.7508], [105.1983, -5.7176], [105.2018, -5.6565], [105.1674, -5.6062], [105.2031, -5.5771], [105.2527, -5.5626], [105.2515, -5.4902], [105.1831, -5.4492], [105.1784, -5.4065], [105.2114, -5.3698], [105.1414, -5.3128], [105.1385, -5.2616], [105.1644, -5.2451], [105.1734, -5.1948], [105.2582, -5.179], [105.1818, -5.1221], [105.1377, -5.164], [105.083, -5.1424], [105.0409, -5.185], [105.049, -5.2065], [105.0745, -5.2255], [105.0367, -5.2765], [105.0633, -5.3208], [105.0748, -5.3934], [105.0392, -5.3862], [104.9643, -5.4365], [104.9344, -5.4866], [104.9672, -5.5538], [104.9629, -5.5756], [104.9931, -5.5819], [105.0781, -5.6611], [105.0814, -5.7125], [105.1464, -5.7903], [105.1947, -5.7949]]]}}, {"type": "Feature", "id": 3576, "properties": {"WADMKK": "Mojokerto", "WADMPR": "Jawa Timur", "KDPKAB": "35.16", "LUASWH": 1.65501743, "kode_wilayah": 3576, "nama_resmi": "Kota Mojokerto", "tipe": "Kota", "provinsi": "Jawa Timur", "pulau": "Jawa", "parlemen": 16.0, "pendapatan": 37.91, "pengeluaran": 14842.0, "ahh": 76.17, "profesional": 48.99, "tpak": 61.61, "rls": 11.38, "hls": 14.13, "skor_ekonomi": 42.31, "skor_keputusan": 45.77, "skor_kapasitas_sosial": 73.32, "ikpp_komposit": 49.9, "kuadran": "Kuadran IV (Ekonomi Tinggi, Keputusan Rendah)", "lisa_cluster_keputusan": "Not Significant", "lisa_cluster_ekonomi": "Not Significant", "pc1": 1.883, "pc2": 1.473, "lat": -7.463, "lon": 112.433}, "geometry": {"type": "Polygon", "coordinates": [[[112.4895, -7.7655], [112.5279, -7.7351], [112.5748, -7.7326], [112.6236, -7.6668], [112.6285, -7.6172], [112.6631, -7.5602], [112.5636, -7.4761], [112.4886, -7.4599], [112.4946, -7.4085], [112.4763, -7.3845], [112.4783, -7.3049], [112.3707, -7.3243], [112.3458, -7.3451], [112.3484, -7.3999], [112.3327, -7.4531], [112.3813, -7.4589], [112.3685, -7.5561], [112.3904, -7.6507], [112.4295, -7.6987], [112.4556, -7.7792], [112.4895, -7.7655]]]}}, {"type": "Feature", "id": 7604, "properties": {"WADMKK": "Mamuju", "WADMPR": "Sulawesi Barat", "KDPKAB": "76.02", "LUASWH": 15.45490939, "kode_wilayah": 7604, "nama_resmi": "Kabupaten Mamuju", "tipe": "Kabupaten", "provinsi": "Sulawesi Barat", "pulau": "Sulawesi", "parlemen": 10.0, "pendapatan": 29.51, "pengeluaran": 8553.0, "ahh": 68.01, "profesional": 53.47, "tpak": 62.98, "rls": 9.84, "hls": 12.91, "skor_ekonomi": 35.14, "skor_keputusan": 43.31, "skor_kapasitas_sosial": 50.88, "ikpp_komposit": 41.56, "kuadran": "Kuadran IV (Ekonomi Tinggi, Keputusan Rendah)", "lisa_cluster_keputusan": "Not Significant", "lisa_cluster_ekonomi": "Not Significant", "pc1": -0.897, "pc2": -0.221, "lat": -3.408, "lon": 119.311}, "geometry": {"type": "Polygon", "coordinates": [[[119.0261, -2.9604], [119.0336, -2.9254], [119.0135, -2.8694], [119.0254, -2.8055], [119.0131, -2.7736], [119.1174, -2.6589], [119.1798, -2.6572], [119.2367, -2.7139], [119.3479, -2.6944], [119.3856, -2.7443], [119.452, -2.7573], [119.5528, -2.7286], [119.5838, -2.7479], [119.6817, -2.7562], [119.7478, -2.7144], [119.7551, -2.6753], [119.744, -2.6106], [119.7604, -2.5866], [119.7458, -2.5359], [119.7127, -2.5199], [119.7245, -2.467], [119.6877, -2.3698], [119.6775, -2.2795], [119.7469, -2.2221], [119.711, -2.1425], [119.6594, -2.1356], [119.5973, -2.1509], [119.5424, -2.1161], [119.4903, -2.1236], [119.4322, -2.1936], [119.4102, -2.1874], [119.3303, -2.2055], [119.2607, -2.243], [119.1952, -2.3084], [119.1302, -2.2984], [119.1238, -2.334], [119.1417, -2.3942], [119.138, -2.4759], [119.042, -2.5089], [119.031, -2.5809], [118.9991, -2.6139], [118.8739, -2.6807], [118.8235, -2.622], [118.7784, -2.6938], [118.7822, -2.7466], [118.7572, -2.785], [118.77, -2.867], [118.8518, -2.852], [118.8811, -2.8808], [118.8776, -2.9224], [118.9741, -2.9281], [119.0261, -2.9604]]]}}, {"type": "Feature", "id": 7211, "properties": {"WADMKK": "Banggai Laut", "WADMPR": "Sulawesi Tengah", "KDPKAB": "72.11", "LUASWH": 12.60114953, "kode_wilayah": 7211, "nama_resmi": "Kabupaten Banggai Laut", "tipe": "Kabupaten", "provinsi": "Sulawesi Tengah", "pulau": "Sulawesi", "parlemen": 20.0, "pendapatan": 33.98, "pengeluaran": 11807.0, "ahh": 71.03, "profesional": 50.74, "tpak": 60.79, "rls": 8.52, "hls": 13.45, "skor_ekonomi": 38.04, "skor_keputusan": 50.58, "skor_kapasitas_sosial": 56.0, "ikpp_komposit": 46.65, "kuadran": "Kuadran I (Ekonomi Tinggi, Keputusan Tinggi)", "lisa_cluster_keputusan": "High-High (Hotspot)", "lisa_cluster_ekonomi": "High-Low (Spatial Outlier)", "pc1": -0.102, "pc2": -0.01, "lat": -1.606, "lon": 123.496}, "geometry": {"type": "MultiPolygon", "coordinates": [[[[123.8574, -2.009], [123.8632, -1.9791], [123.8039, -1.8925], [123.7728, -1.9477], [123.8157, -2.0209], [123.8574, -2.009]]], [[[123.0715, -1.9218], [123.144, -1.8494], [123.148, -1.814], [123.1258, -1.7749], [123.0883, -1.7662], [123.0587, -1.8304], [123.0715, -1.9218]]], [[[123.387, -1.7105], [123.3648, -1.6736], [123.312, -1.7182], [123.2698, -1.7858], [123.3159, -1.782], [123.387, -1.7105]]], [[[123.4776, -1.6649], [123.4901, -1.7142], [123.5761, -1.725], [123.6125, -1.6985], [123.6228, -1.6235], [123.5625, -1.5484], [123.5437, -1.4875], [123.4786, -1.5476], [123.4776, -1.6649]]]]}}, {"type": "Feature", "id": 3329, "properties": {"WADMKK": "Brebes", "WADMPR": "Jawa Tengah", "KDPKAB": "33.29", "LUASWH": 3.51672596, "kode_wilayah": 3329, "nama_resmi": "Kabupaten Brebes", "tipe": "Kabupaten", "provinsi": "Jawa Tengah", "pulau": "Jawa", "parlemen": 14.0, "pendapatan": 25.39, "pengeluaran": 11389.0, "ahh": 72.31, "profesional": 38.31, "tpak": 55.38, "rls": 6.41, "hls": 12.45, "skor_ekonomi": 26.48, "skor_keputusan": 36.81, "skor_kapasitas_sosial": 50.72, "ikpp_komposit": 35.46, "kuadran": "Kuadran III (Ekonomi Rendah, Keputusan Rendah)", "lisa_cluster_keputusan": "Low-High (Spatial Outlier)", "lisa_cluster_ekonomi": "Not Significant", "pc1": -1.088, "pc2": -1.131, "lat": -6.87, "lon": 109.039}, "geometry": {"type": "Polygon", "coordinates": [[[108.9758, -7.3349], [109.0633, -7.3394], [109.0871, -7.295], [109.1969, -7.2497], [109.1526, -7.2425], [109.0556, -7.1862], [109.0565, -7.15], [108.9845, -7.1113], [108.9772, -7.0751], [109.019, -7.0237], [109.03, -6.9877], [109.0706, -6.9727], [109.0764, -6.8892], [109.1021, -6.8402], [109.0534, -6.7899], [108.9464, -6.8241], [108.8654, -6.8077], [108.8308, -6.7849], [108.8247, -6.8323], [108.7648, -6.8944], [108.7605, -6.988], [108.792, -7.0031], [108.7667, -7.1135], [108.726, -7.1152], [108.6955, -7.1519], [108.7241, -7.1952], [108.7544, -7.196], [108.861, -7.2429], [108.9112, -7.3023], [108.9758, -7.3349]]]}}, {"type": "Feature", "id": 6106, "properties": {"WADMKK": "Ketapang", "WADMPR": "Kalimantan Barat", "KDPKAB": "61.04", "LUASWH": 614.73484758, "kode_wilayah": 6106, "nama_resmi": "Kabupaten Ketapang", "tipe": "Kabupaten", "provinsi": "Kalimantan Barat", "pulau": "Kalimantan", "parlemen": 6.67, "pendapatan": 26.18, "pengeluaran": 10472.0, "ahh": 73.68, "profesional": 40.74, "tpak": 41.81, "rls": 7.68, "hls": 11.97, "skor_ekonomi": 18.79, "skor_keputusan": 31.77, "skor_kapasitas_sosial": 53.6, "ikpp_komposit": 30.94, "kuadran": "Kuadran III (Ekonomi Rendah, Keputusan Rendah)", "lisa_cluster_keputusan": "Not Significant", "lisa_cluster_ekonomi": "Not Significant", "pc1": -0.588, "pc2": -1.413, "lat": 0.879, "lon": 112.925}, "geometry": {"type": "MultiPolygon", "coordinates": [[[[110.1745, -2.8551], [110.1467, -2.8986], [110.172, -2.915], [110.2017, -2.8837], [110.1745, -2.8551]]], [[[110.1141, -2.677], [110.0756, -2.7013], [110.0825, -2.7613], [110.1217, -2.7486], [110.1141, -2.677]]], [[[110.0688, -1.3629], [110.0633, -1.459], [110.0358, -1.5228], [110.0413, -1.5837], [110.0331, -1.6636], [110.0167, -1.7004], [109.9579, -1.7623], [109.9142, -1.7732], [109.9018, -1.8308], [109.9236, -1.8571], [110.0751, -1.9394], [110.1037, -1.9908], [110.1196, -2.0906], [110.1089, -2.1558], [110.0896, -2.1796], [110.0864, -2.2419], [110.114, -2.2626], [110.1445, -2.3233], [110.1485, -2.4291], [110.1799, -2.4542], [110.1974, -2.5243], [110.1899, -2.5719], [110.1591, -2.6311], [110.2167, -2.6534], [110.2321, -2.7187], [110.2561, -2.7588], [110.2628, -2.8149], [110.2241, -2.8872], [110.2573, -2.9558], [110.3034, -2.9945], [110.3517, -2.9466], [110.4251, -2.8933], [110.4884, -2.8608], [110.5636, -2.8389], [110.6161, -2.8745], [110.6335, -2.9259], [110.6267, -3.0292], [110.6496, -3.0395], [110.7332, -2.9964], [110.7557, -2.9419], [110.894, -2.8698], [110.9615, -2.8596], [111.0333, -2.7857], [111.1008, -2.7689], [111.1486, -2.7401], [111.1739, -2.6877], [111.1316, -2.5988], [111.1259, -2.5389], [111.0994, -2.4667], [111.1156, -2.3275], [111.0251, -2.226], [111.0695, -2.1145], [111.0584, -2.0593], [111.0871, -2.041], [111.0864, -1.9654], [110.9919, -1.9555], [110.9486, -1.8685], [110.9689, -1.8139], [111.0141, -1.7818], [111.0221, -1.7136], [110.9944, -1.7069], [110.9943, -1.6501], [110.94, -1.6573], [110.9196, -1.6933], [110.8724, -1.6208], [111.0063, -1.5036], [111.0716, -1.5287], [111.1338, -1.445], [111.2601, -1.4299], [111.3057, -1.3895], [111.3415, -1.3203], [111.3159, -1.3012], [111.3087, -1.2559], [111.2554, -1.2497], [111.2624, -1.215], [111.2344, -1.1898], [111.2621, -1.0981], [111.2012, -1.0213], [111.1427, -1.0034], [111.148, -0.9625], [111.1296, -0.9306], [111.167, -0.9113], [111.1518, -0.8656], [111.2375, -0.7438], [111.2414, -0.6927], [111.2153, -0.6567], [111.2391, -0.5982], [111.2132, -0.531], [111.1852, -0.5153], [111.0951, -0.504], [111.0204, -0.5065], [110.9676, -0.4834], [110.9281, -0.5588], [110.9663, -0.6347], [110.8713, -0.6732], [110.8415, -0.6082], [110.81, -0.5978], [110.7638, -0.6213], [110.7139, -0.6222], [110.6348, -0.5873], [110.6147, -0.5083], [110.6164, -0.4401], [110.5704, -0.3465], [110.4745, -0.3242], [110.4372, -0.3395], [110.4074, -0.3902], [110.3211, -0.4105], [110.3059, -0.4478], [110.1976, -0.4188], [110.1595, -0.4313], [110.1029, -0.4194], [110.0505, -0.3876], [110.0366, -0.4365], [109.9658, -0.4971], [109.8894, -0.5501], [109.8798, -0.5886], [109.8199, -0.6365], [109.8601, -0.6591], [109.8995, -0.7327], [109.9399, -0.7405], [110.0161, -0.7371], [110.0718, -0.7733], [110.0771, -0.7958], [110.1437, -0.8569], [110.1667, -0.857], [110.165, -0.9347], [110.2415, -0.9333], [110.272, -0.9659], [110.2752, -1.0013], [110.3583, -1.0744], [110.3573, -1.1119], [110.3261, -1.1291], [110.3939, -1.2028], [110.4029, -1.2581], [110.3223, -1.256], [110.292, -1.2809], [110.2192, -1.2848], [110.2198, -1.3253], [110.163, -1.354], [110.0688, -1.3629]]]]}}, {"type": "Feature", "id": 1116, "properties": {"WADMKK": "Aceh Jaya", "WADMPR": "Aceh", "KDPKAB": "11.14", "LUASWH": 60.90772734, "kode_wilayah": 1116, "nama_resmi": "Kabupaten Aceh Jaya", "tipe": "Kabupaten", "provinsi": "Aceh", "pulau": "Sumatera", "parlemen": 10.0, "pendapatan": 38.29, "pengeluaran": 11007.0, "ahh": 69.73, "profesional": 56.23, "tpak": 58.01, "rls": 9.02, "hls": 14.06, "skor_ekonomi": 40.43, "skor_keputusan": 45.16, "skor_kapasitas_sosial": 55.78, "ikpp_komposit": 45.39, "kuadran": "Kuadran IV (Ekonomi Tinggi, Keputusan Rendah)", "lisa_cluster_keputusan": "Not Significant", "lisa_cluster_ekonomi": "Not Significant", "pc1": -0.129, "pc2": 0.623, "lat": 4.301, "lon": 98.046}, "geometry": {"type": "Polygon", "coordinates": [[[95.8763, 4.3698], [95.9259, 4.4424], [95.9506, 4.4989], [96.042, 4.5886], [96.026, 4.6139], [96.0428, 4.6599], [96.0002, 4.7495], [95.9921, 4.786], [95.9541, 4.8326], [95.9013, 4.8681], [95.882, 4.9149], [95.7978, 4.9924], [95.743, 5.0606], [95.7048, 5.0522], [95.6483, 5.0671], [95.6301, 5.0917], [95.6436, 5.1445], [95.5878, 5.2086], [95.4862, 5.2119], [95.4209, 5.225], [95.3674, 5.2543], [95.3248, 5.2233], [95.3071, 5.168], [95.3031, 5.1122], [95.3327, 5.0511], [95.3673, 5.0326], [95.3814, 4.9627], [95.3715, 4.9387], [95.4014, 4.8927], [95.4319, 4.8082], [95.4927, 4.751], [95.5404, 4.6565], [95.5816, 4.6401], [95.7544, 4.4931], [95.8763, 4.3698]]]}}, {"type": "Feature", "id": 5307, "properties": {"WADMKK": "Alor", "WADMPR": "Nusa Tenggara Timur", "KDPKAB": "53.05", "LUASWH": 11.38776629, "kode_wilayah": 5307, "nama_resmi": "Kabupaten Alor", "tipe": "Kabupaten", "provinsi": "Nusa Tenggara Timur", "pulau": "Bali & Nusa Tenggara", "parlemen": 6.67, "pendapatan": 43.67, "pengeluaran": 7806.0, "ahh": 64.54, "profesional": 49.31, "tpak": 78.13, "rls": 8.61, "hls": 12.48, "skor_ekonomi": 58.08, "skor_keputusan": 37.5, "skor_kapasitas_sosial": 42.05, "ikpp_komposit": 46.64, "kuadran": "Kuadran IV (Ekonomi Tinggi, Keputusan Rendah)", "lisa_cluster_keputusan": "Low-Low (Coldspot)", "lisa_cluster_ekonomi": "High-High (Hotspot)", "pc1": -2.867, "pc2": 1.525, "lat": -8.617, "lon": 122.208}, "geometry": {"type": "MultiPolygon", "coordinates": [[[[124.1042, -8.5452], [124.1464, -8.5341], [124.2117, -8.461], [124.2091, -8.4163], [124.2492, -8.3588], [124.3016, -8.3301], [124.2987, -8.2684], [124.3234, -8.2334], [124.3228, -8.1844], [124.278, -8.1757], [124.2312, -8.2131], [124.2136, -8.2573], [124.1678, -8.2914], [124.1326, -8.3446], [124.0914, -8.3743], [124.0845, -8.3128], [124.0587, -8.293], [123.9637, -8.3498], [123.9361, -8.4225], [124.0336, -8.4205], [124.0544, -8.4544], [124.0647, -8.5506], [124.1042, -8.5452]]], [[[124.4738, -8.4315], [124.4949, -8.4183], [124.5412, -8.442], [124.5923, -8.4318], [124.6567, -8.3909], [124.7171, -8.4024], [124.7872, -8.4015], [124.8807, -8.3661], [124.95, -8.3568], [125.0661, -8.3549], [125.1235, -8.3382], [125.142, -8.2529], [125.098, -8.1503], [125.0074, -8.1577], [124.9543, -8.1468], [124.9187, -8.1646], [124.8137, -8.1643], [124.7829, -8.1477], [124.6923, -8.1575], [124.6089, -8.1974], [124.5909, -8.1846], [124.5981, -8.1232], [124.4721, -8.1322], [124.4023, -8.2153], [124.4045, -8.3188], [124.3413, -8.398], [124.3712, -8.4429], [124.4407, -8.4524], [124.4738, -8.4315]]], [[[124.3741, -8.2984], [124.3553, -8.2751], [124.3149, -8.2984], [124.3584, -8.3263], [124.3741, -8.2984]]]]}}, {"type": "Feature", "id": 7310, "properties": {"WADMKK": "Barru", "WADMPR": "Sulawesi Selatan", "KDPKAB": "73.11", "LUASWH": 5.29836726, "kode_wilayah": 7310, "nama_resmi": "Kabupaten Barru", "tipe": "Kabupaten", "provinsi": "Sulawesi Selatan", "pulau": "Sulawesi", "parlemen": 20.0, "pendapatan": 26.4, "pengeluaran": 13010.0, "ahh": 72.67, "profesional": 53.74, "tpak": 46.53, "rls": 8.53, "hls": 13.28, "skor_ekonomi": 21.94, "skor_keputusan": 52.59, "skor_kapasitas_sosial": 59.02, "ikpp_komposit": 41.62, "kuadran": "Kuadran II (Ekonomi Rendah, Keputusan Tinggi)", "lisa_cluster_keputusan": "High-High (Hotspot)", "lisa_cluster_ekonomi": "Not Significant", "pc1": 0.886, "pc2": -1.348, "lat": -4.846, "lon": 119.56}, "geometry": {"type": "Polygon", "coordinates": [[[119.6962, -4.7879], [119.749, -4.7972], [119.7734, -4.7539], [119.8027, -4.7629], [119.8257, -4.7177], [119.7603, -4.6853], [119.7663, -4.6155], [119.8004, -4.592], [119.8084, -4.5374], [119.7913, -4.4955], [119.7585, -4.4803], [119.754, -4.284], [119.716, -4.2506], [119.7506, -4.1267], [119.7211, -4.0782], [119.6201, -4.067], [119.6053, -4.1031], [119.638, -4.1734], [119.5958, -4.2483], [119.636, -4.3175], [119.6095, -4.3822], [119.5995, -4.4739], [119.5811, -4.5307], [119.5934, -4.5571], [119.6189, -4.5657], [119.6352, -4.6174], [119.6668, -4.6542], [119.6546, -4.7159], [119.6916, -4.7208], [119.6962, -4.7879]]]}}, {"type": "Feature", "id": 1376, "properties": {"WADMKK": "Kota Payakumbuh", "WADMPR": "Sumatera Barat", "KDPKAB": "13.76", "LUASWH": 2.72498478, "kode_wilayah": 1376, "nama_resmi": "Kota Payakumbuh", "tipe": "Kota", "provinsi": "Sumatera Barat", "pulau": "Sumatera", "parlemen": 12.0, "pendapatan": 39.68, "pengeluaran": 14260.0, "ahh": 77.06, "profesional": 51.47, "tpak": 60.51, "rls": 10.89, "hls": 14.57, "skor_ekonomi": 43.31, "skor_keputusan": 43.79, "skor_kapasitas_sosial": 73.66, "ikpp_komposit": 49.57, "kuadran": "Kuadran IV (Ekonomi Tinggi, Keputusan Rendah)", "lisa_cluster_keputusan": "Low-High (Spatial Outlier)", "lisa_cluster_ekonomi": "Not Significant", "pc1": 1.841, "pc2": 1.74, "lat": -0.223, "lon": 100.632}, "geometry": {"type": "Polygon", "coordinates": [[[100.6444, -0.2563], [100.6793, -0.2352], [100.6617, -0.1893], [100.5924, -0.1933], [100.5898, -0.2415], [100.6154, -0.2745], [100.6444, -0.2563]]]}}, {"type": "Feature", "id": 7171, "properties": {"WADMKK": "Kota Manado", "WADMPR": "Sulawesi Utara", "KDPKAB": "71.71", "LUASWH": 313.92393394, "kode_wilayah": 7171, "nama_resmi": "Kota Manado", "tipe": "Kota", "provinsi": "Sulawesi Utara", "pulau": "Sulawesi", "parlemen": 55.0, "pendapatan": 34.38, "pengeluaran": 8375.0, "ahh": 69.1, "profesional": 46.93, "tpak": 61.84, "rls": 8.7, "hls": 13.11, "skor_ekonomi": 39.08, "skor_keputusan": 79.85, "skor_kapasitas_sosial": 49.96, "ikpp_komposit": 57.56, "kuadran": "Kuadran I (Ekonomi Tinggi, Keputusan Tinggi)", "lisa_cluster_keputusan": "High-High (Hotspot)", "lisa_cluster_ekonomi": "High-Low (Spatial Outlier)", "pc1": -0.329, "pc2": -1.421, "lat": 1.485, "lon": 124.849}, "geometry": {"type": "Polygon", "coordinates": [[[124.8211, 1.5829], [124.8076, 1.556], [124.8427, 1.5247], [124.8329, 1.4756], [124.784, 1.4612], [124.8235, 1.428], [124.8852, 1.4658], [124.9328, 1.5069], [124.9273, 1.5603], [124.8211, 1.5829]]]}}, {"type": "Feature", "id": 1701, "properties": {"WADMKK": "Bengkulu Selatan", "WADMPR": "Bengkulu", "KDPKAB": "17.01", "LUASWH": 10.34112633, "kode_wilayah": 1701, "nama_resmi": "Kabupaten Bengkulu Selatan", "tipe": "Kabupaten", "provinsi": "Bengkulu", "pulau": "Sumatera", "parlemen": 4.0, "pendapatan": 41.46, "pengeluaran": 11040.0, "ahh": 70.57, "profesional": 52.94, "tpak": 61.98, "rls": 9.42, "hls": 13.66, "skor_ekonomi": 45.92, "skor_keputusan": 37.5, "skor_kapasitas_sosial": 57.07, "ikpp_komposit": 44.78, "kuadran": "Kuadran IV (Ekonomi Tinggi, Keputusan Rendah)", "lisa_cluster_keputusan": "Not Significant", "lisa_cluster_ekonomi": "Not Significant", "pc1": -0.433, "pc2": 1.377, "lat": -4.44, "lon": 102.895}, "geometry": {"type": "Polygon", "coordinates": [[[102.7965, -4.3539], [102.8836, -4.4406], [102.9045, -4.4908], [102.9818, -4.5118], [103.0703, -4.5589], [103.0803, -4.5086], [103.1211, -4.4822], [103.1676, -4.3993], [103.201, -4.3935], [103.2007, -4.3088], [103.2691, -4.2933], [103.2889, -4.262], [103.2241, -4.2407], [103.1778, -4.2407], [103.0676, -4.2569], [103.0595, -4.1948], [103.0027, -4.1605], [102.9395, -4.1827], [102.9004, -4.1785], [102.8568, -4.3153], [102.8158, -4.3243], [102.7965, -4.3539]]]}}, {"type": "Feature", "id": 9417, "properties": {"WADMKK": "Pegunungan Bintang", "WADMPR": "Papua Pegunungan", "KDPKAB": "91.12", "LUASWH": 10.18425232, "kode_wilayah": 9417, "nama_resmi": "Kabupaten Pegunungan Bintang", "tipe": "Kabupaten", "provinsi": "Papua Pegunungan", "pulau": "Papua", "parlemen": 4.0, "pendapatan": 45.7, "pengeluaran": 6474.0, "ahh": 68.91, "profesional": 28.19, "tpak": 56.34, "rls": 9.21, "hls": 13.2, "skor_ekonomi": 46.46, "skor_keputusan": 20.95, "skor_kapasitas_sosial": 49.21, "ikpp_komposit": 36.81, "kuadran": "Kuadran IV (Ekonomi Tinggi, Keputusan Rendah)", "lisa_cluster_keputusan": "Low-Low (Coldspot)", "lisa_cluster_ekonomi": "High-High (Hotspot)", "pc1": -2.098, "pc2": 1.389, "lat": -4.559, "lon": 140.514}, "geometry": {"type": "Polygon", "coordinates": [[[140.06, -5.0495], [140.1119, -5.0531], [140.1864, -5.0397], [140.2561, -5.0592], [140.2971, -5.1553], [140.3875, -5.1962], [140.4348, -5.2279], [140.4691, -5.2196], [140.6264, -5.2642], [140.7263, -5.233], [140.7379, -5.2777], [141.0006, -5.3444], [141.0011, -4.8054], [141.0019, -4.4283], [141.0012, -4.0196], [140.9734, -3.9782], [140.8927, -3.9614], [140.79, -4.0099], [140.7181, -4.0202], [140.6921, -3.984], [140.6667, -4.0375], [140.6146, -4.0595], [140.5863, -4.1142], [140.5464, -4.0698], [140.5084, -4.0504], [140.465, -3.9618], [140.4123, -3.8839], [140.4173, -3.8019], [140.5143, -3.8076], [140.5424, -3.8282], [140.4973, -3.905], [140.4985, -3.9408], [140.542, -3.9666], [140.5711, -3.9329], [140.6341, -3.9771], [140.7157, -3.9172], [140.7408, -3.918], [140.7769, -3.9604], [140.8345, -3.9325], [140.8253, -3.8685], [140.7022, -3.8862], [140.6879, -3.7934], [140.648, -3.798], [140.6265, -3.7717], [140.5448, -3.7511], [140.4763, -3.7606], [140.3842, -3.7365], [140.3842, -3.7365], [140.3212, -3.7436], [140.2853, -3.7179], [140.2703, -3.67], [140.2055, -3.6777], [140.1763, -3.7082], [140.1356, -3.6965], [140.1394, -3.7833], [140.1606, -3.8295], [140.147, -3.8884], [140.1227, -3.9133], [140.1524, -3.9565], [140.1207, -3.9979], [140.1194, -4.25], [140.0929, -4.2853], [140.0878, -4.3529], [140.0554, -4.3327], [139.9805, -4.3239], [139.9517, -4.3526], [139.9892, -4.4364], [139.9757, -4.4755], [139.9416, -4.4822], [139.9583, -4.5417], [140.0212, -4.5046], [140.0646, -4.5186], [140.0671, -4.5622], [140.1052, -4.5813], [140.0953, -4.6667], [140.0526, -4.6558], [140.0245, -4.7111], [140.0293, -4.7827], [140.0677, -4.8223], [140.0536, -4.8437], [140.0497, -4.9643], [140.06, -5.0495]]]}}, {"type": "Feature", "id": 3307, "properties": {"WADMKK": "Wonosobo", "WADMPR": "Jawa Tengah", "KDPKAB": "33.07", "LUASWH": 3.63458733, "kode_wilayah": 3307, "nama_resmi": "Kabupaten Wonosobo", "tipe": "Kabupaten", "provinsi": "Jawa Tengah", "pulau": "Jawa", "parlemen": 11.11, "pendapatan": 24.07, "pengeluaran": 11980.0, "ahh": 74.45, "profesional": 53.99, "tpak": 61.97, "rls": 6.9, "hls": 11.81, "skor_ekonomi": 29.32, "skor_keputusan": 44.67, "skor_kapasitas_sosial": 54.01, "ikpp_komposit": 40.4, "kuadran": "Kuadran III (Ekonomi Rendah, Keputusan Rendah)", "lisa_cluster_keputusan": "Not Significant", "lisa_cluster_ekonomi": "Not Significant", "pc1": -0.702, "pc2": -0.958, "lat": -7.358, "lon": 109.905}, "geometry": {"type": "Polygon", "coordinates": [[[109.8145, -7.6014], [109.9012, -7.5177], [109.9737, -7.535], [109.998, -7.5895], [110.0443, -7.5347], [110.0743, -7.3851], [109.9963, -7.301], [109.995, -7.2613], [109.9355, -7.2018], [109.9227, -7.1868], [109.9169, -7.1899], [109.9054, -7.2218], [109.8548, -7.2411], [109.8432, -7.2802], [109.7982, -7.3252], [109.7637, -7.3931], [109.8318, -7.4259], [109.8328, -7.4465], [109.7522, -7.4463], [109.7673, -7.5211], [109.7368, -7.5366], [109.7654, -7.6044], [109.8145, -7.6014]]]}}, {"type": "Feature", "id": 7212, "properties": {"WADMKK": "Morowali Utara", "WADMPR": "Sulawesi Tengah", "KDPKAB": "72.12", "LUASWH": 12.09178391, "kode_wilayah": 7212, "nama_resmi": "Kabupaten Morowali Utara", "tipe": "Kabupaten", "provinsi": "Sulawesi Tengah", "pulau": "Sulawesi", "parlemen": 28.0, "pendapatan": 19.89, "pengeluaran": 12719.0, "ahh": 73.33, "profesional": 54.79, "tpak": 69.11, "rls": 7.26, "hls": 12.79, "skor_ekonomi": 29.78, "skor_keputusan": 60.56, "skor_kapasitas_sosial": 55.86, "ikpp_komposit": 47.31, "kuadran": "Kuadran II (Ekonomi Rendah, Keputusan Tinggi)", "lisa_cluster_keputusan": "High-High (Hotspot)", "lisa_cluster_ekonomi": "Not Significant", "pc1": 0.019, "pc2": -1.359, "lat": -1.977, "lon": 121.336}, "geometry": {"type": "Polygon", "coordinates": [[[121.4421, -2.405], [121.4788, -2.2624], [121.4787, -2.2008], [121.5441, -2.1495], [121.5331, -2.0617], [121.4527, -2.0002], [121.4209, -1.9524], [121.4139, -1.9123], [121.3782, -1.9193], [121.3765, -1.9822], [121.3173, -1.9366], [121.3341, -1.8759], [121.2955, -1.8294], [121.304, -1.7936], [121.3414, -1.7732], [121.3734, -1.8052], [121.4601, -1.8151], [121.468, -1.8627], [121.5183, -1.8962], [121.5575, -1.9567], [121.6256, -1.9602], [121.6765, -1.9461], [121.7419, -1.8888], [121.8022, -1.7389], [121.867, -1.689], [121.9573, -1.6796], [122.0205, -1.6191], [122.0581, -1.6173], [122.0339, -1.5798], [122.0584, -1.431], [121.9848, -1.3919], [121.9321, -1.3059], [121.8569, -1.2751], [121.8203, -1.3], [121.7587, -1.3693], [121.7014, -1.4143], [121.6558, -1.4107], [121.6042, -1.3736], [121.4911, -1.3323], [121.4694, -1.3657], [121.3766, -1.4497], [121.2981, -1.4727], [121.2368, -1.5181], [121.1932, -1.5752], [121.1402, -1.5732], [121.0093, -1.6446], [120.9359, -1.6505], [120.9539, -1.6946], [120.956, -1.8172], [120.9283, -1.9211], [120.8172, -2.0643], [120.8377, -2.1398], [120.8377, -2.2186], [120.8854, -2.2667], [120.9568, -2.2544], [120.9935, -2.2751], [121.0488, -2.2653], [121.1076, -2.2808], [121.0852, -2.3733], [121.1339, -2.4079], [121.18, -2.3759], [121.2279, -2.3684], [121.254, -2.4023], [121.2843, -2.3813], [121.3915, -2.411], [121.4421, -2.405]]]}}, {"type": "Feature", "id": 8203, "properties": {"WADMKK": "Kepulauan Sula", "WADMPR": "Maluku Utara", "KDPKAB": "82.05", "LUASWH": 71.48976119, "kode_wilayah": 8203, "nama_resmi": "Kabupaten Kepulauan Sula", "tipe": "Kabupaten", "provinsi": "Maluku Utara", "pulau": "Maluku", "parlemen": 16.0, "pendapatan": 27.87, "pengeluaran": 7226.0, "ahh": 64.98, "profesional": 59.12, "tpak": 48.02, "rls": 7.99, "hls": 12.88, "skor_ekonomi": 24.27, "skor_keputusan": 52.55, "skor_kapasitas_sosial": 41.43, "ikpp_komposit": 39.01, "kuadran": "Kuadran II (Ekonomi Rendah, Keputusan Tinggi)", "lisa_cluster_keputusan": "Not Significant", "lisa_cluster_ekonomi": "Not Significant", "pc1": -1.319, "pc2": -1.871, "lat": 1.728, "lon": 127.992}, "geometry": {"type": "MultiPolygon", "coordinates": [[[[125.9665, -2.3953], [125.9915, -2.4409], [126.0461, -2.4767], [126.0728, -2.4451], [126.0693, -2.4129], [125.9631, -2.1831], [125.9622, -2.1137], [125.9922, -2.0276], [125.9382, -1.9776], [125.9069, -1.9763], [125.8686, -2.0325], [125.8566, -2.091], [125.8797, -2.1367], [125.8807, -2.2122], [125.9588, -2.3256], [125.9665, -2.3953]]], [[[126.0069, -1.908], [126.0984, -1.8787], [126.1385, -1.891], [126.2078, -1.8672], [126.2465, -1.8787], [126.3226, -1.841], [126.2672, -1.8153], [126.1969, -1.8045], [126.1312, -1.8117], [126.0317, -1.8], [125.8837, -1.7959], [125.8146, -1.8114], [125.7486, -1.8066], [125.6289, -1.8281], [125.5507, -1.8024], [125.5031, -1.8138], [125.4582, -1.7783], [125.3657, -1.7814], [125.3318, -1.8261], [125.436, -1.8881], [125.4402, -1.9283], [125.51, -1.9484], [125.6005, -1.9279], [125.784, -1.9278], [125.8425, -1.895], [125.9179, -1.939], [126.0069, -1.908]]]]}}, {"type": "Feature", "id": 6271, "properties": {"WADMKK": "Kota Palangkaraya", "WADMPR": "Kalimantan Tengah", "KDPKAB": "62.71", "LUASWH": 83.75209515, "kode_wilayah": 6271, "nama_resmi": "Kota Palangka Raya", "tipe": "Kota", "provinsi": "Kalimantan Tengah", "pulau": "Kalimantan", "parlemen": 16.67, "pendapatan": 31.56, "pengeluaran": 15188.0, "ahh": 76.22, "profesional": 48.82, "tpak": 49.37, "rls": 11.66, "hls": 15.13, "skor_ekonomi": 28.63, "skor_keputusan": 46.27, "skor_kapasitas_sosial": 76.19, "ikpp_komposit": 45.2, "kuadran": "Kuadran III (Ekonomi Rendah, Keputusan Rendah)", "lisa_cluster_keputusan": "Low-High (Spatial Outlier)", "lisa_cluster_ekonomi": "Low-Low (Coldspot)", "pc1": 2.893, "pc2": 0.535, "lat": -2.174, "lon": 113.88}, "geometry": {"type": "Polygon", "coordinates": [[[113.762, -2.4019], [113.9159, -2.4025], [113.9939, -2.3949], [114.0253, -2.403], [114.0418, -2.3106], [114.085, -2.2688], [114.1083, -2.1879], [114.0092, -2.1621], [113.9454, -2.1619], [113.8261, -2.0114], [113.8339, -1.9105], [113.8324, -1.8065], [113.8208, -1.7098], [113.798, -1.6041], [113.6482, -1.5847], [113.6334, -1.6107], [113.5638, -1.6534], [113.502, -1.6445], [113.4757, -1.6806], [113.4894, -1.7865], [113.5569, -1.9033], [113.6947, -2.0865], [113.6997, -2.157], [113.6899, -2.2432], [113.762, -2.4019]]]}}, {"type": "Feature", "id": 3171, "properties": {"WADMKK": "Kota Administrasi Jakarta Selatan", "WADMPR": "DKI Jakarta", "KDPKAB": "31.74", "LUASWH": 3.17795838, "kode_wilayah": 3171, "nama_resmi": "Kota Jakarta Selatan", "tipe": "Kota", "provinsi": "DKI Jakarta", "pulau": "Jawa", "parlemen": 25.47, "pendapatan": 37.51, "pengeluaran": 25573.0, "ahh": 76.86, "profesional": 50.94, "tpak": 50.47, "rls": 11.95, "hls": 13.94, "skor_ekonomi": 34.99, "skor_keputusan": 55.68, "skor_kapasitas_sosial": 85.38, "ikpp_komposit": 53.34, "kuadran": "Kuadran I (Ekonomi Tinggi, Keputusan Tinggi)", "lisa_cluster_keputusan": "Not Significant", "lisa_cluster_ekonomi": "Low-Low (Coldspot)", "pc1": 4.509, "pc2": 1.05, "lat": -6.173, "lon": 106.819}, "geometry": {"type": "Polygon", "coordinates": [[[106.7799, -6.3165], [106.84, -6.3359], [106.8584, -6.3052], [106.8654, -6.2233], [106.8491, -6.2076], [106.7924, -6.2078], [106.7374, -6.2239], [106.7482, -6.2501], [106.7573, -6.2776], [106.7576, -6.2777], [106.7799, -6.3165]]]}}, {"type": "Feature", "id": 1220, "properties": {"WADMKK": "Padang Lawas Utara", "WADMPR": "Sumatera Utara", "KDPKAB": "12.20", "LUASWH": 4.63727106, "kode_wilayah": 1220, "nama_resmi": "Kabupaten Padang Lawas Utara", "tipe": "Kabupaten", "provinsi": "Sumatera Utara", "pulau": "Sumatera", "parlemen": 10.0, "pendapatan": 46.26, "pengeluaran": 10925.0, "ahh": 70.04, "profesional": 60.65, "tpak": 63.72, "rls": 9.82, "hls": 13.54, "skor_ekonomi": 51.59, "skor_keputusan": 48.12, "skor_kapasitas_sosial": 56.93, "ikpp_komposit": 51.27, "kuadran": "Kuadran I (Ekonomi Tinggi, Keputusan Tinggi)", "lisa_cluster_keputusan": "Not Significant", "lisa_cluster_ekonomi": "High-High (Hotspot)", "pc1": -0.286, "pc2": 1.579, "lat": 1.495, "lon": 99.62}, "geometry": {"type": "Polygon", "coordinates": [[[99.426, 1.2159], [99.4856, 1.2752], [99.5618, 1.2553], [99.6013, 1.3232], [99.7292, 1.396], [99.7295, 1.438], [99.8144, 1.482], [99.8769, 1.5008], [99.8982, 1.5484], [99.9292, 1.4396], [99.9649, 1.3945], [99.9924, 1.4264], [100.0525, 1.3778], [100.1805, 1.4168], [100.2372, 1.4061], [100.3005, 1.417], [100.3409, 1.4376], [100.3181, 1.4709], [100.3178, 1.5019], [100.1683, 1.5987], [100.1075, 1.6916], [100.0547, 1.7304], [99.9918, 1.6627], [99.9365, 1.6838], [99.8979, 1.7144], [99.8478, 1.6371], [99.703, 1.7598], [99.6876, 1.8308], [99.7369, 1.8338], [99.8405, 1.801], [99.8479, 1.8352], [99.8312, 1.8831], [99.8359, 1.9616], [99.8524, 2.0007], [99.7907, 2.0236], [99.6919, 1.9717], [99.6954, 2.0229], [99.6306, 2.0427], [99.5894, 2.0167], [99.606, 1.8855], [99.5676, 1.8911], [99.5537, 1.8578], [99.5706, 1.8087], [99.5504, 1.7164], [99.4791, 1.7045], [99.4352, 1.6581], [99.4546, 1.593], [99.4298, 1.575], [99.397, 1.5003], [99.3996, 1.4141], [99.3597, 1.3829], [99.4185, 1.2695], [99.426, 1.2159]]]}}, {"type": "Feature", "id": 9416, "properties": {"WADMKK": "Yahukimo", "WADMPR": "Papua Pegunungan", "KDPKAB": "91.13", "LUASWH": 56.40665809, "kode_wilayah": 9416, "nama_resmi": "Kabupaten Yahukimo", "tipe": "Kabupaten", "provinsi": "Papua Pegunungan", "pulau": "Papua", "parlemen": 2.86, "pendapatan": 44.04, "pengeluaran": 7569.0, "ahh": 69.08, "profesional": 6.93, "tpak": 71.19, "rls": 9.42, "hls": 12.85, "skor_ekonomi": 54.12, "skor_keputusan": 5.68, "skor_kapasitas_sosial": 50.3, "ikpp_komposit": 33.98, "kuadran": "Kuadran IV (Ekonomi Tinggi, Keputusan Rendah)", "lisa_cluster_keputusan": "Low-Low (Coldspot)", "lisa_cluster_ekonomi": "High-High (Hotspot)", "pc1": -2.836, "pc2": 2.307, "lat": -4.494, "lon": 139.528}, "geometry": {"type": "Polygon", "coordinates": [[[138.9825, -4.7621], [138.9452, -4.8028], [138.9482, -4.8363], [139.067, -4.8395], [139.1142, -4.767], [139.1646, -4.7418], [139.1678, -4.8355], [139.1483, -4.8792], [139.0777, -4.9863], [139.2279, -4.9986], [139.4982, -5.0023], [139.5792, -5.0527], [139.6665, -5.0629], [139.8879, -5.0633], [139.9288, -5.0907], [139.9477, -5.1649], [139.9189, -5.2053], [139.873, -5.1495], [139.8204, -5.1648], [139.9137, -5.2133], [139.9717, -5.2228], [139.9675, -5.1455], [139.9833, -5.0918], [140.0671, -5.159], [140.1203, -5.1513], [140.06, -5.0495], [140.0497, -4.9643], [140.0536, -4.8437], [140.0677, -4.8223], [140.0293, -4.7827], [140.0245, -4.7111], [140.0526, -4.6558], [140.0953, -4.6667], [140.1052, -4.5813], [140.0671, -4.5622], [140.0646, -4.5186], [140.0212, -4.5046], [139.9583, -4.5417], [139.9416, -4.4822], [139.9757, -4.4755], [139.9892, -4.4364], [139.9517, -4.3526], [139.9805, -4.3239], [140.0554, -4.3327], [140.0878, -4.3529], [140.0929, -4.2853], [140.1194, -4.25], [140.1207, -3.9979], [140.1524, -3.9565], [140.1227, -3.9133], [140.147, -3.8884], [140.1606, -3.8295], [140.1394, -3.7833], [140.1356, -3.6965], [140.1255, -3.6955], [140.0801, -3.7191], [139.9852, -3.7418], [139.9533, -3.7024], [139.8604, -3.6887], [139.8357, -3.7368], [139.8425, -3.7826], [139.789, -3.7715], [139.7107, -3.884], [139.6665, -3.9289], [139.6557, -3.985], [139.5794, -4.0376], [139.6021, -4.0791], [139.5125, -4.0552], [139.4639, -4.1096], [139.3805, -4.1012], [139.3632, -4.0685], [139.3278, -4.0921], [139.3331, -4.1244], [139.2783, -4.1645], [139.2456, -4.2046], [139.2086, -4.1835], [139.1083, -4.175], [139.0593, -4.1932], [139.0153, -4.1914], [138.9868, -4.2227], [138.9263, -4.2321], [138.9211, -4.2569], [138.8642, -4.2623], [138.8041, -4.2146], [138.7559, -4.2696], [138.8045, -4.3486], [138.7643, -4.3572], [138.7739, -4.385], [138.8165, -4.3927], [138.8123, -4.427], [138.8312, -4.5013], [138.8133, -4.5276], [138.809, -4.6128], [138.842, -4.624], [138.8406, -4.6803], [138.8022, -4.7636], [138.8591, -4.7069], [138.8976, -4.6823], [139.008, -4.7169], [138.9825, -4.7621]]]}}, {"type": "Feature", "id": 1113, "properties": {"WADMKK": "Gayo Lues", "WADMPR": "Aceh", "KDPKAB": "11.13", "LUASWH": 143.96920569, "kode_wilayah": 1113, "nama_resmi": "Kabupaten Gayo Lues", "tipe": "Kabupaten", "provinsi": "Aceh", "pulau": "Sumatera", "parlemen": 4.0, "pendapatan": 37.47, "pengeluaran": 9967.0, "ahh": 68.02, "profesional": 52.22, "tpak": 71.43, "rls": 8.44, "hls": 14.59, "skor_ekonomi": 48.0, "skor_keputusan": 37.02, "skor_kapasitas_sosial": 52.22, "ikpp_komposit": 44.45, "kuadran": "Kuadran IV (Ekonomi Tinggi, Keputusan Rendah)", "lisa_cluster_keputusan": "Not Significant", "lisa_cluster_ekonomi": "High-Low (Spatial Outlier)", "pc1": -1.092, "pc2": 1.393, "lat": 3.993, "lon": 97.325}, "geometry": {"type": "Polygon", "coordinates": [[[97.2065, 3.6913], [97.2508, 3.6923], [97.2935, 3.6732], [97.7039, 3.7355], [97.8249, 3.7506], [97.8964, 3.8084], [97.9219, 3.8459], [97.9005, 3.9106], [97.8755, 3.9294], [97.8429, 3.9896], [97.8137, 4.0053], [97.7998, 4.0933], [97.7524, 4.1214], [97.7282, 4.2014], [97.7329, 4.2492], [97.6879, 4.2471], [97.6558, 4.2233], [97.5944, 4.2434], [97.5625, 4.1981], [97.5163, 4.1819], [97.4988, 4.1557], [97.4141, 4.1792], [97.3589, 4.2143], [97.2539, 4.174], [97.2235, 4.2236], [97.1617, 4.2774], [97.1132, 4.2389], [97.0088, 4.1988], [96.93, 4.1996], [96.8875, 4.2211], [96.8366, 4.2816], [96.7937, 4.2804], [96.7915, 4.1999], [96.7496, 4.161], [96.7238, 4.094], [96.7924, 4.0492], [96.8099, 3.9802], [96.8383, 3.9544], [96.9941, 3.9382], [97.0461, 3.9584], [97.1009, 3.9452], [97.1193, 3.919], [97.1116, 3.8329], [97.1545, 3.7415], [97.2065, 3.6913]]]}}, {"type": "Feature", "id": 1118, "properties": {"WADMKK": "Pidie Jaya", "WADMPR": "Aceh", "KDPKAB": "11.18", "LUASWH": 123.49565835, "kode_wilayah": 1118, "nama_resmi": "Kabupaten Pidie Jaya", "tipe": "Kabupaten", "provinsi": "Aceh", "pulau": "Sumatera", "parlemen": 4.0, "pendapatan": 35.01, "pengeluaran": 11274.0, "ahh": 72.79, "profesional": 60.21, "tpak": 43.9, "rls": 9.59, "hls": 15.01, "skor_ekonomi": 28.51, "skor_keputusan": 42.37, "skor_kapasitas_sosial": 63.1, "ikpp_komposit": 40.97, "kuadran": "Kuadran III (Ekonomi Rendah, Keputusan Rendah)", "lisa_cluster_keputusan": "Not Significant", "lisa_cluster_ekonomi": "Not Significant", "pc1": 1.208, "pc2": 0.233, "lat": 5.229, "lon": 96.245}, "geometry": {"type": "Polygon", "coordinates": [[[96.3465, 4.9439], [96.3265, 4.9659], [96.3636, 5.034], [96.3355, 5.1476], [96.3433, 5.2265], [96.2607, 5.2642], [96.1904, 5.2595], [96.1052, 5.2843], [96.0579, 5.2908], [96.0367, 5.237], [96.0536, 5.202], [96.0203, 5.1459], [96.0576, 5.1085], [96.1387, 5.0745], [96.1836, 5.0683], [96.2067, 5.0401], [96.19, 5.0002], [96.2116, 4.9592], [96.2767, 4.9097], [96.3254, 4.9172], [96.3465, 4.9439]]]}}, {"type": "Feature", "id": 9429, "properties": {"WADMKK": "Nduga", "WADMPR": "Papua Pegunungan", "KDPKAB": "91.24", "LUASWH": 4.57967723, "kode_wilayah": 9429, "nama_resmi": "Kabupaten Nduga", "tipe": "Kabupaten", "provinsi": "Papua Pegunungan", "pulau": "Papua", "parlemen": 4.0, "pendapatan": 44.24, "pengeluaran": 5226.0, "ahh": 68.1, "profesional": 23.5, "tpak": 84.36, "rls": 3.55, "hls": 9.8, "skor_ekonomi": 62.51, "skor_keputusan": 17.81, "skor_kapasitas_sosial": 27.99, "ikpp_komposit": 37.73, "kuadran": "Kuadran IV (Ekonomi Tinggi, Keputusan Rendah)", "lisa_cluster_keputusan": "Low-Low (Coldspot)", "lisa_cluster_ekonomi": "High-High (Hotspot)", "pc1": -6.239, "pc2": 1.14, "lat": -4.407, "lon": 138.239}, "geometry": {"type": "MultiPolygon", "coordinates": [[[[138.9825, -4.7621], [139.008, -4.7169], [138.8976, -4.6823], [138.8591, -4.7069], [138.9427, -4.7638], [138.9825, -4.7621]]], [[[138.8022, -4.7636], [138.8406, -4.6803], [138.842, -4.624], [138.809, -4.6128], [138.8133, -4.5276], [138.8312, -4.5013], [138.8123, -4.427], [138.8165, -4.3927], [138.7739, -4.385], [138.777, -4.4408], [138.7529, -4.4782], [138.6243, -4.4724], [138.5833, -4.4019], [138.6242, -4.3184], [138.6428, -4.2357], [138.6321, -4.2116], [138.6496, -4.1531], [138.605, -4.1439], [138.4542, -4.0798], [138.3462, -4.0558], [138.2977, -4.0967], [138.2275, -4.0223], [138.1716, -4.0357], [138.1784, -4.0621], [138.0663, -4.106], [138.0274, -4.0917], [138.0055, -4.1205], [137.9799, -4.1214], [137.925, -4.1625], [137.8396, -4.1893], [137.8408, -4.1501], [137.7359, -4.1207], [137.7103, -4.192], [137.7336, -4.2188], [137.8052, -4.2223], [137.8505, -4.2055], [137.8627, -4.2711], [137.8946, -4.2666], [137.9019, -4.2152], [137.9707, -4.2221], [137.9325, -4.4251], [137.8649, -4.4239], [137.8464, -4.4575], [137.8295, -4.5413], [137.9242, -4.5929], [137.9971, -4.588], [138.0314, -4.6098], [138.0889, -4.5668], [138.1261, -4.609], [138.1571, -4.6804], [138.1927, -4.7135], [138.2472, -4.6691], [138.2812, -4.6806], [138.3257, -4.6675], [138.4005, -4.8119], [138.5712, -4.7935], [138.5699, -4.7503], [138.5357, -4.7204], [138.5896, -4.6987], [138.6288, -4.7162], [138.8078, -4.7279], [138.8022, -4.7636]]], [[[138.7643, -4.3572], [138.8045, -4.3486], [138.7559, -4.2696], [138.7221, -4.3515], [138.7643, -4.3572]]]]}}, {"type": "Feature", "id": 1706, "properties": {"WADMKK": "Muko Muko", "WADMPR": "Bengkulu", "KDPKAB": "17.06", "LUASWH": 25.77552169, "kode_wilayah": 1706, "nama_resmi": "Kabupaten Mukomuko", "tipe": "Kabupaten", "provinsi": "Bengkulu", "pulau": "Sumatera", "parlemen": 0.0, "pendapatan": 32.93, "pengeluaran": 11665.0, "ahh": 69.6, "profesional": 58.01, "tpak": 45.95, "rls": 8.57, "hls": 12.87, "skor_ekonomi": 27.81, "skor_keputusan": 37.26, "skor_kapasitas_sosial": 53.02, "ikpp_komposit": 36.63, "kuadran": "Kuadran III (Ekonomi Rendah, Keputusan Rendah)", "lisa_cluster_keputusan": "Not Significant", "lisa_cluster_ekonomi": "Not Significant", "pc1": -0.286, "pc2": -0.426, "lat": -2.553, "lon": 101.104}, "geometry": {"type": "Polygon", "coordinates": [[[101.5319, -3.1286], [101.649, -3.0685], [101.7176, -3.0447], [101.8108, -2.92], [101.8067, -2.8842], [101.8658, -2.7895], [101.8602, -2.7306], [101.8458, -2.7034], [101.7731, -2.6491], [101.6773, -2.533], [101.6097, -2.5499], [101.5401, -2.5499], [101.557, -2.4519], [101.2929, -2.2887], [101.2385, -2.3389], [101.1596, -2.3827], [101.0224, -2.4784], [101.1423, -2.6285], [101.2824, -2.7048], [101.3202, -2.7356], [101.4132, -2.9404], [101.4805, -3.0121], [101.4882, -3.0518], [101.5319, -3.1286]]]}}, {"type": "Feature", "id": 1801, "properties": {"WADMKK": "Lampung Barat", "WADMPR": "Lampung", "KDPKAB": "18.04", "LUASWH": 10.10295241, "kode_wilayah": 1801, "nama_resmi": "Kabupaten Lampung Barat", "tipe": "Kabupaten", "provinsi": "Lampung", "pulau": "Sumatera", "parlemen": 14.29, "pendapatan": 31.82, "pengeluaran": 10965.0, "ahh": 70.44, "profesional": 53.95, "tpak": 74.07, "rls": 8.56, "hls": 12.3, "skor_ekonomi": 44.25, "skor_keputusan": 47.54, "skor_kapasitas_sosial": 52.38, "ikpp_komposit": 47.19, "kuadran": "Kuadran IV (Ekonomi Tinggi, Keputusan Rendah)", "lisa_cluster_keputusan": "Not Significant", "lisa_cluster_ekonomi": "High-Low (Spatial Outlier)", "pc1": -1.095, "pc2": 0.312, "lat": -5.718, "lon": 105.585}, "geometry": {"type": "Polygon", "coordinates": [[[104.3158, -5.3542], [104.374, -5.3293], [104.3996, -5.3017], [104.3723, -5.2678], [104.374, -5.1995], [104.4857, -5.1391], [104.5476, -5.0941], [104.5905, -5.0693], [104.5676, -5.0223], [104.5016, -5.018], [104.4938, -4.9765], [104.5096, -4.9429], [104.4445, -4.9442], [104.412, -4.864], [104.3395, -4.8672], [104.2872, -4.8556], [104.2634, -4.8812], [104.1913, -4.863], [104.1744, -4.9058], [104.1216, -4.9242], [104.0719, -4.9039], [103.9616, -4.9105], [103.9356, -4.8846], [103.8638, -4.9174], [103.8557, -4.8919], [103.8123, -4.8918], [103.8316, -4.9431], [103.8923, -4.9719], [103.9726, -4.9691], [104.0048, -5.0063], [104.0238, -5.092], [104.0667, -5.1013], [104.0852, -5.1429], [104.1525, -5.192], [104.2226, -5.2181], [104.291, -5.3317], [104.3158, -5.3542]]]}}, {"type": "Feature", "id": 3271, "properties": {"WADMKK": "Bogor", "WADMPR": "Jawa Barat", "KDPKAB": "32.01", "LUASWH": 14.05153666, "kode_wilayah": 3271, "nama_resmi": "Kota Bogor", "tipe": "Kota", "provinsi": "Jawa Barat", "pulau": "Jawa", "parlemen": 26.0, "pendapatan": 29.47, "pengeluaran": 13154.0, "ahh": 76.69, "profesional": 42.58, "tpak": 50.69, "rls": 10.71, "hls": 13.51, "skor_ekonomi": 27.45, "skor_keputusan": 50.57, "skor_kapasitas_sosial": 69.75, "ikpp_komposit": 45.16, "kuadran": "Kuadran II (Ekonomi Rendah, Keputusan Tinggi)", "lisa_cluster_keputusan": "Not Significant", "lisa_cluster_ekonomi": "Low-Low (Coldspot)", "pc1": 1.813, "pc2": -0.381, "lat": -6.595, "lon": 106.794}, "geometry": {"type": "Polygon", "coordinates": [[[106.5247, -6.7624], [106.5696, -6.7219], [106.6331, -6.7549], [106.6826, -6.7463], [106.7415, -6.7156], [106.7783, -6.755], [106.8995, -6.7881], [106.9652, -6.7705], [107.0035, -6.687], [107.0427, -6.6567], [107.1351, -6.6701], [107.2233, -6.6247], [107.2272, -6.6022], [107.2205, -6.5907], [107.1931, -6.5783], [107.165, -6.5031], [107.174, -6.4858], [107.1291, -6.4718], [107.01, -6.4024], [106.991, -6.3633], [106.9511, -6.3469], [106.9186, -6.396], [106.881, -6.4481], [106.8554, -6.4556], [106.7384, -6.4388], [106.7209, -6.3622], [106.651, -6.3622], [106.604, -6.3619], [106.5733, -6.3385], [106.4829, -6.3494], [106.4679, -6.3036], [106.4267, -6.3479], [106.451, -6.4136], [106.4036, -6.4537], [106.4038, -6.5167], [106.43, -6.58], [106.4291, -6.6802], [106.4668, -6.751], [106.5247, -6.7624]], [[106.8358, -6.6785], [106.8191, -6.672], [106.7355, -6.555], [106.8175, -6.5388], [106.8379, -6.5799], [106.8469, -6.6427], [106.8358, -6.6785]]]}}, {"type": "Feature", "id": 9101, "properties": {"WADMKK": "Fak Fak", "WADMPR": "Papua Barat", "KDPKAB": "92.03", "LUASWH": 15.14978335, "kode_wilayah": 9101, "nama_resmi": "Kabupaten Fakfak", "tipe": "Kabupaten", "provinsi": "Papua Barat", "pulau": "Papua", "parlemen": 30.0, "pendapatan": 31.86, "pengeluaran": 11611.111248407196, "ahh": 74.84007572091652, "profesional": 44.64, "tpak": 54.529824358615976, "rls": 8.074036576374946, "hls": 12.395833500271127, "skor_ekonomi": 32.13, "skor_keputusan": 55.59, "skor_kapasitas_sosial": 57.88, "ikpp_komposit": 46.66, "kuadran": "Kuadran II (Ekonomi Rendah, Keputusan Tinggi)", "lisa_cluster_keputusan": "High-Low (Spatial Outlier)", "lisa_cluster_ekonomi": "Not Significant", "pc1": 0.101, "pc2": -0.894, "lat": -3.098, "lon": 133.019}, "geometry": {"type": "Polygon", "coordinates": [[[133.4976, -3.0811], [133.4839, -3.0378], [133.4139, -3.0122], [133.3795, -2.977], [133.3444, -2.9933], [133.2797, -2.9916], [133.221, -2.9475], [133.1634, -2.9255], [133.2235, -2.8459], [133.2115, -2.7998], [133.1548, -2.7746], [133.1378, -2.7482], [133.0789, -2.7314], [133.0626, -2.6306], [133.0232, -2.623], [132.9853, -2.5789], [132.9111, -2.6642], [132.8002, -2.7679], [132.7296, -2.8036], [132.6669, -2.7685], [132.6585, -2.7484], [132.591, -2.6949], [132.4866, -2.6808], [132.4659, -2.7119], [132.4188, -2.6826], [132.3765, -2.6822], [132.3266, -2.6605], [132.1913, -2.6538], [132.1432, -2.6642], [132.1036, -2.7419], [131.983, -2.75], [132.004, -2.7803], [132.0563, -2.7813], [132.0229, -2.8497], [132.0157, -2.8913], [132.052, -2.9108], [132.0875, -2.9595], [132.1285, -2.9387], [132.2178, -2.9215], [132.3387, -2.9401], [132.3502, -2.965], [132.4701, -3.0307], [132.5622, -3.1098], [132.5814, -3.1612], [132.6459, -3.193], [132.6365, -3.263], [132.6644, -3.316], [132.7284, -3.3364], [132.7276, -3.281], [132.8083, -3.2606], [132.83, -3.3255], [132.8007, -3.3573], [132.817, -3.4442], [132.8844, -3.4832], [132.9195, -3.575], [132.867, -3.645], [132.8058, -3.6351], [132.7282, -3.6376], [132.7328, -3.6827], [132.8212, -3.884], [132.8371, -3.9652], [132.8689, -3.9541], [133.2916, -3.3811], [133.4871, -3.1161], [133.4976, -3.0811]]]}}, {"type": "Feature", "id": 1302, "properties": {"WADMKK": "Pesisir Selatan", "WADMPR": "Sumatera Barat", "KDPKAB": "13.01", "LUASWH": 4.15776745, "kode_wilayah": 1302, "nama_resmi": "Kabupaten Pesisir Selatan", "tipe": "Kabupaten", "provinsi": "Sumatera Barat", "pulau": "Sumatera", "parlemen": 4.44, "pendapatan": 34.31, "pengeluaran": 10211.0, "ahh": 73.63, "profesional": 60.24, "tpak": 48.31, "rls": 8.81, "hls": 13.37, "skor_ekonomi": 30.59, "skor_keputusan": 42.79, "skor_kapasitas_sosial": 58.41, "ikpp_komposit": 41.03, "kuadran": "Kuadran III (Ekonomi Rendah, Keputusan Rendah)", "lisa_cluster_keputusan": "Not Significant", "lisa_cluster_ekonomi": "Not Significant", "pc1": 0.204, "pc2": -0.087, "lat": -0.952, "lon": 100.621}, "geometry": {"type": "Polygon", "coordinates": [[[101.0224, -2.4784], [101.1596, -2.3827], [101.2385, -2.3389], [101.2929, -2.2887], [101.2797, -2.251], [101.2611, -2.1019], [101.2397, -2.0667], [101.1383, -1.8989], [101.1317, -1.6847], [101.0624, -1.6524], [101.0181, -1.6073], [101.02, -1.5647], [100.9845, -1.5291], [100.9762, -1.4831], [100.9348, -1.4601], [100.9372, -1.4252], [100.8928, -1.3903], [100.8928, -1.3257], [100.8533, -1.2965], [100.8, -1.2786], [100.8007, -1.203], [100.726, -1.0945], [100.644, -1.1209], [100.605, -1.0705], [100.5532, -1.0323], [100.5385, -0.9589], [100.5068, -1.0016], [100.4772, -1.0047], [100.4253, -1.0724], [100.4327, -1.1128], [100.3657, -1.1346], [100.3861, -1.1837], [100.4264, -1.2076], [100.4006, -1.2709], [100.4461, -1.2587], [100.4903, -1.2989], [100.55, -1.3151], [100.5805, -1.3818], [100.5628, -1.4422], [100.6181, -1.4955], [100.6383, -1.6077], [100.6824, -1.6566], [100.7533, -1.7596], [100.7863, -1.8194], [100.8584, -1.9133], [100.8803, -2.0452], [100.8664, -2.0965], [100.8235, -2.1417], [100.8249, -2.1776], [100.873, -2.2412], [100.8898, -2.3253], [100.9909, -2.4305], [101.0224, -2.4784]]]}}, {"type": "Feature", "id": 7317, "properties": {"WADMKK": "Luwu", "WADMPR": "Sulawesi Selatan", "KDPKAB": "73.17", "LUASWH": 2.56851004, "kode_wilayah": 7317, "nama_resmi": "Kabupaten Luwu", "tipe": "Kabupaten", "provinsi": "Sulawesi Selatan", "pulau": "Sulawesi", "parlemen": 11.43, "pendapatan": 36.8, "pengeluaran": 18386.0, "ahh": 74.85, "profesional": 57.58, "tpak": 47.06, "rls": 11.57, "hls": 15.62, "skor_ekonomi": 32.19, "skor_keputusan": 47.36, "skor_kapasitas_sosial": 78.15, "ikpp_komposit": 47.45, "kuadran": "Kuadran III (Ekonomi Rendah, Keputusan Rendah)", "lisa_cluster_keputusan": "Not Significant", "lisa_cluster_ekonomi": "Not Significant", "pc1": 3.463, "pc2": 1.129, "lat": -3.395, "lon": 120.366}, "geometry": {"type": "MultiPolygon", "coordinates": [[[[120.412, -3.6635], [120.4175, -3.5737], [120.3798, -3.499], [120.4045, -3.4319], [120.404, -3.3417], [120.3823, -3.2026], [120.2564, -3.1613], [120.2623, -3.0808], [120.2295, -3.0431], [120.1235, -3.0695], [120.0856, -3.0308], [120.0251, -3.0553], [120.0089, -3.1692], [119.9871, -3.1827], [119.9823, -3.2498], [120.0226, -3.2792], [120.0414, -3.3683], [120.0975, -3.488], [120.1393, -3.5229], [120.1774, -3.508], [120.2006, -3.5828], [120.234, -3.5845], [120.3209, -3.6468], [120.412, -3.6635]]], [[[120.0495, -2.9525], [120.0929, -2.9192], [120.1801, -2.8833], [120.2181, -2.9075], [120.2126, -2.9564], [120.2558, -2.9464], [120.2873, -2.9097], [120.2504, -2.8236], [120.1342, -2.7037], [120.1054, -2.6639], [120.0824, -2.6952], [119.9777, -2.6962], [119.9068, -2.7222], [119.8859, -2.7631], [119.9415, -2.7788], [119.9886, -2.8454], [120.0171, -2.9134], [120.0495, -2.9525]]]]}}, {"type": "Feature", "id": 3210, "properties": {"WADMKK": "Majalengka", "WADMPR": "Jawa Barat", "KDPKAB": "32.10", "LUASWH": 1.72496215, "kode_wilayah": 3210, "nama_resmi": "Kabupaten Majalengka", "tipe": "Kabupaten", "provinsi": "Jawa Barat", "pulau": "Jawa", "parlemen": 14.0, "pendapatan": 27.59, "pengeluaran": 10842.0, "ahh": 73.34, "profesional": 48.4, "tpak": 54.11, "rls": 7.53, "hls": 12.27, "skor_ekonomi": 27.79, "skor_keputusan": 43.56, "skor_kapasitas_sosial": 53.72, "ikpp_komposit": 39.28, "kuadran": "Kuadran III (Ekonomi Rendah, Keputusan Rendah)", "lisa_cluster_keputusan": "Not Significant", "lisa_cluster_ekonomi": "Not Significant", "pc1": -0.572, "pc2": -0.987, "lat": -6.836, "lon": 108.228}, "geometry": {"type": "Polygon", "coordinates": [[[108.167, -7.0635], [108.2096, -7.0534], [108.245, -7.0666], [108.3514, -7.0524], [108.3857, -7.0735], [108.3857, -6.9527], [108.4077, -6.8925], [108.398, -6.7951], [108.3655, -6.7594], [108.3676, -6.6985], [108.3367, -6.6703], [108.3236, -6.6208], [108.2763, -6.5918], [108.2074, -6.5734], [108.1877, -6.6098], [108.1485, -6.6063], [108.1157, -6.5534], [108.0751, -6.575], [108.0431, -6.6391], [108.1178, -6.7054], [108.1637, -6.7278], [108.163, -6.8306], [108.2131, -6.8949], [108.2165, -6.932], [108.1804, -6.9565], [108.1377, -7.0388], [108.167, -7.0635]]]}}, {"type": "Feature", "id": 7104, "properties": {"WADMKK": "Kepulauan Talaud", "WADMPR": "Sulawesi Utara", "KDPKAB": "71.04", "LUASWH": 3.70797666, "kode_wilayah": 7104, "nama_resmi": "Kabupaten Kepulauan Talaud", "tipe": "Kabupaten", "provinsi": "Sulawesi Utara", "pulau": "Sulawesi", "parlemen": 16.0, "pendapatan": 28.01, "pengeluaran": 11511.0, "ahh": 73.2, "profesional": 53.75, "tpak": 57.93, "rls": 9.14, "hls": 12.6, "skor_ekonomi": 30.57, "skor_keputusan": 48.96, "skor_kapasitas_sosial": 58.39, "ikpp_komposit": 43.49, "kuadran": "Kuadran II (Ekonomi Rendah, Keputusan Tinggi)", "lisa_cluster_keputusan": "High-High (Hotspot)", "lisa_cluster_ekonomi": "Low-Low (Coldspot)", "pc1": 0.183, "pc2": -0.593, "lat": 4.006, "lon": 126.682}, "geometry": {"type": "MultiPolygon", "coordinates": [[[[126.6964, 3.8373], [126.6918, 3.8683], [126.7152, 3.9255], [126.6637, 3.9603], [126.6628, 3.8763], [126.6964, 3.8373]]], [[[126.7671, 3.7693], [126.8239, 3.7287], [126.8511, 3.7536], [126.8026, 3.8342], [126.7431, 3.8423], [126.7671, 3.7693]]], [[[126.7877, 4.0167], [126.8028, 4.0407], [126.8078, 4.167], [126.8699, 4.2169], [126.8621, 4.2512], [126.9112, 4.2705], [126.8601, 4.3516], [126.8479, 4.388], [126.869, 4.4281], [126.8564, 4.4834], [126.8054, 4.5328], [126.738, 4.5436], [126.7199, 4.5127], [126.7337, 4.4622], [126.6946, 4.4004], [126.6808, 4.3345], [126.7064, 4.3241], [126.7159, 4.2655], [126.7894, 4.2406], [126.7502, 4.1429], [126.7123, 4.0849], [126.67, 4.0472], [126.6708, 4.0034], [126.762, 3.9947], [126.7877, 4.0167]]]]}}, {"type": "Feature", "id": 1603, "properties": {"WADMKK": "Muara Enim", "WADMPR": "Sumatera Selatan", "KDPKAB": "16.03", "LUASWH": 10.51546573, "kode_wilayah": 1603, "nama_resmi": "Kabupaten Muara Enim", "tipe": "Kabupaten", "provinsi": "Sumatera Selatan", "pulau": "Sumatera", "parlemen": 15.56, "pendapatan": 37.5, "pengeluaran": 12291.0, "ahh": 71.95, "profesional": 60.03, "tpak": 57.73, "rls": 8.27, "hls": 12.02, "skor_ekonomi": 39.5, "skor_keputusan": 52.76, "skor_kapasitas_sosial": 54.47, "ikpp_komposit": 47.8, "kuadran": "Kuadran I (Ekonomi Tinggi, Keputusan Tinggi)", "lisa_cluster_keputusan": "Not Significant", "lisa_cluster_ekonomi": "Not Significant", "pc1": -0.369, "pc2": -0.081, "lat": -3.656, "lon": 103.777}, "geometry": {"type": "MultiPolygon", "coordinates": [[[[103.4675, -4.3549], [103.545, -4.3711], [103.5972, -4.3577], [103.6263, -4.2733], [103.619, -4.2246], [103.6447, -4.201], [103.7052, -4.1839], [103.7018, -4.087], [103.7742, -4.0745], [103.7918, -4.0447], [103.8897, -3.9692], [103.8959, -3.9277], [103.9697, -3.8885], [103.9935, -3.92], [104.0752, -3.9086], [104.1491, -3.8868], [104.2438, -3.8222], [104.2479, -3.7813], [104.2802, -3.7649], [104.3876, -3.7607], [104.37, -3.701], [104.4514, -3.644], [104.4578, -3.5818], [104.4176, -3.5633], [104.3907, -3.5903], [104.3209, -3.6092], [104.3157, -3.5571], [104.274, -3.5822], [104.2519, -3.5422], [104.2173, -3.5263], [104.1492, -3.5507], [104.1257, -3.4949], [104.1537, -3.4087], [104.1322, -3.3439], [104.0925, -3.356], [104.0287, -3.3412], [104.0246, -3.4058], [103.9487, -3.4125], [103.9177, -3.3992], [103.9074, -3.3597], [103.8497, -3.3175], [103.78, -3.3132], [103.7606, -3.2801], [103.6871, -3.3043], [103.6267, -3.3594], [103.6109, -3.4261], [103.541, -3.4901], [103.5383, -3.5478], [103.5701, -3.5493], [103.6277, -3.5093], [103.7658, -3.5988], [103.7351, -3.6418], [103.7651, -3.6637], [103.7396, -3.6995], [103.7604, -3.7459], [103.7232, -3.7727], [103.6952, -3.9073], [103.6603, -3.9109], [103.6061, -3.9864], [103.5846, -4.0919], [103.5262, -4.1375], [103.4645, -4.1], [103.4431, -4.1259], [103.4579, -4.1589], [103.4053, -4.1731], [103.376, -4.2106], [103.3161, -4.2672], [103.3715, -4.3159], [103.4098, -4.3138], [103.4675, -4.3549]]], [[[104.1847, -3.3286], [104.2084, -3.3597], [104.2864, -3.3652], [104.3133, -3.3506], [104.3517, -3.3759], [104.295, -3.4745], [104.3177, -3.5387], [104.4156, -3.4933], [104.4427, -3.4565], [104.4373, -3.4281], [104.4978, -3.3993], [104.5384, -3.3451], [104.5332, -3.2974], [104.5488, -3.2632], [104.5425, -3.2101], [104.5223, -3.1805], [104.5777, -3.1018], [104.643, -3.0963], [104.6766, -3.0486], [104.6315, -3.0172], [104.5381, -3.0552], [104.4976, -3.0808], [104.4713, -3.0644], [104.3777, -3.0515], [104.3183, -3.0549], [104.2579, -3.0315], [104.2342, -3.2112], [104.2099, -3.2623], [104.2338, -3.283], [104.1847, -3.3286]]]]}}, {"type": "Feature", "id": 7202, "properties": {"WADMKK": "Banggai Kepulauan", "WADMPR": "Sulawesi Tengah", "KDPKAB": "72.07", "LUASWH": 13.95057467, "kode_wilayah": 7202, "nama_resmi": "Kabupaten Banggai", "tipe": "Kabupaten", "provinsi": "Sulawesi Tengah", "pulau": "Sulawesi", "parlemen": 34.29, "pendapatan": 28.47, "pengeluaran": 9051.0, "ahh": 72.01, "profesional": 57.96, "tpak": 54.36, "rls": 9.2, "hls": 13.18, "skor_ekonomi": 28.78, "skor_keputusan": 68.4, "skor_kapasitas_sosial": 55.69, "ikpp_komposit": 50.01, "kuadran": "Kuadran II (Ekonomi Rendah, Keputusan Tinggi)", "lisa_cluster_keputusan": "Not Significant", "lisa_cluster_ekonomi": "Low-Low (Coldspot)", "pc1": 0.431, "pc2": -1.473, "lat": -1.395, "lon": 120.755}, "geometry": {"type": "MultiPolygon", "coordinates": [[[[123.1584, -1.6385], [123.2419, -1.5929], [123.2392, -1.5537], [123.2565, -1.4422], [123.2979, -1.4119], [123.3649, -1.5008], [123.4096, -1.528], [123.4698, -1.4972], [123.4728, -1.4621], [123.5132, -1.4538], [123.5519, -1.3418], [123.555, -1.2772], [123.4729, -1.2494], [123.4287, -1.2696], [123.3872, -1.2216], [123.3642, -1.2275], [123.2837, -1.3581], [123.247, -1.3901], [123.195, -1.3255], [123.1978, -1.2887], [123.2467, -1.2248], [123.2224, -1.2096], [123.1885, -1.15], [123.1354, -1.1941], [123.1047, -1.1604], [123.0337, -1.1772], [122.9657, -1.2105], [122.9115, -1.1803], [122.8709, -1.2494], [122.8317, -1.2774], [122.7953, -1.3712], [122.7874, -1.4474], [122.7949, -1.4877], [122.8255, -1.4921], [122.8685, -1.5954], [122.9199, -1.5896], [122.9455, -1.5454], [123.0167, -1.4926], [123.038, -1.4229], [123.1141, -1.3071], [123.1638, -1.3041], [123.1561, -1.3676], [123.1848, -1.5141], [123.1016, -1.5751], [123.0992, -1.6009], [123.1584, -1.6385]]], [[[123.3053, -1.2797], [123.3243, -1.2102], [123.2749, -1.2152], [123.3053, -1.2797]]]]}}, {"type": "Feature", "id": 6306, "properties": {"WADMKK": "Hulu Sungai Selatan", "WADMPR": "Kalimantan Selatan", "KDPKAB": "63.06", "LUASWH": 1.55082451, "kode_wilayah": 6306, "nama_resmi": "Kabupaten Hulu Sungai Selatan", "tipe": "Kabupaten", "provinsi": "Kalimantan Selatan", "pulau": "Kalimantan", "parlemen": 17.24, "pendapatan": 27.19, "pengeluaran": 14150.0, "ahh": 69.19, "profesional": 52.51, "tpak": 64.32, "rls": 8.09, "hls": 12.48, "skor_ekonomi": 33.76, "skor_keputusan": 49.25, "skor_kapasitas_sosial": 53.06, "ikpp_komposit": 43.82, "kuadran": "Kuadran II (Ekonomi Rendah, Keputusan Tinggi)", "lisa_cluster_keputusan": "Not Significant", "lisa_cluster_ekonomi": "Not Significant", "pc1": -0.347, "pc2": -0.632, "lat": -2.787, "lon": 115.266}, "geometry": {"type": "Polygon", "coordinates": [[[114.8646, -2.5282], [114.9971, -2.756], [115.0246, -2.7796], [115.0757, -2.7901], [115.068, -2.8272], [115.2318, -2.8728], [115.266, -2.9303], [115.3551, -2.9342], [115.4567, -2.8742], [115.5061, -2.8867], [115.5557, -2.8311], [115.5896, -2.7602], [115.5963, -2.7243], [115.4809, -2.731], [115.4452, -2.7792], [115.3782, -2.746], [115.326, -2.6964], [115.2313, -2.6825], [115.1885, -2.6321], [115.1547, -2.5546], [114.9985, -2.4991], [114.8646, -2.5282]]]}}, {"type": "Feature", "id": 1221, "properties": {"WADMKK": "Padang Lawas", "WADMPR": "Sumatera Utara", "KDPKAB": "12.21", "LUASWH": 7.02504712, "kode_wilayah": 1221, "nama_resmi": "Kabupaten Padang Lawas", "tipe": "Kabupaten", "provinsi": "Sumatera Utara", "pulau": "Sumatera", "parlemen": 0.0, "pendapatan": 39.49, "pengeluaran": 9821.0, "ahh": 69.92, "profesional": 56.13, "tpak": 65.86, "rls": 9.63, "hls": 13.87, "skor_ekonomi": 46.46, "skor_keputusan": 36.0, "skor_kapasitas_sosial": 55.91, "ikpp_komposit": 44.17, "kuadran": "Kuadran IV (Ekonomi Tinggi, Keputusan Rendah)", "lisa_cluster_keputusan": "Not Significant", "lisa_cluster_ekonomi": "Not Significant", "pc1": -0.666, "pc2": 1.482, "lat": 1.056, "lon": 99.776}, "geometry": {"type": "Polygon", "coordinates": [[[99.5204, 1.1192], [99.5673, 1.0708], [99.5697, 1.0407], [99.6052, 1.0008], [99.6047, 0.9496], [99.6493, 0.9179], [99.6917, 0.9315], [99.7457, 0.8671], [99.8383, 0.8269], [99.8366, 0.8905], [99.8705, 0.9067], [99.9436, 0.8832], [99.9653, 0.8524], [100.0103, 0.8397], [100.0771, 0.7866], [100.1812, 0.7623], [100.1217, 0.8214], [100.1511, 0.9359], [100.1493, 1.0099], [100.1285, 1.1066], [100.1704, 1.1227], [100.1111, 1.2215], [100.1229, 1.2472], [100.0789, 1.3461], [100.0717, 1.3389], [100.0507, 1.3727], [100.0525, 1.3778], [99.9924, 1.4264], [99.9649, 1.3945], [99.9292, 1.4396], [99.8982, 1.5484], [99.8769, 1.5008], [99.8144, 1.482], [99.7295, 1.438], [99.7292, 1.396], [99.6013, 1.3232], [99.5618, 1.2553], [99.4856, 1.2752], [99.426, 1.2159], [99.4503, 1.1807], [99.5204, 1.1192]]]}}, {"type": "Feature", "id": 3276, "properties": {"WADMKK": "Kota Depok", "WADMPR": "Jawa Barat", "KDPKAB": "32.76", "LUASWH": 2.50248743, "kode_wilayah": 3276, "nama_resmi": "Kota Depok", "tipe": "Kota", "provinsi": "Jawa Barat", "pulau": "Jawa", "parlemen": 24.0, "pendapatan": 32.48, "pengeluaran": 16640.0, "ahh": 77.41, "profesional": 45.62, "tpak": 46.83, "rls": 11.59, "hls": 14.11, "skor_ekonomi": 27.92, "skor_keputusan": 50.79, "skor_kapasitas_sosial": 77.1, "ikpp_komposit": 46.9, "kuadran": "Kuadran II (Ekonomi Rendah, Keputusan Tinggi)", "lisa_cluster_keputusan": "Not Significant", "lisa_cluster_ekonomi": "Low-Low (Coldspot)", "pc1": 3.046, "pc2": 0.164, "lat": -6.394, "lon": 106.823}, "geometry": {"type": "Polygon", "coordinates": [[[106.7209, -6.3622], [106.7384, -6.4388], [106.8554, -6.4556], [106.881, -6.4481], [106.9186, -6.396], [106.9143, -6.3655], [106.8847, -6.3725], [106.84, -6.3359], [106.7799, -6.3165], [106.7693, -6.3615], [106.7209, -6.3622]]]}}, {"type": "Feature", "id": 8205, "properties": {"WADMKK": "Halmahera Utara", "WADMPR": "Maluku Utara", "KDPKAB": "82.03", "LUASWH": 28.56284935, "kode_wilayah": 8205, "nama_resmi": "Kabupaten Halmahera Utara", "tipe": "Kabupaten", "provinsi": "Maluku Utara", "pulau": "Maluku", "parlemen": 33.33, "pendapatan": 29.55, "pengeluaran": 9269.0, "ahh": 72.24, "profesional": 48.14, "tpak": 53.14, "rls": 10.12, "hls": 14.49, "skor_ekonomi": 29.06, "skor_keputusan": 60.96, "skor_kapasitas_sosial": 60.68, "ikpp_komposit": 48.14, "kuadran": "Kuadran II (Ekonomi Rendah, Keputusan Tinggi)", "lisa_cluster_keputusan": "Not Significant", "lisa_cluster_ekonomi": "Low-Low (Coldspot)", "pc1": 1.01, "pc2": -0.848, "lat": -2.007, "lon": 125.964}, "geometry": {"type": "MultiPolygon", "coordinates": [[[[127.6883, 0.8785], [127.667, 0.8744], [127.6299, 0.9429], [127.6292, 0.9841], [127.6509, 1.0223], [127.6988, 1.0384], [127.8025, 1.1069], [127.83, 1.1487], [127.9031, 1.1502], [127.9148, 1.2192], [127.9723, 1.2761], [127.9941, 1.332], [127.9894, 1.3802], [128.0241, 1.4686], [128.0372, 1.5814], [127.9877, 1.6143], [127.9912, 1.661], [128.0214, 1.6889], [128.0109, 1.7383], [127.9281, 1.8097], [127.8884, 1.7969], [127.8482, 1.8184], [127.8514, 1.9251], [127.9141, 1.9581], [127.9521, 1.9918], [127.9479, 2.0244], [128.0642, 2.1716], [128.0193, 2.1961], [127.9333, 2.1805], [127.8998, 2.1339], [127.8372, 2.0903], [127.7449, 1.9678], [127.7678, 1.9592], [127.7878, 1.9063], [127.7441, 1.856], [127.7342, 1.797], [127.7033, 1.7143], [127.7305, 1.631], [127.7268, 1.5244], [127.6571, 1.4111], [127.6754, 1.3753], [127.6435, 1.3338], [127.6241, 1.2387], [127.6393, 1.2015], [127.6037, 1.1076], [127.6064, 1.0438], [127.6466, 1.0378], [127.6393, 0.9921], [127.6021, 0.9651], [127.6495, 0.9005], [127.6883, 0.8785]]], [[[127.8152, 2.2718], [127.7602, 2.2704], [127.7935, 2.2176], [127.8152, 2.2718]]]]}}, {"type": "Feature", "id": 1214, "properties": {"WADMKK": "Nias Selatan", "WADMPR": "Sumatera Utara", "KDPKAB": "12.14", "LUASWH": 3.1259752, "kode_wilayah": 1214, "nama_resmi": "Kabupaten Nias Selatan", "tipe": "Kabupaten", "provinsi": "Sumatera Utara", "pulau": "Sumatera", "parlemen": 11.43, "pendapatan": 36.04, "pengeluaran": 7730.0, "ahh": 71.82, "profesional": 44.94, "tpak": 73.44, "rls": 6.52, "hls": 12.92, "skor_ekonomi": 47.88, "skor_keputusan": 38.91, "skor_kapasitas_sosial": 47.7, "ikpp_komposit": 44.26, "kuadran": "Kuadran IV (Ekonomi Tinggi, Keputusan Rendah)", "lisa_cluster_keputusan": "Not Significant", "lisa_cluster_ekonomi": "High-High (Hotspot)", "pc1": -2.256, "pc2": 0.676, "lat": 0.583, "lon": 97.778}, "geometry": {"type": "MultiPolygon", "coordinates": [[[[98.5042, -0.5581], [98.4812, -0.517], [98.5047, -0.4963], [98.5215, -0.3604], [98.4407, -0.2455], [98.4404, -0.3029], [98.3842, -0.3435], [98.3732, -0.3805], [98.3762, -0.4586], [98.3485, -0.5131], [98.3145, -0.5296], [98.3988, -0.5672], [98.4361, -0.5385], [98.5042, -0.5581]]], [[[98.5442, -0.3592], [98.5699, -0.325], [98.558, -0.258], [98.4929, -0.2104], [98.4709, -0.0944], [98.4026, -0.006], [98.3322, -0.0034], [98.3882, -0.1376], [98.4221, -0.1704], [98.4343, -0.2096], [98.5056, -0.2974], [98.5442, -0.3592]]], [[[97.5482, 0.8882], [97.6342, 0.7952], [97.6921, 0.6273], [97.6828, 0.5866], [97.7097, 0.5613], [97.8215, 0.568], [97.8997, 0.63], [97.8903, 0.7661], [97.9115, 0.7988], [97.8953, 0.8263], [97.9036, 0.8944], [97.8752, 0.933], [97.8159, 0.9246], [97.7652, 0.9617], [97.6945, 0.9328], [97.6885, 0.9909], [97.62, 1.0274], [97.5529, 0.9916], [97.5236, 0.9517], [97.5482, 0.8882]]], [[[98.6166, 0.0844], [98.7542, 0.0735], [98.7794, 0.0952], [98.8503, 0.0798], [98.854, 0.1162], [98.798, 0.1709], [98.721, 0.1572], [98.6145, 0.1807], [98.5656, 0.173], [98.5251, 0.1417], [98.5319, 0.1092], [98.6166, 0.0844]]]]}}, {"type": "Feature", "id": 1872, "properties": {"WADMKK": "Kota Metro", "WADMPR": "Lampung", "KDPKAB": "18.72", "LUASWH": 1.87326708, "kode_wilayah": 1872, "nama_resmi": "Kota Metro", "tipe": "Kota", "provinsi": "Lampung", "pulau": "Sumatera", "parlemen": 20.0, "pendapatan": 34.03, "pengeluaran": 13092.0, "ahh": 74.5, "profesional": 56.11, "tpak": 58.66, "rls": 11.01, "hls": 14.79, "skor_ekonomi": 36.77, "skor_keputusan": 54.17, "skor_kapasitas_sosial": 69.85, "ikpp_komposit": 50.35, "kuadran": "Kuadran I (Ekonomi Tinggi, Keputusan Tinggi)", "lisa_cluster_keputusan": "Not Significant", "lisa_cluster_ekonomi": "Not Significant", "pc1": 1.924, "pc2": 0.671, "lat": -5.114, "lon": 105.307}, "geometry": {"type": "Polygon", "coordinates": [[[105.2868, -5.1708], [105.3491, -5.1085], [105.3166, -5.0545], [105.2797, -5.083], [105.2898, -5.1079], [105.2682, -5.1526], [105.2868, -5.1708]]]}}, {"type": "Feature", "id": 3578, "properties": {"WADMKK": "Kota Surabaya", "WADMPR": "Jawa Timur", "KDPKAB": "35.78", "LUASWH": 1.1643535, "kode_wilayah": 3578, "nama_resmi": "Kota Surabaya", "tipe": "Kota", "provinsi": "Jawa Timur", "pulau": "Jawa", "parlemen": 20.0, "pendapatan": 36.39, "pengeluaran": 19666.0, "ahh": 76.86, "profesional": 48.97, "tpak": 59.48, "rls": 10.89, "hls": 14.87, "skor_ekonomi": 39.53, "skor_keputusan": 49.39, "skor_kapasitas_sosial": 79.1, "ikpp_komposit": 51.39, "kuadran": "Kuadran I (Ekonomi Tinggi, Keputusan Tinggi)", "lisa_cluster_keputusan": "Not Significant", "lisa_cluster_ekonomi": "Not Significant", "pc1": 3.077, "pc2": 1.426, "lat": -7.259, "lon": 112.747}, "geometry": {"type": "Polygon", "coordinates": [[[112.6646, -7.3514], [112.7043, -7.3365], [112.8125, -7.3464], [112.8334, -7.3323], [112.8463, -7.2856], [112.7593, -7.1961], [112.685, -7.2256], [112.6632, -7.1932], [112.5971, -7.2043], [112.6646, -7.3514]]]}}, {"type": "Feature", "id": 6405, "properties": {"WADMKK": "Berau", "WADMPR": "Kalimantan Timur", "KDPKAB": "64.03", "LUASWH": 29.58733997, "kode_wilayah": 6405, "nama_resmi": "Kabupaten Berau", "tipe": "Kabupaten", "provinsi": "Kalimantan Timur", "pulau": "Kalimantan", "parlemen": 20.0, "pendapatan": 18.19, "pengeluaran": 14101.0, "ahh": 74.65, "profesional": 49.25, "tpak": 46.32, "rls": 9.57, "hls": 13.37, "skor_ekonomi": 13.97, "skor_keputusan": 49.58, "skor_kapasitas_sosial": 65.16, "ikpp_komposit": 38.45, "kuadran": "Kuadran II (Ekonomi Rendah, Keputusan Tinggi)", "lisa_cluster_keputusan": "Not Significant", "lisa_cluster_ekonomi": "Low-Low (Coldspot)", "pc1": 1.739, "pc2": -1.737, "lat": 2.045, "lon": 117.362}, "geometry": {"type": "MultiPolygon", "coordinates": [[[[118.9525, 1.0515], [118.8719, 1.0672], [118.7823, 1.1286], [118.7651, 1.1998], [118.7138, 1.2487], [118.606, 1.3223], [118.5803, 1.3543], [118.4296, 1.4002], [118.4072, 1.4866], [118.2458, 1.5625], [118.1151, 1.6521], [118.0525, 1.7342], [118.0481, 1.7832], [117.9294, 1.8057], [117.8897, 1.8727], [117.8321, 1.9115], [117.8124, 1.9891], [117.7702, 2.0124], [117.7138, 2.0827], [117.7237, 2.1367], [117.6899, 2.1809], [117.8191, 2.2022], [117.8944, 2.1959], [117.9333, 2.181], [118.0108, 2.2], [118.0562, 2.2302], [118.0982, 2.2847], [118.0539, 2.3673], [117.9882, 2.4351], [117.9183, 2.3936], [117.8638, 2.3929], [117.8219, 2.3613], [117.8116, 2.3264], [117.7212, 2.3463], [117.7087, 2.3915], [117.6128, 2.5199], [117.5721, 2.5015], [117.4993, 2.5216], [117.4153, 2.5014], [117.3881, 2.5598], [117.3638, 2.5387], [117.3082, 2.5338], [117.2699, 2.4829], [117.1922, 2.4957], [117.2148, 2.5647], [117.172, 2.5619], [117.1337, 2.5362], [117.0485, 2.548], [117.0155, 2.4977], [117.024, 2.4598], [116.9698, 2.4438], [116.9608, 2.477], [116.9242, 2.5049], [116.8771, 2.4958], [116.8447, 2.5195], [116.795, 2.5095], [116.753, 2.4743], [116.7509, 2.4356], [116.7144, 2.3914], [116.6286, 2.3938], [116.5572, 2.4565], [116.4912, 2.446], [116.5042, 2.3481], [116.4667, 2.3254], [116.455, 2.2769], [116.4021, 2.2979], [116.3574, 2.2945], [116.3044, 2.2623], [116.2898, 2.2356], [116.3492, 2.1781], [116.2863, 2.1025], [116.2228, 2.0979], [116.2126, 2.063], [116.2311, 2.0128], [116.1945, 1.9857], [116.1991, 1.9506], [116.1755, 1.9028], [116.1838, 1.841], [116.2401, 1.8618], [116.2941, 1.8664], [116.3222, 1.8258], [116.3864, 1.7879], [116.4158, 1.8224], [116.4876, 1.7816], [116.4605, 1.7248], [116.5439, 1.6955], [116.6028, 1.6923], [116.6526, 1.6492], [116.7786, 1.6924], [116.8343, 1.6912], [116.8777, 1.6712], [116.9009, 1.6111], [116.9844, 1.5203], [116.9788, 1.4716], [117.0325, 1.4221], [117.0867, 1.4126], [117.1518, 1.3821], [117.2321, 1.3801], [117.2754, 1.4216], [117.3339, 1.4512], [117.3369, 1.4919], [117.3734, 1.513], [117.3858, 1.5849], [117.4561, 1.5567], [117.4854, 1.504], [117.5096, 1.5095], [117.5323, 1.5623], [117.5752, 1.6106], [117.6428, 1.5925], [117.6689, 1.6714], [117.7249, 1.6951], [117.7724, 1.6585], [117.7924, 1.6123], [117.8183, 1.6014], [117.8362, 1.5349], [117.8319, 1.4948], [117.8652, 1.439], [117.8473, 1.4113], [117.8734, 1.3607], [117.9462, 1.275], [117.9813, 1.2583], [117.9946, 1.201], [118.0327, 1.1654], [118.0863, 1.1591], [118.1876, 1.1699], [118.2229, 1.1869], [118.3175, 1.1841], [118.3429, 1.2732], [118.3806, 1.2618], [118.4168, 1.283], [118.5134, 1.2807], [118.5377, 1.2036], [118.5818, 1.185], [118.5886, 1.1256], [118.6139, 1.1086], [118.6993, 1.1222], [118.7507, 1.1086], [118.7871, 0.9958], [118.8411, 0.9845], [118.9175, 1.017], [118.9525, 1.0515]]], [[[117.8953, 2.0798], [117.9003, 2.1256], [117.8609, 2.1441], [117.8297, 2.1154], [117.8953, 2.0798]]], [[[117.8043, 2.1602], [117.7296, 2.1682], [117.7313, 2.0891], [117.803, 2.1217], [117.8043, 2.1602]]], [[[117.8825, 2.154], [117.8081, 2.1698], [117.8282, 2.118], [117.8825, 2.154]]]]}}, {"type": "Feature", "id": 9430, "properties": {"WADMKK": "Lanny Jaya", "WADMPR": "Papua Pegunungan", "KDPKAB": "91.23", "LUASWH": 11.10710467, "kode_wilayah": 9430, "nama_resmi": "Kabupaten Lanny Jaya", "tipe": "Kabupaten", "provinsi": "Papua Pegunungan", "pulau": "Papua", "parlemen": 16.0, "pendapatan": 42.66, "pengeluaran": 6196.0, "ahh": 67.04, "profesional": 11.92, "tpak": 85.1, "rls": 3.51, "hls": 7.01, "skor_ekonomi": 61.46, "skor_keputusan": 20.97, "skor_kapasitas_sosial": 22.26, "ikpp_komposit": 37.42, "kuadran": "Kuadran IV (Ekonomi Tinggi, Keputusan Rendah)", "lisa_cluster_keputusan": "Low-Low (Coldspot)", "lisa_cluster_ekonomi": "High-High (Hotspot)", "pc1": -7.144, "pc2": 0.134, "lat": -3.971, "lon": 138.319}, "geometry": {"type": "Polygon", "coordinates": [[[138.6428, -4.2357], [138.6655, -4.1656], [138.6746, -4.0823], [138.6945, -4.0305], [138.7463, -3.9973], [138.7207, -3.883], [138.6597, -3.8432], [138.6345, -3.7668], [138.6208, -3.7688], [138.5901, -3.8091], [138.5104, -3.8136], [138.3749, -3.7614], [138.3447, -3.7621], [138.3539, -3.8256], [138.318, -3.8378], [138.2843, -3.8214], [138.2386, -3.8491], [138.2142, -3.8852], [138.1532, -3.9111], [138.1042, -3.9117], [138.0795, -3.8733], [138.0012, -3.8971], [137.9613, -3.9386], [137.9704, -3.9639], [137.9621, -4.0409], [138.0055, -4.1205], [138.0274, -4.0917], [138.0663, -4.106], [138.1784, -4.0621], [138.1716, -4.0357], [138.2275, -4.0223], [138.2977, -4.0967], [138.3462, -4.0558], [138.4542, -4.0798], [138.605, -4.1439], [138.6496, -4.1531], [138.6321, -4.2116], [138.6428, -4.2357]]]}}, {"type": "Feature", "id": 1971, "properties": {"WADMKK": "Kota Pangkal Pinang", "WADMPR": "Kepulauan Bangka Belitung", "KDPKAB": "19.71", "LUASWH": 3.51244047, "kode_wilayah": 1971, "nama_resmi": "Kota Pangkal Pinang", "tipe": "Kota", "provinsi": "Kepulauan Bangka Belitung", "pulau": "Sumatera", "parlemen": 13.33, "pendapatan": 30.68, "pengeluaran": 16750.0, "ahh": 76.79, "profesional": 44.44, "tpak": 52.73, "rls": 10.67, "hls": 13.3, "skor_ekonomi": 29.88, "skor_keputusan": 40.3, "skor_kapasitas_sosial": 72.83, "ikpp_komposit": 42.64, "kuadran": "Kuadran III (Ekonomi Rendah, Keputusan Rendah)", "lisa_cluster_keputusan": "Not Significant", "lisa_cluster_ekonomi": "Low-Low (Coldspot)", "pc1": 2.037, "pc2": 0.37, "lat": -2.141, "lon": 106.116}, "geometry": {"type": "Polygon", "coordinates": [[[106.0889, -2.1445], [106.1781, -2.148], [106.1581, -2.0882], [106.1292, -2.0574], [106.0885, -2.0777], [106.0407, -2.0796], [106.0402, -2.1133], [106.0889, -2.1445]]]}}, {"type": "Feature", "id": 7306, "properties": {"WADMKK": "Gowa", "WADMPR": "Sulawesi Selatan", "KDPKAB": "73.06", "LUASWH": 3.79161573, "kode_wilayah": 7306, "nama_resmi": "Kabupaten Gowa", "tipe": "Kabupaten", "provinsi": "Sulawesi Selatan", "pulau": "Sulawesi", "parlemen": 31.11, "pendapatan": 35.4, "pengeluaran": 10084.0, "ahh": 70.14, "profesional": 48.07, "tpak": 47.12, "rls": 7.55, "hls": 13.02, "skor_ekonomi": 30.89, "skor_keputusan": 58.89, "skor_kapasitas_sosial": 50.22, "ikpp_komposit": 45.96, "kuadran": "Kuadran II (Ekonomi Rendah, Keputusan Tinggi)", "lisa_cluster_keputusan": "High-High (Hotspot)", "lisa_cluster_ekonomi": "Not Significant", "pc1": -0.394, "pc2": -1.271, "lat": -5.2, "lon": 119.453}, "geometry": {"type": "Polygon", "coordinates": [[[119.6366, -5.431], [119.6647, -5.4789], [119.7007, -5.4972], [119.7047, -5.5424], [119.7316, -5.5633], [119.8039, -5.5556], [119.8593, -5.4486], [119.9081, -5.4206], [119.9395, -5.382], [119.9376, -5.3559], [119.9287, -5.3416], [119.9976, -5.228], [119.9707, -5.1393], [119.9225, -5.133], [119.8642, -5.0918], [119.8698, -5.1187], [119.8439, -5.1835], [119.7992, -5.212], [119.7488, -5.1831], [119.6204, -5.16], [119.5186, -5.1652], [119.5156, -5.19], [119.4146, -5.1956], [119.4065, -5.2323], [119.3765, -5.2928], [119.3945, -5.3106], [119.4006, -5.3822], [119.3654, -5.4221], [119.3657, -5.4226], [119.4209, -5.4113], [119.4569, -5.3724], [119.4814, -5.311], [119.5696, -5.293], [119.6461, -5.3997], [119.6366, -5.431]]]}}, {"type": "Feature", "id": 6311, "properties": {"WADMKK": "Balangan", "WADMPR": "Kalimantan Selatan", "KDPKAB": "63.11", "LUASWH": 31.07642248, "kode_wilayah": 6311, "nama_resmi": "Kabupaten Balangan", "tipe": "Kabupaten", "provinsi": "Kalimantan Selatan", "pulau": "Kalimantan", "parlemen": 16.0, "pendapatan": 37.33, "pengeluaran": 12325.0, "ahh": 70.63, "profesional": 58.73, "tpak": 66.81, "rls": 8.13, "hls": 13.09, "skor_ekonomi": 44.99, "skor_keputusan": 52.29, "skor_kapasitas_sosial": 54.43, "ikpp_komposit": 49.8, "kuadran": "Kuadran I (Ekonomi Tinggi, Keputusan Tinggi)", "lisa_cluster_keputusan": "Not Significant", "lisa_cluster_ekonomi": "Not Significant", "pc1": -0.467, "pc2": 0.506, "lat": -2.364, "lon": 115.471}, "geometry": {"type": "Polygon", "coordinates": [[[115.3994, -2.4535], [115.4994, -2.4689], [115.5258, -2.4843], [115.7506, -2.5324], [115.782, -2.5141], [115.7907, -2.4353], [115.8355, -2.3899], [115.8328, -2.2975], [115.811, -2.2376], [115.7857, -2.217], [115.8076, -2.0614], [115.721, -2.0624], [115.6949, -2.0405], [115.692, -2.0669], [115.6403, -2.1301], [115.5675, -2.1623], [115.5513, -2.1865], [115.492, -2.2114], [115.4795, -2.2509], [115.4053, -2.2981], [115.3596, -2.2956], [115.3487, -2.3399], [115.3187, -2.3552], [115.3145, -2.4033], [115.3994, -2.4535]]]}}, {"type": "Feature", "id": 3520, "properties": {"WADMKK": "Magetan", "WADMPR": "Jawa Timur", "KDPKAB": "35.20", "LUASWH": 6.10066663, "kode_wilayah": 3520, "nama_resmi": "Kabupaten Magetan", "tipe": "Kabupaten", "provinsi": "Jawa Timur", "pulau": "Jawa", "parlemen": 13.33, "pendapatan": 39.49, "pengeluaran": 12915.0, "ahh": 75.76, "profesional": 53.2, "tpak": 68.12, "rls": 8.69, "hls": 14.08, "skor_ekonomi": 47.87, "skor_keputusan": 46.16, "skor_kapasitas_sosial": 64.83, "ikpp_komposit": 50.58, "kuadran": "Kuadran IV (Ekonomi Tinggi, Keputusan Rendah)", "lisa_cluster_keputusan": "Not Significant", "lisa_cluster_ekonomi": "Not Significant", "pc1": 0.456, "pc2": 1.511, "lat": -7.656, "lon": 111.329}, "geometry": {"type": "Polygon", "coordinates": [[[111.2887, -7.7935], [111.4499, -7.7785], [111.4587, -7.725], [111.5012, -7.6912], [111.5107, -7.6592], [111.5117, -7.6489], [111.505, -7.6493], [111.5038, -7.65], [111.4517, -7.6202], [111.5114, -7.5383], [111.4658, -7.509], [111.3836, -7.5371], [111.3544, -7.5704], [111.2943, -7.6022], [111.2585, -7.5985], [111.194, -7.6184], [111.1845, -7.7123], [111.2365, -7.7503], [111.2745, -7.7375], [111.2887, -7.7935]]]}}, {"type": "Feature", "id": 2105, "properties": {"WADMKK": "Kepulauan Anambas", "WADMPR": "Kepulauan Riau", "KDPKAB": "21.05", "LUASWH": 21.10048947, "kode_wilayah": 2105, "nama_resmi": "Kabupaten Kepulauan Anambas", "tipe": "Kabupaten", "provinsi": "Kepulauan Riau", "pulau": "Sumatera", "parlemen": 10.0, "pendapatan": 26.53, "pengeluaran": 12983.0, "ahh": 70.41, "profesional": 52.51, "tpak": 57.11, "rls": 7.53, "hls": 13.06, "skor_ekonomi": 28.65, "skor_keputusan": 42.67, "skor_kapasitas_sosial": 53.37, "ikpp_komposit": 39.2, "kuadran": "Kuadran III (Ekonomi Rendah, Keputusan Rendah)", "lisa_cluster_keputusan": "Not Significant", "lisa_cluster_ekonomi": "Low-Low (Coldspot)", "pc1": -0.318, "pc2": -0.73, "lat": 3.215, "lon": 106.249}, "geometry": {"type": "MultiPolygon", "coordinates": [[[[105.7872, 2.9022], [105.8289, 2.9886], [105.7511, 2.9681], [105.7131, 2.9829], [105.6929, 2.8549], [105.7254, 2.817], [105.7585, 2.8339], [105.7872, 2.9022]]], [[[106.2588, 3.2865], [106.2884, 3.3045], [106.308, 3.3662], [106.2723, 3.3822], [106.2413, 3.3385], [106.2588, 3.2865]]], [[[106.2015, 2.8107], [106.2264, 2.7369], [106.2519, 2.7593], [106.2015, 2.8107]]], [[[106.2832, 3.1197], [106.2778, 3.1942], [106.2296, 3.2314], [106.2129, 3.2197], [106.2035, 3.1398], [106.2322, 3.1026], [106.2832, 3.1197]]]]}}, {"type": "Feature", "id": 8208, "properties": {"WADMKK": "Pulau Taliabu", "WADMPR": "Maluku Utara", "KDPKAB": "82.08", "LUASWH": 8.61520738, "kode_wilayah": 8208, "nama_resmi": "Kabupaten Pulau Taliabu", "tipe": "Kabupaten", "provinsi": "Maluku Utara", "pulau": "Maluku", "parlemen": 25.0, "pendapatan": 13.66, "pengeluaran": 9242.0, "ahh": 67.83, "profesional": 58.37, "tpak": 53.94, "rls": 8.97, "hls": 12.51, "skor_ekonomi": 14.39, "skor_keputusan": 60.23, "skor_kapasitas_sosial": 48.61, "ikpp_komposit": 39.57, "kuadran": "Kuadran II (Ekonomi Rendah, Keputusan Tinggi)", "lisa_cluster_keputusan": "High-High (Hotspot)", "lisa_cluster_ekonomi": "Not Significant", "pc1": -0.157, "pc2": -2.888, "lat": -1.947, "lon": 124.387}, "geometry": {"type": "MultiPolygon", "coordinates": [[[[124.4407, -2.0254], [124.5474, -2.0094], [124.6921, -1.9705], [124.7704, -1.9178], [124.8623, -1.8916], [124.8885, -1.924], [124.9762, -1.9373], [125.014, -1.8991], [125.0584, -1.885], [125.0927, -1.8977], [125.1271, -1.8774], [125.3268, -1.8844], [125.3142, -1.8469], [125.3211, -1.784], [125.2935, -1.7323], [125.2416, -1.7251], [125.2128, -1.793], [125.1819, -1.7842], [125.205, -1.7285], [125.1844, -1.7037], [125.1079, -1.6919], [125.0966, -1.7446], [125.0681, -1.7727], [125.0219, -1.7606], [124.9928, -1.7135], [124.93, -1.7056], [124.7779, -1.6653], [124.7513, -1.6707], [124.672, -1.644], [124.5572, -1.6382], [124.4632, -1.6634], [124.4013, -1.6601], [124.3792, -1.6767], [124.3478, -1.7887], [124.3373, -1.8906], [124.379, -1.9424], [124.3922, -2.0188], [124.4407, -2.0254]]], [[[124.3333, -1.9665], [124.304, -1.9971], [124.3625, -2.0363], [124.3663, -1.9702], [124.3333, -1.9665]]]]}}, {"type": "Feature", "id": 5305, "properties": {"WADMKK": "Timor Tengah Utara", "WADMPR": "Nusa Tenggara Timur", "KDPKAB": "53.03", "LUASWH": 2816.8379607, "kode_wilayah": 5305, "nama_resmi": "Kabupaten Timor Tengah Utara", "tipe": "Kabupaten", "provinsi": "Nusa Tenggara Timur", "pulau": "Bali & Nusa Tenggara", "parlemen": 13.33, "pendapatan": 39.94, "pengeluaran": 7242.0, "ahh": 69.86, "profesional": 51.22, "tpak": 78.52, "rls": 8.17, "hls": 13.36, "skor_ekonomi": 54.77, "skor_keputusan": 44.84, "skor_kapasitas_sosial": 49.16, "ikpp_komposit": 49.68, "kuadran": "Kuadran IV (Ekonomi Tinggi, Keputusan Rendah)", "lisa_cluster_keputusan": "Not Significant", "lisa_cluster_ekonomi": "High-High (Hotspot)", "pc1": -1.948, "pc2": 1.325, "lat": -8.209, "lon": 124.573}, "geometry": {"type": "Polygon", "coordinates": [[[124.1898, -9.4832], [124.2338, -9.5182], [124.2364, -9.5432], [124.3425, -9.5869], [124.4307, -9.6052], [124.4611, -9.6367], [124.5255, -9.6615], [124.5822, -9.6163], [124.6453, -9.5849], [124.6929, -9.5861], [124.7415, -9.5303], [124.7366, -9.496], [124.7799, -9.4595], [124.8195, -9.3453], [124.844, -9.3261], [124.8574, -9.2607], [124.8199, -9.1993], [124.8202, -9.0763], [124.7924, -9.0182], [124.7298, -9.0588], [124.6974, -9.0536], [124.6816, -9.1034], [124.6159, -9.1534], [124.5253, -9.1844], [124.478, -9.1757], [124.4545, -9.2658], [124.4627, -9.2991], [124.4379, -9.3304], [124.3787, -9.3611], [124.3544, -9.4202], [124.3548, -9.4852], [124.2945, -9.4926], [124.2716, -9.4124], [124.2168, -9.3656], [124.1547, -9.4225], [124.0959, -9.4061], [124.1109, -9.4303], [124.1668, -9.4561], [124.1898, -9.4832]]]}}, {"type": "Feature", "id": 6210, "properties": {"WADMKK": "Pulang Pisau", "WADMPR": "Kalimantan Tengah", "KDPKAB": "62.11", "LUASWH": 50.87070208, "kode_wilayah": 6210, "nama_resmi": "Kabupaten Pulang Pisau", "tipe": "Kabupaten", "provinsi": "Kalimantan Tengah", "pulau": "Kalimantan", "parlemen": 24.0, "pendapatan": 22.75, "pengeluaran": 11207.0, "ahh": 70.78, "profesional": 52.56, "tpak": 53.13, "rls": 8.42, "hls": 12.52, "skor_ekonomi": 22.56, "skor_keputusan": 55.43, "skor_kapasitas_sosial": 53.16, "ikpp_komposit": 41.83, "kuadran": "Kuadran II (Ekonomi Rendah, Keputusan Tinggi)", "lisa_cluster_keputusan": "High-High (Hotspot)", "lisa_cluster_ekonomi": "Not Significant", "pc1": 0.015, "pc2": -1.83, "lat": -1.127, "lon": 113.844}, "geometry": {"type": "Polygon", "coordinates": [[[114.1525, -3.3833], [114.172, -3.334], [114.1414, -3.2669], [114.1467, -3.1875], [114.1664, -3.1746], [114.2178, -3.1923], [114.2334, -3.1689], [114.281, -3.0425], [114.2123, -2.9374], [114.2837, -2.8653], [114.2847, -2.8037], [114.3488, -2.7442], [114.3381, -2.7174], [114.3232, -2.4303], [114.3253, -2.3733], [114.2624, -2.3779], [114.2619, -2.2316], [114.2278, -2.2293], [114.1844, -2.1887], [114.1711, -2.0905], [114.0814, -1.9743], [114.0729, -1.9381], [114.032, -1.9067], [113.9859, -1.8026], [113.9744, -1.7345], [113.9815, -1.6671], [114.0309, -1.5872], [113.9831, -1.5321], [113.8564, -1.537], [113.8443, -1.583], [113.798, -1.6041], [113.8208, -1.7098], [113.8324, -1.8065], [113.8339, -1.9105], [113.8261, -2.0114], [113.9454, -2.1619], [114.0092, -2.1621], [114.1083, -2.1879], [114.085, -2.2688], [114.0418, -2.3106], [114.0253, -2.403], [113.9939, -2.3949], [113.9159, -2.4025], [113.762, -2.4019], [113.7509, -2.5217], [113.665, -2.6183], [113.5841, -2.7378], [113.6041, -2.7619], [113.6457, -2.8567], [113.6603, -2.9139], [113.7084, -2.9633], [113.7136, -3.0216], [113.6639, -3.0542], [113.6337, -3.1348], [113.6011, -3.1672], [113.6302, -3.2633], [113.6305, -3.3324], [113.5863, -3.446], [113.6818, -3.4693], [113.7857, -3.4606], [113.8526, -3.4344], [113.9494, -3.3709], [114.0438, -3.3457], [114.0744, -3.3477], [114.1525, -3.3833]]]}}, {"type": "Feature", "id": 8109, "properties": {"WADMKK": "Buru Selatan", "WADMPR": "Maluku", "KDPKAB": "81.09", "LUASWH": 68.99843714, "kode_wilayah": 8109, "nama_resmi": "Kabupaten Buru Selatan", "tipe": "Kabupaten", "provinsi": "Maluku", "pulau": "Maluku", "parlemen": 10.0, "pendapatan": 32.16, "pengeluaran": 9140.0, "ahh": 67.32, "profesional": 58.97, "tpak": 49.51, "rls": 9.2, "hls": 13.52, "skor_ekonomi": 29.29, "skor_keputusan": 46.99, "skor_kapasitas_sosial": 50.23, "ikpp_komposit": 40.56, "kuadran": "Kuadran III (Ekonomi Rendah, Keputusan Rendah)", "lisa_cluster_keputusan": "Not Significant", "lisa_cluster_ekonomi": "Not Significant", "pc1": -0.403, "pc2": -0.69, "lat": -3.838, "lon": 126.734}, "geometry": {"type": "MultiPolygon", "coordinates": [[[[126.1245, -3.1511], [126.0893, -3.1133], [126.0174, -3.1739], [126.0055, -3.2606], [126.0184, -3.3319], [126.0072, -3.358], [126.0396, -3.3972], [126.0387, -3.4258], [126.0719, -3.475], [126.1254, -3.5018], [126.1606, -3.5399], [126.1633, -3.5803], [126.1969, -3.6232], [126.233, -3.6185], [126.281, -3.6638], [126.3308, -3.6774], [126.4141, -3.7328], [126.5224, -3.7945], [126.552, -3.7903], [126.634, -3.8212], [126.6956, -3.8617], [126.7456, -3.848], [126.8462, -3.7906], [126.9559, -3.7694], [126.996, -3.726], [127.0512, -3.6891], [127.143, -3.661], [127.1909, -3.6759], [127.2402, -3.6238], [127.1901, -3.601], [127.1924, -3.5679], [127.1409, -3.5187], [127.088, -3.5186], [127.0375, -3.5782], [126.976, -3.602], [126.9308, -3.6335], [126.8469, -3.6609], [126.7714, -3.6716], [126.7256, -3.6553], [126.6804, -3.5351], [126.643, -3.5086], [126.618, -3.5251], [126.5963, -3.4581], [126.5377, -3.4515], [126.4785, -3.4739], [126.433, -3.3903], [126.33, -3.351], [126.3081, -3.3176], [126.2414, -3.2897], [126.1398, -3.2939], [126.1041, -3.2637], [126.1066, -3.166], [126.1245, -3.1511]]], [[[127.2423, -3.8546], [127.1986, -3.816], [127.1424, -3.8533], [127.1641, -3.8887], [127.2234, -3.8956], [127.2423, -3.8546]]]]}}, {"type": "Feature", "id": 1672, "properties": {"WADMKK": "Kota Prabumulih", "WADMPR": "Sumatera Selatan", "KDPKAB": "16.74", "LUASWH": 12.55745692, "kode_wilayah": 1672, "nama_resmi": "Kota Prabumulih", "tipe": "Kota", "provinsi": "Sumatera Selatan", "pulau": "Sumatera", "parlemen": 26.67, "pendapatan": 24.97, "pengeluaran": 13982.0, "ahh": 73.62, "profesional": 59.31, "tpak": 58.38, "rls": 10.36, "hls": 13.41, "skor_ekonomi": 27.95, "skor_keputusan": 62.38, "skor_kapasitas_sosial": 65.53, "ikpp_komposit": 49.24, "kuadran": "Kuadran II (Ekonomi Rendah, Keputusan Tinggi)", "lisa_cluster_keputusan": "Not Significant", "lisa_cluster_ekonomi": "Not Significant", "pc1": 1.724, "pc2": -0.833, "lat": -4.039, "lon": 103.197}, "geometry": {"type": "Polygon", "coordinates": [[[104.1322, -3.3439], [104.1537, -3.4087], [104.1257, -3.4949], [104.1492, -3.5507], [104.2173, -3.5263], [104.2519, -3.5422], [104.274, -3.5822], [104.3157, -3.5571], [104.3177, -3.5387], [104.295, -3.4745], [104.3517, -3.3759], [104.3133, -3.3506], [104.2864, -3.3652], [104.2084, -3.3597], [104.1847, -3.3286], [104.1322, -3.3439]]]}}, {"type": "Feature", "id": 7401, "properties": {"WADMKK": "Buton", "WADMPR": "Sulawesi Tenggara", "KDPKAB": "74.04", "LUASWH": 907.25299897, "kode_wilayah": 7401, "nama_resmi": "Kabupaten Buton", "tipe": "Kabupaten", "provinsi": "Sulawesi Tenggara", "pulau": "Sulawesi", "parlemen": 24.0, "pendapatan": 35.67, "pengeluaran": 9692.0, "ahh": 71.52, "profesional": 55.79, "tpak": 56.64, "rls": 8.1, "hls": 11.91, "skor_ekonomi": 37.07, "skor_keputusan": 57.59, "skor_kapasitas_sosial": 50.84, "ikpp_komposit": 48.03, "kuadran": "Kuadran I (Ekonomi Tinggi, Keputusan Tinggi)", "lisa_cluster_keputusan": "Not Significant", "lisa_cluster_ekonomi": "Not Significant", "pc1": -0.792, "pc2": -0.729, "lat": -4.061, "lon": 121.616}, "geometry": {"type": "Polygon", "coordinates": [[[122.8228, -5.652], [122.8956, -5.5646], [122.898, -5.5224], [122.8469, -5.4899], [122.8944, -5.4392], [122.9382, -5.4274], [122.9714, -5.396], [123.0156, -5.4442], [123.1342, -5.3974], [123.218, -5.301], [123.1758, -5.2461], [123.152, -5.2483], [123.1046, -5.1885], [123.0427, -5.1416], [123.0081, -5.1459], [122.9517, -5.2179], [122.9211, -5.1747], [122.9501, -5.1467], [122.8807, -5.1126], [122.8322, -5.0736], [122.787, -5.0867], [122.7507, -5.1473], [122.8113, -5.2211], [122.7552, -5.2548], [122.7333, -5.2417], [122.6838, -5.3222], [122.7601, -5.3758], [122.7699, -5.4142], [122.7423, -5.4796], [122.7889, -5.4877], [122.7941, -5.6158], [122.8228, -5.652]]]}}, {"type": "Feature", "id": 3213, "properties": {"WADMKK": "Subang", "WADMPR": "Jawa Barat", "KDPKAB": "32.13", "LUASWH": 9.98283037, "kode_wilayah": 3213, "nama_resmi": "Kabupaten Subang", "tipe": "Kabupaten", "provinsi": "Jawa Barat", "pulau": "Jawa", "parlemen": 22.0, "pendapatan": 31.71, "pengeluaran": 11894.0, "ahh": 75.8, "profesional": 40.43, "tpak": 55.83, "rls": 7.46, "hls": 12.11, "skor_ekonomi": 32.79, "skor_keputusan": 45.5, "skor_kapasitas_sosial": 57.51, "ikpp_komposit": 42.82, "kuadran": "Kuadran III (Ekonomi Rendah, Keputusan Rendah)", "lisa_cluster_keputusan": "Not Significant", "lisa_cluster_ekonomi": "Low-Low (Coldspot)", "pc1": -0.336, "pc2": -0.583, "lat": -6.571, "lon": 107.762}, "geometry": {"type": "Polygon", "coordinates": [[[107.75, -6.8128], [107.8162, -6.8008], [107.8398, -6.7607], [107.8276, -6.688], [107.8513, -6.6513], [107.8554, -6.5791], [107.9095, -6.5376], [107.9208, -6.5124], [107.8901, -6.4429], [107.9001, -6.3871], [107.9233, -6.3602], [107.9196, -6.2498], [107.8887, -6.2245], [107.8842, -6.1848], [107.8187, -6.187], [107.8052, -6.2209], [107.6789, -6.2372], [107.6429, -6.2155], [107.5821, -6.2561], [107.579, -6.3223], [107.5294, -6.4184], [107.5639, -6.4901], [107.5578, -6.562], [107.5858, -6.5916], [107.5799, -6.6358], [107.5938, -6.7285], [107.629, -6.7741], [107.6693, -6.7772], [107.7462, -6.8137], [107.75, -6.8128]]]}}, {"type": "Feature", "id": 9402, "properties": {"WADMKK": "Jayawijaya", "WADMPR": "Papua Pegunungan", "KDPKAB": "91.02", "LUASWH": 2.91673831, "kode_wilayah": 9402, "nama_resmi": "Kabupaten Jayawijaya", "tipe": "Kabupaten", "provinsi": "Papua Pegunungan", "pulau": "Papua", "parlemen": 10.0, "pendapatan": 48.13, "pengeluaran": 5747.0, "ahh": 68.52, "profesional": 36.12, "tpak": 80.21, "rls": 4.35, "hls": 8.05, "skor_ekonomi": 63.64, "skor_keputusan": 31.71, "skor_kapasitas_sosial": 27.59, "ikpp_komposit": 43.66, "kuadran": "Kuadran IV (Ekonomi Tinggi, Keputusan Rendah)", "lisa_cluster_keputusan": "Low-Low (Coldspot)", "lisa_cluster_ekonomi": "High-High (Hotspot)", "pc1": -6.014, "pc2": 0.678, "lat": -3.716, "lon": 137.988}, "geometry": {"type": "Polygon", "coordinates": [[[138.6428, -4.2357], [138.6242, -4.3184], [138.5833, -4.4019], [138.6243, -4.4724], [138.7529, -4.4782], [138.777, -4.4408], [138.7739, -4.385], [138.7643, -4.3572], [138.7221, -4.3515], [138.7559, -4.2696], [138.8041, -4.2146], [138.8642, -4.2623], [138.9211, -4.2569], [138.9263, -4.2321], [138.9868, -4.2227], [139.0153, -4.1914], [139.0593, -4.1932], [139.1083, -4.175], [139.2086, -4.1835], [139.2214, -4.1271], [139.1891, -4.0613], [139.1982, -4.0023], [139.1414, -3.9535], [139.0619, -3.9162], [139.0197, -3.9686], [138.9549, -3.916], [138.9493, -3.8789], [138.9045, -3.868], [138.9061, -3.8135], [138.8819, -3.7925], [138.7889, -3.8089], [138.7237, -3.7763], [138.6345, -3.7668], [138.6597, -3.8432], [138.7207, -3.883], [138.7463, -3.9973], [138.6945, -4.0305], [138.6746, -4.0823], [138.6655, -4.1656], [138.6428, -4.2357]]]}}, {"type": "Feature", "id": 6205, "properties": {"WADMKK": "Barito Utara", "WADMPR": "Kalimantan Tengah", "KDPKAB": "62.05", "LUASWH": 160.61785323, "kode_wilayah": 6205, "nama_resmi": "Kabupaten Barito Utara", "tipe": "Kabupaten", "provinsi": "Kalimantan Tengah", "pulau": "Kalimantan", "parlemen": 36.0, "pendapatan": 42.32, "pengeluaran": 11150.0, "ahh": 73.84, "profesional": 48.62, "tpak": 55.61, "rls": 8.92, "hls": 12.55, "skor_ekonomi": 42.78, "skor_keputusan": 63.71, "skor_kapasitas_sosial": 58.3, "ikpp_komposit": 54.26, "kuadran": "Kuadran I (Ekonomi Tinggi, Keputusan Tinggi)", "lisa_cluster_keputusan": "High-High (Hotspot)", "lisa_cluster_ekonomi": "Not Significant", "pc1": 0.182, "pc2": -0.086, "lat": -0.952, "lon": 114.898}, "geometry": {"type": "Polygon", "coordinates": [[[114.6681, -1.3193], [114.7908, -1.3471], [114.8946, -1.3536], [114.991, -1.3186], [115.1277, -1.3137], [115.1773, -1.2912], [115.1913, -1.3138], [115.2443, -1.3204], [115.2546, -1.3632], [115.3008, -1.3343], [115.3084, -1.2961], [115.365, -1.2559], [115.4126, -1.2637], [115.401, -1.3553], [115.4419, -1.4057], [115.4545, -1.4616], [115.4675, -1.4341], [115.5241, -1.4296], [115.6262, -1.3504], [115.7163, -1.3363], [115.7588, -1.3126], [115.7772, -1.2312], [115.8192, -1.1834], [115.8494, -1.1718], [115.8419, -1.0969], [115.8198, -1.0886], [115.7664, -1.1377], [115.7109, -1.075], [115.6792, -1.0089], [115.6323, -0.9862], [115.5545, -0.8598], [115.4804, -0.8763], [115.3764, -0.8755], [115.2882, -0.7951], [115.3008, -0.745], [115.3466, -0.7204], [115.3338, -0.6832], [115.378, -0.6398], [115.3565, -0.6134], [115.3809, -0.5722], [115.3367, -0.5435], [115.2904, -0.5554], [115.3071, -0.486], [115.2735, -0.4548], [115.2336, -0.3633], [115.2299, -0.306], [115.2538, -0.3009], [115.2566, -0.2407], [115.2981, -0.2077], [115.257, -0.1607], [115.3096, -0.1178], [115.2949, -0.0524], [115.166, -0.0872], [115.1499, -0.1391], [115.0668, -0.1488], [115.013, -0.2662], [115.0387, -0.3381], [115.0203, -0.3922], [115.0101, -0.5238], [114.9777, -0.5888], [114.8886, -0.6763], [114.8729, -0.7126], [114.8324, -0.7368], [114.7365, -0.7683], [114.6534, -0.8599], [114.636, -0.8627], [114.5697, -0.8753], [114.5554, -0.9156], [114.5216, -0.9034], [114.5045, -0.9504], [114.4545, -1.0244], [114.4832, -1.0433], [114.5088, -1.1229], [114.5808, -1.159], [114.6525, -1.1714], [114.6974, -1.1643], [114.6836, -1.2428], [114.6618, -1.2654], [114.6681, -1.3193]]]}}, {"type": "Feature", "id": 1703, "properties": {"WADMKK": "Bengkulu Utara", "WADMPR": "Bengkulu", "KDPKAB": "17.03", "LUASWH": 6.49244478, "kode_wilayah": 1703, "nama_resmi": "Kabupaten Bengkulu Utara", "tipe": "Kabupaten", "provinsi": "Bengkulu", "pulau": "Sumatera", "parlemen": 3.33, "pendapatan": 38.65, "pengeluaran": 11715.0, "ahh": 71.02, "profesional": 53.25, "tpak": 56.21, "rls": 8.32, "hls": 12.92, "skor_ekonomi": 39.65, "skor_keputusan": 37.1, "skor_kapasitas_sosial": 54.47, "ikpp_komposit": 41.59, "kuadran": "Kuadran IV (Ekonomi Tinggi, Keputusan Rendah)", "lisa_cluster_keputusan": "Not Significant", "lisa_cluster_ekonomi": "Not Significant", "pc1": -0.641, "pc2": 0.601, "lat": -3.437, "lon": 102.202}, "geometry": {"type": "MultiPolygon", "coordinates": [[[[102.3884, -5.4002], [102.3268, -5.3618], [102.2851, -5.3569], [102.25, -5.3254], [102.1632, -5.2897], [102.1353, -5.2954], [102.0864, -5.3404], [102.1014, -5.3621], [102.2032, -5.4168], [102.252, -5.4819], [102.2808, -5.4768], [102.3592, -5.5057], [102.3884, -5.4002]]], [[[102.1997, -3.6474], [102.199, -3.593], [102.2604, -3.5515], [102.3299, -3.5304], [102.3693, -3.4947], [102.4168, -3.4762], [102.3752, -3.3835], [102.2702, -3.3592], [102.2955, -3.3236], [102.291, -3.2838], [102.2426, -3.246], [102.1467, -3.2066], [102.1271, -3.1704], [102.1428, -3.1185], [102.1374, -3.066], [102.067, -2.9921], [102.0422, -2.9841], [102.0178, -2.8539], [101.9898, -2.8439], [101.9263, -2.7703], [101.9191, -2.7356], [101.8602, -2.7306], [101.8658, -2.7895], [101.8067, -2.8842], [101.8108, -2.92], [101.7176, -3.0447], [101.649, -3.0685], [101.5319, -3.1286], [101.6223, -3.2448], [101.7961, -3.3712], [101.8964, -3.4277], [101.9299, -3.4792], [102.0946, -3.5629], [102.1997, -3.6474]]]]}}, {"type": "Feature", "id": 1813, "properties": {"WADMKK": "Pesisir Barat", "WADMPR": "Lampung", "KDPKAB": "18.13", "LUASWH": 16.96421398, "kode_wilayah": 1813, "nama_resmi": "Kabupaten Pesisir Barat", "tipe": "Kabupaten", "provinsi": "Lampung", "pulau": "Sumatera", "parlemen": 12.0, "pendapatan": 34.27, "pengeluaran": 9550.0, "ahh": 66.65, "profesional": 47.51, "tpak": 57.58, "rls": 8.73, "hls": 12.16, "skor_ekonomi": 36.32, "skor_keputusan": 41.14, "skor_kapasitas_sosial": 46.17, "ikpp_komposit": 40.22, "kuadran": "Kuadran IV (Ekonomi Tinggi, Keputusan Rendah)", "lisa_cluster_keputusan": "Not Significant", "lisa_cluster_ekonomi": "Not Significant", "pc1": -1.514, "pc2": -0.391, "lat": -5.188, "lon": 103.935}, "geometry": {"type": "Polygon", "coordinates": [[[104.6586, -5.9364], [104.6633, -5.9154], [104.6177, -5.8013], [104.5886, -5.7545], [104.6155, -5.7419], [104.629, -5.6942], [104.5682, -5.6204], [104.5079, -5.6117], [104.4788, -5.5398], [104.431, -5.5068], [104.4202, -5.4553], [104.3158, -5.3542], [104.291, -5.3317], [104.2226, -5.2181], [104.1525, -5.192], [104.0852, -5.1429], [104.0667, -5.1013], [104.0238, -5.092], [104.0048, -5.0063], [103.9726, -4.9691], [103.8923, -4.9719], [103.8316, -4.9431], [103.8123, -4.8918], [103.8557, -4.8919], [103.8695, -4.8564], [103.8263, -4.8017], [103.7905, -4.779], [103.7311, -4.7993], [103.6693, -4.8493], [103.596, -4.9224], [103.6396, -4.9327], [103.6587, -4.9664], [103.711, -4.9631], [103.7697, -5.0301], [103.8389, -5.0661], [103.868, -5.1107], [103.91, -5.126], [103.9361, -5.1718], [103.9066, -5.2086], [103.9866, -5.258], [104.0557, -5.3764], [104.1199, -5.4571], [104.1777, -5.482], [104.3114, -5.5914], [104.3027, -5.6419], [104.38, -5.6804], [104.4867, -5.7968], [104.5625, -5.8636], [104.5926, -5.9381], [104.6586, -5.9364]]]}}, {"type": "Feature", "id": 3573, "properties": {"WADMKK": "Malang", "WADMPR": "Jawa Timur", "KDPKAB": "35.07", "LUASWH": 1.4957195, "kode_wilayah": 3573, "nama_resmi": "Kota Malang", "tipe": "Kota", "provinsi": "Jawa Timur", "pulau": "Jawa", "parlemen": 26.67, "pendapatan": 34.55, "pengeluaran": 17791.0, "ahh": 76.19, "profesional": 49.5, "tpak": 55.86, "rls": 11.14, "hls": 15.79, "skor_ekonomi": 35.52, "skor_keputusan": 55.81, "skor_kapasitas_sosial": 78.7, "ikpp_komposit": 52.27, "kuadran": "Kuadran I (Ekonomi Tinggi, Keputusan Tinggi)", "lisa_cluster_keputusan": "Not Significant", "lisa_cluster_ekonomi": "Not Significant", "pc1": 3.38, "pc2": 0.949, "lat": -7.978, "lon": 112.634}, "geometry": {"type": "Polygon", "coordinates": [[[112.3599, -8.3484], [112.3724, -8.3748], [112.4435, -8.3976], [112.5529, -8.4017], [112.6718, -8.4448], [112.7111, -8.4173], [112.8145, -8.3995], [112.8715, -8.4081], [112.9373, -8.3818], [112.9489, -8.3575], [112.949, -8.3568], [112.9491, -8.3561], [112.9119, -8.2694], [112.9224, -8.2388], [112.9042, -8.1922], [112.9203, -8.0879], [112.9001, -8.0619], [112.9407, -7.9819], [112.9351, -7.956], [112.886, -7.9523], [112.8087, -7.9267], [112.7749, -7.8702], [112.7169, -7.8206], [112.6324, -7.7976], [112.5898, -7.765], [112.5643, -7.8795], [112.5957, -7.9034], [112.4942, -7.9322], [112.4789, -7.8862], [112.4989, -7.8213], [112.4895, -7.7655], [112.4556, -7.7792], [112.4173, -7.7645], [112.3822, -7.7851], [112.3495, -7.7616], [112.307, -7.801], [112.3257, -7.8713], [112.3066, -7.9293], [112.3636, -7.9554], [112.453, -7.9271], [112.4773, -7.9643], [112.4559, -8.0503], [112.4531, -8.1445], [112.3668, -8.1749], [112.3892, -8.2152], [112.3884, -8.2854], [112.3599, -8.3484]], [[112.6447, -8.0486], [112.5974, -8.006], [112.5899, -7.9362], [112.6302, -7.9108], [112.6615, -7.9255], [112.6581, -7.9653], [112.6934, -7.9855], [112.6447, -8.0486]]]}}, {"type": "Feature", "id": 5203, "properties": {"WADMKK": "Lombok Timur", "WADMPR": "Nusa Tenggara Barat", "KDPKAB": "52.03", "LUASWH": 3.1428694, "kode_wilayah": 5203, "nama_resmi": "Kabupaten Lombok Timur", "tipe": "Kabupaten", "provinsi": "Nusa Tenggara Barat", "pulau": "Bali & Nusa Tenggara", "parlemen": 14.0, "pendapatan": 45.85, "pengeluaran": 10571.0, "ahh": 69.22, "profesional": 46.33, "tpak": 69.94, "rls": 7.36, "hls": 14.07, "skor_ekonomi": 55.07, "skor_keputusan": 42.17, "skor_kapasitas_sosial": 51.0, "ikpp_komposit": 49.1, "kuadran": "Kuadran IV (Ekonomi Tinggi, Keputusan Rendah)", "lisa_cluster_keputusan": "Low-Low (Coldspot)", "lisa_cluster_ekonomi": "Not Significant", "pc1": -1.423, "pc2": 1.627, "lat": -8.651, "lon": 116.53}, "geometry": {"type": "Polygon", "coordinates": [[[116.4027, -8.8646], [116.4143, -8.8374], [116.4614, -8.8495], [116.4484, -8.8991], [116.4724, -8.9212], [116.5698, -8.8913], [116.4946, -8.8142], [116.5425, -8.7568], [116.6237, -8.6042], [116.6672, -8.5557], [116.6622, -8.4865], [116.7107, -8.4435], [116.7181, -8.3483], [116.6507, -8.2883], [116.6085, -8.2828], [116.4939, -8.2455], [116.4699, -8.2736], [116.4646, -8.3344], [116.4213, -8.3881], [116.4063, -8.4345], [116.3843, -8.4905], [116.3786, -8.664], [116.4281, -8.6906], [116.4463, -8.7443], [116.396, -8.8178], [116.4027, -8.8646]]]}}, {"type": "Feature", "id": 1112, "properties": {"WADMKK": "Aceh Barat Daya", "WADMPR": "Aceh", "KDPKAB": "11.12", "LUASWH": 14.17220426, "kode_wilayah": 1112, "nama_resmi": "Kabupaten Aceh Barat Daya", "tipe": "Kabupaten", "provinsi": "Aceh", "pulau": "Sumatera", "parlemen": 4.0, "pendapatan": 30.51, "pengeluaran": 9559.0, "ahh": 67.63, "profesional": 56.83, "tpak": 37.63, "rls": 8.78, "hls": 13.69, "skor_ekonomi": 20.32, "skor_keputusan": 40.11, "skor_kapasitas_sosial": 50.41, "ikpp_komposit": 34.25, "kuadran": "Kuadran III (Ekonomi Rendah, Keputusan Rendah)", "lisa_cluster_keputusan": "Low-Low (Coldspot)", "lisa_cluster_ekonomi": "Not Significant", "pc1": -0.16, "pc2": -1.177, "lat": 3.739, "lon": 96.852}, "geometry": {"type": "Polygon", "coordinates": [[[96.62, 3.737], [96.6729, 3.7464], [96.7758, 3.7384], [96.8519, 3.7021], [96.8796, 3.6773], [96.9032, 3.6022], [96.9425, 3.5739], [96.9635, 3.6135], [97.0281, 3.6002], [97.1311, 3.6843], [97.1545, 3.7415], [97.1116, 3.8329], [97.1193, 3.919], [97.1009, 3.9452], [97.0461, 3.9584], [96.9941, 3.9382], [96.8383, 3.9544], [96.8099, 3.9802], [96.7924, 4.0492], [96.7238, 4.094], [96.7272, 4.0377], [96.7063, 3.9947], [96.6309, 3.9621], [96.5963, 3.887], [96.5861, 3.8371], [96.6131, 3.8097], [96.62, 3.737]]]}}, {"type": "Feature", "id": 3524, "properties": {"WADMKK": "Lamongan", "WADMPR": "Jawa Timur", "KDPKAB": "35.24", "LUASWH": 4.73129276, "kode_wilayah": 3524, "nama_resmi": "Kabupaten Lamongan", "tipe": "Kabupaten", "provinsi": "Jawa Timur", "pulau": "Jawa", "parlemen": 16.0, "pendapatan": 33.21, "pengeluaran": 12419.0, "ahh": 75.66, "profesional": 55.47, "tpak": 60.78, "rls": 8.48, "hls": 14.03, "skor_ekonomi": 37.3, "skor_keputusan": 50.11, "skor_kapasitas_sosial": 63.67, "ikpp_komposit": 47.7, "kuadran": "Kuadran I (Ekonomi Tinggi, Keputusan Tinggi)", "lisa_cluster_keputusan": "Not Significant", "lisa_cluster_ekonomi": "Not Significant", "pc1": 0.739, "pc2": 0.386, "lat": -7.121, "lon": 112.415}, "geometry": {"type": "Polygon", "coordinates": [[[112.0815, -7.3826], [112.2113, -7.3486], [112.25, -7.3632], [112.3458, -7.3451], [112.3707, -7.3243], [112.4102, -7.3053], [112.3997, -7.2602], [112.4466, -7.2135], [112.5015, -7.1918], [112.47, -7.1588], [112.476, -7.1257], [112.5359, -7.0956], [112.5459, -7.0573], [112.4787, -7.0033], [112.3712, -6.9848], [112.4301, -6.9301], [112.44, -6.8743], [112.3311, -6.8616], [112.2707, -6.8773], [112.223, -6.8726], [112.1707, -6.8973], [112.203, -6.9183], [112.2188, -7.0687], [112.1522, -7.1094], [112.1187, -7.2112], [112.0896, -7.2279], [112.09, -7.2981], [112.0726, -7.3333], [112.0815, -7.3826]]]}}, {"type": "Feature", "id": 3272, "properties": {"WADMKK": "Sukabumi", "WADMPR": "Jawa Barat", "KDPKAB": "32.02", "LUASWH": 19.4653729, "kode_wilayah": 3272, "nama_resmi": "Kota Sukabumi", "tipe": "Kota", "provinsi": "Jawa Barat", "pulau": "Jawa", "parlemen": 20.0, "pendapatan": 28.21, "pengeluaran": 12252.0, "ahh": 75.57, "profesional": 42.37, "tpak": 45.67, "rls": 10.38, "hls": 13.62, "skor_ekonomi": 23.13, "skor_keputusan": 44.98, "skor_kapasitas_sosial": 66.88, "ikpp_komposit": 40.62, "kuadran": "Kuadran III (Ekonomi Rendah, Keputusan Rendah)", "lisa_cluster_keputusan": "Not Significant", "lisa_cluster_ekonomi": "Low-Low (Coldspot)", "pc1": 1.508, "pc2": -0.646, "lat": -6.918, "lon": 106.932}, "geometry": {"type": "Polygon", "coordinates": [[[106.3971, -6.9785], [106.443, -6.9529], [106.5125, -6.9656], [106.5419, -6.9837], [106.5437, -7.056], [106.4842, -7.104], [106.4497, -7.1494], [106.4397, -7.1906], [106.4014, -7.1867], [106.3729, -7.3081], [106.4039, -7.3562], [106.4875, -7.3752], [106.5237, -7.4079], [106.7938, -7.4368], [106.7791, -7.3991], [106.8226, -7.3631], [106.8602, -7.3638], [106.9672, -7.3122], [106.9788, -7.2417], [106.9644, -7.1423], [106.9369, -7.1098], [106.973, -7.0184], [107.0456, -7.0422], [107.0323, -6.9812], [107.0485, -6.9421], [107.0323, -6.8729], [106.9961, -6.8347], [106.9652, -6.7705], [106.8995, -6.7881], [106.7783, -6.755], [106.7415, -6.7156], [106.6826, -6.7463], [106.6331, -6.7549], [106.5696, -6.7219], [106.5247, -6.7624], [106.4979, -6.791], [106.4356, -6.8242], [106.4312, -6.8617], [106.393, -6.9004], [106.3971, -6.9785]], [[106.9034, -6.9359], [106.9144, -6.8941], [106.9589, -6.9193], [106.9524, -6.964], [106.8983, -6.9776], [106.9034, -6.9359]]]}}, {"type": "Feature", "id": 1611, "properties": {"WADMKK": "Empat Lawang", "WADMPR": "Sumatera Selatan", "KDPKAB": "16.11", "LUASWH": 11.16007809, "kode_wilayah": 1611, "nama_resmi": "Kabupaten Empat Lawang", "tipe": "Kabupaten", "provinsi": "Sumatera Selatan", "pulau": "Sumatera", "parlemen": 22.86, "pendapatan": 34.25, "pengeluaran": 10889.0, "ahh": 67.85, "profesional": 62.69, "tpak": 69.56, "rls": 7.68, "hls": 12.11, "skor_ekonomi": 43.76, "skor_keputusan": 61.17, "skor_kapasitas_sosial": 46.58, "ikpp_komposit": 51.29, "kuadran": "Kuadran I (Ekonomi Tinggi, Keputusan Tinggi)", "lisa_cluster_keputusan": "High-High (Hotspot)", "lisa_cluster_ekonomi": "Not Significant", "pc1": -1.279, "pc2": -0.408, "lat": -3.61, "lon": 103.103}, "geometry": {"type": "Polygon", "coordinates": [[[102.9979, -4.0192], [103.1236, -4.0065], [103.1069, -3.9743], [103.1193, -3.8682], [103.1381, -3.8163], [103.0882, -3.7652], [103.1187, -3.7025], [103.1024, -3.6539], [103.1395, -3.5823], [103.2022, -3.5013], [103.1716, -3.4522], [103.1019, -3.475], [103.0346, -3.4208], [102.9985, -3.4129], [103.0051, -3.4666], [102.9947, -3.5248], [102.9071, -3.6165], [102.8476, -3.5369], [102.8102, -3.5299], [102.8102, -3.5299], [102.7972, -3.5712], [102.8078, -3.6128], [102.7706, -3.7082], [102.7343, -3.7463], [102.6573, -3.772], [102.6203, -3.8022], [102.6609, -3.8184], [102.7486, -3.9011], [102.7917, -3.9559], [102.8849, -3.9894], [102.9119, -3.9696], [102.9611, -4.0197], [102.9979, -4.0192]]]}}, {"type": "Feature", "id": 6403, "properties": {"WADMKK": "Kutai Kartanegara", "WADMPR": "Kalimantan Timur", "KDPKAB": "64.02", "LUASWH": 11.01412387, "kode_wilayah": 6403, "nama_resmi": "Kabupaten Kutai Kartanegara", "tipe": "Kabupaten", "provinsi": "Kalimantan Timur", "pulau": "Kalimantan", "parlemen": 26.67, "pendapatan": 24.38, "pengeluaran": 12957.0, "ahh": 75.01, "profesional": 53.41, "tpak": 44.86, "rls": 9.27, "hls": 13.65, "skor_ekonomi": 18.97, "skor_keputusan": 58.43, "skor_kapasitas_sosial": 64.39, "ikpp_komposit": 43.84, "kuadran": "Kuadran II (Ekonomi Rendah, Keputusan Tinggi)", "lisa_cluster_keputusan": "Not Significant", "lisa_cluster_ekonomi": "Low-Low (Coldspot)", "pc1": 1.727, "pc2": -1.553, "lat": 2.15, "lon": 117.508}, "geometry": {"type": "MultiPolygon", "coordinates": [[[[117.0227, -1.1407], [117.0648, -1.1064], [117.1575, -0.9688], [117.2031, -0.9281], [117.2488, -0.9072], [117.2569, -0.804], [117.2817, -0.791], [117.3007, -0.6462], [117.2798, -0.5979], [117.2282, -0.639], [117.2257, -0.662], [117.1622, -0.7165], [117.1306, -0.6691], [117.1454, -0.6207], [117.0777, -0.5897], [117.0542, -0.5506], [117.0705, -0.4314], [117.1278, -0.4084], [117.1429, -0.3202], [117.2063, -0.3235], [117.239, -0.3574], [117.2979, -0.3765], [117.27, -0.4219], [117.2581, -0.5144], [117.2751, -0.5835], [117.338, -0.5797], [117.4123, -0.5392], [117.4543, -0.4472], [117.4284, -0.3986], [117.4578, -0.3871], [117.4434, -0.2988], [117.4173, -0.2467], [117.4817, -0.069], [117.5177, -0.0315], [117.5166, 0.0224], [117.3883, 0.0225], [117.268, 0.0389], [117.2178, 0.0774], [117.2036, 0.1214], [117.1726, 0.151], [117.1819, 0.2054], [117.1766, 0.2742], [117.2157, 0.3394], [117.1444, 0.3706], [117.1067, 0.4382], [117.0786, 0.4483], [117.0272, 0.5367], [116.9898, 0.5794], [116.9473, 0.522], [116.931, 0.4187], [116.8766, 0.3661], [116.8264, 0.2359], [116.7766, 0.2273], [116.6525, 0.1839], [116.4692, 0.1839], [116.4595, 0.236], [116.4685, 0.3126], [116.4022, 0.3562], [116.3173, 0.4607], [116.2841, 0.4721], [116.2623, 0.5291], [116.2722, 0.5853], [116.244, 0.6297], [116.2239, 0.7103], [116.1234, 0.7548], [116.0757, 0.8094], [116.0287, 0.7742], [115.9911, 0.8033], [116.0322, 0.8521], [116.0471, 0.9196], [116.029, 0.9714], [116.0743, 1.0243], [116.0318, 1.1284], [116.0357, 1.1756], [116.0806, 1.2114], [116.1122, 1.2706], [116.1491, 1.2972], [116.1585, 1.3627], [116.141, 1.4138], [116.1543, 1.4505], [116.1312, 1.4781], [116.0076, 1.5259], [115.9648, 1.5241], [115.9551, 1.4894], [115.9085, 1.4735], [115.8543, 1.434], [115.8569, 1.4014], [115.807, 1.3246], [115.7734, 1.3077], [115.7645, 1.2591], [115.697, 1.2663], [115.6858, 1.282], [115.5948, 1.2822], [115.4875, 1.2525], [115.4274, 1.2228], [115.4049, 1.1734], [115.4181, 1.1517], [115.3593, 1.0629], [115.3005, 1.0606], [115.2562, 1.0151], [115.2417, 0.9526], [115.3033, 0.8883], [115.2778, 0.8365], [115.4298, 0.7743], [115.492, 0.7656], [115.547, 0.7206], [115.5854, 0.6515], [115.6729, 0.5797], [115.7544, 0.4848], [115.7621, 0.4126], [115.6845, 0.3594], [115.6829, 0.3295], [115.7818, 0.2845], [115.7637, 0.2318], [115.8309, 0.2152], [115.9052, 0.1219], [115.9792, 0.101], [115.9893, 0.0207], [115.9481, -0.0155], [115.9608, -0.0578], [116.0341, -0.1457], [116.0655, -0.1678], [116.1609, -0.1783], [116.165, -0.214], [116.2774, -0.289], [116.3064, -0.3298], [116.3222, -0.3825], [116.2414, -0.4025], [116.2658, -0.4497], [116.2506, -0.4859], [116.287, -0.5241], [116.32, -0.5342], [116.4494, -0.7122], [116.455, -0.735], [116.5168, -0.7483], [116.4906, -0.8071], [116.5009, -0.8581], [116.515, -0.8263], [116.5641, -0.8127], [116.5683, -0.8599], [116.5995, -0.8824], [116.6415, -0.8623], [116.6512, -0.8252], [116.6899, -0.7978], [116.7725, -0.8258], [116.8252, -0.8098], [116.8657, -0.8336], [116.9041, -0.8953], [116.9452, -0.8796], [116.9311, -0.9516], [116.8517, -1.0158], [116.8402, -1.0483], [116.9037, -1.0647], [116.9335, -1.1101], [117.0227, -1.1407]]], [[[117.3403, -0.7814], [117.3477, -0.8262], [117.311, -0.8563], [117.3291, -0.9049], [117.3579, -0.8971], [117.3733, -0.84], [117.3403, -0.7814]]], [[[117.3119, -0.5782], [117.3258, -0.63], [117.3676, -0.6436], [117.3711, -0.6001], [117.3119, -0.5782]]], [[[117.4622, -0.7027], [117.4461, -0.741], [117.4964, -0.748], [117.515, -0.7728], [117.5981, -0.7853], [117.6168, -0.7585], [117.5559, -0.7272], [117.5152, -0.7363], [117.4622, -0.7027]]], [[[117.3751, -0.7173], [117.3198, -0.6853], [117.3334, -0.7559], [117.4031, -0.8627], [117.4112, -0.8384], [117.3723, -0.7517], [117.3751, -0.7173]]], [[[117.5045, -0.5456], [117.5181, -0.6028], [117.5781, -0.5776], [117.5858, -0.5222], [117.5488, -0.5054], [117.5045, -0.5456]]], [[[117.4753, -0.5567], [117.3861, -0.5757], [117.4488, -0.6089], [117.4753, -0.5567]]], [[[117.6249, -0.4203], [117.5912, -0.4121], [117.4971, -0.4722], [117.5097, -0.5065], [117.575, -0.4876], [117.6204, -0.4613], [117.6249, -0.4203]]], [[[117.4997, -0.4236], [117.5397, -0.377], [117.5179, -0.3501], [117.4694, -0.4184], [117.4997, -0.4236]]]]}}, {"type": "Feature", "id": 7105, "properties": {"WADMKK": "Minahasa Selatan", "WADMPR": "Sulawesi Utara", "KDPKAB": "71.05", "LUASWH": 4.00119051, "kode_wilayah": 7105, "nama_resmi": "Kabupaten Minahasa Selatan", "tipe": "Kabupaten", "provinsi": "Sulawesi Utara", "pulau": "Sulawesi", "parlemen": 33.33, "pendapatan": 31.56, "pengeluaran": 10114.0, "ahh": 67.08, "profesional": 63.76, "tpak": 44.36, "rls": 8.28, "hls": 12.34, "skor_ekonomi": 25.51, "skor_keputusan": 71.41, "skor_kapasitas_sosial": 46.6, "ikpp_komposit": 48.09, "kuadran": "Kuadran II (Ekonomi Rendah, Keputusan Tinggi)", "lisa_cluster_keputusan": "High-High (Hotspot)", "lisa_cluster_ekonomi": "Low-Low (Coldspot)", "pc1": -0.178, "pc2": -2.245, "lat": 1.213, "lon": 124.597}, "geometry": {"type": "Polygon", "coordinates": [[[124.4526, 0.7708], [124.4696, 0.7624], [124.4886, 0.8037], [124.5601, 0.8671], [124.5955, 0.9372], [124.571, 0.9627], [124.5795, 1.005], [124.5519, 1.0853], [124.6489, 1.1163], [124.6644, 1.1344], [124.7367, 1.1151], [124.7271, 1.1837], [124.7596, 1.2519], [124.7167, 1.2816], [124.7047, 1.3304], [124.6211, 1.3365], [124.5653, 1.3787], [124.5321, 1.3527], [124.5154, 1.3002], [124.5501, 1.2716], [124.5908, 1.2679], [124.6118, 1.2347], [124.5766, 1.1882], [124.5425, 1.2128], [124.5182, 1.189], [124.3836, 1.18], [124.314, 1.0559], [124.2978, 1.0108], [124.3569, 0.9821], [124.3722, 0.9519], [124.3796, 0.8699], [124.4354, 0.8312], [124.4359, 0.7861], [124.4526, 0.7708]]]}}, {"type": "Feature", "id": 1102, "properties": {"WADMKK": "Aceh Singkil", "WADMPR": "Aceh", "KDPKAB": "11.10", "LUASWH": 22.6020325, "kode_wilayah": 1102, "nama_resmi": "Kabupaten Aceh Singkil", "tipe": "Kabupaten", "provinsi": "Aceh", "pulau": "Sumatera", "parlemen": 12.0, "pendapatan": 28.92, "pengeluaran": 9862.0, "ahh": 69.93, "profesional": 59.84, "tpak": 39.11, "rls": 8.72, "hls": 14.36, "skor_ekonomi": 19.72, "skor_keputusan": 49.39, "skor_kapasitas_sosial": 54.84, "ikpp_komposit": 38.61, "kuadran": "Kuadran II (Ekonomi Rendah, Keputusan Tinggi)", "lisa_cluster_keputusan": "Not Significant", "lisa_cluster_ekonomi": "Low-High (Spatial Outlier)", "pc1": 0.592, "pc2": -1.303, "lat": 3.473, "lon": 97.819}, "geometry": {"type": "MultiPolygon", "coordinates": [[[[97.1136, 2.1146], [97.0765, 2.0768], [97.0983, 2.032], [97.1529, 2.056], [97.151, 2.0913], [97.1136, 2.1146]]], [[[97.1708, 2.2346], [97.1738, 2.1787], [97.2603, 2.1362], [97.3069, 2.0633], [97.3412, 2.0554], [97.356, 2.1031], [97.3407, 2.1544], [97.3042, 2.1824], [97.3012, 2.2141], [97.2358, 2.2354], [97.22, 2.2045], [97.1708, 2.2346]]], [[[98.1273, 2.1695], [98.184, 2.2628], [98.1971, 2.3115], [98.147, 2.424], [98.0978, 2.4798], [98.0766, 2.5748], [97.9944, 2.582], [97.855, 2.5646], [97.865, 2.4988], [97.7912, 2.5002], [97.75, 2.4425], [97.71, 2.4091], [97.665, 2.3949], [97.7356, 2.3132], [97.786, 2.2314], [97.8001, 2.2706], [97.87, 2.2457], [97.9134, 2.2717], [97.9522, 2.2698], [98.109, 2.1882], [98.1273, 2.1695]]]]}}, {"type": "Feature", "id": 7571, "properties": {"WADMKK": "Kota Gorontalo", "WADMPR": "Gorontalo", "KDPKAB": "75.71", "LUASWH": 0.32487336, "kode_wilayah": 7571, "nama_resmi": "Kota Gorontalo", "tipe": "Kota", "provinsi": "Gorontalo", "pulau": "Sulawesi", "parlemen": 16.67, "pendapatan": 31.03, "pengeluaran": 10440.0, "ahh": 71.05, "profesional": 59.65, "tpak": 61.92, "rls": 8.35, "hls": 13.29, "skor_ekonomi": 35.93, "skor_keputusan": 53.51, "skor_kapasitas_sosial": 54.05, "ikpp_komposit": 46.59, "kuadran": "Kuadran I (Ekonomi Tinggi, Keputusan Tinggi)", "lisa_cluster_keputusan": "High-High (Hotspot)", "lisa_cluster_ekonomi": "Low-Low (Coldspot)", "pc1": -0.289, "pc2": -0.332, "lat": 0.532, "lon": 123.06}, "geometry": {"type": "Polygon", "coordinates": [[[123.0868, 0.4797], [123.0795, 0.5281], [123.091, 0.5803], [123.062, 0.5901], [123.0046, 0.5302], [123.0406, 0.496], [123.0868, 0.4797]]]}}, {"type": "Feature", "id": 8102, "properties": {"WADMKK": "Maluku Tenggara", "WADMPR": "Maluku", "KDPKAB": "81.02", "LUASWH": 1.17448, "kode_wilayah": 8102, "nama_resmi": "Kabupaten Maluku Tenggara", "tipe": "Kabupaten", "provinsi": "Maluku", "pulau": "Maluku", "parlemen": 12.0, "pendapatan": 36.91, "pengeluaran": 10049.0, "ahh": 62.68, "profesional": 58.79, "tpak": 50.33, "rls": 9.0, "hls": 12.92, "skor_ekonomi": 34.33, "skor_keputusan": 48.69, "skor_kapasitas_sosial": 43.43, "ikpp_komposit": 41.89, "kuadran": "Kuadran II (Ekonomi Rendah, Keputusan Tinggi)", "lisa_cluster_keputusan": "Not Significant", "lisa_cluster_ekonomi": "Not Significant", "pc1": -1.121, "pc2": -0.643, "lat": -5.683, "lon": 132.717}, "geometry": {"type": "MultiPolygon", "coordinates": [[[[132.8525, -5.9925], [132.8947, -5.9528], [132.9161, -5.9034], [132.9603, -5.8548], [132.9422, -5.8237], [132.9625, -5.7431], [133.0432, -5.6434], [133.1021, -5.5994], [133.1477, -5.4611], [133.1691, -5.3521], [133.1913, -5.3148], [133.154, -5.2725], [133.1141, -5.2917], [133.0099, -5.631], [132.9458, -5.6786], [132.9367, -5.7703], [132.8816, -5.8446], [132.8525, -5.9925]]], [[[132.788, -5.9139], [132.8143, -5.8495], [132.8089, -5.8009], [132.7721, -5.7682], [132.7085, -5.6299], [132.6442, -5.6138], [132.6349, -5.6673], [132.6479, -5.7075], [132.6788, -5.7282], [132.6694, -5.7757], [132.6899, -5.8356], [132.6629, -5.8988], [132.7209, -5.9473], [132.7799, -5.9423], [132.788, -5.9139]]]]}}, {"type": "Feature", "id": 8101, "properties": {"WADMKK": "Kepulauan Tanimbar", "WADMPR": "Maluku", "KDPKAB": "81.03", "LUASWH": 558.16912082, "kode_wilayah": 8101, "nama_resmi": "Kabupaten Maluku Tenggara Barat", "tipe": "Kabupaten", "provinsi": "Maluku", "pulau": "Maluku", "parlemen": 20.0, "pendapatan": 43.7, "pengeluaran": 9706.0, "ahh": 64.83, "profesional": 45.38, "tpak": 60.95, "rls": 9.59, "hls": 13.7, "skor_ekonomi": 47.42, "skor_keputusan": 46.99, "skor_kapasitas_sosial": 48.7, "ikpp_komposit": 47.5, "kuadran": "Kuadran IV (Ekonomi Tinggi, Keputusan Rendah)", "lisa_cluster_keputusan": "Not Significant", "lisa_cluster_ekonomi": "Not Significant", "pc1": -1.07, "pc2": 0.733, "lat": -3.304, "lon": 128.954}, "geometry": {"type": "MultiPolygon", "coordinates": [[[[130.7975, -8.3444], [130.8982, -8.2872], [130.8875, -8.2463], [130.9236, -8.2303], [130.9893, -8.2354], [131.1397, -8.1609], [131.0334, -8.0769], [131.0005, -8.0927], [130.9977, -8.1316], [130.9159, -8.1434], [130.929, -8.1992], [130.8721, -8.2205], [130.8236, -8.2542], [130.7805, -8.3186], [130.7975, -8.3444]]], [[[131.0276, -7.7048], [131.0708, -7.7078], [131.1139, -7.6767], [131.1198, -7.6448], [131.0617, -7.6482], [130.9699, -7.6809], [130.9632, -7.7283], [130.9904, -7.7412], [131.0276, -7.7048]]], [[[130.8571, -7.4991], [130.8333, -7.5549], [130.894, -7.5779], [130.9732, -7.5328], [130.8571, -7.4991]]], [[[131.2752, -7.9362], [131.3312, -7.9413], [131.3635, -7.8703], [131.48, -7.7818], [131.4787, -7.7464], [131.5544, -7.7129], [131.6297, -7.6062], [131.6586, -7.5503], [131.6758, -7.4629], [131.6485, -7.394], [131.6584, -7.3356], [131.6328, -7.2534], [131.6709, -7.2245], [131.7117, -7.232], [131.7468, -7.2105], [131.708, -7.1435], [131.6591, -7.1225], [131.5826, -7.1262], [131.537, -7.1424], [131.5184, -7.172], [131.526, -7.2371], [131.4744, -7.2406], [131.4374, -7.3008], [131.3658, -7.3732], [131.3424, -7.4452], [131.2893, -7.4376], [131.242, -7.4708], [131.2241, -7.5278], [131.1849, -7.5895], [131.1726, -7.6465], [131.177, -7.7249], [131.1226, -7.6821], [131.106, -7.7065], [131.1329, -7.7601], [131.0795, -7.8748], [131.1189, -7.9022], [131.1028, -7.9961], [131.2378, -8.002], [131.2752, -7.9362]]], [[[131.1332, -7.4618], [131.1619, -7.4054], [131.0134, -7.4224], [130.9806, -7.4363], [130.969, -7.4898], [131.0009, -7.5036], [131.0781, -7.498], [131.1332, -7.4618]]], [[[131.2624, -7.317], [131.2081, -7.3587], [131.2643, -7.3792], [131.2624, -7.317]]], [[[131.9567, -7.1623], [131.9333, -7.1169], [131.8791, -7.1072], [131.7406, -7.1202], [131.7137, -7.1541], [131.7638, -7.1822], [131.7803, -7.1647], [131.8719, -7.1676], [131.9011, -7.1853], [131.9091, -7.2286], [131.9742, -7.2439], [131.9777, -7.1892], [131.9567, -7.1623]]], [[[131.5572, -6.7411], [131.5944, -6.7267], [131.6232, -6.6779], [131.5763, -6.6684], [131.5137, -6.7636], [131.5282, -6.8042], [131.5837, -6.7762], [131.5572, -6.7411]]]]}}, {"type": "Feature", "id": 1606, "properties": {"WADMKK": "Musi Banyuasin", "WADMPR": "Sumatera Selatan", "KDPKAB": "16.06", "LUASWH": 72.77353137, "kode_wilayah": 1606, "nama_resmi": "Kabupaten Musi Banyuasin", "tipe": "Kabupaten", "provinsi": "Sumatera Selatan", "pulau": "Sumatera", "parlemen": 11.11, "pendapatan": 34.81, "pengeluaran": 11424.0, "ahh": 71.74, "profesional": 48.58, "tpak": 52.71, "rls": 7.95, "hls": 12.33, "skor_ekonomi": 33.81, "skor_keputusan": 41.05, "skor_kapasitas_sosial": 53.22, "ikpp_komposit": 40.59, "kuadran": "Kuadran III (Ekonomi Rendah, Keputusan Rendah)", "lisa_cluster_keputusan": "Not Significant", "lisa_cluster_ekonomi": "Not Significant", "pc1": -0.675, "pc2": -0.292, "lat": -2.889, "lon": 103.84}, "geometry": {"type": "Polygon", "coordinates": [[[103.6483, -3.2477], [103.7159, -3.236], [103.7362, -3.2614], [103.797, -3.2235], [103.7801, -3.179], [103.7915, -3.1345], [103.8537, -3.0802], [103.8897, -3.0758], [103.9108, -3.0244], [103.9504, -3.0042], [104.0256, -3.0297], [104.0647, -3.0044], [104.1177, -3.0118], [104.1659, -3.0503], [104.1752, -2.9185], [104.2317, -2.9084], [104.2299, -2.8852], [104.1707, -2.8723], [104.1809, -2.8123], [104.1713, -2.7606], [104.2256, -2.689], [104.2944, -2.659], [104.2806, -2.6297], [104.214, -2.6322], [104.1402, -2.551], [104.1525, -2.5177], [104.1309, -2.4818], [104.0625, -2.4509], [104.0547, -2.3621], [104.0389, -2.3302], [104.0613, -2.2965], [104.0936, -2.3118], [104.1424, -2.3884], [104.2794, -2.4398], [104.3171, -2.4154], [104.3785, -2.4028], [104.4497, -2.4143], [104.5146, -2.3745], [104.6054, -2.3769], [104.635, -2.3486], [104.6841, -2.3352], [104.6336, -2.241], [104.5644, -2.2471], [104.5105, -2.2296], [104.4885, -2.2039], [104.429, -2.1909], [104.3714, -2.1177], [104.3702, -2.0553], [104.3431, -2.0173], [104.2916, -1.9829], [104.2007, -1.8664], [104.1628, -1.7927], [104.1446, -1.7155], [104.0222, -1.7533], [103.8733, -1.7886], [103.85, -1.8167], [103.7661, -1.8161], [103.6607, -1.8465], [103.6303, -1.8412], [103.5214, -1.9067], [103.5, -1.9822], [103.5427, -1.986], [103.5639, -2.0168], [103.5323, -2.0915], [103.5441, -2.1439], [103.507, -2.1737], [103.4584, -2.181], [103.4631, -2.2655], [103.4384, -2.3424], [103.4058, -2.3351], [103.3774, -2.288], [103.3011, -2.2218], [103.2776, -2.1479], [103.2305, -2.1358], [103.2258, -2.1654], [103.187, -2.1842], [103.1674, -2.2294], [103.1982, -2.2606], [103.2113, -2.3203], [103.1186, -2.3541], [103.0631, -2.3363], [103.0293, -2.3416], [103.0664, -2.3849], [103.0828, -2.4326], [103.1168, -2.4515], [103.143, -2.4347], [103.2, -2.439], [103.2267, -2.4701], [103.2758, -2.4468], [103.2854, -2.5116], [103.3614, -2.5732], [103.3413, -2.6947], [103.2711, -2.7531], [103.3379, -2.8231], [103.352, -2.851], [103.4338, -2.8542], [103.4203, -2.9364], [103.4835, -3.0212], [103.4784, -3.0433], [103.5095, -3.1356], [103.5158, -3.2095], [103.5333, -3.2332], [103.5882, -3.2227], [103.5959, -3.2455], [103.6483, -3.2477]]]}}, {"type": "Feature", "id": 1406, "properties": {"WADMKK": "Kampar", "WADMPR": "Riau", "KDPKAB": "14.01", "LUASWH": 4.76636939, "kode_wilayah": 1406, "nama_resmi": "Kabupaten Kampar", "tipe": "Kabupaten", "provinsi": "Riau", "pulau": "Sumatera", "parlemen": 11.11, "pendapatan": 23.9, "pengeluaran": 12034.0, "ahh": 73.6, "profesional": 47.85, "tpak": 43.57, "rls": 9.58, "hls": 13.61, "skor_ekonomi": 17.71, "skor_keputusan": 40.56, "skor_kapasitas_sosial": 62.27, "ikpp_komposit": 35.76, "kuadran": "Kuadran III (Ekonomi Rendah, Keputusan Rendah)", "lisa_cluster_keputusan": "Not Significant", "lisa_cluster_ekonomi": "Not Significant", "pc1": 1.082, "pc2": -1.113, "lat": 0.9, "lon": 100.307}, "geometry": {"type": "Polygon", "coordinates": [[[101.0414, -0.3761], [101.1009, -0.3791], [101.1404, -0.3332], [101.1348, -0.2986], [101.1527, -0.2385], [101.1972, -0.1822], [101.1963, -0.1215], [101.2428, -0.0565], [101.2691, 0.0097], [101.2964, -0.0497], [101.349, -0.1042], [101.3914, -0.0996], [101.4577, -0.0672], [101.5189, -0.0996], [101.5151, -0.064], [101.5467, -0.0437], [101.5223, -0.005], [101.4956, 0.0766], [101.5148, 0.11], [101.5676, 0.1309], [101.5656, 0.1847], [101.5848, 0.2022], [101.585, 0.2681], [101.6651, 0.2783], [101.6668, 0.3163], [101.6207, 0.3397], [101.5921, 0.4142], [101.5894, 0.4641], [101.5476, 0.4347], [101.491, 0.45], [101.4196, 0.4257], [101.3675, 0.4419], [101.3322, 0.4766], [101.3574, 0.5101], [101.3572, 0.5574], [101.3246, 0.6004], [101.3798, 0.6622], [101.3226, 0.696], [101.335, 0.7976], [101.2085, 0.8542], [101.1451, 0.8927], [101.062, 0.9246], [100.9932, 0.9683], [100.8349, 0.941], [100.7602, 0.8549], [100.745, 0.8698], [100.7036, 0.7815], [100.6041, 0.7047], [100.658, 0.6061], [100.7579, 0.5895], [100.7806, 0.5508], [100.8639, 0.5287], [100.8637, 0.4654], [100.8405, 0.4599], [100.8413, 0.3923], [100.7845, 0.4038], [100.7195, 0.3899], [100.5755, 0.5256], [100.5424, 0.5019], [100.551, 0.4708], [100.5179, 0.44], [100.4939, 0.4536], [100.4458, 0.4178], [100.4341, 0.3791], [100.4671, 0.3146], [100.559, 0.3047], [100.5872, 0.2535], [100.6473, 0.2033], [100.6845, 0.2016], [100.7014, 0.2385], [100.8146, 0.2605], [100.843, 0.2233], [100.8418, 0.1462], [100.7961, 0.1273], [100.7789, 0.0827], [100.8307, 0.0674], [100.8416, -0.0066], [100.8045, -0.0339], [100.7638, -0.0222], [100.7458, -0.0518], [100.7743, -0.2131], [100.8088, -0.2698], [100.8379, -0.2844], [100.8481, -0.3428], [100.9323, -0.3157], [100.9922, -0.3158], [101.0319, -0.3453], [101.0414, -0.3761]]]}}, {"type": "Feature", "id": 5310, "properties": {"WADMKK": "Sikka", "WADMPR": "Nusa Tenggara Timur", "KDPKAB": "53.07", "LUASWH": 6.84637253, "kode_wilayah": 5310, "nama_resmi": "Kabupaten Sikka", "tipe": "Kabupaten", "provinsi": "Nusa Tenggara Timur", "pulau": "Bali & Nusa Tenggara", "parlemen": 11.43, "pendapatan": 37.7, "pengeluaran": 9019.0, "ahh": 70.56, "profesional": 59.31, "tpak": 66.47, "rls": 6.99, "hls": 13.67, "skor_ekonomi": 45.13, "skor_keputusan": 48.52, "skor_kapasitas_sosial": 49.71, "ikpp_komposit": 47.4, "kuadran": "Kuadran I (Ekonomi Tinggi, Keputusan Tinggi)", "lisa_cluster_keputusan": "High-Low (Spatial Outlier)", "lisa_cluster_ekonomi": "High-High (Hotspot)", "pc1": -1.285, "pc2": 0.506, "lat": -8.611, "lon": 120.464}, "geometry": {"type": "MultiPolygon", "coordinates": [[[[121.9946, -8.8062], [122.0314, -8.7941], [122.0788, -8.746], [122.1158, -8.7292], [122.1823, -8.733], [122.2667, -8.7525], [122.3126, -8.7406], [122.377, -8.7521], [122.5397, -8.7013], [122.5558, -8.6676], [122.6542, -8.6371], [122.6671, -8.5156], [122.6865, -8.4863], [122.6828, -8.3843], [122.6033, -8.3924], [122.5469, -8.4657], [122.4912, -8.4734], [122.5132, -8.5263], [122.4786, -8.6042], [122.3302, -8.6187], [122.2961, -8.6423], [122.2013, -8.6039], [122.1589, -8.5544], [122.105, -8.5309], [122.0128, -8.5267], [122.0066, -8.5139], [121.9882, -8.6107], [121.9271, -8.713], [121.9582, -8.7571], [121.9935, -8.7539], [121.9946, -8.8062]]], [[[122.4049, -8.4806], [122.3891, -8.4349], [122.3451, -8.4285], [122.3347, -8.4634], [122.389, -8.4978], [122.4049, -8.4806]]], [[[121.7452, -8.3275], [121.7295, -8.2982], [121.6853, -8.3048], [121.6757, -8.3373], [121.7256, -8.3546], [121.7452, -8.3275]]]]}}, {"type": "Feature", "id": 1605, "properties": {"WADMKK": "Musi Rawas", "WADMPR": "Sumatera Selatan", "KDPKAB": "16.05", "LUASWH": 6.8743742, "kode_wilayah": 1605, "nama_resmi": "Kabupaten Musi Rawas", "tipe": "Kabupaten", "provinsi": "Sumatera Selatan", "pulau": "Sumatera", "parlemen": 17.5, "pendapatan": 26.22, "pengeluaran": 11058.0, "ahh": 71.18, "profesional": 58.02, "tpak": 59.03, "rls": 7.57, "hls": 12.23, "skor_ekonomi": 29.54, "skor_keputusan": 53.18, "skor_kapasitas_sosial": 51.1, "ikpp_komposit": 43.31, "kuadran": "Kuadran II (Ekonomi Rendah, Keputusan Tinggi)", "lisa_cluster_keputusan": "Not Significant", "lisa_cluster_ekonomi": "Not Significant", "pc1": -0.604, "pc2": -1.22, "lat": -3.244, "lon": 103.012}, "geometry": {"type": "Polygon", "coordinates": [[[103.2022, -3.5013], [103.2799, -3.5023], [103.2944, -3.5187], [103.3669, -3.5342], [103.4452, -3.5091], [103.5005, -3.5506], [103.5383, -3.5478], [103.541, -3.4901], [103.6109, -3.4261], [103.6267, -3.3594], [103.6051, -3.2875], [103.6483, -3.2477], [103.5959, -3.2455], [103.5882, -3.2227], [103.5333, -3.2332], [103.5158, -3.2095], [103.5095, -3.1356], [103.4784, -3.0433], [103.4835, -3.0212], [103.4203, -2.9364], [103.4338, -2.8542], [103.352, -2.851], [103.3379, -2.8231], [103.2711, -2.7531], [103.1751, -2.7586], [103.1199, -2.7707], [103.1017, -2.8434], [103.0143, -2.8544], [102.9464, -2.881], [102.901, -2.886], [102.8733, -2.9268], [102.8699, -2.973], [102.7129, -3.0123], [102.6336, -3.0417], [102.5857, -3.0704], [102.4865, -3.1099], [102.4867, -3.256], [102.4943, -3.2684], [102.5704, -3.2795], [102.6184, -3.3294], [102.7398, -3.3051], [102.7582, -3.2899], [102.8119, -3.2221], [102.8146, -3.1749], [102.8614, -3.1307], [102.9116, -3.1586], [102.9322, -3.2012], [102.9363, -3.265], [102.9604, -3.2649], [102.967, -3.3623], [102.9985, -3.4129], [103.0346, -3.4208], [103.1019, -3.475], [103.1716, -3.4522], [103.2022, -3.5013]]]}}, {"type": "Feature", "id": 1223, "properties": {"WADMKK": "Labuhanbatu Utara", "WADMPR": "Sumatera Utara", "KDPKAB": "12.23", "LUASWH": 7.97059198, "kode_wilayah": 1223, "nama_resmi": "Kabupaten Labuhan Batu Utara", "tipe": "Kabupaten", "provinsi": "Sumatera Utara", "pulau": "Sumatera", "parlemen": 2.86, "pendapatan": 25.7, "pengeluaran": 12839.0, "ahh": 72.49, "profesional": 59.69, "tpak": 43.87, "rls": 9.14, "hls": 13.58, "skor_ekonomi": 19.61, "skor_keputusan": 40.98, "skor_kapasitas_sosial": 60.54, "ikpp_komposit": 36.34, "kuadran": "Kuadran III (Ekonomi Rendah, Keputusan Rendah)", "lisa_cluster_keputusan": "Not Significant", "lisa_cluster_ekonomi": "Not Significant", "pc1": 0.98, "pc2": -0.88, "lat": 2.563, "lon": 99.658}, "geometry": {"type": "Polygon", "coordinates": [[[99.6306, 2.0427], [99.7141, 2.0885], [99.7627, 2.1366], [99.7711, 2.188], [99.8642, 2.181], [99.9454, 2.2084], [99.9899, 2.1985], [99.9832, 2.4084], [100.0091, 2.4093], [100.0159, 2.4856], [100.0729, 2.5459], [100.053, 2.7115], [100.0596, 2.7341], [100.0151, 2.735], [99.9849, 2.758], [99.987, 2.8564], [99.7063, 2.6084], [99.6475, 2.5767], [99.6077, 2.576], [99.5417, 2.5966], [99.4995, 2.5828], [99.4656, 2.5475], [99.4187, 2.4604], [99.4994, 2.3985], [99.5502, 2.3072], [99.5232, 2.242], [99.4793, 2.2424], [99.4241, 2.2153], [99.3946, 2.1709], [99.3877, 2.1363], [99.4149, 2.1125], [99.4594, 2.1253], [99.551, 2.0762], [99.563, 2.0304], [99.5894, 2.0167], [99.6306, 2.0427]]]}}, {"type": "Feature", "id": 7206, "properties": {"WADMKK": "Toli Toli", "WADMPR": "Sulawesi Tengah", "KDPKAB": "72.04", "LUASWH": 23.66676735, "kode_wilayah": 7206, "nama_resmi": "Kabupaten Toli-toli", "tipe": "Kabupaten", "provinsi": "Sulawesi Tengah", "pulau": "Sulawesi", "parlemen": 23.33, "pendapatan": 26.01, "pengeluaran": 8776.0, "ahh": 68.31, "profesional": 55.12, "tpak": 52.51, "rls": 8.65, "hls": 13.04, "skor_ekonomi": 25.29, "skor_keputusan": 56.54, "skor_kapasitas_sosial": 49.06, "ikpp_komposit": 42.54, "kuadran": "Kuadran II (Ekonomi Rendah, Keputusan Tinggi)", "lisa_cluster_keputusan": "High-High (Hotspot)", "lisa_cluster_ekonomi": "Not Significant", "pc1": -0.439, "pc2": -1.664, "lat": -2.481, "lon": 121.934}, "geometry": {"type": "Polygon", "coordinates": [[[121.1774, 1.2688], [121.1004, 1.3156], [121.0648, 1.3018], [120.9746, 1.3434], [120.9033, 1.3557], [120.8802, 1.3217], [120.8078, 1.3253], [120.8104, 1.2178], [120.8244, 1.1746], [120.7994, 1.1581], [120.7771, 1.107], [120.7978, 1.0915], [120.7875, 1.0312], [120.7375, 0.979], [120.6358, 0.9393], [120.6032, 0.8703], [120.6092, 0.8151], [120.5756, 0.7761], [120.496, 0.7937], [120.4682, 0.7776], [120.3988, 0.7911], [120.3288, 0.8511], [120.3486, 0.9847], [120.3039, 0.9812], [120.2473, 0.9574], [120.2441, 0.8182], [120.1831, 0.7589], [120.1369, 0.7469], [120.1961, 0.7008], [120.1926, 0.6158], [120.219, 0.605], [120.3567, 0.678], [120.4223, 0.6617], [120.4621, 0.6679], [120.4955, 0.6364], [120.5382, 0.6351], [120.6252, 0.5885], [120.7072, 0.6687], [120.7543, 0.662], [120.7824, 0.678], [120.8825, 0.7046], [120.9237, 0.7795], [120.9907, 0.7997], [121.0293, 1.0], [121.01, 1.0301], [121.0583, 1.0754], [121.0943, 1.0887], [121.1281, 1.1305], [121.1323, 1.1785], [121.1694, 1.2289], [121.1774, 1.2688]]]}}, {"type": "Feature", "id": 6212, "properties": {"WADMKK": "Barito Timur", "WADMPR": "Kalimantan Tengah", "KDPKAB": "62.13", "LUASWH": 8.58621718, "kode_wilayah": 6212, "nama_resmi": "Kabupaten Barito Timur", "tipe": "Kabupaten", "provinsi": "Kalimantan Tengah", "pulau": "Kalimantan", "parlemen": 30.43, "pendapatan": 43.78, "pengeluaran": 12576.0, "ahh": 71.05, "profesional": 54.21, "tpak": 68.91, "rls": 9.54, "hls": 12.88, "skor_ekonomi": 52.45, "skor_keputusan": 62.38, "skor_kapasitas_sosial": 57.99, "ikpp_komposit": 57.53, "kuadran": "Kuadran I (Ekonomi Tinggi, Keputusan Tinggi)", "lisa_cluster_keputusan": "High-High (Hotspot)", "lisa_cluster_ekonomi": "High-Low (Spatial Outlier)", "pc1": 0.002, "pc2": 0.911, "lat": -0.64, "lon": 114.569}, "geometry": {"type": "Polygon", "coordinates": [[[115.1255, -2.2946], [115.2477, -2.2122], [115.2965, -2.2163], [115.2985, -2.1424], [115.3636, -2.0442], [115.3919, -2.05], [115.441, -1.9423], [115.3926, -1.893], [115.321, -1.8923], [115.3117, -1.7959], [115.3344, -1.748], [115.3621, -1.6204], [115.3145, -1.6447], [115.1571, -1.6407], [115.0824, -1.6791], [115.0686, -1.6495], [115.0254, -1.6875], [114.9711, -1.7964], [114.9367, -1.8425], [114.9413, -1.9836], [114.9252, -2.0893], [114.9334, -2.118], [114.9137, -2.1686], [114.9316, -2.1876], [114.9196, -2.2371], [114.9797, -2.3688], [115.0014, -2.3957], [115.0736, -2.3507], [115.1255, -2.2946]]]}}, {"type": "Feature", "id": 1307, "properties": {"WADMKK": "Agam", "WADMPR": "Sumatera Barat", "KDPKAB": "13.06", "LUASWH": 4.0341651, "kode_wilayah": 1307, "nama_resmi": "Kabupaten Agam", "tipe": "Kabupaten", "provinsi": "Sumatera Barat", "pulau": "Sumatera", "parlemen": 8.89, "pendapatan": 40.37, "pengeluaran": 10686.0, "ahh": 75.74, "profesional": 62.59, "tpak": 57.84, "rls": 9.23, "hls": 14.16, "skor_ekonomi": 42.31, "skor_keputusan": 48.41, "skor_kapasitas_sosial": 64.04, "ikpp_komposit": 49.1, "kuadran": "Kuadran I (Ekonomi Tinggi, Keputusan Tinggi)", "lisa_cluster_keputusan": "High-High (Hotspot)", "lisa_cluster_ekonomi": "Not Significant", "pc1": 0.657, "pc2": 1.104, "lat": -0.152, "lon": 100.661}, "geometry": {"type": "Polygon", "coordinates": [[[99.9621, -0.434], [100.0671, -0.3254], [100.0997, -0.3224], [100.1511, -0.3481], [100.1581, -0.3944], [100.214, -0.4153], [100.2217, -0.448], [100.2636, -0.479], [100.316, -0.4333], [100.3318, -0.3985], [100.3988, -0.3844], [100.4706, -0.391], [100.5127, -0.2951], [100.5372, -0.2793], [100.5435, -0.2625], [100.4451, -0.2044], [100.3791, -0.1486], [100.3251, -0.0545], [100.2653, -0.0323], [100.2467, -0.0731], [100.2131, -0.07], [100.1961, -0.1022], [100.1171, -0.0952], [100.0791, -0.0808], [100.0159, -0.0974], [99.9873, -0.1589], [99.7878, -0.1822], [99.7706, -0.1758], [99.7936, -0.212], [99.8202, -0.3008], [99.8698, -0.333], [99.9621, -0.434]]]}}, {"type": "Feature", "id": 8204, "properties": {"WADMKK": "Halmahera Selatan", "WADMPR": "Maluku Utara", "KDPKAB": "82.04", "LUASWH": 19.84488868, "kode_wilayah": 8204, "nama_resmi": "Kabupaten Halmahera Selatan", "tipe": "Kabupaten", "provinsi": "Maluku Utara", "pulau": "Maluku", "parlemen": 13.33, "pendapatan": 21.43, "pengeluaran": 14731.0, "ahh": 74.02, "profesional": 39.47, "tpak": 51.59, "rls": 12.08, "hls": 15.92, "skor_ekonomi": 20.34, "skor_keputusan": 36.97, "skor_kapasitas_sosial": 75.27, "ikpp_komposit": 37.98, "kuadran": "Kuadran III (Ekonomi Rendah, Keputusan Rendah)", "lisa_cluster_keputusan": "Not Significant", "lisa_cluster_ekonomi": "Not Significant", "pc1": 2.855, "pc2": 0.064, "lat": -0.645, "lon": 127.505}, "geometry": {"type": "MultiPolygon", "coordinates": [[[[128.1612, -1.6683], [128.1584, -1.605], [128.111, -1.5605], [128.0597, -1.5665], [127.9362, -1.4491], [127.8851, -1.4272], [127.8459, -1.4381], [127.8009, -1.4139], [127.7844, -1.3741], [127.7066, -1.3361], [127.6419, -1.3307], [127.581, -1.3645], [127.5191, -1.4177], [127.5037, -1.4534], [127.4334, -1.4372], [127.4027, -1.5379], [127.4121, -1.5661], [127.3979, -1.6267], [127.4085, -1.662], [127.5056, -1.7257], [127.5977, -1.7377], [127.6456, -1.7303], [127.7207, -1.6861], [127.8164, -1.7007], [127.8869, -1.683], [127.9861, -1.701], [128.0207, -1.7257], [128.0806, -1.7162], [128.1551, -1.6842], [128.1612, -1.6683]]], [[[127.6776, -1.2244], [127.5996, -1.2107], [127.5545, -1.1755], [127.4655, -1.2405], [127.4884, -1.2698], [127.5569, -1.2487], [127.67, -1.2917], [127.6891, -1.2826], [127.6776, -1.2244]]], [[[127.5005, -0.8006], [127.5735, -0.7697], [127.6516, -0.7481], [127.6552, -0.7915], [127.6817, -0.8377], [127.7628, -0.866], [127.8411, -0.8442], [127.8802, -0.8111], [127.9018, -0.7698], [127.8633, -0.7092], [127.797, -0.6786], [127.7144, -0.6903], [127.6909, -0.7098], [127.6515, -0.6822], [127.6413, -0.6269], [127.5984, -0.6164], [127.6018, -0.5748], [127.6601, -0.5201], [127.6908, -0.4655], [127.6503, -0.4153], [127.6145, -0.4016], [127.5688, -0.3152], [127.5375, -0.3134], [127.4922, -0.3413], [127.4573, -0.4162], [127.4174, -0.3932], [127.4126, -0.3585], [127.3724, -0.3164], [127.3303, -0.3495], [127.3383, -0.384], [127.3006, -0.4326], [127.2911, -0.4703], [127.3081, -0.5127], [127.36, -0.5787], [127.4094, -0.6156], [127.4807, -0.6299], [127.4439, -0.7288], [127.4747, -0.8233], [127.5005, -0.8006]]], [[[128.3535, -1.6032], [128.3137, -1.6136], [128.3188, -1.6642], [128.3609, -1.6473], [128.3535, -1.6032]]], [[[127.6976, 0.0071], [127.7, -0.0982], [127.6612, -0.2086], [127.6874, -0.27], [127.7556, -0.3198], [127.8647, -0.3669], [127.9378, -0.5029], [127.9556, -0.5595], [127.9883, -0.6111], [128.0121, -0.6786], [128.0647, -0.717], [128.227, -0.7744], [128.2559, -0.7967], [128.2322, -0.8481], [128.2909, -0.8808], [128.3521, -0.8892], [128.3863, -0.857], [128.3091, -0.7902], [128.2864, -0.7535], [128.2131, -0.6975], [128.1854, -0.629], [128.1016, -0.5112], [128.0646, -0.4268], [128.0494, -0.4176], [128.0179, -0.3276], [127.9884, -0.2794], [127.9647, -0.1629], [127.9469, -0.1136], [127.8896, -0.0032], [127.904, 0.1054], [127.9254, 0.1082], [127.9215, 0.1767], [127.8696, 0.125], [127.8243, 0.1254], [127.7889, 0.152], [127.7991, 0.1317], [127.7965, -0.0243], [127.6976, 0.0071]]], [[[128.3175, -0.9386], [128.3392, -0.9793], [128.3288, -1.0166], [128.357, -1.0375], [128.3804, -0.999], [128.3175, -0.9386]]], [[[127.3534, -1.4313], [127.3987, -1.4002], [127.3811, -1.3693], [127.3376, -1.3791], [127.2816, -1.4151], [127.3311, -1.4468], [127.3534, -1.4313]]], [[[127.3939, -0.6551], [127.3855, -0.6113], [127.3336, -0.6168], [127.349, -0.6585], [127.3939, -0.6551]]], [[[127.3258, -0.7897], [127.2941, -0.7306], [127.302, -0.6809], [127.2638, -0.6623], [127.2222, -0.6032], [127.2121, -0.6722], [127.1676, -0.7182], [127.1647, -0.7479], [127.2004, -0.7788], [127.2423, -0.765], [127.2883, -0.795], [127.3258, -0.7897]]], [[[127.1992, -0.5185], [127.2585, -0.4829], [127.2787, -0.4513], [127.2634, -0.4053], [127.288, -0.3739], [127.2559, -0.3387], [127.2544, -0.2674], [127.2384, -0.2475], [127.1478, -0.2582], [127.1358, -0.3596], [127.1157, -0.3873], [127.129, -0.5173], [127.1992, -0.5185]]], [[[127.0314, -0.256], [127.0362, -0.2878], [127.0916, -0.2578], [127.0596, -0.2282], [127.0314, -0.256]]], [[[127.4652, -0.0213], [127.4697, 0.0349], [127.4458, 0.0765], [127.4131, 0.0521], [127.4347, -0.0056], [127.4652, -0.0213]]], [[[127.4145, 0.2808], [127.44, 0.3152], [127.4143, 0.3754], [127.3444, 0.3308], [127.3926, 0.2757], [127.4145, 0.2808]]]]}}, {"type": "Feature", "id": 1273, "properties": {"WADMKK": "Kota Pematangsiantar", "WADMPR": "Sumatera Utara", "KDPKAB": "12.72", "LUASWH": 2.6395742, "kode_wilayah": 1273, "nama_resmi": "Kota Pematang Siantar", "tipe": "Kota", "provinsi": "Sumatera Utara", "pulau": "Sumatera", "parlemen": 16.67, "pendapatan": 35.58, "pengeluaran": 13349.0, "ahh": 77.45, "profesional": 59.95, "tpak": 60.73, "rls": 11.82, "hls": 14.61, "skor_ekonomi": 39.53, "skor_keputusan": 53.71, "skor_kapasitas_sosial": 75.45, "ikpp_komposit": 52.39, "kuadran": "Kuadran I (Ekonomi Tinggi, Keputusan Tinggi)", "lisa_cluster_keputusan": "Not Significant", "lisa_cluster_ekonomi": "High-High (Hotspot)", "pc1": 2.402, "pc2": 1.215, "lat": 1.746, "lon": 98.776}, "geometry": {"type": "Polygon", "coordinates": [[[99.0336, 2.9007], [99.0969, 2.9422], [99.0929, 3.013], [99.0274, 2.9886], [99.0336, 2.9007]]]}}, {"type": "Feature", "id": 1210, "properties": {"WADMKK": "Dairi", "WADMPR": "Sumatera Utara", "KDPKAB": "12.11", "LUASWH": 8.73053228, "kode_wilayah": 1210, "nama_resmi": "Kabupaten Dairi", "tipe": "Kabupaten", "provinsi": "Sumatera Utara", "pulau": "Sumatera", "parlemen": 5.71, "pendapatan": 49.85, "pengeluaran": 11355.0, "ahh": 72.29, "profesional": 52.33, "tpak": 79.86, "rls": 9.89, "hls": 13.53, "skor_ekonomi": 65.06, "skor_keputusan": 38.65, "skor_kapasitas_sosial": 60.44, "ikpp_komposit": 53.57, "kuadran": "Kuadran IV (Ekonomi Tinggi, Keputusan Rendah)", "lisa_cluster_keputusan": "Not Significant", "lisa_cluster_ekonomi": "Not Significant", "pc1": -0.774, "pc2": 3.114, "lat": 2.07, "lon": 99.857}, "geometry": {"type": "Polygon", "coordinates": [[[98.4675, 2.5492], [98.5259, 2.5588], [98.5603, 2.5802], [98.5666, 2.6877], [98.5865, 2.7508], [98.6289, 2.7949], [98.5783, 2.83], [98.5321, 2.8794], [98.4921, 2.8638], [98.4414, 2.8903], [98.4314, 2.9162], [98.3652, 2.9366], [98.3109, 2.9705], [98.2489, 2.9312], [98.1972, 2.9942], [98.1984, 3.0465], [98.1599, 3.0702], [98.1352, 3.0483], [98.0778, 3.0749], [98.0605, 3.1102], [98.022, 3.0808], [97.9838, 3.0861], [97.9301, 3.0548], [97.9362, 2.9895], [97.9549, 2.9828], [97.9493, 2.8948], [97.993, 2.8818], [98.0501, 2.8218], [98.0984, 2.8228], [98.1167, 2.7851], [98.2052, 2.7291], [98.3411, 2.6995], [98.357, 2.6598], [98.4199, 2.638], [98.4675, 2.5492]]]}}, {"type": "Feature", "id": 6112, "properties": {"WADMKK": "Kubu Raya", "WADMPR": "Kalimantan Barat", "KDPKAB": "61.12", "LUASWH": 48.5035079, "kode_wilayah": 6112, "nama_resmi": "Kabupaten Kubu Raya", "tipe": "Kabupaten", "provinsi": "Kalimantan Barat", "pulau": "Kalimantan", "parlemen": 13.33, "pendapatan": 35.89, "pengeluaran": 10132.0, "ahh": 73.48, "profesional": 53.73, "tpak": 43.07, "rls": 7.05, "hls": 13.9, "skor_ekonomi": 28.84, "skor_keputusan": 46.52, "skor_kapasitas_sosial": 55.18, "ikpp_komposit": 41.18, "kuadran": "Kuadran III (Ekonomi Rendah, Keputusan Rendah)", "lisa_cluster_keputusan": "Not Significant", "lisa_cluster_ekonomi": "Not Significant", "pc1": -0.022, "pc2": -0.569, "lat": -0.127, "lon": 109.404}, "geometry": {"type": "MultiPolygon", "coordinates": [[[[109.3647, -0.8754], [109.3345, -0.8754], [109.3294, -0.9194], [109.4058, -0.9324], [109.3999, -0.8921], [109.3647, -0.8754]]], [[[109.2704, -0.8693], [109.3002, -0.9005], [109.3347, -0.8724], [109.3827, -0.8808], [109.4288, -0.8564], [109.5572, -0.8879], [109.5936, -0.9088], [109.6223, -0.9785], [109.6834, -1.0139], [109.7215, -0.9736], [109.7125, -0.8339], [109.6761, -0.8321], [109.5347, -0.7384], [109.4664, -0.7549], [109.391, -0.707], [109.3064, -0.7024], [109.265, -0.6653], [109.2413, -0.6935], [109.2369, -0.7953], [109.2704, -0.8693]]], [[[109.1781, 0.034], [109.1601, -0.0461], [109.188, -0.0918], [109.1814, -0.1944], [109.1937, -0.2222], [109.1303, -0.2412], [109.0897, -0.2735], [109.1143, -0.3428], [109.0976, -0.3619], [109.1162, -0.4363], [109.1143, -0.5042], [109.15, -0.5691], [109.2017, -0.5516], [109.2287, -0.5908], [109.2591, -0.5993], [109.3742, -0.5846], [109.4184, -0.6313], [109.495, -0.6244], [109.5459, -0.6516], [109.5844, -0.6508], [109.596, -0.6936], [109.6677, -0.6839], [109.696, -0.718], [109.6315, -0.7567], [109.6354, -0.7956], [109.6784, -0.8291], [109.7132, -0.8293], [109.754, -0.895], [109.8028, -0.8426], [109.8946, -0.8195], [109.9282, -0.7862], [109.9399, -0.7405], [109.8995, -0.7327], [109.8601, -0.6591], [109.8199, -0.6365], [109.8798, -0.5886], [109.8894, -0.5501], [109.9658, -0.4971], [109.9718, -0.4342], [109.9294, -0.413], [109.9354, -0.3267], [109.9677, -0.2891], [109.9444, -0.2281], [109.942, -0.1652], [109.8514, -0.0493], [109.8421, 0.001], [109.8842, 0.0437], [109.8764, 0.077], [109.7064, 0.0896], [109.6838, 0.0633], [109.5929, 0.038], [109.5651, -0.0138], [109.525, -0.0262], [109.5216, 0.0376], [109.5006, 0.0685], [109.5114, 0.1165], [109.4888, 0.1639], [109.4885, 0.2149], [109.4362, 0.2298], [109.3678, 0.1967], [109.3703, 0.0218], [109.366, -0.0602], [109.3219, -0.0942], [109.2742, -0.0299], [109.2872, 0.0059], [109.1781, 0.034]]], [[[109.1282, -0.2024], [109.056, -0.2274], [109.061, -0.28], [109.117, -0.2574], [109.1282, -0.2024]]], [[[109.1786, -0.1183], [109.1415, -0.0766], [109.124, -0.1159], [109.1763, -0.1945], [109.1786, -0.1183]]], [[[109.4868, -0.6281], [109.5034, -0.6949], [109.5467, -0.7031], [109.5809, -0.6794], [109.4868, -0.6281]]]]}}, {"type": "Feature", "id": 1212, "properties": {"WADMKK": "Deli Serdang", "WADMPR": "Sumatera Utara", "KDPKAB": "12.07", "LUASWH": 9.10751716, "kode_wilayah": 1212, "nama_resmi": "Kabupaten Deli Serdang", "tipe": "Kabupaten", "provinsi": "Sumatera Utara", "pulau": "Sumatera", "parlemen": 6.0, "pendapatan": 28.16, "pengeluaran": 13279.0, "ahh": 74.54, "profesional": 54.96, "tpak": 49.47, "rls": 10.29, "hls": 13.4, "skor_ekonomi": 25.44, "skor_keputusan": 40.67, "skor_kapasitas_sosial": 65.89, "ikpp_komposit": 39.62, "kuadran": "Kuadran III (Ekonomi Rendah, Keputusan Rendah)", "lisa_cluster_keputusan": "Not Significant", "lisa_cluster_ekonomi": "Low-High (Spatial Outlier)", "pc1": 1.326, "pc2": -0.19, "lat": 2.332, "lon": 99.051}, "geometry": {"type": "Polygon", "coordinates": [[[98.6233, 3.1049], [98.6339, 3.0648], [98.6926, 3.072], [98.7264, 3.1211], [98.7357, 3.2149], [98.8369, 3.3328], [98.9186, 3.3709], [98.9142, 3.4507], [98.9363, 3.5202], [98.9191, 3.5827], [98.9433, 3.6758], [98.8945, 3.6814], [98.7738, 3.7319], [98.7518, 3.7637], [98.707, 3.7718], [98.7271, 3.7325], [98.7047, 3.7093], [98.7074, 3.6185], [98.7453, 3.5369], [98.6297, 3.5117], [98.6068, 3.6106], [98.6526, 3.6152], [98.6587, 3.6753], [98.6337, 3.684], [98.6512, 3.7823], [98.7102, 3.7948], [98.6937, 3.8868], [98.6637, 3.9081], [98.6193, 3.8799], [98.5515, 3.7899], [98.5045, 3.745], [98.5012, 3.6724], [98.5332, 3.6209], [98.5356, 3.5703], [98.4982, 3.5644], [98.5102, 3.496], [98.4959, 3.3903], [98.509, 3.3077], [98.47, 3.2765], [98.4714, 3.2417], [98.5389, 3.2469], [98.5565, 3.2009], [98.6229, 3.2326], [98.6024, 3.1592], [98.6233, 3.1049]]]}}, {"type": "Feature", "id": 2172, "properties": {"WADMKK": "Kota Tanjung Pinang", "WADMPR": "Kepulauan Riau", "KDPKAB": "21.72", "LUASWH": 1.57349013, "kode_wilayah": 2172, "nama_resmi": "Kota Tanjung Pinang", "tipe": "Kota", "provinsi": "Kepulauan Riau", "pulau": "Sumatera", "parlemen": 23.33, "pendapatan": 26.85, "pengeluaran": 16663.0, "ahh": 75.4, "profesional": 52.48, "tpak": 56.96, "rls": 10.67, "hls": 14.18, "skor_ekonomi": 28.86, "skor_keputusan": 54.77, "skor_kapasitas_sosial": 72.55, "ikpp_komposit": 47.96, "kuadran": "Kuadran II (Ekonomi Rendah, Keputusan Tinggi)", "lisa_cluster_keputusan": "Not Significant", "lisa_cluster_ekonomi": "Low-Low (Coldspot)", "pc1": 2.525, "pc2": -0.112, "lat": 0.965, "lon": 104.441}, "geometry": {"type": "Polygon", "coordinates": [[[104.4661, 0.9846], [104.4139, 0.9771], [104.4381, 0.9085], [104.5145, 0.8442], [104.5518, 0.9148], [104.5201, 0.9745], [104.4661, 0.9846]]]}}, {"type": "Feature", "id": 9104, "properties": {"WADMKK": "Teluk Bintuni", "WADMPR": "Papua Barat", "KDPKAB": "92.06", "LUASWH": 719.01239203, "kode_wilayah": 9104, "nama_resmi": "Kabupaten Teluk Bintuni", "tipe": "Kabupaten", "provinsi": "Papua Barat", "pulau": "Papua", "parlemen": 4.17, "pendapatan": 25.61, "pengeluaran": 9724.257625515824, "ahh": 71.44486053539147, "profesional": 40.55, "tpak": 60.96951765757623, "rls": 7.198328718121973, "hls": 12.471567892120854, "skor_ekonomi": 30.17, "skor_keputusan": 29.37, "skor_kapasitas_sosial": 49.8, "ikpp_komposit": 33.78, "kuadran": "Kuadran III (Ekonomi Rendah, Keputusan Rendah)", "lisa_cluster_keputusan": "Low-Low (Coldspot)", "lisa_cluster_ekonomi": "Not Significant", "pc1": -1.553, "pc2": -0.516, "lat": -1.906, "lon": 133.329}, "geometry": {"type": "MultiPolygon", "coordinates": [[[[133.4976, -3.0811], [133.5705, -3.0635], [133.6046, -2.9729], [133.7118, -2.915], [133.7304, -2.8748], [133.7237, -2.8215], [133.7602, -2.8048], [133.8095, -2.8069], [133.8433, -2.7894], [133.9295, -2.8175], [134.0097, -2.7901], [134.0635, -2.9277], [134.1261, -2.9645], [134.1409, -3.0161], [134.1969, -3.0243], [134.2038, -3.0777], [134.2294, -3.1188], [134.2884, -3.1114], [134.3587, -2.9501], [134.3247, -2.9088], [134.3299, -2.8858], [134.3081, -2.7977], [134.3144, -2.7692], [134.2742, -2.7451], [134.2476, -2.6479], [134.2638, -2.613], [134.1913, -2.5711], [134.1579, -2.4997], [134.1164, -2.4589], [134.1007, -2.3924], [134.1042, -2.3075], [134.077, -2.1959], [134.0837, -2.1125], [134.0618, -2.043], [134.0543, -1.889], [134.0084, -1.8384], [133.9187, -1.8524], [133.9179, -1.8075], [133.8809, -1.7061], [133.8135, -1.6723], [133.778, -1.6343], [133.7106, -1.6213], [133.7222, -1.5896], [133.6912, -1.5306], [133.655, -1.4939], [133.5781, -1.512], [133.518, -1.5093], [133.4636, -1.4711], [133.4739, -1.337], [133.4191, -1.3324], [133.2763, -1.2564], [133.2386, -1.2519], [133.1966, -1.2406], [133.154, -1.251], [133.1154, -1.2909], [133.0, -1.3554], [132.9048, -1.2938], [132.9093, -1.3626], [132.8866, -1.4222], [132.8544, -1.4498], [132.8565, -1.4936], [132.8232, -1.5562], [132.7873, -1.5739], [132.7697, -1.654], [132.7724, -1.7263], [132.7366, -1.8489], [132.7143, -1.8831], [132.6222, -1.8761], [132.6561, -1.962], [132.6256, -1.9832], [132.6941, -2.0705], [132.5988, -2.1988], [132.6414, -2.2862], [132.7153, -2.2973], [132.7831, -2.2493], [132.8608, -2.248], [132.9009, -2.2811], [132.9605, -2.2914], [133.0253, -2.2412], [133.0946, -2.2343], [133.1793, -2.1942], [133.2243, -2.2149], [133.2727, -2.1946], [133.3269, -2.219], [133.4037, -2.2076], [133.4233, -2.2294], [133.5656, -2.2117], [133.6199, -2.2311], [133.6584, -2.2012], [133.6967, -2.1952], [133.7244, -2.1616], [133.7528, -2.1689], [133.8211, -2.1344], [133.8407, -2.0961], [133.8736, -2.1084], [133.9476, -2.0816], [133.9693, -2.1086], [133.937, -2.1603], [133.9419, -2.2319], [133.9998, -2.241], [133.949, -2.3249], [133.9866, -2.3662], [133.9486, -2.3958], [133.9578, -2.467], [133.8993, -2.4811], [133.8264, -2.4451], [133.7836, -2.4896], [133.808, -2.5436], [133.8049, -2.6466], [133.7683, -2.6637], [133.7543, -2.63], [133.6632, -2.6226], [133.6731, -2.5743], [133.6419, -2.5327], [133.561, -2.5798], [133.5286, -2.6421], [133.4368, -2.6463], [133.4118, -2.6952], [133.3802, -2.6565], [133.3715, -2.6023], [133.3743, -2.5072], [133.2749, -2.4277], [133.2122, -2.4121], [133.1937, -2.4285], [133.1259, -2.4374], [133.0403, -2.4988], [132.9853, -2.5789], [133.0232, -2.623], [133.0626, -2.6306], [133.0789, -2.7314], [133.1378, -2.7482], [133.1548, -2.7746], [133.2115, -2.7998], [133.2235, -2.8459], [133.1634, -2.9255], [133.221, -2.9475], [133.2797, -2.9916], [133.3444, -2.9933], [133.3795, -2.977], [133.4139, -3.0122], [133.4839, -3.0378], [133.4976, -3.0811]]], [[[133.7215, -2.5567], [133.6963, -2.6131], [133.7525, -2.6201], [133.7774, -2.5869], [133.7215, -2.5567]]], [[[133.4801, -2.5091], [133.4638, -2.6212], [133.5132, -2.629], [133.5147, -2.5885], [133.4801, -2.5091]]], [[[133.5038, -2.4171], [133.4845, -2.4298], [133.5209, -2.4833], [133.5651, -2.5142], [133.6154, -2.5019], [133.6013, -2.4594], [133.5038, -2.4171]]], [[[133.9352, -2.3275], [133.9031, -2.3317], [133.8668, -2.3717], [133.9486, -2.3946], [133.9865, -2.3675], [133.9352, -2.3275]]], [[[133.9983, -2.2429], [133.9568, -2.2333], [133.9193, -2.3086], [133.8629, -2.3066], [133.8543, -2.3425], [133.9458, -2.3234], [133.9735, -2.3016], [133.9983, -2.2429]]], [[[133.8651, -2.385], [133.8386, -2.3953], [133.8706, -2.4456], [133.9099, -2.4782], [133.9465, -2.4311], [133.9434, -2.3989], [133.8651, -2.385]]], [[[133.8449, -2.2019], [133.805, -2.2517], [133.8422, -2.2868], [133.8449, -2.2019]]], [[[133.8971, -2.1868], [133.8611, -2.2044], [133.8494, -2.2838], [133.8892, -2.2652], [133.8971, -2.1868]]], [[[133.8306, -2.4089], [133.7516, -2.4203], [133.7497, -2.4737], [133.8078, -2.4668], [133.8306, -2.4089]]]]}}, {"type": "Feature", "id": 9112, "properties": {"WADMKK": "Pegunungan Arfak", "WADMPR": "Papua Barat", "KDPKAB": "92.12", "LUASWH": 1.1422642, "kode_wilayah": 9112, "nama_resmi": "Kabupaten Pegunungan Arfak", "tipe": "Kabupaten", "provinsi": "Papua Barat", "pulau": "Papua", "parlemen": 8.0, "pendapatan": 24.47, "pengeluaran": 6928.0, "ahh": 69.11, "profesional": 15.68, "tpak": 59.46, "rls": 7.76, "hls": 13.29, "skor_ekonomi": 28.14, "skor_keputusan": 16.21, "skor_kapasitas_sosial": 46.83, "ikpp_komposit": 27.11, "kuadran": "Kuadran III (Ekonomi Rendah, Keputusan Rendah)", "lisa_cluster_keputusan": "Low-Low (Coldspot)", "lisa_cluster_ekonomi": "Not Significant", "pc1": -2.228, "pc2": -0.499, "lat": -1.155, "lon": 133.714}, "geometry": {"type": "Polygon", "coordinates": [[[133.2386, -1.2519], [133.2763, -1.2564], [133.4191, -1.3324], [133.4739, -1.337], [133.4636, -1.4711], [133.518, -1.5093], [133.5781, -1.512], [133.655, -1.4939], [133.6912, -1.5306], [133.732, -1.5098], [133.7864, -1.5141], [133.8437, -1.5584], [133.8564, -1.507], [133.93, -1.5388], [134.0097, -1.4312], [134.0757, -1.4428], [134.0751, -1.3947], [134.0463, -1.3755], [134.0847, -1.3251], [134.0445, -1.2408], [133.9962, -1.2023], [133.9193, -1.1649], [133.895, -1.1034], [133.8968, -1.0427], [133.8611, -1.0599], [133.78, -1.0657], [133.7683, -1.0241], [133.7322, -1.0378], [133.744, -1.091], [133.7104, -1.1217], [133.6974, -1.0699], [133.6698, -1.0469], [133.5778, -1.0659], [133.5286, -1.0619], [133.4883, -1.0236], [133.4884, -0.9604], [133.4558, -0.9631], [133.4243, -1.1494], [133.4324, -1.1781], [133.3726, -1.2226], [133.2644, -1.1932], [133.2386, -1.2519]]]}}, {"type": "Feature", "id": 3211, "properties": {"WADMKK": "Sumedang", "WADMPR": "Jawa Barat", "KDPKAB": "32.11", "LUASWH": 4.39337395, "kode_wilayah": 3211, "nama_resmi": "Kabupaten Sumedang", "tipe": "Kabupaten", "provinsi": "Jawa Barat", "pulau": "Jawa", "parlemen": 24.0, "pendapatan": 35.1, "pengeluaran": 11589.0, "ahh": 75.7, "profesional": 49.83, "tpak": 54.65, "rls": 8.74, "hls": 13.02, "skor_ekonomi": 35.29, "skor_keputusan": 53.61, "skor_kapasitas_sosial": 61.64, "ikpp_komposit": 47.89, "kuadran": "Kuadran I (Ekonomi Tinggi, Keputusan Tinggi)", "lisa_cluster_keputusan": "Not Significant", "lisa_cluster_ekonomi": "Not Significant", "pc1": 0.523, "pc2": -0.181, "lat": -6.861, "lon": 107.921}, "geometry": {"type": "Polygon", "coordinates": [[[108.1262, -7.0372], [108.1377, -7.0388], [108.1804, -6.9565], [108.2165, -6.932], [108.2131, -6.8949], [108.163, -6.8306], [108.1637, -6.7278], [108.1178, -6.7054], [108.0431, -6.6391], [108.028, -6.664], [107.9395, -6.6254], [107.9061, -6.5939], [107.8554, -6.5791], [107.8513, -6.6513], [107.8276, -6.688], [107.8398, -6.7607], [107.8162, -6.8008], [107.75, -6.8128], [107.741, -6.8549], [107.7587, -6.8982], [107.7557, -6.9482], [107.8424, -6.9695], [107.9147, -6.9528], [107.9677, -6.962], [108.0423, -6.9964], [108.0821, -6.9871], [108.1262, -7.0372]]]}}, {"type": "Feature", "id": 3577, "properties": {"WADMKK": "Madiun", "WADMPR": "Jawa Timur", "KDPKAB": "35.19", "LUASWH": 3.05710743, "kode_wilayah": 3577, "nama_resmi": "Kota Madiun", "tipe": "Kota", "provinsi": "Jawa Timur", "pulau": "Jawa", "parlemen": 20.69, "pendapatan": 38.79, "pengeluaran": 17518.0, "ahh": 75.98, "profesional": 49.97, "tpak": 62.81, "rls": 12.11, "hls": 14.54, "skor_ekonomi": 43.89, "skor_keputusan": 50.69, "skor_kapasitas_sosial": 78.01, "ikpp_komposit": 53.43, "kuadran": "Kuadran I (Ekonomi Tinggi, Keputusan Tinggi)", "lisa_cluster_keputusan": "Not Significant", "lisa_cluster_ekonomi": "Not Significant", "pc1": 2.762, "pc2": 1.724, "lat": -7.624, "lon": 111.521}, "geometry": {"type": "Polygon", "coordinates": [[[111.4499, -7.7785], [111.5329, -7.8038], [111.57, -7.8021], [111.6586, -7.7667], [111.7153, -7.8113], [111.7505, -7.7991], [111.726, -7.778], [111.7329, -7.7263], [111.7785, -7.6559], [111.8043, -7.5455], [111.8493, -7.5096], [111.8006, -7.4607], [111.7705, -7.4696], [111.6736, -7.4107], [111.6522, -7.4503], [111.6005, -7.4825], [111.5781, -7.5206], [111.5114, -7.5383], [111.4517, -7.6202], [111.5038, -7.65], [111.505, -7.6493], [111.5117, -7.6489], [111.5009, -7.6076], [111.5585, -7.5994], [111.5417, -7.6587], [111.5107, -7.6592], [111.5012, -7.6912], [111.4587, -7.725], [111.4499, -7.7785]]]}}, {"type": "Feature", "id": 1509, "properties": {"WADMKK": "Bungo", "WADMPR": "Jambi", "KDPKAB": "15.08", "LUASWH": 53.34080455, "kode_wilayah": 1509, "nama_resmi": "Kabupaten Bungo", "tipe": "Kabupaten", "provinsi": "Jambi", "pulau": "Sumatera", "parlemen": 14.29, "pendapatan": 22.91, "pengeluaran": 12820.0, "ahh": 70.75, "profesional": 47.34, "tpak": 49.82, "rls": 8.6, "hls": 12.67, "skor_ekonomi": 20.65, "skor_keputusan": 43.11, "skor_kapasitas_sosial": 55.33, "ikpp_komposit": 36.57, "kuadran": "Kuadran III (Ekonomi Rendah, Keputusan Rendah)", "lisa_cluster_keputusan": "Not Significant", "lisa_cluster_ekonomi": "Not Significant", "pc1": 0.166, "pc2": -1.441, "lat": -1.466, "lon": 102.358}, "geometry": {"type": "Polygon", "coordinates": [[[101.6291, -1.8887], [101.7345, -1.8773], [101.7882, -1.8291], [101.8287, -1.8207], [101.883, -1.8469], [101.9129, -1.8373], [101.9774, -1.8708], [101.9962, -1.9092], [102.0348, -1.9046], [102.058, -1.8774], [102.1106, -1.8727], [102.1395, -1.838], [102.1337, -1.7907], [102.2311, -1.7539], [102.3618, -1.6777], [102.4055, -1.7007], [102.4704, -1.6553], [102.4874, -1.6412], [102.4769, -1.5712], [102.3144, -1.5689], [102.3294, -1.5121], [102.2912, -1.4603], [102.2106, -1.4761], [102.1821, -1.4443], [102.0451, -1.3915], [102.0051, -1.3542], [101.9521, -1.3407], [101.9207, -1.2882], [101.9197, -1.2501], [101.9616, -1.227], [101.9438, -1.1307], [101.8842, -1.1347], [101.816, -1.2178], [101.7267, -1.2348], [101.6945, -1.3074], [101.7281, -1.3549], [101.6949, -1.3941], [101.7194, -1.4356], [101.6798, -1.4981], [101.4864, -1.6485], [101.4375, -1.6958], [101.6291, -1.8887]]]}}, {"type": "Feature", "id": 1106, "properties": {"WADMKK": "Aceh Tengah", "WADMPR": "Aceh", "KDPKAB": "11.04", "LUASWH": 36.42615692, "kode_wilayah": 1106, "nama_resmi": "Kabupaten Aceh Tengah", "tipe": "Kabupaten", "provinsi": "Aceh", "pulau": "Sumatera", "parlemen": 13.33, "pendapatan": 38.12, "pengeluaran": 11805.0, "ahh": 71.32, "profesional": 57.27, "tpak": 67.4, "rls": 10.03, "hls": 15.03, "skor_ekonomi": 46.11, "skor_keputusan": 48.88, "skor_kapasitas_sosial": 62.69, "ikpp_komposit": 50.53, "kuadran": "Kuadran I (Ekonomi Tinggi, Keputusan Tinggi)", "lisa_cluster_keputusan": "Not Significant", "lisa_cluster_ekonomi": "High-Low (Spatial Outlier)", "pc1": 0.658, "pc2": 1.405, "lat": 5.297, "lon": 95.611}, "geometry": {"type": "Polygon", "coordinates": [[[97.3589, 4.2143], [97.3594, 4.3495], [97.3685, 4.3703], [97.3455, 4.4438], [97.3429, 4.4999], [97.2795, 4.5125], [97.3172, 4.5491], [97.3125, 4.6046], [97.2335, 4.6043], [97.1696, 4.5781], [97.1022, 4.5862], [97.0393, 4.6114], [97.0207, 4.6439], [96.9198, 4.6539], [96.8046, 4.6764], [96.7874, 4.7128], [96.7468, 4.7126], [96.6836, 4.7557], [96.7068, 4.8239], [96.6741, 4.9509], [96.5731, 4.9477], [96.5111, 4.9008], [96.4699, 4.8941], [96.4757, 4.7749], [96.3988, 4.76], [96.2821, 4.7798], [96.2603, 4.7124], [96.2705, 4.6977], [96.362, 4.67], [96.4062, 4.67], [96.4514, 4.6222], [96.4901, 4.6248], [96.5031, 4.6322], [96.5718, 4.5779], [96.6541, 4.5475], [96.6826, 4.4829], [96.6342, 4.4034], [96.7148, 4.331], [96.7937, 4.2804], [96.8366, 4.2816], [96.8875, 4.2211], [96.93, 4.1996], [97.0088, 4.1988], [97.1132, 4.2389], [97.1617, 4.2774], [97.2235, 4.2236], [97.2539, 4.174], [97.3589, 4.2143]]]}}, {"type": "Feature", "id": 7301, "properties": {"WADMKK": "Kepulauan Selayar", "WADMPR": "Sulawesi Selatan", "KDPKAB": "73.01", "LUASWH": 9.36144297, "kode_wilayah": 7301, "nama_resmi": "Kabupaten Kepulauan Selayar", "tipe": "Kabupaten", "provinsi": "Sulawesi Selatan", "pulau": "Sulawesi", "parlemen": 20.0, "pendapatan": 33.16, "pengeluaran": 10700.0, "ahh": 73.08, "profesional": 63.34, "tpak": 59.5, "rls": 8.53, "hls": 13.71, "skor_ekonomi": 36.46, "skor_keputusan": 59.01, "skor_kapasitas_sosial": 58.15, "ikpp_komposit": 49.82, "kuadran": "Kuadran I (Ekonomi Tinggi, Keputusan Tinggi)", "lisa_cluster_keputusan": "High-High (Hotspot)", "lisa_cluster_ekonomi": "Not Significant", "pc1": 0.36, "pc2": -0.197, "lat": -6.12, "lon": 120.466}, "geometry": {"type": "MultiPolygon", "coordinates": [[[[121.7822, -7.4224], [121.8244, -7.3957], [121.8383, -7.346], [121.8172, -7.3302], [121.7538, -7.3529], [121.7448, -7.411], [121.7822, -7.4224]]], [[[121.1352, -7.3393], [121.0825, -7.3039], [121.0821, -7.3625], [121.0997, -7.3976], [121.1563, -7.3721], [121.1352, -7.3393]]], [[[120.9211, -7.2843], [120.814, -7.2592], [120.8056, -7.2874], [120.8977, -7.3108], [120.9322, -7.3079], [121.0006, -7.3323], [121.0515, -7.3267], [121.0637, -7.3013], [121.0033, -7.2818], [120.9211, -7.2843]]], [[[120.7381, -7.133], [120.7678, -7.1346], [120.7834, -7.0954], [120.6727, -7.0429], [120.6573, -7.0187], [120.6041, -7.0746], [120.6254, -7.118], [120.7381, -7.133]]], [[[120.4988, -6.4593], [120.4931, -6.4003], [120.5384, -6.3276], [120.5251, -6.2213], [120.5683, -6.0561], [120.5587, -5.9921], [120.5345, -5.9194], [120.53, -5.8448], [120.482, -5.7689], [120.4623, -5.7908], [120.4451, -5.9593], [120.451, -6.0643], [120.4658, -6.0917], [120.4301, -6.1695], [120.4472, -6.216], [120.4458, -6.2666], [120.4807, -6.2842], [120.4612, -6.4128], [120.4988, -6.4593]]]]}}, {"type": "Feature", "id": 7404, "properties": {"WADMKK": "Kolaka", "WADMPR": "Sulawesi Tenggara", "KDPKAB": "74.01", "LUASWH": 73.88564671, "kode_wilayah": 7404, "nama_resmi": "Kabupaten Kolaka", "tipe": "Kabupaten", "provinsi": "Sulawesi Tenggara", "pulau": "Sulawesi", "parlemen": 30.0, "pendapatan": 26.9, "pengeluaran": 8746.0, "ahh": 73.24, "profesional": 51.35, "tpak": 76.31, "rls": 9.24, "hls": 13.32, "skor_ekonomi": 40.95, "skor_keputusan": 60.08, "skor_kapasitas_sosial": 57.36, "ikpp_komposit": 51.88, "kuadran": "Kuadran I (Ekonomi Tinggi, Keputusan Tinggi)", "lisa_cluster_keputusan": "Not Significant", "lisa_cluster_ekonomi": "Not Significant", "pc1": -0.274, "pc2": -0.191, "lat": -5.496, "lon": 122.84}, "geometry": {"type": "Polygon", "coordinates": [[[121.4705, -4.5915], [121.5355, -4.5725], [121.6501, -4.5684], [121.6696, -4.6152], [121.7197, -4.5011], [121.7693, -4.4642], [121.8114, -4.4158], [121.7367, -4.3649], [121.7082, -4.2949], [121.7347, -4.2568], [121.741, -4.2013], [121.7796, -4.1829], [121.7657, -4.1285], [121.7835, -4.0529], [121.7305, -4.0342], [121.6547, -3.9771], [121.6723, -3.9313], [121.6061, -3.8766], [121.611, -3.8307], [121.486, -3.7235], [121.4258, -3.712], [121.4201, -3.6304], [121.3505, -3.6454], [121.3248, -3.6987], [121.2527, -3.6571], [121.121, -3.718], [121.1027, -3.7453], [121.151, -3.7874], [121.1693, -3.8245], [121.2407, -3.8254], [121.2609, -3.8882], [121.3003, -3.8893], [121.3178, -3.9431], [121.3699, -4.0019], [121.4185, -3.9997], [121.5296, -4.0273], [121.609, -4.0663], [121.6173, -4.151], [121.5865, -4.2008], [121.5798, -4.2447], [121.5337, -4.2831], [121.5166, -4.359], [121.5167, -4.4428], [121.4705, -4.5915]]]}}, {"type": "Feature", "id": 7304, "properties": {"WADMKK": "Jeneponto", "WADMPR": "Sulawesi Selatan", "KDPKAB": "73.04", "LUASWH": 9.24142059, "kode_wilayah": 7304, "nama_resmi": "Kabupaten Jeneponto", "tipe": "Kabupaten", "provinsi": "Sulawesi Selatan", "pulau": "Sulawesi", "parlemen": 27.5, "pendapatan": 33.17, "pengeluaran": 12643.0, "ahh": 69.62, "profesional": 55.28, "tpak": 58.16, "rls": 8.47, "hls": 12.81, "skor_ekonomi": 35.63, "skor_keputusan": 60.43, "skor_kapasitas_sosial": 53.65, "ikpp_komposit": 49.15, "kuadran": "Kuadran I (Ekonomi Tinggi, Keputusan Tinggi)", "lisa_cluster_keputusan": "High-High (Hotspot)", "lisa_cluster_ekonomi": "Not Significant", "pc1": 0.007, "pc2": -0.723, "lat": -5.677, "lon": 119.749}, "geometry": {"type": "Polygon", "coordinates": [[[119.5092, -5.5375], [119.5103, -5.5662], [119.5937, -5.6179], [119.6507, -5.6288], [119.647, -5.6815], [119.7045, -5.7028], [119.7896, -5.7012], [119.8537, -5.6592], [119.8576, -5.6301], [119.9074, -5.5767], [119.8574, -5.5523], [119.8798, -5.4909], [119.9311, -5.4229], [119.9395, -5.382], [119.9081, -5.4206], [119.8593, -5.4486], [119.8039, -5.5556], [119.7316, -5.5633], [119.7047, -5.5424], [119.7007, -5.4972], [119.6647, -5.4789], [119.6366, -5.431], [119.5737, -5.4464], [119.5311, -5.4316], [119.5283, -5.4812], [119.4878, -5.4922], [119.5092, -5.5375]]]}}, {"type": "Feature", "id": 3272, "properties": {"WADMKK": "Kota Sukabumi", "WADMPR": "Jawa Barat", "KDPKAB": "32.72", "LUASWH": 2.34860226, "kode_wilayah": 3272, "nama_resmi": "Kota Sukabumi", "tipe": "Kota", "provinsi": "Jawa Barat", "pulau": "Jawa", "parlemen": 20.0, "pendapatan": 28.21, "pengeluaran": 12252.0, "ahh": 75.57, "profesional": 42.37, "tpak": 45.67, "rls": 10.38, "hls": 13.62, "skor_ekonomi": 23.13, "skor_keputusan": 44.98, "skor_kapasitas_sosial": 66.88, "ikpp_komposit": 40.62, "kuadran": "Kuadran III (Ekonomi Rendah, Keputusan Rendah)", "lisa_cluster_keputusan": "Not Significant", "lisa_cluster_ekonomi": "Low-Low (Coldspot)", "pc1": 1.508, "pc2": -0.646, "lat": -6.918, "lon": 106.932}, "geometry": {"type": "Polygon", "coordinates": [[[106.9034, -6.9359], [106.8983, -6.9776], [106.9524, -6.964], [106.9589, -6.9193], [106.9144, -6.8941], [106.9034, -6.9359]]]}}, {"type": "Feature", "id": 1404, "properties": {"WADMKK": "Pelalawan", "WADMPR": "Riau", "KDPKAB": "14.05", "LUASWH": 18.36396576, "kode_wilayah": 1404, "nama_resmi": "Kabupaten Pelalawan", "tipe": "Kabupaten", "provinsi": "Riau", "pulau": "Sumatera", "parlemen": 5.0, "pendapatan": 27.9, "pengeluaran": 12575.0, "ahh": 74.18, "profesional": 54.91, "tpak": 44.74, "rls": 8.96, "hls": 12.91, "skor_ekonomi": 22.25, "skor_keputusan": 39.73, "skor_kapasitas_sosial": 60.87, "ikpp_komposit": 36.97, "kuadran": "Kuadran III (Ekonomi Rendah, Keputusan Rendah)", "lisa_cluster_keputusan": "Not Significant", "lisa_cluster_ekonomi": "Low-Low (Coldspot)", "pc1": 0.703, "pc2": -0.745, "lat": -0.315, "lon": 103.158}, "geometry": {"type": "MultiPolygon", "coordinates": [[[[101.8987, -0.3868], [101.9853, -0.3945], [102.048, -0.314], [102.0872, -0.2883], [102.1432, -0.2876], [102.1751, -0.2477], [102.2146, -0.1654], [102.4147, -0.1655], [102.4674, -0.117], [102.5335, 0.0682], [102.6009, 0.0893], [102.7169, 0.0935], [102.7874, 0.1183], [102.8979, 0.1859], [103.0736, 0.3134], [103.2114, 0.3688], [103.2691, 0.438], [103.3516, 0.4848], [103.3474, 0.5385], [103.2881, 0.5072], [103.1961, 0.4748], [103.1755, 0.4272], [103.1105, 0.385], [103.0757, 0.4414], [103.1073, 0.4558], [103.0958, 0.4948], [103.0234, 0.587], [102.8996, 0.7241], [102.815, 0.6943], [102.8096, 0.6529], [102.2502, 0.5838], [101.9323, 0.552], [101.9126, 0.454], [101.8859, 0.4495], [101.8733, 0.5251], [101.8219, 0.4998], [101.8497, 0.461], [101.7952, 0.4148], [101.7329, 0.4544], [101.6516, 0.4591], [101.6443, 0.486], [101.6009, 0.5063], [101.5894, 0.4641], [101.5921, 0.4142], [101.6207, 0.3397], [101.6668, 0.3163], [101.6651, 0.2783], [101.585, 0.2681], [101.5848, 0.2022], [101.5656, 0.1847], [101.5676, 0.1309], [101.5148, 0.11], [101.4956, 0.0766], [101.5223, -0.005], [101.5467, -0.0437], [101.5151, -0.064], [101.5189, -0.0996], [101.549, -0.1278], [101.6144, -0.2338], [101.666, -0.2365], [101.7603, -0.2932], [101.7633, -0.3371], [101.8199, -0.3447], [101.8499, -0.3953], [101.8987, -0.3868]]], [[[103.2092, 0.5208], [103.2848, 0.5296], [103.3, 0.5527], [103.2954, 0.6245], [103.2642, 0.6735], [103.2059, 0.7024], [103.1495, 0.6648], [103.1378, 0.5683], [103.165, 0.5002], [103.2092, 0.5208]]], [[[103.039, 0.6599], [103.0281, 0.6435], [103.0639, 0.5688], [103.0836, 0.5885], [103.039, 0.6599]]]]}}, {"type": "Feature", "id": 1810, "properties": {"WADMKK": "Pringsewu", "WADMPR": "Lampung", "KDPKAB": "18.10", "LUASWH": 3.60043724, "kode_wilayah": 1810, "nama_resmi": "Kabupaten Pringsewu", "tipe": "Kabupaten", "provinsi": "Lampung", "pulau": "Sumatera", "parlemen": 30.0, "pendapatan": 20.78, "pengeluaran": 11543.0, "ahh": 73.24, "profesional": 48.46, "tpak": 56.82, "rls": 8.53, "hls": 12.93, "skor_ekonomi": 22.98, "skor_keputusan": 58.14, "skor_kapasitas_sosial": 57.72, "ikpp_komposit": 43.99, "kuadran": "Kuadran II (Ekonomi Rendah, Keputusan Tinggi)", "lisa_cluster_keputusan": "Not Significant", "lisa_cluster_ekonomi": "Not Significant", "pc1": 0.499, "pc2": -1.74, "lat": -5.344, "lon": 105.006}, "geometry": {"type": "Polygon", "coordinates": [[[104.9629, -5.5756], [104.9672, -5.5538], [104.9344, -5.4866], [104.9643, -5.4365], [105.0392, -5.3862], [105.0748, -5.3934], [105.0633, -5.3208], [105.0367, -5.2765], [105.0745, -5.2255], [105.049, -5.2065], [104.9422, -5.2612], [104.8718, -5.2327], [104.8613, -5.2018], [104.8221, -5.1963], [104.7927, -5.1569], [104.7722, -5.1787], [104.7802, -5.2362], [104.8107, -5.3005], [104.8553, -5.336], [104.8682, -5.3781], [104.9125, -5.429], [104.8914, -5.55], [104.9629, -5.5756]]]}}, {"type": "Feature", "id": 3575, "properties": {"WADMKK": "Pasuruan", "WADMPR": "Jawa Timur", "KDPKAB": "35.14", "LUASWH": 6.48480934, "kode_wilayah": 3575, "nama_resmi": "Kota Pasuruan", "tipe": "Kota", "provinsi": "Jawa Timur", "pulau": "Jawa", "parlemen": 16.67, "pendapatan": 32.53, "pengeluaran": 14664.0, "ahh": 74.56, "profesional": 55.89, "tpak": 62.58, "rls": 9.94, "hls": 13.67, "skor_ekonomi": 37.78, "skor_keputusan": 51.0, "skor_kapasitas_sosial": 66.96, "ikpp_komposit": 48.9, "kuadran": "Kuadran I (Ekonomi Tinggi, Keputusan Tinggi)", "lisa_cluster_keputusan": "Not Significant", "lisa_cluster_ekonomi": "Not Significant", "pc1": 1.321, "pc2": 0.541, "lat": -7.647, "lon": 112.909}, "geometry": {"type": "Polygon", "coordinates": [[[112.9351, -7.956], [112.9483, -7.9084], [113.0473, -7.8198], [113.0547, -7.7483], [113.1001, -7.7024], [113.0501, -7.6575], [112.9927, -7.6575], [112.9531, -7.6218], [112.9449, -7.6522], [112.8966, -7.6846], [112.8714, -7.6509], [112.9026, -7.6252], [112.8696, -7.5716], [112.8358, -7.5543], [112.7709, -7.5748], [112.7239, -7.569], [112.7057, -7.545], [112.6631, -7.5602], [112.6285, -7.6172], [112.6236, -7.6668], [112.5748, -7.7326], [112.5898, -7.765], [112.6324, -7.7976], [112.7169, -7.8206], [112.7749, -7.8702], [112.8087, -7.9267], [112.886, -7.9523], [112.9351, -7.956]]]}}, {"type": "Feature", "id": 1503, "properties": {"WADMKK": "Sarolangun", "WADMPR": "Jambi", "KDPKAB": "15.03", "LUASWH": 5.62465097, "kode_wilayah": 1503, "nama_resmi": "Kabupaten Sarolangun", "tipe": "Kabupaten", "provinsi": "Jambi", "pulau": "Sumatera", "parlemen": 13.33, "pendapatan": 30.93, "pengeluaran": 12679.0, "ahh": 71.94, "profesional": 51.09, "tpak": 48.41, "rls": 8.35, "hls": 12.6, "skor_ekonomi": 27.43, "skor_keputusan": 44.75, "skor_kapasitas_sosial": 56.08, "ikpp_komposit": 40.09, "kuadran": "Kuadran III (Ekonomi Rendah, Keputusan Rendah)", "lisa_cluster_keputusan": "Not Significant", "lisa_cluster_ekonomi": "Not Significant", "pc1": 0.098, "pc2": -0.794, "lat": -2.313, "lon": 102.75}, "geometry": {"type": "Polygon", "coordinates": [[[102.073, -2.7649], [102.1684, -2.7072], [102.2368, -2.6896], [102.2414, -2.6511], [102.2713, -2.6245], [102.3052, -2.6493], [102.3731, -2.6562], [102.4056, -2.6891], [102.4691, -2.7043], [102.5388, -2.6752], [102.5806, -2.6783], [102.6158, -2.6527], [102.6141, -2.6222], [102.6595, -2.6134], [102.7134, -2.5712], [102.7775, -2.554], [102.8157, -2.4854], [102.8792, -2.4244], [102.8435, -2.374], [102.8559, -2.3335], [102.8928, -2.3173], [102.9407, -2.3362], [103.0293, -2.3416], [103.0631, -2.3363], [103.1186, -2.3541], [103.2113, -2.3203], [103.1982, -2.2606], [103.1674, -2.2294], [103.187, -2.1842], [103.2258, -2.1654], [103.2305, -2.1358], [103.2059, -2.0139], [103.1808, -1.9759], [103.0942, -1.9657], [103.0796, -1.9536], [102.9794, -1.9435], [102.9419, -1.9729], [102.8008, -1.9906], [102.7902, -1.9383], [102.6964, -1.9503], [102.6156, -1.9054], [102.5477, -1.9179], [102.4771, -1.8914], [102.4583, -1.9], [102.4766, -1.9749], [102.5088, -2.0188], [102.5472, -2.0181], [102.5474, -2.0779], [102.6258, -2.1122], [102.6291, -2.1854], [102.5461, -2.2139], [102.4625, -2.182], [102.4108, -2.2733], [102.3955, -2.3291], [102.3031, -2.3935], [102.2761, -2.3575], [102.2398, -2.4035], [102.1244, -2.4305], [102.1577, -2.4854], [102.1435, -2.5205], [102.0943, -2.5726], [102.1042, -2.6014], [102.064, -2.6216], [102.0863, -2.6934], [102.073, -2.7649]]]}}, {"type": "Feature", "id": 7405, "properties": {"WADMKK": "Konawe Selatan", "WADMPR": "Sulawesi Tenggara", "KDPKAB": "74.05", "LUASWH": 3.68865866, "kode_wilayah": 7405, "nama_resmi": "Kabupaten Konawe Selatan", "tipe": "Kabupaten", "provinsi": "Sulawesi Tenggara", "pulau": "Sulawesi", "parlemen": 20.0, "pendapatan": 31.24, "pengeluaran": 10658.0, "ahh": 71.89, "profesional": 49.78, "tpak": 67.75, "rls": 9.61, "hls": 13.13, "skor_ekonomi": 39.76, "skor_keputusan": 49.94, "skor_kapasitas_sosial": 57.88, "ikpp_komposit": 47.46, "kuadran": "Kuadran I (Ekonomi Tinggi, Keputusan Tinggi)", "lisa_cluster_keputusan": "Not Significant", "lisa_cluster_ekonomi": "Not Significant", "pc1": -0.14, "pc2": 0.172, "lat": -4.332, "lon": 122.281}, "geometry": {"type": "Polygon", "coordinates": [[[122.1043, -4.5306], [122.1627, -4.5287], [122.2197, -4.4791], [122.2528, -4.493], [122.3387, -4.4753], [122.4204, -4.4323], [122.5072, -4.451], [122.5891, -4.3965], [122.6564, -4.4476], [122.6763, -4.4835], [122.7406, -4.51], [122.7639, -4.4482], [122.6989, -4.3988], [122.6603, -4.3382], [122.6939, -4.3295], [122.7428, -4.3824], [122.8212, -4.4435], [122.8763, -4.4185], [122.9012, -4.3725], [122.8841, -4.2802], [122.9063, -4.2326], [122.8864, -4.1229], [122.8544, -4.0705], [122.7672, -4.0575], [122.7786, -4.0898], [122.8373, -4.1253], [122.7991, -4.1561], [122.679, -4.159], [122.6494, -4.0584], [122.6513, -4.0029], [122.6049, -4.0525], [122.5069, -4.0822], [122.4429, -4.0116], [122.354, -4.025], [122.2784, -4.0], [122.2226, -4.0055], [122.1816, -4.0613], [122.0909, -4.1147], [121.9978, -4.1289], [122.0288, -4.197], [122.007, -4.2695], [122.0042, -4.3463], [121.9714, -4.4065], [121.8819, -4.3773], [121.9869, -4.4262], [122.1078, -4.5081], [122.1043, -4.5306]]]}}, {"type": "Feature", "id": 2102, "properties": {"WADMKK": "Bintan", "WADMPR": "Kepulauan Riau", "KDPKAB": "21.01", "LUASWH": 52.22023974, "kode_wilayah": 2102, "nama_resmi": "Kabupaten Bintan", "tipe": "Kabupaten", "provinsi": "Kepulauan Riau", "pulau": "Sumatera", "parlemen": 40.0, "pendapatan": 23.83, "pengeluaran": 15078.0, "ahh": 73.24, "profesional": 62.46, "tpak": 50.91, "rls": 9.15, "hls": 13.45, "skor_ekonomi": 22.21, "skor_keputusan": 76.6, "skor_kapasitas_sosial": 63.44, "ikpp_komposit": 52.21, "kuadran": "Kuadran II (Ekonomi Rendah, Keputusan Tinggi)", "lisa_cluster_keputusan": "Not Significant", "lisa_cluster_ekonomi": "Low-Low (Coldspot)", "pc1": 2.112, "pc2": -1.952, "lat": 1.033, "lon": 103.376}, "geometry": {"type": "MultiPolygon", "coordinates": [[[[107.5955, 0.9896], [107.5869, 1.0111], [107.5301, 1.0], [107.562, 0.9514], [107.5955, 0.9896]]], [[[104.5145, 0.8442], [104.5566, 0.8138], [104.6112, 0.8333], [104.62, 0.9008], [104.66, 0.9408], [104.6345, 0.9849], [104.6575, 1.0322], [104.6319, 1.1098], [104.5773, 1.1552], [104.5854, 1.2267], [104.5591, 1.2275], [104.5316, 1.1783], [104.4993, 1.1687], [104.4007, 1.2018], [104.3195, 1.1676], [104.3307, 1.1413], [104.245, 1.1202], [104.2156, 1.0644], [104.2623, 1.0], [104.3337, 0.9973], [104.3739, 1.0104], [104.4152, 1.0556], [104.4758, 1.0273], [104.4661, 0.9846], [104.5201, 0.9745], [104.5518, 0.9148], [104.5145, 0.8442]]], [[[104.7879, 1.0279], [104.8296, 0.9754], [104.8503, 1.0112], [104.7879, 1.0279]]]]}}, {"type": "Feature", "id": 5201, "properties": {"WADMKK": "Lombok Barat", "WADMPR": "Nusa Tenggara Barat", "KDPKAB": "52.01", "LUASWH": 234.13246357, "kode_wilayah": 5201, "nama_resmi": "Kabupaten Lombok Barat", "tipe": "Kabupaten", "provinsi": "Nusa Tenggara Barat", "pulau": "Bali & Nusa Tenggara", "parlemen": 11.11, "pendapatan": 32.47, "pengeluaran": 12431.0, "ahh": 70.39, "profesional": 43.2, "tpak": 64.47, "rls": 6.88, "hls": 13.99, "skor_ekonomi": 38.89, "skor_keputusan": 37.45, "skor_kapasitas_sosial": 53.09, "ikpp_komposit": 41.15, "kuadran": "Kuadran IV (Ekonomi Tinggi, Keputusan Rendah)", "lisa_cluster_keputusan": "Low-Low (Coldspot)", "lisa_cluster_ekonomi": "High-High (Hotspot)", "pc1": -0.824, "pc2": 0.347, "lat": -8.681, "lon": 116.137}, "geometry": {"type": "Polygon", "coordinates": [[[116.074, -8.6238], [116.051, -8.7622], [115.9729, -8.7328], [115.914, -8.7753], [115.8399, -8.7274], [115.8235, -8.7631], [115.8348, -8.8106], [115.9153, -8.844], [115.9452, -8.8412], [116.0043, -8.903], [116.027, -8.8876], [116.1093, -8.8727], [116.0925, -8.8385], [116.1663, -8.7323], [116.1689, -8.6821], [116.1961, -8.6735], [116.1748, -8.6222], [116.2495, -8.5927], [116.3206, -8.4983], [116.3059, -8.4571], [116.3373, -8.4105], [116.2145, -8.4802], [116.1421, -8.4544], [116.1198, -8.4708], [116.0366, -8.4702], [116.0694, -8.552], [116.1394, -8.5652], [116.1668, -8.5966], [116.131, -8.6192], [116.074, -8.6238]]]}}, {"type": "Feature", "id": 1175, "properties": {"WADMKK": "Kota Subulussalam", "WADMPR": "Aceh", "KDPKAB": "11.75", "LUASWH": 5.77271959, "kode_wilayah": 1175, "nama_resmi": "Kota Subulussalam", "tipe": "Kota", "provinsi": "Aceh", "pulau": "Sumatera", "parlemen": 25.0, "pendapatan": 36.15, "pengeluaran": 8491.0, "ahh": 66.47, "profesional": 62.34, "tpak": 50.87, "rls": 8.43, "hls": 15.31, "skor_ekonomi": 33.94, "skor_keputusan": 62.89, "skor_kapasitas_sosial": 50.09, "ikpp_komposit": 48.75, "kuadran": "Kuadran II (Ekonomi Rendah, Keputusan Tinggi)", "lisa_cluster_keputusan": "Not Significant", "lisa_cluster_ekonomi": "Low-High (Spatial Outlier)", "pc1": 0.041, "pc2": -0.627, "lat": 2.671, "lon": 97.993}, "geometry": {"type": "Polygon", "coordinates": [[[98.0766, 2.5748], [98.1077, 2.6044], [98.104, 2.6819], [98.0694, 2.7642], [98.1167, 2.7851], [98.0984, 2.8228], [98.0501, 2.8218], [97.993, 2.8818], [97.9493, 2.8948], [97.9549, 2.9828], [97.9362, 2.9895], [97.8952, 3.0087], [97.8281, 2.9995], [97.8148, 2.983], [97.9071, 2.9551], [97.9057, 2.9118], [97.8594, 2.8829], [97.8469, 2.8326], [97.7665, 2.7881], [97.8252, 2.6369], [97.7971, 2.5539], [97.7912, 2.5002], [97.865, 2.4988], [97.855, 2.5646], [97.9944, 2.582], [98.0766, 2.5748]]]}}, {"type": "Feature", "id": 7406, "properties": {"WADMKK": "Bombana", "WADMPR": "Sulawesi Tenggara", "KDPKAB": "74.06", "LUASWH": 16.4077592, "kode_wilayah": 7406, "nama_resmi": "Kabupaten Bombana", "tipe": "Kabupaten", "provinsi": "Sulawesi Tenggara", "pulau": "Sulawesi", "parlemen": 8.0, "pendapatan": 27.3, "pengeluaran": 9012.0, "ahh": 75.28, "profesional": 55.48, "tpak": 57.02, "rls": 8.43, "hls": 12.71, "skor_ekonomi": 29.32, "skor_keputusan": 42.84, "skor_kapasitas_sosial": 57.36, "ikpp_komposit": 40.34, "kuadran": "Kuadran III (Ekonomi Rendah, Keputusan Rendah)", "lisa_cluster_keputusan": "Not Significant", "lisa_cluster_ekonomi": "Not Significant", "pc1": -0.294, "pc2": -0.511, "lat": -4.747, "lon": 122.011}, "geometry": {"type": "MultiPolygon", "coordinates": [[[[122.0489, -5.4136], [122.0334, -5.3477], [122.0504, -5.3176], [122.0672, -5.2339], [122.0329, -5.1483], [121.9914, -5.1579], [121.9829, -5.0966], [121.9578, -5.0604], [121.841, -5.108], [121.7997, -5.2821], [121.8747, -5.3862], [121.9328, -5.4289], [121.9425, -5.4121], [122.0489, -5.4136]]], [[[121.4705, -4.5915], [121.4704, -4.672], [121.5073, -4.7365], [121.5504, -4.7726], [121.6636, -4.8106], [121.6843, -4.851], [121.7389, -4.8366], [121.8163, -4.8344], [121.8944, -4.8801], [121.992, -4.8933], [122.0654, -4.8537], [122.0909, -4.797], [122.0464, -4.7685], [122.0318, -4.7179], [122.035, -4.6617], [122.0666, -4.5866], [122.1043, -4.5306], [122.1078, -4.5081], [121.9869, -4.4262], [121.8819, -4.3773], [121.8114, -4.4158], [121.7693, -4.4642], [121.7197, -4.5011], [121.6696, -4.6152], [121.6501, -4.5684], [121.5355, -4.5725], [121.4705, -4.5915]]]]}}, {"type": "Feature", "id": 1401, "properties": {"WADMKK": "Kuantan Singingi", "WADMPR": "Riau", "KDPKAB": "14.09", "LUASWH": 74.02057467, "kode_wilayah": 1401, "nama_resmi": "Kabupaten Kuantan Singingi", "tipe": "Kabupaten", "provinsi": "Riau", "pulau": "Sumatera", "parlemen": 14.29, "pendapatan": 35.5, "pengeluaran": 11182.0, "ahh": 71.47, "profesional": 61.37, "tpak": 45.37, "rls": 9.14, "hls": 13.38, "skor_ekonomi": 29.9, "skor_keputusan": 52.5, "skor_kapasitas_sosial": 57.24, "ikpp_komposit": 44.41, "kuadran": "Kuadran II (Ekonomi Rendah, Keputusan Tinggi)", "lisa_cluster_keputusan": "Not Significant", "lisa_cluster_ekonomi": "Not Significant", "pc1": 0.537, "pc2": -0.516, "lat": 0.314, "lon": 101.018}, "geometry": {"type": "Polygon", "coordinates": [[[101.9267, -0.9153], [101.8965, -0.8445], [101.8402, -0.8215], [101.8212, -0.8498], [101.7776, -0.7887], [101.7947, -0.7398], [101.7884, -0.6595], [101.8271, -0.6197], [101.8312, -0.5715], [101.9123, -0.5336], [101.9139, -0.3997], [101.8987, -0.3868], [101.8499, -0.3953], [101.8199, -0.3447], [101.7633, -0.3371], [101.7603, -0.2932], [101.666, -0.2365], [101.6144, -0.2338], [101.549, -0.1278], [101.5189, -0.0996], [101.4577, -0.0672], [101.3914, -0.0996], [101.349, -0.1042], [101.2964, -0.0497], [101.2691, 0.0097], [101.2428, -0.0565], [101.1963, -0.1215], [101.1972, -0.1822], [101.1527, -0.2385], [101.1348, -0.2986], [101.1404, -0.3332], [101.1009, -0.3791], [101.0414, -0.3761], [101.037, -0.4398], [101.0668, -0.5035], [101.1087, -0.5009], [101.1785, -0.5417], [101.2037, -0.5866], [101.2549, -0.6252], [101.3145, -0.6334], [101.3574, -0.6575], [101.3478, -0.6835], [101.4056, -0.7175], [101.4946, -0.7919], [101.5478, -0.8211], [101.5876, -0.8473], [101.6477, -0.8237], [101.7317, -0.8706], [101.7345, -0.8965], [101.6982, -0.9355], [101.7508, -0.9717], [101.8236, -0.9776], [101.9078, -0.9525], [101.9267, -0.9153]]]}}, {"type": "Feature", "id": 7504, "properties": {"WADMKK": "Bone Bolango", "WADMPR": "Gorontalo", "KDPKAB": "75.03", "LUASWH": 0.65792558, "kode_wilayah": 7504, "nama_resmi": "Kabupaten Bone Bolango", "tipe": "Kabupaten", "provinsi": "Gorontalo", "pulau": "Sulawesi", "parlemen": 12.0, "pendapatan": 30.46, "pengeluaran": 9536.0, "ahh": 65.4, "profesional": 58.87, "tpak": 57.47, "rls": 7.72, "hls": 13.5, "skor_ekonomi": 32.62, "skor_keputusan": 48.75, "skor_kapasitas_sosial": 44.73, "ikpp_komposit": 41.49, "kuadran": "Kuadran II (Ekonomi Rendah, Keputusan Tinggi)", "lisa_cluster_keputusan": "High-High (Hotspot)", "lisa_cluster_ekonomi": "Not Significant", "pc1": -1.172, "pc2": -0.797, "lat": 0.706, "lon": 121.72}, "geometry": {"type": "Polygon", "coordinates": [[[123.0868, 0.4797], [123.1218, 0.456], [123.1621, 0.3994], [123.1965, 0.3917], [123.2285, 0.3484], [123.2676, 0.3223], [123.3583, 0.3136], [123.4736, 0.3203], [123.4979, 0.3821], [123.5482, 0.4423], [123.5228, 0.4901], [123.5477, 0.5225], [123.5332, 0.577], [123.4875, 0.6016], [123.4862, 0.6265], [123.3831, 0.6401], [123.3224, 0.6985], [123.2736, 0.6982], [123.249, 0.7478], [123.2196, 0.7608], [123.1671, 0.7519], [123.1241, 0.7881], [123.0701, 0.803], [123.0792, 0.6829], [123.0561, 0.6382], [123.062, 0.5901], [123.091, 0.5803], [123.0795, 0.5281], [123.0868, 0.4797]]]}}, {"type": "Feature", "id": 7325, "properties": {"WADMKK": "Luwu Timur", "WADMPR": "Sulawesi Selatan", "KDPKAB": "73.24", "LUASWH": 12.14382207, "kode_wilayah": 7325, "nama_resmi": "Kabupaten Luwu Timur", "tipe": "Kabupaten", "provinsi": "Sulawesi Selatan", "pulau": "Sulawesi", "parlemen": 11.43, "pendapatan": 23.67, "pengeluaran": 10606.0, "ahh": 73.64, "profesional": 58.99, "tpak": 60.3, "rls": 9.42, "hls": 13.71, "skor_ekonomi": 27.9, "skor_keputusan": 48.31, "skor_kapasitas_sosial": 60.79, "ikpp_komposit": 42.64, "kuadran": "Kuadran II (Ekonomi Rendah, Keputusan Tinggi)", "lisa_cluster_keputusan": "High-High (Hotspot)", "lisa_cluster_ekonomi": "Not Significant", "pc1": 0.587, "pc2": -0.511, "lat": -2.583, "lon": 121.171}, "geometry": {"type": "Polygon", "coordinates": [[[121.6702, -2.9005], [121.6739, -2.8382], [121.7068, -2.8073], [121.7153, -2.7533], [121.7735, -2.6829], [121.7841, -2.6417], [121.7201, -2.6038], [121.674, -2.5416], [121.6299, -2.5056], [121.5853, -2.5281], [121.5703, -2.4912], [121.4421, -2.405], [121.3915, -2.411], [121.2843, -2.3813], [121.254, -2.4023], [121.2279, -2.3684], [121.18, -2.3759], [121.1339, -2.4079], [121.0852, -2.3733], [121.1076, -2.2808], [121.0488, -2.2653], [120.9935, -2.2751], [120.9568, -2.2544], [120.8854, -2.2667], [120.8377, -2.2186], [120.7813, -2.2139], [120.7432, -2.2419], [120.7234, -2.211], [120.6823, -2.1924], [120.6328, -2.1099], [120.6035, -2.0987], [120.5538, -2.024], [120.524, -2.032], [120.5292, -2.0837], [120.5134, -2.1102], [120.5203, -2.1466], [120.4702, -2.2489], [120.5087, -2.3005], [120.5313, -2.3547], [120.5202, -2.3789], [120.5404, -2.4275], [120.5739, -2.4623], [120.6559, -2.6672], [120.6663, -2.6515], [120.7499, -2.6224], [120.8156, -2.619], [120.8398, -2.6495], [120.8988, -2.6448], [121.0378, -2.6939], [121.095, -2.7229], [121.0357, -2.7765], [120.9876, -2.8409], [121.0102, -2.8664], [120.9899, -2.8396], [121.0341, -2.7909], [121.0825, -2.7733], [121.1534, -2.8138], [121.3471, -2.9845], [121.3612, -2.9876], [121.3902, -3.0148], [121.4616, -3.0114], [121.5002, -2.9437], [121.6343, -2.8936], [121.6702, -2.9005]]]}}, {"type": "Feature", "id": 9401, "properties": {"WADMKK": "Merauke", "WADMPR": "Papua Selatan", "KDPKAB": "91.01", "LUASWH": 102.83358382, "kode_wilayah": 9401, "nama_resmi": "Kabupaten Merauke", "tipe": "Kabupaten", "provinsi": "Papua Selatan", "pulau": "Papua", "parlemen": 20.0, "pendapatan": 37.34, "pengeluaran": 12487.0, "ahh": 75.15, "profesional": 46.46, "tpak": 47.38, "rls": 10.72, "hls": 13.16, "skor_ekonomi": 32.9, "skor_keputusan": 47.71, "skor_kapasitas_sosial": 66.46, "ikpp_komposit": 45.54, "kuadran": "Kuadran II (Ekonomi Rendah, Keputusan Tinggi)", "lisa_cluster_keputusan": "High-Low (Spatial Outlier)", "lisa_cluster_ekonomi": "Low-High (Spatial Outlier)", "pc1": 1.287, "pc2": 0.147, "lat": -3.363, "lon": 135.504}, "geometry": {"type": "MultiPolygon", "coordinates": [[[[138.6822, -7.1732], [138.6847, -7.23], [138.7732, -7.2637], [138.8133, -7.2981], [138.8671, -7.3174], [138.9205, -7.3952], [138.9442, -7.4787], [138.9676, -7.5211], [139.0513, -7.5161], [139.0996, -7.5397], [139.1076, -7.6001], [139.0614, -7.645], [139.0561, -7.6887], [139.019, -7.7496], [139.0243, -7.8379], [139.0127, -7.8604], [138.923, -7.907], [138.9225, -7.9673], [138.9031, -8.0281], [138.9278, -8.0619], [138.9072, -8.0877], [138.8398, -8.1056], [138.857, -8.1868], [138.9228, -8.277], [138.9931, -8.2243], [138.9916, -8.1966], [139.0819, -8.1369], [139.2234, -8.0948], [139.255, -8.1553], [139.3397, -8.2059], [139.4518, -8.1944], [139.5086, -8.1777], [139.5968, -8.1292], [139.7223, -8.0995], [139.9504, -8.1016], [139.9583, -8.1441], [139.9938, -8.1994], [140.0682, -8.2641], [140.1944, -8.348], [140.2271, -8.3558], [140.2437, -8.3915], [140.5054, -8.6209], [140.5291, -8.6868], [140.6242, -8.8234], [140.7279, -8.9067], [140.8176, -9.0141], [140.8888, -9.0824], [141.0196, -9.1255], [141.0193, -8.6459], [141.0192, -8.0], [141.0196, -7.4544], [141.02, -6.8923], [140.9904, -6.9036], [140.897, -6.8442], [140.8708, -6.7945], [140.8936, -6.7518], [140.8477, -6.7221], [140.8707, -6.6763], [140.8453, -6.6154], [140.8034, -6.6688], [140.7616, -6.693], [140.7194, -6.6959], [140.7077, -6.7382], [140.7505, -6.838], [140.7397, -6.8635], [140.7821, -6.9206], [140.8256, -7.0455], [140.6893, -7.0315], [140.5892, -7.053], [140.5981, -7.0083], [140.5669, -6.9987], [140.552, -6.9616], [140.5839, -6.9439], [140.5416, -6.7972], [140.534, -6.7125], [140.4913, -6.739], [140.4907, -6.804], [140.398, -6.9008], [140.2941, -6.9694], [140.2552, -6.9811], [140.2348, -7.022], [140.1862, -7.0595], [140.1813, -7.0831], [140.1012, -7.1511], [140.0848, -7.2101], [139.7923, -7.3496], [139.7842, -7.3733], [139.6592, -7.3725], [139.6149, -7.382], [139.5246, -7.3235], [139.1809, -7.2622], [138.6822, -7.1732]]], [[[137.7279, -8.4084], [137.8568, -8.3845], [138.082, -8.3857], [138.2006, -8.3826], [138.3021, -8.3914], [138.4739, -8.347], [138.4909, -8.3189], [138.5356, -8.3037], [138.615, -8.249], [138.6838, -8.1472], [138.7322, -8.1538], [138.8025, -8.134], [138.8382, -8.0734], [138.9104, -8.0768], [138.8892, -8.0232], [138.9027, -7.972], [138.8972, -7.9021], [138.9782, -7.8623], [138.9997, -7.829], [138.99, -7.7764], [139.0022, -7.7286], [139.0331, -7.6871], [139.0431, -7.6244], [139.0805, -7.5681], [138.9412, -7.5463], [138.8912, -7.493], [138.8665, -7.4389], [138.7745, -7.3756], [138.6726, -7.3661], [138.5498, -7.3884], [138.4194, -7.4042], [138.2965, -7.4366], [138.2207, -7.4682], [138.1013, -7.5509], [138.0334, -7.6176], [137.9581, -7.7364], [137.9154, -7.7772], [137.8672, -7.8527], [137.7964, -8.0074], [137.7856, -8.0517], [137.7216, -8.139], [137.695, -8.1897], [137.664, -8.3016], [137.6406, -8.4222], [137.6893, -8.4267], [137.7279, -8.4084]]], [[[138.4993, -8.3229], [138.4755, -8.3504], [138.3447, -8.3831], [138.3611, -8.4142], [138.4425, -8.3827], [138.4993, -8.3229]]], [[[138.821, -8.1449], [138.7453, -8.1651], [138.6786, -8.1704], [138.6719, -8.2176], [138.6433, -8.2537], [138.5868, -8.2899], [138.5635, -8.3524], [138.7345, -8.3862], [138.8971, -8.3861], [138.9134, -8.3622], [138.9134, -8.2967], [138.8474, -8.2652], [138.8467, -8.2026], [138.821, -8.1449]]], [[[138.9975, -8.2309], [138.9242, -8.2796], [138.9757, -8.2909], [138.9975, -8.2309]]]]}}, {"type": "Feature", "id": 9418, "properties": {"WADMKK": "Tolikara", "WADMPR": "Papua Pegunungan", "KDPKAB": "91.14", "LUASWH": 0.47163429, "kode_wilayah": 9418, "nama_resmi": "Kabupaten Tolikara", "tipe": "Kabupaten", "provinsi": "Papua Pegunungan", "pulau": "Papua", "parlemen": 6.67, "pendapatan": 44.47, "pengeluaran": 12341.0, "ahh": 74.21, "profesional": 22.33, "tpak": 56.42, "rls": 8.85, "hls": 13.21, "skor_ekonomi": 45.33, "skor_keputusan": 19.45, "skor_kapasitas_sosial": 60.99, "ikpp_komposit": 38.11, "kuadran": "Kuadran IV (Ekonomi Tinggi, Keputusan Rendah)", "lisa_cluster_keputusan": "Low-Low (Coldspot)", "lisa_cluster_ekonomi": "High-High (Hotspot)", "pc1": -0.651, "pc2": 1.743, "lat": -3.481, "lon": 138.479}, "geometry": {"type": "Polygon", "coordinates": [[[138.3447, -3.7621], [138.3749, -3.7614], [138.5104, -3.8136], [138.5901, -3.8091], [138.6208, -3.7688], [138.648, -3.7113], [138.6991, -3.7233], [138.7424, -3.6552], [138.7092, -3.5527], [138.7147, -3.5052], [138.6414, -3.448], [138.6118, -3.3876], [138.7603, -3.4499], [138.8074, -3.4254], [138.9023, -3.2812], [138.9083, -3.2558], [138.8815, -3.2278], [138.8062, -3.2238], [138.8004, -3.1942], [138.7457, -3.1776], [138.6998, -3.2552], [138.7026, -3.3274], [138.6624, -3.3099], [138.5841, -3.2231], [138.6037, -3.169], [138.5963, -3.1329], [138.6148, -3.0575], [138.5715, -2.9609], [138.5243, -2.9374], [138.4754, -2.9467], [138.41, -2.9291], [138.4036, -2.967], [138.3273, -2.9572], [138.285, -3.0169], [138.2027, -3.0388], [138.1654, -2.9726], [138.1268, -3.0278], [138.0852, -3.0299], [138.0901, -3.1272], [138.0747, -3.1313], [138.0696, -3.2143], [138.0792, -3.241], [138.1101, -3.2867], [138.0868, -3.3163], [138.0392, -3.3115], [138.0513, -3.3626], [138.0346, -3.4075], [138.0545, -3.4445], [138.049, -3.503], [138.0753, -3.5865], [138.1036, -3.6029], [138.195, -3.5986], [138.2806, -3.6506], [138.2952, -3.7528], [138.3447, -3.7621]]]}}, {"type": "Feature", "id": 1208, "properties": {"WADMKK": "Asahan", "WADMPR": "Sumatera Utara", "KDPKAB": "12.09", "LUASWH": 4.12947615, "kode_wilayah": 1208, "nama_resmi": "Kabupaten Asahan", "tipe": "Kabupaten", "provinsi": "Sumatera Utara", "pulau": "Sumatera", "parlemen": 15.56, "pendapatan": 26.61, "pengeluaran": 12301.0, "ahh": 71.3, "profesional": 65.05, "tpak": 50.98, "rls": 8.85, "hls": 12.65, "skor_ekonomi": 24.91, "skor_keputusan": 56.12, "skor_kapasitas_sosial": 56.09, "ikpp_komposit": 43.63, "kuadran": "Kuadran II (Ekonomi Rendah, Keputusan Tinggi)", "lisa_cluster_keputusan": "Not Significant", "lisa_cluster_ekonomi": "Not Significant", "pc1": 0.508, "pc2": -1.289, "lat": 2.965, "lon": 98.862}, "geometry": {"type": "Polygon", "coordinates": [[[99.0777, 2.5971], [99.0907, 2.5766], [99.1708, 2.5589], [99.1806, 2.5379], [99.2634, 2.5418], [99.305, 2.5741], [99.3486, 2.5602], [99.421, 2.5684], [99.4656, 2.5475], [99.4995, 2.5828], [99.5417, 2.5966], [99.6077, 2.576], [99.6475, 2.5767], [99.7063, 2.6084], [99.987, 2.8564], [99.9921, 2.94], [99.9243, 2.9827], [99.8892, 3.0398], [99.8317, 3.0602], [99.7373, 3.173], [99.7021, 3.1176], [99.6768, 3.1276], [99.6551, 3.1277], [99.6277, 3.1373], [99.5711, 3.0837], [99.5701, 3.085], [99.5657, 3.079], [99.5448, 3.0385], [99.4426, 2.9297], [99.3993, 2.9152], [99.3764, 2.8853], [99.3327, 2.8941], [99.2662, 2.8607], [99.2479, 2.8122], [99.2074, 2.7704], [99.1257, 2.7128], [99.0787, 2.6621], [99.0777, 2.5971]], [[99.7629, 2.9688], [99.7986, 3.0095], [99.8172, 2.9242], [99.7752, 2.9209], [99.7629, 2.9688]]]}}, {"type": "Feature", "id": 3572, "properties": {"WADMKK": "Kota Blitar", "WADMPR": "Jawa Timur", "KDPKAB": "35.72", "LUASWH": 1.25335628, "kode_wilayah": 3572, "nama_resmi": "Kota Blitar", "tipe": "Kota", "provinsi": "Jawa Timur", "pulau": "Jawa", "parlemen": 12.0, "pendapatan": 38.94, "pengeluaran": 14933.0, "ahh": 76.75, "profesional": 58.39, "tpak": 59.23, "rls": 10.82, "hls": 14.81, "skor_ekonomi": 41.81, "skor_keputusan": 48.42, "skor_kapasitas_sosial": 74.18, "ikpp_komposit": 50.93, "kuadran": "Kuadran I (Ekonomi Tinggi, Keputusan Tinggi)", "lisa_cluster_keputusan": "High-High (Hotspot)", "lisa_cluster_ekonomi": "Not Significant", "pc1": 2.189, "pc2": 1.575, "lat": -8.099, "lon": 112.165}, "geometry": {"type": "Polygon", "coordinates": [[[112.1635, -8.1334], [112.1975, -8.0937], [112.1728, -8.0576], [112.1359, -8.109], [112.1635, -8.1334]]]}}, {"type": "Feature", "id": 9435, "properties": {"WADMKK": "Intan Jaya", "WADMPR": "Papua Tengah", "KDPKAB": "91.27", "LUASWH": 257.72955142, "kode_wilayah": 9435, "nama_resmi": "Kabupaten Intan Jaya", "tipe": "Kabupaten", "provinsi": "Papua Tengah", "pulau": "Papua", "parlemen": 0.0, "pendapatan": 65.09, "pengeluaran": 8534.0, "ahh": 62.53, "profesional": 35.38, "tpak": 83.77, "rls": 5.99, "hls": 12.85, "skor_ekonomi": 82.03, "skor_keputusan": 22.12, "skor_kapasitas_sosial": 34.92, "ikpp_komposit": 48.64, "kuadran": "Kuadran IV (Ekonomi Tinggi, Keputusan Rendah)", "lisa_cluster_keputusan": "Low-Low (Coldspot)", "lisa_cluster_ekonomi": "High-High (Hotspot)", "pc1": -4.743, "pc2": 3.826, "lat": -3.508, "lon": 136.748}, "geometry": {"type": "Polygon", "coordinates": [[[137.1147, -4.0274], [137.1476, -3.9908], [137.1438, -3.9586], [137.241, -3.9313], [137.2551, -3.8819], [137.2461, -3.8407], [137.2071, -3.8123], [137.2067, -3.7787], [137.2839, -3.6744], [137.3509, -3.616], [137.3484, -3.5791], [137.3141, -3.5609], [137.2929, -3.5992], [137.234, -3.6457], [137.1888, -3.6536], [137.2081, -3.5584], [137.171, -3.5509], [137.0906, -3.5584], [137.032, -3.5412], [136.9845, -3.4795], [137.0236, -3.4593], [137.0566, -3.4696], [137.1285, -3.4198], [137.192, -3.4601], [137.2605, -3.3756], [137.2736, -3.2969], [137.2361, -3.259], [137.1934, -3.2387], [137.103, -3.2637], [137.0228, -3.3075], [137.0034, -3.3174], [136.9507, -3.2836], [137.0407, -3.2113], [136.9867, -3.1758], [136.9032, -3.1581], [136.9163, -3.2352], [136.9098, -3.2572], [136.9611, -3.3332], [136.9602, -3.3905], [136.8984, -3.4062], [136.8961, -3.3676], [136.8519, -3.2533], [136.848, -3.2447], [136.8088, -3.2542], [136.7374, -3.2382], [136.7652, -3.1927], [136.7318, -3.1832], [136.6679, -3.1373], [136.6458, -3.1604], [136.6656, -3.2251], [136.5673, -3.254], [136.5327, -3.2258], [136.538, -3.1557], [136.5779, -3.0658], [136.4373, -3.0548], [136.4055, -3.0147], [136.3229, -3.0203], [136.3348, -3.0992], [136.3143, -3.1327], [136.3227, -3.1843], [136.3066, -3.2034], [136.3173, -3.2534], [136.2478, -3.3025], [136.2814, -3.3278], [136.2995, -3.4025], [136.3444, -3.3774], [136.3892, -3.4735], [136.4199, -3.4949], [136.4359, -3.5572], [136.4701, -3.5549], [136.4988, -3.5971], [136.5774, -3.6112], [136.59, -3.6762], [136.5649, -3.7109], [136.7143, -3.7744], [136.7624, -3.7877], [136.7328, -3.8419], [136.7365, -3.8865], [136.7844, -3.8807], [136.9125, -3.9584], [136.9453, -3.9107], [136.9684, -3.9206], [137.0098, -3.8849], [137.0217, -3.9428], [137.095, -4.0323], [137.1183, -4.0314], [137.1147, -4.0274]]]}}, {"type": "Feature", "id": 9427, "properties": {"WADMKK": "Supiori", "WADMPR": "Papua", "KDPKAB": "91.19", "LUASWH": 29.64344294, "kode_wilayah": 9427, "nama_resmi": "Kabupaten Supiori", "tipe": "Kabupaten", "provinsi": "Papua", "pulau": "Papua", "parlemen": 0.0, "pendapatan": 32.43, "pengeluaran": 8775.092523535988, "ahh": 70.50045945305072, "profesional": 43.42, "tpak": 68.79518797421198, "rls": 6.669074909182956, "hls": 12.307886585904702, "skor_ekonomi": 41.55, "skor_keputusan": 27.5, "skor_kapasitas_sosial": 46.16, "ikpp_komposit": 36.85, "kuadran": "Kuadran IV (Ekonomi Tinggi, Keputusan Rendah)", "lisa_cluster_keputusan": "Low-Low (Coldspot)", "lisa_cluster_ekonomi": "Not Significant", "pc1": -2.453, "pc2": 0.41, "lat": -0.73, "lon": 135.639}, "geometry": {"type": "MultiPolygon", "coordinates": [[[[135.6443, -0.8844], [135.6667, -0.8627], [135.7447, -0.743], [135.7278, -0.7123], [135.6887, -0.7222], [135.6596, -0.6702], [135.497, -0.6521], [135.4105, -0.65], [135.3634, -0.6302], [135.3888, -0.7089], [135.4281, -0.7624], [135.4889, -0.8047], [135.5307, -0.7828], [135.5725, -0.8297], [135.6443, -0.8844]]], [[[135.7405, -0.8028], [135.7805, -0.7227], [135.733, -0.7527], [135.7405, -0.8028]]]]}}, {"type": "Feature", "id": 1803, "properties": {"WADMKK": "Lampung Selatan", "WADMPR": "Lampung", "KDPKAB": "18.01", "LUASWH": 8.41716036, "kode_wilayah": 1803, "nama_resmi": "Kabupaten Lampung Selatan", "tipe": "Kabupaten", "provinsi": "Lampung", "pulau": "Sumatera", "parlemen": 24.0, "pendapatan": 28.47, "pengeluaran": 11133.0, "ahh": 72.34, "profesional": 56.37, "tpak": 50.67, "rls": 7.78, "hls": 12.65, "skor_ekonomi": 26.49, "skor_keputusan": 57.98, "skor_kapasitas_sosial": 53.95, "ikpp_komposit": 44.58, "kuadran": "Kuadran II (Ekonomi Rendah, Keputusan Tinggi)", "lisa_cluster_keputusan": "Not Significant", "lisa_cluster_ekonomi": "Not Significant", "pc1": 0.051, "pc2": -1.464, "lat": -4.829, "lon": 104.887}, "geometry": {"type": "Polygon", "coordinates": [[[105.3451, -5.5183], [105.4089, -5.6221], [105.4979, -5.6689], [105.5344, -5.6712], [105.5896, -5.7353], [105.5853, -5.8067], [105.6046, -5.8305], [105.6744, -5.8376], [105.7522, -5.8731], [105.7897, -5.8073], [105.809, -5.6887], [105.8182, -5.5754], [105.765, -5.6188], [105.6603, -5.5535], [105.6533, -5.4933], [105.6021, -5.4867], [105.5897, -5.4575], [105.5267, -5.449], [105.5232, -5.373], [105.5416, -5.34], [105.4837, -5.303], [105.4447, -5.3049], [105.4496, -5.2513], [105.389, -5.2074], [105.3427, -5.2339], [105.2877, -5.2022], [105.2818, -5.1756], [105.2582, -5.179], [105.1734, -5.1948], [105.1644, -5.2451], [105.1385, -5.2616], [105.1414, -5.3128], [105.2114, -5.3698], [105.2495, -5.3372], [105.3393, -5.4145], [105.3272, -5.4507], [105.3451, -5.5183]]]}}, {"type": "Feature", "id": 5204, "properties": {"WADMKK": "Sumbawa", "WADMPR": "Nusa Tenggara Barat", "KDPKAB": "52.04", "LUASWH": 8.12515823, "kode_wilayah": 5204, "nama_resmi": "Kabupaten Sumbawa", "tipe": "Kabupaten", "provinsi": "Nusa Tenggara Barat", "pulau": "Bali & Nusa Tenggara", "parlemen": 15.56, "pendapatan": 35.99, "pengeluaran": 10349.0, "ahh": 70.84, "profesional": 49.97, "tpak": 64.46, "rls": 8.59, "hls": 13.34, "skor_ekonomi": 42.25, "skor_keputusan": 46.03, "skor_kapasitas_sosial": 54.32, "ikpp_komposit": 46.18, "kuadran": "Kuadran IV (Ekonomi Tinggi, Keputusan Rendah)", "lisa_cluster_keputusan": "Not Significant", "lisa_cluster_ekonomi": "Not Significant", "pc1": -0.657, "pc2": 0.437, "lat": -8.49, "lon": 117.42}, "geometry": {"type": "MultiPolygon", "coordinates": [[[[117.0404, -9.1009], [117.135, -9.084], [117.1764, -9.024], [117.2192, -9.0196], [117.329, -9.0552], [117.3905, -9.0524], [117.5941, -8.9814], [117.6765, -8.9246], [117.7338, -8.9161], [117.7749, -8.9317], [117.8171, -8.899], [117.8363, -8.9297], [117.8959, -8.9224], [117.9825, -8.8934], [118.0126, -8.8528], [118.0703, -8.8412], [118.127, -8.8779], [118.1854, -8.8536], [118.2873, -8.7404], [118.333, -8.7129], [118.3137, -8.6938], [118.1884, -8.7057], [118.1758, -8.6548], [118.0884, -8.6522], [118.038, -8.6724], [117.9744, -8.7395], [117.8713, -8.6965], [117.8039, -8.7268], [117.7728, -8.7117], [117.7502, -8.6492], [117.7563, -8.5914], [117.6292, -8.5521], [117.6251, -8.4446], [117.5767, -8.4339], [117.567, -8.4093], [117.4253, -8.421], [117.3931, -8.4723], [117.2384, -8.4009], [117.2019, -8.4063], [117.1551, -8.3643], [117.1055, -8.3728], [117.0912, -8.414], [117.0382, -8.4448], [117.0183, -8.4802], [116.9627, -8.4934], [116.9447, -8.517], [116.8726, -8.5288], [116.9354, -8.6062], [116.9953, -8.6155], [117.0356, -8.666], [117.0901, -8.7029], [117.0903, -8.7604], [117.0406, -8.7911], [117.0845, -8.8256], [117.0543, -8.8889], [117.0881, -8.9307], [117.0669, -8.956], [117.0675, -9.0351], [117.0404, -9.1009]]], [[[117.6879, -8.1826], [117.6651, -8.1509], [117.5591, -8.144], [117.4822, -8.1861], [117.4789, -8.2574], [117.507, -8.268], [117.4707, -8.3569], [117.5282, -8.3895], [117.5701, -8.3354], [117.6099, -8.2386], [117.6879, -8.1826]]]]}}, {"type": "Feature", "id": 5105, "properties": {"WADMKK": "Klungkung", "WADMPR": "Bali", "KDPKAB": "51.05", "LUASWH": 4.06960752, "kode_wilayah": 5105, "nama_resmi": "Kabupaten Klungkung", "tipe": "Kabupaten", "provinsi": "Bali", "pulau": "Bali & Nusa Tenggara", "parlemen": 10.0, "pendapatan": 47.93, "pengeluaran": 12358.0, "ahh": 74.56, "profesional": 47.95, "tpak": 71.58, "rls": 8.74, "hls": 13.13, "skor_ekonomi": 58.07, "skor_keputusan": 39.62, "skor_kapasitas_sosial": 61.08, "ikpp_komposit": 51.29, "kuadran": "Kuadran IV (Ekonomi Tinggi, Keputusan Rendah)", "lisa_cluster_keputusan": "Not Significant", "lisa_cluster_ekonomi": "High-High (Hotspot)", "pc1": -0.562, "pc2": 2.351, "lat": -8.534, "lon": 115.403}, "geometry": {"type": "MultiPolygon", "coordinates": [[[[115.5989, -8.8084], [115.6286, -8.77], [115.5632, -8.6722], [115.4899, -8.674], [115.4479, -8.7218], [115.4853, -8.769], [115.5308, -8.7994], [115.5989, -8.8084]]], [[[115.4792, -8.5507], [115.4593, -8.5031], [115.4151, -8.5089], [115.4007, -8.4629], [115.3759, -8.4607], [115.3576, -8.5209], [115.3711, -8.5749], [115.4477, -8.5706], [115.4792, -8.5507]]]]}}, {"type": "Feature", "id": 1217, "properties": {"WADMKK": "Samosir", "WADMPR": "Sumatera Utara", "KDPKAB": "12.17", "LUASWH": 1.22313492, "kode_wilayah": 1217, "nama_resmi": "Kabupaten Samosir", "tipe": "Kabupaten", "provinsi": "Sumatera Utara", "pulau": "Sumatera", "parlemen": 12.0, "pendapatan": 50.06, "pengeluaran": 9634.0, "ahh": 74.46, "profesional": 58.76, "tpak": 80.73, "rls": 9.61, "hls": 13.52, "skor_ekonomi": 65.8, "skor_keputusan": 48.67, "skor_kapasitas_sosial": 61.01, "ikpp_komposit": 57.99, "kuadran": "Kuadran I (Ekonomi Tinggi, Keputusan Tinggi)", "lisa_cluster_keputusan": "Not Significant", "lisa_cluster_ekonomi": "High-High (Hotspot)", "pc1": -0.673, "pc2": 2.866, "lat": 2.56, "lon": 98.722}, "geometry": {"type": "Polygon", "coordinates": [[[98.4214, 2.4764], [98.4574, 2.4365], [98.5239, 2.4264], [98.5592, 2.4378], [98.6188, 2.3958], [98.6734, 2.4062], [98.7302, 2.4388], [98.8077, 2.374], [98.8498, 2.3559], [98.8603, 2.3964], [98.9124, 2.408], [98.9816, 2.3945], [99.0189, 2.4392], [99.0186, 2.4837], [98.9899, 2.5202], [98.943, 2.5493], [98.906, 2.5949], [98.8947, 2.6629], [98.8658, 2.7026], [98.738, 2.7916], [98.6289, 2.7949], [98.5865, 2.7508], [98.5666, 2.6877], [98.5603, 2.5802], [98.5259, 2.5588], [98.4675, 2.5492], [98.4214, 2.4764]]]}}, {"type": "Feature", "id": 9109, "properties": {"WADMKK": "Tambrauw", "WADMPR": "Papua Barat Daya", "KDPKAB": "92.09", "LUASWH": 2.82914101, "kode_wilayah": 9109, "nama_resmi": "Kabupaten Tambrauw", "tipe": "Kabupaten", "provinsi": "Papua Barat Daya", "pulau": "Papua", "parlemen": 5.0, "pendapatan": 36.88, "pengeluaran": 10848.0, "ahh": 70.11, "profesional": 32.43, "tpak": 51.68, "rls": 10.57, "hls": 14.59, "skor_ekonomi": 35.14, "skor_keputusan": 24.69, "skor_kapasitas_sosial": 60.58, "ikpp_komposit": 36.05, "kuadran": "Kuadran IV (Ekonomi Tinggi, Keputusan Rendah)", "lisa_cluster_keputusan": "Low-Low (Coldspot)", "lisa_cluster_ekonomi": "Not Significant", "pc1": 0.141, "pc2": 0.998, "lat": -0.782, "lon": 132.394}, "geometry": {"type": "Polygon", "coordinates": [[[132.9048, -1.2938], [133.0, -1.3554], [133.1154, -1.2909], [133.154, -1.251], [133.1966, -1.2406], [133.2386, -1.2519], [133.2644, -1.1932], [133.3726, -1.2226], [133.4324, -1.1781], [133.4243, -1.1494], [133.4558, -0.9631], [133.469, -0.9011], [133.4412, -0.863], [133.4371, -0.8058], [133.4724, -0.7999], [133.4858, -0.7406], [133.3985, -0.7416], [133.3192, -0.6973], [133.2354, -0.6052], [133.1766, -0.5837], [133.1462, -0.5437], [133.0999, -0.5481], [133.0722, -0.5164], [133.0309, -0.5196], [132.9727, -0.4944], [132.9545, -0.4539], [132.9013, -0.4635], [132.7422, -0.3919], [132.6822, -0.3718], [132.596, -0.3585], [132.5125, -0.3604], [132.4202, -0.3445], [132.3389, -0.3853], [132.2655, -0.3816], [132.2073, -0.4099], [132.0945, -0.4803], [132.0695, -0.5423], [131.9908, -0.5688], [131.9035, -0.6539], [131.9041, -0.6755], [131.8442, -0.7075], [131.7457, -0.7305], [131.7616, -0.799], [131.8408, -0.7714], [131.906, -0.7156], [132.0104, -0.7194], [132.0754, -0.7395], [132.1135, -0.7828], [132.1574, -0.7735], [132.1923, -0.8007], [132.2364, -0.7913], [132.2876, -0.8107], [132.2479, -0.8947], [132.2412, -0.9428], [132.2768, -0.9243], [132.4028, -0.9906], [132.4041, -1.0149], [132.4755, -1.0346], [132.5636, -1.007], [132.6117, -1.063], [132.568, -1.099], [132.5783, -1.1452], [132.6927, -1.176], [132.786, -1.1486], [132.821, -1.1908], [132.8109, -1.2184], [132.9048, -1.2938]]]}}, {"type": "Feature", "id": 1505, "properties": {"WADMKK": "Muaro Jambi", "WADMPR": "Jambi", "KDPKAB": "15.05", "LUASWH": 13.18862676, "kode_wilayah": 1505, "nama_resmi": "Kabupaten Muaro Jambi", "tipe": "Kabupaten", "provinsi": "Jambi", "pulau": "Sumatera", "parlemen": 10.0, "pendapatan": 36.0, "pengeluaran": 10007.0, "ahh": 74.14, "profesional": 53.71, "tpak": 50.6, "rls": 8.7, "hls": 13.37, "skor_ekonomi": 33.63, "skor_keputusan": 43.47, "skor_kapasitas_sosial": 58.64, "ikpp_komposit": 42.57, "kuadran": "Kuadran III (Ekonomi Rendah, Keputusan Rendah)", "lisa_cluster_keputusan": "Not Significant", "lisa_cluster_ekonomi": "Low-Low (Coldspot)", "pc1": 0.064, "pc2": 0.069, "lat": -1.448, "lon": 103.515}, "geometry": {"type": "Polygon", "coordinates": [[[103.2626, -1.3662], [103.3136, -1.382], [103.3053, -1.4098], [103.3669, -1.451], [103.3844, -1.4838], [103.452, -1.4675], [103.4664, -1.5331], [103.4496, -1.5988], [103.4206, -1.6055], [103.4185, -1.6855], [103.396, -1.7576], [103.43, -1.8101], [103.3998, -1.8262], [103.3955, -1.8687], [103.3146, -1.8685], [103.3143, -1.9654], [103.3328, -2.0017], [103.3695, -2.0019], [103.3694, -2.0508], [103.4465, -2.0623], [103.447, -2.1741], [103.4584, -2.181], [103.507, -2.1737], [103.5441, -2.1439], [103.5323, -2.0915], [103.5639, -2.0168], [103.5427, -1.986], [103.5, -1.9822], [103.5214, -1.9067], [103.6303, -1.8412], [103.6607, -1.8465], [103.7661, -1.8161], [103.85, -1.8167], [103.8733, -1.7886], [104.0222, -1.7533], [104.1446, -1.7155], [104.3625, -1.6467], [104.3384, -1.6453], [104.2863, -1.5734], [104.2355, -1.5434], [104.1639, -1.449], [104.1027, -1.345], [104.1037, -1.3002], [104.0553, -1.3183], [103.8368, -1.3418], [103.6714, -1.3704], [103.6336, -1.3922], [103.5807, -1.3902], [103.559, -1.3157], [103.5069, -1.3323], [103.417, -1.3283], [103.3897, -1.2793], [103.3368, -1.2786], [103.3382, -1.2372], [103.2711, -1.2346], [103.2626, -1.3662]], [[103.6184, -1.6631], [103.6005, -1.6779], [103.5242, -1.6761], [103.5483, -1.6115], [103.535, -1.5892], [103.6047, -1.5483], [103.6491, -1.5507], [103.6811, -1.6193], [103.6498, -1.6572], [103.6184, -1.6631]]]}}, {"type": "Feature", "id": 3314, "properties": {"WADMKK": "Sragen", "WADMPR": "Jawa Tengah", "KDPKAB": "33.14", "LUASWH": 6.47215063, "kode_wilayah": 3314, "nama_resmi": "Kabupaten Sragen", "tipe": "Kabupaten", "provinsi": "Jawa Tengah", "pulau": "Jawa", "parlemen": 16.0, "pendapatan": 36.76, "pengeluaran": 13890.0, "ahh": 78.3, "profesional": 53.98, "tpak": 65.1, "rls": 7.88, "hls": 12.93, "skor_ekonomi": 43.38, "skor_keputusan": 49.11, "skor_kapasitas_sosial": 65.17, "ikpp_komposit": 50.03, "kuadran": "Kuadran I (Ekonomi Tinggi, Keputusan Tinggi)", "lisa_cluster_keputusan": "Not Significant", "lisa_cluster_ekonomi": "High-High (Hotspot)", "pc1": 0.481, "pc2": 0.824, "lat": -7.426, "lon": 111.023}, "geometry": {"type": "Polygon", "coordinates": [[[110.8046, -7.4592], [110.8379, -7.4592], [110.8722, -7.489], [110.9453, -7.4967], [111.0495, -7.5374], [111.136, -7.514], [111.148, -7.5254], [111.1195, -7.4097], [111.1436, -7.3674], [111.1352, -7.299], [111.1487, -7.2645], [111.1074, -7.2473], [111.0722, -7.2671], [111.0073, -7.2609], [110.9854, -7.2764], [110.901, -7.2821], [110.8388, -7.2626], [110.7927, -7.2894], [110.8017, -7.369], [110.7727, -7.3923], [110.7808, -7.4529], [110.8046, -7.4592]]]}}, {"type": "Feature", "id": 1174, "properties": {"WADMKK": "Kota Lhokseumawe", "WADMPR": "Aceh", "KDPKAB": "11.73", "LUASWH": 2.1527972, "kode_wilayah": 1174, "nama_resmi": "Kota Lhokseumawe", "tipe": "Kota", "provinsi": "Aceh", "pulau": "Sumatera", "parlemen": 28.0, "pendapatan": 23.42, "pengeluaran": 12694.0, "ahh": 74.3, "profesional": 53.43, "tpak": 50.25, "rls": 11.31, "hls": 15.55, "skor_ekonomi": 21.41, "skor_keputusan": 59.65, "skor_kapasitas_sosial": 71.28, "ikpp_komposit": 46.68, "kuadran": "Kuadran II (Ekonomi Rendah, Keputusan Tinggi)", "lisa_cluster_keputusan": "Not Significant", "lisa_cluster_ekonomi": "Not Significant", "pc1": 2.787, "pc2": -0.785, "lat": 4.469, "lon": 97.966}, "geometry": {"type": "Polygon", "coordinates": [[[97.0459, 5.2418], [97.0369, 5.2133], [97.1306, 5.0909], [97.1777, 5.0837], [97.1763, 5.1421], [97.1419, 5.1999], [97.0459, 5.2418]]]}}, {"type": "Feature", "id": 9171, "properties": {"WADMKK": "Sorong", "WADMPR": "Papua Barat Daya", "KDPKAB": "92.01", "LUASWH": 16.00102217, "kode_wilayah": 9171, "nama_resmi": "Kota Sorong", "tipe": "Kota", "provinsi": "Papua Barat Daya", "pulau": "Papua", "parlemen": 13.79, "pendapatan": 25.66, "pengeluaran": 5824.0, "ahh": 67.95, "profesional": 39.97, "tpak": 78.51, "rls": 7.44, "hls": 13.51, "skor_ekonomi": 41.14, "skor_keputusan": 37.73, "skor_kapasitas_sosial": 43.94, "ikpp_komposit": 40.34, "kuadran": "Kuadran IV (Ekonomi Tinggi, Keputusan Rendah)", "lisa_cluster_keputusan": "Low-Low (Coldspot)", "lisa_cluster_ekonomi": "Not Significant", "pc1": -2.501, "pc2": -0.061, "lat": -2.563, "lon": 140.693}, "geometry": {"type": "MultiPolygon", "coordinates": [[[[131.2967, -0.9155], [131.2717, -0.9177], [131.262, -0.9932], [131.2409, -1.0269], [131.249, -1.0828], [131.1762, -1.221], [131.0567, -1.2531], [131.0237, -1.2855], [130.9948, -1.3866], [130.9352, -1.4204], [130.9964, -1.4571], [131.0936, -1.4494], [131.1648, -1.4629], [131.2077, -1.5226], [131.2819, -1.5041], [131.3352, -1.4641], [131.3302, -1.4275], [131.2697, -1.3858], [131.3152, -1.3716], [131.3239, -1.3296], [131.4029, -1.4328], [131.39, -1.4628], [131.4452, -1.5069], [131.5, -1.4693], [131.5476, -1.4883], [131.5888, -1.453], [131.6639, -1.4494], [131.7038, -1.4262], [131.7395, -1.4425], [131.7453, -1.4944], [131.6943, -1.5472], [131.713, -1.5793], [131.7781, -1.5735], [131.8027, -1.5475], [131.7925, -1.4914], [131.8207, -1.4817], [131.815, -1.386], [131.8377, -1.3446], [131.8915, -1.3146], [131.8958, -1.2825], [131.863, -1.2358], [131.8502, -1.1897], [131.8759, -1.097], [131.9166, -1.0549], [131.9907, -1.0816], [132.0185, -1.0533], [132.0713, -1.0903], [132.1336, -1.092], [132.1584, -1.1098], [132.2261, -1.0452], [132.2105, -0.9689], [132.2412, -0.9428], [132.2479, -0.8947], [132.2876, -0.8107], [132.2364, -0.7913], [132.1923, -0.8007], [132.1574, -0.7735], [132.1135, -0.7828], [132.0754, -0.7395], [132.0104, -0.7194], [131.906, -0.7156], [131.8408, -0.7714], [131.7616, -0.799], [131.7457, -0.7305], [131.5582, -0.7658], [131.5422, -0.7292], [131.5082, -0.7298], [131.4018, -0.7767], [131.3573, -0.7818], [131.3764, -0.8404], [131.3704, -0.8896], [131.3944, -0.9351], [131.3343, -0.9475], [131.2967, -0.9155]]], [[[130.7045, -1.052], [130.7182, -1.0963], [130.7067, -1.1426], [130.7381, -1.1676], [130.7439, -1.2308], [130.7727, -1.2634], [130.8115, -1.268], [130.8559, -1.3434], [130.9006, -1.3208], [130.963, -1.3585], [130.9911, -1.3371], [130.9999, -1.2825], [131.0442, -1.2408], [131.0345, -1.1953], [130.9492, -1.128], [130.8637, -1.1327], [130.8404, -1.1093], [130.7045, -1.052]]], [[[131.332, -1.3543], [131.3107, -1.4076], [131.3621, -1.3997], [131.332, -1.3543]]], [[[131.7346, -1.4473], [131.7153, -1.4278], [131.5928, -1.4649], [131.5869, -1.4841], [131.6367, -1.5452], [131.7326, -1.5088], [131.7346, -1.4473]]]]}}, {"type": "Feature", "id": 1203, "properties": {"WADMKK": "Tapanuli Selatan", "WADMPR": "Sumatera Utara", "KDPKAB": "12.03", "LUASWH": 34.2143977, "kode_wilayah": 1203, "nama_resmi": "Kabupaten Tapanuli Selatan", "tipe": "Kabupaten", "provinsi": "Sumatera Utara", "pulau": "Sumatera", "parlemen": 7.5, "pendapatan": 49.0, "pengeluaran": 12213.0, "ahh": 67.72, "profesional": 60.8, "tpak": 69.01, "rls": 9.56, "hls": 13.72, "skor_ekonomi": 57.49, "skor_keputusan": 45.95, "skor_kapasitas_sosial": 54.86, "ikpp_komposit": 52.35, "kuadran": "Kuadran IV (Ekonomi Tinggi, Keputusan Rendah)", "lisa_cluster_keputusan": "Not Significant", "lisa_cluster_ekonomi": "High-High (Hotspot)", "pc1": -0.609, "pc2": 2.12, "lat": 1.52, "lon": 99.303}, "geometry": {"type": "Polygon", "coordinates": [[[98.8446, 1.2984], [98.8646, 1.2802], [98.908, 1.2934], [98.9714, 1.346], [99.0308, 1.2963], [99.0504, 1.2045], [99.1328, 1.1668], [99.1172, 1.1052], [99.1825, 1.0981], [99.2404, 1.0416], [99.2781, 1.0958], [99.3114, 1.0467], [99.3797, 1.0192], [99.4282, 0.9765], [99.4637, 1.0189], [99.4245, 1.0713], [99.4771, 1.124], [99.5204, 1.1192], [99.4503, 1.1807], [99.426, 1.2159], [99.4185, 1.2695], [99.3597, 1.3829], [99.3996, 1.4141], [99.397, 1.5003], [99.4298, 1.575], [99.4546, 1.593], [99.4352, 1.6581], [99.4791, 1.7045], [99.5504, 1.7164], [99.5706, 1.8087], [99.5537, 1.8578], [99.5676, 1.8911], [99.606, 1.8855], [99.5894, 2.0167], [99.563, 2.0304], [99.551, 2.0762], [99.4594, 2.1253], [99.4457, 2.0352], [99.4711, 1.9612], [99.3916, 1.9524], [99.3394, 1.9046], [99.359, 1.8751], [99.3448, 1.8296], [99.2509, 1.8151], [99.2559, 1.7532], [99.2393, 1.7045], [99.1162, 1.6492], [99.0782, 1.6986], [99.0514, 1.7009], [99.0573, 1.6474], [98.9895, 1.5134], [99.0048, 1.4738], [98.9394, 1.4803], [98.9254, 1.4477], [98.8406, 1.4282], [98.782, 1.4309], [98.8325, 1.3617], [98.8446, 1.2984]], [[99.3197, 1.3032], [99.2452, 1.3666], [99.22, 1.4108], [99.2488, 1.4773], [99.3278, 1.4155], [99.3504, 1.314], [99.3197, 1.3032]]]}}, {"type": "Feature", "id": 3273, "properties": {"WADMKK": "Kota Bandung", "WADMPR": "Jawa Barat", "KDPKAB": "32.73", "LUASWH": 1.73707511, "kode_wilayah": 3273, "nama_resmi": "Kota Bandung", "tipe": "Kota", "provinsi": "Jawa Barat", "pulau": "Jawa", "parlemen": 16.0, "pendapatan": 35.57, "pengeluaran": 18795.0, "ahh": 77.24, "profesional": 42.51, "tpak": 51.96, "rls": 11.07, "hls": 14.25, "skor_ekonomi": 34.07, "skor_keputusan": 41.44, "skor_kapasitas_sosial": 78.03, "ikpp_komposit": 45.81, "kuadran": "Kuadran III (Ekonomi Rendah, Keputusan Rendah)", "lisa_cluster_keputusan": "Not Significant", "lisa_cluster_ekonomi": "Not Significant", "pc1": 2.823, "pc2": 1.073, "lat": -6.911, "lon": 107.61}, "geometry": {"type": "Polygon", "coordinates": [[[107.5455, -6.9268], [107.5834, -6.9618], [107.6943, -6.9695], [107.7038, -6.9069], [107.6339, -6.8881], [107.6239, -6.8619], [107.5716, -6.8821], [107.5455, -6.9268]]]}}, {"type": "Feature", "id": 8272, "properties": {"WADMKK": "Kota Tidore Kepulauan", "WADMPR": "Maluku Utara", "KDPKAB": "82.72", "LUASWH": 2.55740043, "kode_wilayah": 8272, "nama_resmi": "Kota Tidore Kepulauan", "tipe": "Kota", "provinsi": "Maluku Utara", "pulau": "Maluku", "parlemen": 20.0, "pendapatan": 33.69, "pengeluaran": 10592.0, "ahh": 63.89, "profesional": 51.69, "tpak": 52.88, "rls": 8.67, "hls": 12.62, "skor_ekonomi": 32.84, "skor_keputusan": 51.21, "skor_kapasitas_sosial": 44.24, "ikpp_komposit": 42.47, "kuadran": "Kuadran II (Ekonomi Rendah, Keputusan Tinggi)", "lisa_cluster_keputusan": "Not Significant", "lisa_cluster_ekonomi": "Low-Low (Coldspot)", "pc1": -1.084, "pc2": -1.024, "lat": 0.672, "lon": 127.447}, "geometry": {"type": "MultiPolygon", "coordinates": [[[[127.6976, 0.0071], [127.7965, -0.0243], [127.7991, 0.1317], [127.7889, 0.152], [127.8235, 0.2096], [127.7973, 0.25], [127.8195, 0.2726], [127.7986, 0.3174], [127.8065, 0.3737], [127.7751, 0.4129], [127.7777, 0.4835], [127.806, 0.4901], [127.826, 0.5427], [127.8211, 0.5916], [127.7921, 0.6432], [127.7827, 0.6931], [127.75, 0.7577], [127.7313, 0.7596], [127.6816, 0.7582], [127.6182, 0.7892], [127.6021, 0.7602], [127.5475, 0.729], [127.5511, 0.6824], [127.5296, 0.6126], [127.5273, 0.5528], [127.5596, 0.5208], [127.579, 0.4143], [127.6223, 0.3962], [127.6233, 0.3594], [127.6583, 0.344], [127.7217, 0.341], [127.7343, 0.311], [127.7162, 0.2649], [127.6918, 0.1459], [127.7221, 0.0723], [127.6976, 0.0071]]], [[[127.455, 0.6805], [127.4467, 0.746], [127.4054, 0.7585], [127.3621, 0.6781], [127.3667, 0.6471], [127.4289, 0.6293], [127.455, 0.6805]]]]}}, {"type": "Feature", "id": 3324, "properties": {"WADMKK": "Kendal", "WADMPR": "Jawa Tengah", "KDPKAB": "33.24", "LUASWH": 8.33971476, "kode_wilayah": 3324, "nama_resmi": "Kabupaten Kendal", "tipe": "Kabupaten", "provinsi": "Jawa Tengah", "pulau": "Jawa", "parlemen": 18.0, "pendapatan": 34.87, "pengeluaran": 13277.0, "ahh": 76.9, "profesional": 45.98, "tpak": 66.45, "rls": 7.74, "hls": 13.0, "skor_ekonomi": 42.42, "skor_keputusan": 45.58, "skor_kapasitas_sosial": 62.55, "ikpp_komposit": 47.71, "kuadran": "Kuadran IV (Ekonomi Tinggi, Keputusan Rendah)", "lisa_cluster_keputusan": "Not Significant", "lisa_cluster_ekonomi": "Not Significant", "pc1": 0.071, "pc2": 0.651, "lat": -6.923, "lon": 110.204}, "geometry": {"type": "Polygon", "coordinates": [[[109.9355, -7.2018], [109.9684, -7.1891], [110.0501, -7.1242], [110.1019, -7.0999], [110.1742, -7.0982], [110.1494, -7.1422], [110.1849, -7.1516], [110.2141, -7.1857], [110.2567, -7.1943], [110.3494, -7.1849], [110.353, -7.1041], [110.3033, -7.0973], [110.2718, -7.0413], [110.2949, -6.9467], [110.2193, -6.8614], [110.1786, -6.8478], [110.113, -6.8876], [110.0263, -6.9118], [110.0496, -6.9806], [109.9736, -7.0349], [109.9774, -7.0818], [109.9227, -7.1868], [109.9355, -7.2018]]]}}, {"type": "Feature", "id": 8271, "properties": {"WADMKK": "Kota Ternate", "WADMPR": "Maluku Utara", "KDPKAB": "82.71", "LUASWH": 3.48619173, "kode_wilayah": 8271, "nama_resmi": "Kota Ternate", "tipe": "Kota", "provinsi": "Maluku Utara", "pulau": "Maluku", "parlemen": 23.33, "pendapatan": 36.67, "pengeluaran": 8887.0, "ahh": 62.95, "profesional": 47.7, "tpak": 64.84, "rls": 7.38, "hls": 11.91, "skor_ekonomi": 43.13, "skor_keputusan": 51.57, "skor_kapasitas_sosial": 37.18, "ikpp_komposit": 45.32, "kuadran": "Kuadran I (Ekonomi Tinggi, Keputusan Tinggi)", "lisa_cluster_keputusan": "Not Significant", "lisa_cluster_ekonomi": "High-Low (Spatial Outlier)", "pc1": -2.563, "pc2": -0.669, "lat": 0.786, "lon": 127.388}, "geometry": {"type": "Polygon", "coordinates": [[[127.3882, 0.7819], [127.3864, 0.8333], [127.3248, 0.8671], [127.3022, 0.8412], [127.2941, 0.791], [127.3146, 0.7571], [127.3705, 0.7596], [127.3882, 0.7819]]]}}, {"type": "Feature", "id": 3214, "properties": {"WADMKK": "Purwakarta", "WADMPR": "Jawa Barat", "KDPKAB": "32.14", "LUASWH": 0.99319728, "kode_wilayah": 3214, "nama_resmi": "Kabupaten Purwakarta", "tipe": "Kabupaten", "provinsi": "Jawa Barat", "pulau": "Jawa", "parlemen": 30.0, "pendapatan": 28.63, "pengeluaran": 13099.0, "ahh": 74.04, "profesional": 44.28, "tpak": 46.19, "rls": 8.14, "hls": 12.25, "skor_ekonomi": 23.85, "skor_keputusan": 55.35, "skor_kapasitas_sosial": 58.12, "ikpp_komposit": 43.3, "kuadran": "Kuadran II (Ekonomi Rendah, Keputusan Tinggi)", "lisa_cluster_keputusan": "Not Significant", "lisa_cluster_ekonomi": "Low-Low (Coldspot)", "pc1": 0.548, "pc2": -1.599, "lat": -6.556, "lon": 107.441}, "geometry": {"type": "Polygon", "coordinates": [[[107.5938, -6.7285], [107.5799, -6.6358], [107.5858, -6.5916], [107.5578, -6.562], [107.5639, -6.4901], [107.5294, -6.4184], [107.5003, -6.4084], [107.4351, -6.4581], [107.3403, -6.4793], [107.2205, -6.5907], [107.2272, -6.6022], [107.2627, -6.6342], [107.2514, -6.6933], [107.3021, -6.7284], [107.3394, -6.6974], [107.4074, -6.689], [107.4521, -6.7003], [107.5126, -6.7544], [107.5614, -6.7732], [107.5938, -6.7285]]]}}, {"type": "Feature", "id": 3601, "properties": {"WADMKK": "Pandeglang", "WADMPR": "Banten", "KDPKAB": "36.01", "LUASWH": 2.56932424, "kode_wilayah": 3601, "nama_resmi": "Kabupaten Pandeglang", "tipe": "Kabupaten", "provinsi": "Banten", "pulau": "Jawa", "parlemen": 20.0, "pendapatan": 31.03, "pengeluaran": 9574.0, "ahh": 67.78, "profesional": 41.87, "tpak": 49.49, "rls": 7.16, "hls": 13.74, "skor_ekonomi": 28.2, "skor_keputusan": 44.64, "skor_kapasitas_sosial": 47.09, "ikpp_komposit": 38.55, "kuadran": "Kuadran III (Ekonomi Rendah, Keputusan Rendah)", "lisa_cluster_keputusan": "Not Significant", "lisa_cluster_ekonomi": "Low-Low (Coldspot)", "pc1": -0.968, "pc2": -1.109, "lat": -6.317, "lon": 106.115}, "geometry": {"type": "MultiPolygon", "coordinates": [[[[105.8269, -6.2478], [105.8413, -6.3003], [105.8193, -6.3696], [105.8253, -6.4257], [105.8099, -6.4688], [105.7721, -6.5165], [105.6866, -6.5217], [105.6501, -6.4812], [105.6164, -6.5587], [105.6182, -6.6165], [105.5553, -6.6966], [105.5067, -6.7304], [105.496, -6.7981], [105.4681, -6.828], [105.4351, -6.7754], [105.3753, -6.6545], [105.34, -6.6613], [105.3206, -6.7085], [105.2594, -6.7625], [105.2304, -6.756], [105.2401, -6.831], [105.2674, -6.8441], [105.2952, -6.8049], [105.3615, -6.8103], [105.4413, -6.8368], [105.4756, -6.8633], [105.5384, -6.8742], [105.6246, -6.8429], [105.709, -6.8364], [105.7726, -6.8479], [105.8834, -6.8368], [105.8663, -6.7876], [105.8927, -6.7207], [105.9184, -6.7186], [105.9462, -6.6602], [105.9341, -6.6003], [105.9828, -6.5421], [105.9747, -6.5173], [106.0094, -6.4736], [106.0247, -6.4285], [106.0635, -6.4051], [106.0905, -6.4239], [106.1315, -6.3775], [106.1302, -6.3267], [106.1718, -6.2913], [106.1745, -6.2508], [106.128, -6.2505], [106.0919, -6.2287], [106.0659, -6.2635], [106.0013, -6.2754], [105.9774, -6.2457], [105.8772, -6.2396], [105.8269, -6.2478]]], [[[105.2617, -6.5213], [105.1624, -6.5738], [105.1951, -6.6203], [105.2431, -6.6358], [105.2609, -6.5975], [105.2617, -6.5213]]]]}}, {"type": "Feature", "id": 9411, "properties": {"WADMKK": "Puncak Jaya", "WADMPR": "Papua Tengah", "KDPKAB": "91.07", "LUASWH": 2.82810157, "kode_wilayah": 9411, "nama_resmi": "Kabupaten Puncak Jaya", "tipe": "Kabupaten", "provinsi": "Papua Tengah", "pulau": "Papua", "parlemen": 6.67, "pendapatan": 44.68, "pengeluaran": 5653.0, "ahh": 68.51, "profesional": 38.57, "tpak": 85.85, "rls": 3.69, "hls": 9.03, "skor_ekonomi": 63.85, "skor_keputusan": 30.32, "skor_kapasitas_sosial": 27.83, "ikpp_komposit": 43.23, "kuadran": "Kuadran IV (Ekonomi Tinggi, Keputusan Rendah)", "lisa_cluster_keputusan": "Low-Low (Coldspot)", "lisa_cluster_ekonomi": "High-High (Hotspot)", "pc1": -6.008, "pc2": 0.856, "lat": -3.447, "lon": 137.843}, "geometry": {"type": "Polygon", "coordinates": [[[138.0795, -3.8733], [138.1042, -3.9117], [138.1532, -3.9111], [138.2142, -3.8852], [138.2386, -3.8491], [138.2843, -3.8214], [138.318, -3.8378], [138.3539, -3.8256], [138.3447, -3.7621], [138.2952, -3.7528], [138.2806, -3.6506], [138.195, -3.5986], [138.1036, -3.6029], [138.0753, -3.5865], [138.049, -3.503], [138.0545, -3.4445], [138.0346, -3.4075], [138.0513, -3.3626], [138.0392, -3.3115], [138.0868, -3.3163], [138.1101, -3.2867], [138.0792, -3.241], [138.007, -3.1848], [137.9998, -3.1106], [138.0135, -3.0577], [137.9613, -3.0321], [137.7869, -3.0834], [137.7583, -3.0562], [137.7227, -3.0651], [137.6834, -3.0487], [137.6509, -3.0925], [137.565, -3.1028], [137.4496, -3.2287], [137.4669, -3.3743], [137.5085, -3.4282], [137.5586, -3.4575], [137.598, -3.5308], [137.5974, -3.5738], [137.6895, -3.6132], [137.657, -3.6523], [137.6901, -3.7115], [137.7603, -3.7237], [137.8213, -3.6817], [137.8892, -3.774], [137.9039, -3.8323], [137.9751, -3.8594], [138.0227, -3.8448], [138.0795, -3.8733]]]}}, {"type": "Feature", "id": 9471, "properties": {"WADMKK": "Jayapura", "WADMPR": "Papua", "KDPKAB": "91.03", "LUASWH": 4.19933134, "kode_wilayah": 9471, "nama_resmi": "Kota Jayapura", "tipe": "Kota", "provinsi": "Papua", "pulau": "Papua", "parlemen": 22.86, "pendapatan": 35.12, "pengeluaran": 6262.0, "ahh": 61.16, "profesional": 44.97, "tpak": 70.14, "rls": 5.82, "hls": 9.71, "skor_ekonomi": 44.95, "skor_keputusan": 49.32, "skor_kapasitas_sosial": 24.76, "ikpp_komposit": 42.66, "kuadran": "Kuadran I (Ekonomi Tinggi, Keputusan Tinggi)", "lisa_cluster_keputusan": "High-Low (Spatial Outlier)", "lisa_cluster_ekonomi": "Not Significant", "pc1": -4.653, "pc2": -1.38, "lat": -2.592, "lon": 140.669}, "geometry": {"type": "Polygon", "coordinates": [[[140.3842, -3.7365], [140.3519, -3.6834], [140.3882, -3.6391], [140.38, -3.5467], [140.3483, -3.4026], [140.3701, -3.3735], [140.3235, -3.3286], [140.3138, -3.2899], [140.3371, -3.2089], [140.3613, -3.1665], [140.4068, -3.1295], [140.4065, -3.0823], [140.3703, -3.0498], [140.4042, -2.9234], [140.3752, -2.8183], [140.4072, -2.783], [140.4851, -2.752], [140.5292, -2.7787], [140.5902, -2.7449], [140.6277, -2.7519], [140.6211, -2.6149], [140.6255, -2.5668], [140.6038, -2.5184], [140.6527, -2.4763], [140.6084, -2.4405], [140.5608, -2.4503], [140.5125, -2.4298], [140.4576, -2.431], [140.3908, -2.4016], [140.3643, -2.4558], [140.3182, -2.4488], [140.2236, -2.4127], [140.1155, -2.3363], [140.0508, -2.3599], [139.9994, -2.36], [139.9714, -2.4417], [139.7932, -2.408], [139.7521, -2.4076], [139.7507, -2.4464], [139.7813, -2.4879], [139.7627, -2.5268], [139.661, -2.5553], [139.616, -2.5378], [139.5836, -2.5563], [139.5455, -2.6113], [139.4863, -2.623], [139.4311, -2.5934], [139.3894, -2.6517], [139.382, -2.6995], [139.423, -2.7133], [139.4219, -2.7683], [139.5486, -2.8241], [139.5862, -2.8729], [139.5205, -2.9433], [139.5321, -2.9956], [139.5294, -3.0794], [139.4813, -3.1685], [139.4984, -3.2863], [139.4967, -3.3572], [139.4441, -3.4289], [139.4636, -3.4602], [139.4711, -3.5201], [139.5055, -3.5225], [139.5184, -3.658], [139.5926, -3.7051], [139.626, -3.6642], [139.6628, -3.6643], [139.6996, -3.6316], [139.6907, -3.5496], [139.7438, -3.5453], [139.7778, -3.5154], [139.8012, -3.565], [139.8684, -3.59], [139.8958, -3.6211], [139.9302, -3.6239], [139.9583, -3.6314], [140.0212, -3.68], [140.0502, -3.6734], [140.1255, -3.6955], [140.1356, -3.6965], [140.1763, -3.7082], [140.2055, -3.6777], [140.2703, -3.67], [140.2853, -3.7179], [140.3212, -3.7436], [140.3842, -3.7365]]]}}, {"type": "Feature", "id": 6411, "properties": {"WADMKK": "Mahakam Ulu", "WADMPR": "Kalimantan Timur", "KDPKAB": "64.11", "LUASWH": 96.65101798, "kode_wilayah": 6411, "nama_resmi": "Kabupaten Mahakam Hulu", "tipe": "Kabupaten", "provinsi": "Kalimantan Timur", "pulau": "Kalimantan", "parlemen": 40.0, "pendapatan": 28.39, "pengeluaran": 10197.0, "ahh": 74.79, "profesional": 46.54, "tpak": 52.14, "rls": 9.35, "hls": 13.21, "skor_ekonomi": 27.33, "skor_keputusan": 65.95, "skor_kapasitas_sosial": 60.83, "ikpp_komposit": 49.48, "kuadran": "Kuadran II (Ekonomi Rendah, Keputusan Tinggi)", "lisa_cluster_keputusan": "High-High (Hotspot)", "lisa_cluster_ekonomi": "Not Significant", "pc1": 0.937, "pc2": -1.429, "lat": 0.506, "lon": 115.271}, "geometry": {"type": "Polygon", "coordinates": [[[115.013, -0.2662], [115.0668, -0.1488], [115.1499, -0.1391], [115.166, -0.0872], [115.2949, -0.0524], [115.3117, -0.0566], [115.3745, 0.0312], [115.4343, 0.0402], [115.4372, 0.0875], [115.4611, 0.1431], [115.5481, 0.1389], [115.6431, 0.1455], [115.6497, 0.1665], [115.7138, 0.2214], [115.717, 0.2496], [115.6829, 0.3295], [115.6845, 0.3594], [115.7621, 0.4126], [115.7544, 0.4848], [115.6729, 0.5797], [115.5854, 0.6515], [115.547, 0.7206], [115.492, 0.7656], [115.4298, 0.7743], [115.2778, 0.8365], [115.3033, 0.8883], [115.2417, 0.9526], [115.2562, 1.0151], [115.3005, 1.0606], [115.3593, 1.0629], [115.4181, 1.1517], [115.3807, 1.1179], [115.2781, 1.1364], [115.2425, 1.1809], [115.182, 1.1967], [115.1221, 1.1865], [115.0937, 1.212], [115.0996, 1.2443], [115.0452, 1.2675], [115.0169, 1.348], [114.9539, 1.3732], [114.9018, 1.419], [114.8787, 1.4179], [114.7948, 1.3762], [114.7598, 1.3261], [114.7225, 1.3133], [114.6901, 1.3599], [114.6168, 1.3632], [114.5723, 1.3894], [114.5652, 1.4262], [114.563, 1.4318], [114.5616, 1.4338], [114.4745, 1.474], [114.4143, 1.5114], [114.3366, 1.4858], [114.3006, 1.4587], [114.2383, 1.4483], [114.2055, 1.4102], [114.155, 1.3744], [114.1631, 1.3091], [114.1357, 1.219], [114.1279, 1.1567], [113.9852, 1.1368], [113.9393, 1.0588], [113.9014, 1.0598], [113.8929, 1.0201], [113.912, 0.9684], [113.872, 0.9153], [113.8768, 0.8796], [113.9265, 0.8414], [113.8739, 0.7759], [113.8948, 0.726], [113.8393, 0.6954], [113.8418, 0.6577], [113.9213, 0.644], [114.1231, 0.6954], [114.158, 0.6777], [114.2031, 0.5401], [114.2438, 0.5226], [114.2919, 0.5366], [114.3641, 0.5302], [114.3768, 0.5596], [114.4303, 0.5416], [114.489, 0.57], [114.5245, 0.5628], [114.5406, 0.6204], [114.5979, 0.6318], [114.652, 0.6747], [114.6584, 0.6985], [114.7161, 0.7012], [114.761, 0.7317], [114.8319, 0.7546], [114.8748, 0.7424], [114.9433, 0.7729], [114.9856, 0.7317], [115.0135, 0.5993], [115.0916, 0.4804], [115.1374, 0.4255], [115.1245, 0.37], [115.0401, 0.2985], [115.0229, 0.3304], [114.9496, 0.3324], [114.9026, 0.3177], [114.8577, 0.2704], [114.8298, 0.1916], [114.7625, 0.1464], [114.7719, 0.1219], [114.7089, 0.074], [114.7183, 0.0535], [114.7953, 0.0114], [114.8238, -0.0362], [114.8924, -0.0259], [114.921, -0.1003], [114.929, -0.1654], [114.9204, -0.2334], [114.9811, -0.2755], [115.013, -0.2662]]]}}, {"type": "Feature", "id": 1601, "properties": {"WADMKK": "Ogan Komering Ulu", "WADMPR": "Sumatera Selatan", "KDPKAB": "16.01", "LUASWH": 0.34436181, "kode_wilayah": 1601, "nama_resmi": "Kabupaten Ogan Komering Ulu", "tipe": "Kabupaten", "provinsi": "Sumatera Selatan", "pulau": "Sumatera", "parlemen": 2.86, "pendapatan": 25.04, "pengeluaran": 11339.0, "ahh": 71.05, "profesional": 61.35, "tpak": 56.98, "rls": 8.86, "hls": 13.0, "skor_ekonomi": 27.14, "skor_keputusan": 42.1, "skor_kapasitas_sosial": 55.51, "ikpp_komposit": 38.8, "kuadran": "Kuadran III (Ekonomi Rendah, Keputusan Rendah)", "lisa_cluster_keputusan": "Not Significant", "lisa_cluster_ekonomi": "Not Significant", "pc1": -0.061, "pc2": -0.606, "lat": -4.166, "lon": 104.198}, "geometry": {"type": "Polygon", "coordinates": [[[103.6263, -4.2733], [103.7062, -4.2762], [103.74, -4.248], [103.8369, -4.2376], [103.9191, -4.3451], [103.9883, -4.4634], [104.0456, -4.4581], [104.1513, -4.4058], [104.2174, -4.4003], [104.2403, -4.3322], [104.2261, -4.3167], [104.2315, -4.2474], [104.2695, -4.2422], [104.3334, -4.1815], [104.3067, -4.0813], [104.3425, -4.0474], [104.3577, -4.0075], [104.4362, -3.9804], [104.4902, -3.9166], [104.5585, -3.8573], [104.5564, -3.8031], [104.4706, -3.7641], [104.4537, -3.7449], [104.3876, -3.7607], [104.2802, -3.7649], [104.2479, -3.7813], [104.2438, -3.8222], [104.1491, -3.8868], [104.0752, -3.9086], [103.9935, -3.92], [103.9697, -3.8885], [103.8959, -3.9277], [103.8897, -3.9692], [103.7918, -4.0447], [103.7742, -4.0745], [103.7018, -4.087], [103.7052, -4.1839], [103.6447, -4.201], [103.619, -4.2246], [103.6263, -4.2733]]]}}, {"type": "Feature", "id": 7413, "properties": {"WADMKK": "Muna Barat", "WADMPR": "Sulawesi Tenggara", "KDPKAB": "74.13", "LUASWH": 7.5773629, "kode_wilayah": 7413, "nama_resmi": "Kabupaten Muna Barat", "tipe": "Kabupaten", "provinsi": "Sulawesi Tenggara", "pulau": "Sulawesi", "parlemen": 10.0, "pendapatan": 20.36, "pengeluaran": 11539.0, "ahh": 71.12, "profesional": 61.54, "tpak": 55.23, "rls": 8.29, "hls": 13.17, "skor_ekonomi": 21.59, "skor_keputusan": 48.71, "skor_kapasitas_sosial": 54.83, "ikpp_komposit": 39.09, "kuadran": "Kuadran II (Ekonomi Rendah, Keputusan Tinggi)", "lisa_cluster_keputusan": "Not Significant", "lisa_cluster_ekonomi": "Not Significant", "pc1": 0.177, "pc2": -1.401, "lat": -4.792, "lon": 122.494}, "geometry": {"type": "Polygon", "coordinates": [[[122.3585, -4.9314], [122.4061, -4.9092], [122.4563, -4.9162], [122.5534, -4.9658], [122.5925, -4.9658], [122.6596, -4.8971], [122.6216, -4.871], [122.6027, -4.8289], [122.5657, -4.8062], [122.5916, -4.7689], [122.6583, -4.7271], [122.6264, -4.642], [122.596, -4.64], [122.5585, -4.6907], [122.4593, -4.7441], [122.3816, -4.7458], [122.3183, -4.8315], [122.3585, -4.9314]]]}}, {"type": "Feature", "id": 7412, "properties": {"WADMKK": "Konawe", "WADMPR": "Sulawesi Tenggara", "KDPKAB": "74.02", "LUASWH": 0.33819479, "kode_wilayah": 7412, "nama_resmi": "Kabupaten Konawe Kepulauan", "tipe": "Kabupaten", "provinsi": "Sulawesi Tenggara", "pulau": "Sulawesi", "parlemen": 15.0, "pendapatan": 76.54, "pengeluaran": 11755.0, "ahh": 73.71, "profesional": 48.57, "tpak": 58.12, "rls": 11.03, "hls": 15.53, "skor_ekonomi": 76.99, "skor_keputusan": 44.58, "skor_kapasitas_sosial": 68.95, "ikpp_komposit": 62.42, "kuadran": "Kuadran IV (Ekonomi Tinggi, Keputusan Rendah)", "lisa_cluster_keputusan": "Not Significant", "lisa_cluster_ekonomi": "Not Significant", "pc1": 0.67, "pc2": 4.83, "lat": -4.053, "lon": 122.989}, "geometry": {"type": "Polygon", "coordinates": [[[121.9978, -4.1289], [122.0909, -4.1147], [122.1816, -4.0613], [122.2226, -4.0055], [122.2784, -4.0], [122.354, -4.025], [122.4429, -4.0116], [122.4589, -3.932], [122.4877, -3.9038], [122.5238, -3.9359], [122.6259, -3.9484], [122.6608, -3.9274], [122.6226, -3.891], [122.5563, -3.9027], [122.5069, -3.8814], [122.4737, -3.8217], [122.449, -3.8704], [122.3829, -3.8665], [122.2881, -3.8059], [122.2566, -3.7619], [122.1694, -3.7254], [122.1226, -3.7287], [122.0882, -3.6902], [122.0706, -3.6307], [122.021, -3.616], [121.9835, -3.5733], [121.9059, -3.558], [121.7833, -3.5687], [121.7672, -3.5104], [121.667, -3.4703], [121.6624, -3.4177], [121.6183, -3.4249], [121.588, -3.3984], [121.6133, -3.3535], [121.5528, -3.2459], [121.5469, -3.2098], [121.5926, -3.1634], [121.6554, -3.1701], [121.6751, -3.2236], [121.7655, -3.2499], [121.8246, -3.2327], [121.8867, -3.1561], [121.9266, -3.123], [121.951, -3.0483], [121.8873, -3.0108], [121.8721, -2.9733], [121.8418, -2.9718], [121.752, -2.9237], [121.6902, -2.9175], [121.6702, -2.9005], [121.6343, -2.8936], [121.5002, -2.9437], [121.4616, -3.0114], [121.3902, -3.0148], [121.3612, -2.9876], [121.363, -3.0558], [121.4416, -3.1695], [121.431, -3.2754], [121.4239, -3.316], [121.4685, -3.402], [121.5222, -3.4674], [121.5306, -3.5246], [121.6113, -3.7347], [121.6659, -3.729], [121.7126, -3.7755], [121.7569, -3.759], [121.8228, -3.7552], [121.8368, -3.7846], [121.8759, -3.7859], [121.9138, -3.8359], [121.9477, -3.8314], [121.9711, -3.8821], [121.9655, -3.9977], [121.9514, -4.0568], [121.9978, -4.1289]]]}}, {"type": "Feature", "id": 5304, "properties": {"WADMKK": "Timor Tengah Selatan", "WADMPR": "Nusa Tenggara Timur", "KDPKAB": "53.02", "LUASWH": 6502359.9078, "kode_wilayah": 5304, "nama_resmi": "Kabupaten Timor Tengah Selatan", "tipe": "Kabupaten", "provinsi": "Nusa Tenggara Timur", "pulau": "Bali & Nusa Tenggara", "parlemen": 5.0, "pendapatan": 29.25, "pengeluaran": 7755.0, "ahh": 69.05, "profesional": 45.72, "tpak": 81.81, "rls": 7.21, "hls": 12.62, "skor_ekonomi": 46.62, "skor_keputusan": 33.58, "skor_kapasitas_sosial": 45.07, "ikpp_komposit": 41.09, "kuadran": "Kuadran IV (Ekonomi Tinggi, Keputusan Rendah)", "lisa_cluster_keputusan": "Not Significant", "lisa_cluster_ekonomi": "High-High (Hotspot)", "pc1": -2.667, "pc2": 0.586, "lat": -9.106, "lon": 124.874}, "geometry": {"type": "Polygon", "coordinates": [[[124.2235, -10.163], [124.3454, -10.1736], [124.3957, -10.1697], [124.4777, -10.1216], [124.5087, -10.0916], [124.5324, -10.0304], [124.5836, -10.003], [124.6979, -9.9147], [124.7507, -9.8816], [124.8075, -9.7883], [124.7977, -9.7709], [124.8198, -9.6569], [124.7845, -9.6353], [124.736, -9.6509], [124.6531, -9.6183], [124.6453, -9.5849], [124.5822, -9.6163], [124.5255, -9.6615], [124.4611, -9.6367], [124.4307, -9.6052], [124.3425, -9.5869], [124.2364, -9.5432], [124.2338, -9.5182], [124.1898, -9.4832], [124.1169, -9.4815], [124.1534, -9.5363], [124.0953, -9.5803], [124.0836, -9.6347], [124.055, -9.6575], [124.1105, -9.6861], [124.0694, -9.7507], [124.094, -9.8094], [124.0815, -9.9248], [124.0947, -9.9715], [124.1469, -9.9938], [124.1502, -10.0392], [124.1852, -10.0613], [124.2265, -10.1438], [124.2235, -10.163]]]}}, {"type": "Feature", "id": 3522, "properties": {"WADMKK": "Bojonegoro", "WADMPR": "Jawa Timur", "KDPKAB": "35.22", "LUASWH": 7.60662972, "kode_wilayah": 3522, "nama_resmi": "Kabupaten Bojonegoro", "tipe": "Kabupaten", "provinsi": "Jawa Timur", "pulau": "Jawa", "parlemen": 18.0, "pendapatan": 27.64, "pengeluaran": 11204.0, "ahh": 74.82, "profesional": 50.72, "tpak": 59.53, "rls": 7.59, "hls": 13.18, "skor_ekonomi": 31.21, "skor_keputusan": 48.75, "skor_kapasitas_sosial": 57.84, "ikpp_komposit": 43.55, "kuadran": "Kuadran II (Ekonomi Rendah, Keputusan Tinggi)", "lisa_cluster_keputusan": "Not Significant", "lisa_cluster_ekonomi": "Not Significant", "pc1": -0.035, "pc2": -0.588, "lat": -7.15, "lon": 111.882}, "geometry": {"type": "Polygon", "coordinates": [[[111.6736, -7.4107], [111.7705, -7.4696], [111.8006, -7.4607], [111.821, -7.4396], [111.9404, -7.4401], [111.9713, -7.405], [112.0693, -7.397], [112.0815, -7.3826], [112.0726, -7.3333], [112.09, -7.2981], [112.0896, -7.2279], [112.1187, -7.2112], [112.1522, -7.1094], [112.0843, -7.0678], [112.0353, -7.0772], [111.9945, -7.1234], [111.8778, -7.1333], [111.7933, -7.082], [111.7115, -7.0806], [111.6591, -7.039], [111.6514, -6.9998], [111.6221, -6.9864], [111.612, -7.1384], [111.5872, -7.1856], [111.5224, -7.237], [111.4553, -7.2572], [111.4235, -7.3088], [111.4574, -7.3246], [111.4618, -7.3606], [111.5235, -7.3715], [111.5749, -7.3486], [111.6736, -7.4107]]]}}, {"type": "Feature", "id": 1218, "properties": {"WADMKK": "Serdang Bedagai", "WADMPR": "Sumatera Utara", "KDPKAB": "12.18", "LUASWH": 3.51285792, "kode_wilayah": 1218, "nama_resmi": "Kabupaten Serdang Bedagai", "tipe": "Kabupaten", "provinsi": "Sumatera Utara", "pulau": "Sumatera", "parlemen": 11.11, "pendapatan": 30.77, "pengeluaran": 12015.0, "ahh": 71.85, "profesional": 55.18, "tpak": 51.5, "rls": 9.12, "hls": 12.65, "skor_ekonomi": 29.2, "skor_keputusan": 45.47, "skor_kapasitas_sosial": 57.14, "ikpp_komposit": 41.3, "kuadran": "Kuadran III (Ekonomi Rendah, Keputusan Rendah)", "lisa_cluster_keputusan": "Not Significant", "lisa_cluster_ekonomi": "Not Significant", "pc1": 0.184, "pc2": -0.548, "lat": 3.491, "lon": 99.126}, "geometry": {"type": "Polygon", "coordinates": [[[98.7357, 3.2149], [98.8402, 3.2224], [98.864, 3.2563], [98.9697, 3.2626], [98.9371, 3.2075], [99.0079, 3.2076], [98.965, 3.1448], [98.9814, 3.081], [98.9363, 3.0303], [99, 3.0252], [99.0334, 3.1111], [99.1529, 3.1501], [99.1967, 3.1785], [99.2068, 3.2247], [99.261, 3.3065], [99.2826, 3.3927], [99.3195, 3.4327], [99.2922, 3.4787], [99.1667, 3.5546], [99.1332, 3.5637], [99.0554, 3.6189], [98.9433, 3.6758], [98.9191, 3.5827], [98.9363, 3.5202], [98.9142, 3.4507], [98.9186, 3.3709], [98.8369, 3.3328], [98.7357, 3.2149]]]}}, {"type": "Feature", "id": 3320, "properties": {"WADMKK": "Jepara", "WADMPR": "Jawa Tengah", "KDPKAB": "33.20", "LUASWH": 4.68279768, "kode_wilayah": 3320, "nama_resmi": "Kabupaten Jepara", "tipe": "Kabupaten", "provinsi": "Jawa Tengah", "pulau": "Jawa", "parlemen": 20.0, "pendapatan": 24.37, "pengeluaran": 11729.0, "ahh": 78.39, "profesional": 55.73, "tpak": 57.69, "rls": 8.27, "hls": 12.86, "skor_ekonomi": 26.95, "skor_keputusan": 53.92, "skor_kapasitas_sosial": 63.97, "ikpp_komposit": 45.14, "kuadran": "Kuadran II (Ekonomi Rendah, Keputusan Tinggi)", "lisa_cluster_keputusan": "Not Significant", "lisa_cluster_ekonomi": "Not Significant", "pc1": 0.834, "pc2": -0.886, "lat": -6.59, "lon": 110.668}, "geometry": {"type": "MultiPolygon", "coordinates": [[[[110.5962, -6.7259], [110.6247, -6.7091], [110.671, -6.7223], [110.6674, -6.7651], [110.705, -6.7948], [110.7583, -6.7942], [110.7695, -6.7687], [110.8369, -6.7379], [110.8205, -6.7077], [110.8669, -6.6196], [110.9024, -6.6265], [110.9172, -6.5353], [110.9086, -6.521], [110.9688, -6.4609], [110.9694, -6.4104], [110.8365, -6.4077], [110.714, -6.4576], [110.6773, -6.5337], [110.6541, -6.5525], [110.6472, -6.6464], [110.5962, -6.7259]]], [[[110.4656, -5.8269], [110.4167, -5.838], [110.4321, -5.879], [110.4734, -5.856], [110.4656, -5.8269]]]]}}, {"type": "Feature", "id": 7606, "properties": {"WADMKK": "Mamuju Tengah", "WADMPR": "Sulawesi Barat", "KDPKAB": "76.06", "LUASWH": 55.06820547, "kode_wilayah": 7606, "nama_resmi": "Kabupaten Mamuju Tengah", "tipe": "Kabupaten", "provinsi": "Sulawesi Barat", "pulau": "Sulawesi", "parlemen": 12.0, "pendapatan": 23.32, "pengeluaran": 11261.0, "ahh": 69.23, "profesional": 61.6, "tpak": 58.34, "rls": 9.02, "hls": 13.24, "skor_ekonomi": 26.35, "skor_keputusan": 50.57, "skor_kapasitas_sosial": 53.84, "ikpp_komposit": 41.54, "kuadran": "Kuadran II (Ekonomi Rendah, Keputusan Tinggi)", "lisa_cluster_keputusan": "Not Significant", "lisa_cluster_ekonomi": "Not Significant", "pc1": 0.058, "pc2": -1.047, "lat": -2.082, "lon": 119.301}, "geometry": {"type": "Polygon", "coordinates": [[[119.1302, -2.2984], [119.1952, -2.3084], [119.2607, -2.243], [119.3303, -2.2055], [119.4102, -2.1874], [119.4322, -2.1936], [119.4903, -2.1236], [119.5424, -2.1161], [119.5973, -2.1509], [119.6594, -2.1356], [119.711, -2.1425], [119.8037, -2.1122], [119.8177, -2.0593], [119.8703, -2.0185], [119.8489, -1.9881], [119.871, -1.9381], [119.8478, -1.904], [119.8747, -1.8611], [119.8588, -1.8257], [119.8715, -1.7797], [119.8295, -1.8053], [119.6789, -1.825], [119.5842, -1.8192], [119.4878, -1.7758], [119.4343, -1.7348], [119.3425, -1.789], [119.3409, -1.8185], [119.3625, -1.8606], [119.3181, -1.9536], [119.2857, -1.9541], [119.2124, -1.9974], [119.1881, -2.1506], [119.1452, -2.2003], [119.1526, -2.2382], [119.1302, -2.2984]]]}}, {"type": "Feature", "id": 1202, "properties": {"WADMKK": "Mandailing Natal", "WADMPR": "Sumatera Utara", "KDPKAB": "12.13", "LUASWH": 19.32843715, "kode_wilayah": 1202, "nama_resmi": "Kabupaten Mandailing Natal", "tipe": "Kabupaten", "provinsi": "Sumatera Utara", "pulau": "Sumatera", "parlemen": 7.5, "pendapatan": 47.78, "pengeluaran": 10644.0, "ahh": 65.6, "profesional": 46.02, "tpak": 51.63, "rls": 9.11, "hls": 13.87, "skor_ekonomi": 45.51, "skor_keputusan": 36.06, "skor_kapasitas_sosial": 49.84, "ikpp_komposit": 42.6, "kuadran": "Kuadran IV (Ekonomi Tinggi, Keputusan Rendah)", "lisa_cluster_keputusan": "Not Significant", "lisa_cluster_ekonomi": "High-High (Hotspot)", "pc1": -0.987, "pc2": 1.127, "lat": 2.022, "lon": 98.962}, "geometry": {"type": "Polygon", "coordinates": [[[99.8269, 0.4594], [99.9084, 0.4721], [99.9466, 0.5115], [99.9596, 0.5687], [99.9204, 0.6051], [99.9113, 0.6798], [99.8506, 0.6836], [99.8249, 0.7359], [99.8433, 0.7817], [99.8383, 0.8269], [99.7457, 0.8671], [99.6917, 0.9315], [99.6493, 0.9179], [99.6047, 0.9496], [99.6052, 1.0008], [99.5697, 1.0407], [99.5673, 1.0708], [99.5204, 1.1192], [99.4771, 1.124], [99.4245, 1.0713], [99.4637, 1.0189], [99.4282, 0.9765], [99.3797, 1.0192], [99.3114, 1.0467], [99.2781, 1.0958], [99.2404, 1.0416], [99.1825, 1.0981], [99.1172, 1.1052], [99.1328, 1.1668], [99.0504, 1.2045], [99.0308, 1.2963], [98.9714, 1.346], [98.908, 1.2934], [98.8646, 1.2802], [98.8446, 1.2984], [98.8643, 1.2192], [98.9136, 1.1142], [98.9285, 1.0382], [98.9701, 0.9358], [98.9947, 0.821], [99.0122, 0.8241], [99.0583, 0.742], [99.0659, 0.6588], [99.1067, 0.5797], [99.1119, 0.5092], [99.1362, 0.4528], [99.1348, 0.3815], [99.1607, 0.2903], [99.1418, 0.2643], [99.1672, 0.2282], [99.1961, 0.272], [99.1904, 0.3081], [99.262, 0.3442], [99.317, 0.3343], [99.366, 0.4315], [99.412, 0.4863], [99.4315, 0.4753], [99.4764, 0.5261], [99.5124, 0.5386], [99.5775, 0.5104], [99.6487, 0.5411], [99.6781, 0.4714], [99.7178, 0.4514], [99.7382, 0.4759], [99.785, 0.4813], [99.8269, 0.4594]]]}}, {"type": "Feature", "id": 8201, "properties": {"WADMKK": "Halmahera Barat", "WADMPR": "Maluku Utara", "KDPKAB": "82.01", "LUASWH": 11.90150747, "kode_wilayah": 8201, "nama_resmi": "Kabupaten Halmahera Barat", "tipe": "Kabupaten", "provinsi": "Maluku Utara", "pulau": "Maluku", "parlemen": 12.0, "pendapatan": 34.28, "pengeluaran": 8999.0, "ahh": 72.06, "profesional": 54.63, "tpak": 50.93, "rls": 8.88, "hls": 12.89, "skor_ekonomi": 32.19, "skor_keputusan": 45.91, "skor_kapasitas_sosial": 54.45, "ikpp_komposit": 42.13, "kuadran": "Kuadran III (Ekonomi Rendah, Keputusan Rendah)", "lisa_cluster_keputusan": "Not Significant", "lisa_cluster_ekonomi": "Low-Low (Coldspot)", "pc1": -0.358, "pc2": -0.384, "lat": 1.08, "lon": 127.48}, "geometry": {"type": "Polygon", "coordinates": [[[127.7449, 1.9678], [127.7066, 1.9454], [127.6137, 1.7834], [127.5733, 1.7564], [127.5792, 1.6584], [127.5415, 1.6437], [127.5518, 1.5922], [127.5161, 1.5686], [127.5359, 1.5045], [127.5147, 1.4236], [127.4858, 1.3608], [127.4085, 1.2344], [127.4025, 1.1984], [127.4303, 1.1549], [127.3997, 1.0839], [127.4007, 1.0413], [127.4793, 1.0644], [127.5014, 1.0412], [127.4957, 0.9954], [127.5122, 0.9531], [127.4929, 0.8914], [127.5852, 0.862], [127.6268, 0.8594], [127.6376, 0.8146], [127.6182, 0.7892], [127.6816, 0.7582], [127.7313, 0.7596], [127.6968, 0.8342], [127.694, 0.8791], [127.6883, 0.8785], [127.6495, 0.9005], [127.6021, 0.9651], [127.6393, 0.9921], [127.6466, 1.0378], [127.6064, 1.0438], [127.6037, 1.1076], [127.6393, 1.2015], [127.6241, 1.2387], [127.6435, 1.3338], [127.6754, 1.3753], [127.6571, 1.4111], [127.7268, 1.5244], [127.7305, 1.631], [127.7033, 1.7143], [127.7342, 1.797], [127.7441, 1.856], [127.7878, 1.9063], [127.7678, 1.9592], [127.7449, 1.9678]]]}}, {"type": "Feature", "id": 3672, "properties": {"WADMKK": "Kota Cilegon", "WADMPR": "Banten", "KDPKAB": "36.72", "LUASWH": 3.76687656, "kode_wilayah": 3672, "nama_resmi": "Kota Cilegon", "tipe": "Kota", "provinsi": "Banten", "pulau": "Jawa", "parlemen": 10.0, "pendapatan": 21.21, "pengeluaran": 14294.0, "ahh": 69.7, "profesional": 49.3, "tpak": 43.26, "rls": 10.39, "hls": 13.23, "skor_ekonomi": 14.95, "skor_keputusan": 40.52, "skor_kapasitas_sosial": 60.4, "ikpp_komposit": 34.27, "kuadran": "Kuadran III (Ekonomi Rendah, Keputusan Rendah)", "lisa_cluster_keputusan": "Not Significant", "lisa_cluster_ekonomi": "Not Significant", "pc1": 1.236, "pc2": -1.428, "lat": -6.01, "lon": 106.042}, "geometry": {"type": "Polygon", "coordinates": [[[105.9245, -6.0484], [105.9639, -6.0579], [106.03, -6.0476], [106.0501, -6.075], [106.0851, -6.0356], [106.0579, -5.9587], [106.0359, -5.9434], [106.0411, -5.8761], [106.0013, -5.9195], [105.996, -5.9747], [105.9245, -6.0484]]]}}, {"type": "Feature", "id": 3501, "properties": {"WADMKK": "Pacitan", "WADMPR": "Jawa Timur", "KDPKAB": "35.01", "LUASWH": 1.83163373, "kode_wilayah": 3501, "nama_resmi": "Kabupaten Pacitan", "tipe": "Kabupaten", "provinsi": "Jawa Timur", "pulau": "Jawa", "parlemen": 8.89, "pendapatan": 39.72, "pengeluaran": 10099.0, "ahh": 75.15, "profesional": 40.34, "tpak": 82.93, "rls": 7.9, "hls": 12.69, "skor_ekonomi": 57.3, "skor_keputusan": 33.52, "skor_kapasitas_sosial": 57.0, "ikpp_komposit": 47.73, "kuadran": "Kuadran IV (Ekonomi Tinggi, Keputusan Rendah)", "lisa_cluster_keputusan": "Not Significant", "lisa_cluster_ekonomi": "High-High (Hotspot)", "pc1": -1.643, "pc2": 2.041, "lat": -8.194, "lon": 111.103}, "geometry": {"type": "Polygon", "coordinates": [[[110.9001, -8.2113], [111.0281, -8.2566], [111.1055, -8.2328], [111.1456, -8.2789], [111.1939, -8.2782], [111.2705, -8.2486], [111.3768, -8.2732], [111.4035, -8.2704], [111.3936, -8.2298], [111.4248, -8.1704], [111.38, -8.1551], [111.3559, -8.1207], [111.3463, -8.0662], [111.3668, -8.0308], [111.3493, -7.979], [111.3139, -7.935], [111.28, -7.9186], [111.25, -7.946], [111.1544, -7.922], [111.1256, -7.9703], [111.135, -8.0212], [111.1115, -8.0631], [111.0666, -8.0607], [111.0342, -8.0793], [110.9514, -8.0709], [110.9153, -8.1159], [110.8953, -8.1667], [110.9001, -8.2113]]]}}, {"type": "Feature", "id": 5313, "properties": {"WADMKK": "Manggarai", "WADMPR": "Nusa Tenggara Timur", "KDPKAB": "53.10", "LUASWH": 9.77000768, "kode_wilayah": 5313, "nama_resmi": "Kabupaten Manggarai", "tipe": "Kabupaten", "provinsi": "Nusa Tenggara Timur", "pulau": "Bali & Nusa Tenggara", "parlemen": 8.57, "pendapatan": 47.74, "pengeluaran": 8204.0, "ahh": 69.93, "profesional": 48.65, "tpak": 78.04, "rls": 7.91, "hls": 13.73, "skor_ekonomi": 61.91, "skor_keputusan": 38.79, "skor_kapasitas_sosial": 50.28, "ikpp_komposit": 50.34, "kuadran": "Kuadran IV (Ekonomi Tinggi, Keputusan Rendah)", "lisa_cluster_keputusan": "Low-Low (Coldspot)", "lisa_cluster_ekonomi": "High-High (Hotspot)", "pc1": -2.046, "pc2": 2.301, "lat": -8.36, "lon": 123.459}, "geometry": {"type": "Polygon", "coordinates": [[[120.2327, -8.8438], [120.3147, -8.8552], [120.3695, -8.8176], [120.5183, -8.8184], [120.4981, -8.7143], [120.471, -8.6672], [120.5165, -8.6382], [120.5267, -8.6023], [120.5104, -8.5657], [120.5464, -8.4941], [120.5118, -8.408], [120.4781, -8.3818], [120.4938, -8.2932], [120.4073, -8.2812], [120.3608, -8.2955], [120.2871, -8.2822], [120.2822, -8.4159], [120.3003, -8.4555], [120.3453, -8.4265], [120.3993, -8.4442], [120.3615, -8.5341], [120.2855, -8.5969], [120.2818, -8.6517], [120.322, -8.6883], [120.3265, -8.7183], [120.2811, -8.789], [120.233, -8.8121], [120.2327, -8.8438]]]}}, {"type": "Feature", "id": 1604, "properties": {"WADMKK": "Lahat", "WADMPR": "Sumatera Selatan", "KDPKAB": "16.04", "LUASWH": 2.67795296, "kode_wilayah": 1604, "nama_resmi": "Kabupaten Lahat", "tipe": "Kabupaten", "provinsi": "Sumatera Selatan", "pulau": "Sumatera", "parlemen": 17.5, "pendapatan": 37.81, "pengeluaran": 11255.0, "ahh": 69.13, "profesional": 59.06, "tpak": 60.39, "rls": 8.69, "hls": 12.45, "skor_ekonomi": 41.45, "skor_keputusan": 53.87, "skor_kapasitas_sosial": 51.5, "ikpp_komposit": 48.43, "kuadran": "Kuadran I (Ekonomi Tinggi, Keputusan Tinggi)", "lisa_cluster_keputusan": "Not Significant", "lisa_cluster_ekonomi": "Not Significant", "pc1": -0.646, "pc2": -0.018, "lat": -3.778, "lon": 103.55}, "geometry": {"type": "Polygon", "coordinates": [[[103.1778, -4.2407], [103.1862, -4.1619], [103.1455, -4.1145], [103.1299, -4.0243], [103.1899, -3.9894], [103.2251, -3.9893], [103.2782, -4.0319], [103.3438, -4.051], [103.3531, -4.0025], [103.4134, -3.9892], [103.39, -4.0721], [103.3613, -4.0982], [103.3591, -4.1811], [103.376, -4.2106], [103.4053, -4.1731], [103.4579, -4.1589], [103.4431, -4.1259], [103.4645, -4.1], [103.5262, -4.1375], [103.5846, -4.0919], [103.6061, -3.9864], [103.6603, -3.9109], [103.6952, -3.9073], [103.7232, -3.7727], [103.7604, -3.7459], [103.7396, -3.6995], [103.7651, -3.6637], [103.7351, -3.6418], [103.7658, -3.5988], [103.6277, -3.5093], [103.5701, -3.5493], [103.5383, -3.5478], [103.5005, -3.5506], [103.4452, -3.5091], [103.3669, -3.5342], [103.2944, -3.5187], [103.2799, -3.5023], [103.2022, -3.5013], [103.1395, -3.5823], [103.1024, -3.6539], [103.1187, -3.7025], [103.0882, -3.7652], [103.1381, -3.8163], [103.1193, -3.8682], [103.1069, -3.9743], [103.1236, -4.0065], [102.9979, -4.0192], [102.9186, -4.0931], [102.9738, -4.1271], [103.0027, -4.1605], [103.0595, -4.1948], [103.0676, -4.2569], [103.1778, -4.2407]]]}}, {"type": "Feature", "id": 1308, "properties": {"WADMKK": "Lima Puluh Kota", "WADMPR": "Sumatera Barat", "KDPKAB": "13.07", "LUASWH": 63.77128715, "kode_wilayah": 1308, "nama_resmi": "Kabupaten Lima Puluh Kota", "tipe": "Kota", "provinsi": "Sumatera Barat", "pulau": "Sumatera", "parlemen": 5.71, "pendapatan": 28.98, "pengeluaran": 10648.0, "ahh": 72.48, "profesional": 63.19, "tpak": 64.3, "rls": 8.13, "hls": 13.42, "skor_ekonomi": 35.46, "skor_keputusan": 45.92, "skor_kapasitas_sosial": 55.88, "ikpp_komposit": 43.73, "kuadran": "Kuadran IV (Ekonomi Tinggi, Keputusan Rendah)", "lisa_cluster_keputusan": "Not Significant", "lisa_cluster_ekonomi": "Not Significant", "pc1": -0.305, "pc2": 0.029, "lat": 0.14, "lon": 100.167}, "geometry": {"type": "Polygon", "coordinates": [[[100.5372, -0.2793], [100.5798, -0.2884], [100.5842, -0.3393], [100.6642, -0.3513], [100.6777, -0.3242], [100.7514, -0.3698], [100.8246, -0.3527], [100.8481, -0.3428], [100.8379, -0.2844], [100.8088, -0.2698], [100.7743, -0.2131], [100.7458, -0.0518], [100.7638, -0.0222], [100.8045, -0.0339], [100.8416, -0.0066], [100.8307, 0.0674], [100.7789, 0.0827], [100.7961, 0.1273], [100.8418, 0.1462], [100.843, 0.2233], [100.8146, 0.2605], [100.7014, 0.2385], [100.6845, 0.2016], [100.6473, 0.2033], [100.5872, 0.2535], [100.559, 0.3047], [100.4671, 0.3146], [100.4341, 0.3791], [100.4458, 0.4178], [100.3893, 0.4071], [100.3459, 0.3806], [100.3014, 0.3964], [100.332, 0.3533], [100.3084, 0.302], [100.3335, 0.2549], [100.3527, 0.1708], [100.3177, 0.0909], [100.3488, 0.0341], [100.2653, -0.0323], [100.3251, -0.0545], [100.3791, -0.1486], [100.4451, -0.2044], [100.5435, -0.2625], [100.5372, -0.2793]], [[100.6444, -0.2563], [100.6154, -0.2745], [100.5898, -0.2415], [100.5924, -0.1933], [100.6617, -0.1893], [100.6793, -0.2352], [100.6444, -0.2563]]]}}, {"type": "Feature", "id": 9404, "properties": {"WADMKK": "Nabire", "WADMPR": "Papua Tengah", "KDPKAB": "91.04", "LUASWH": 7.71967046, "kode_wilayah": 9404, "nama_resmi": "Kabupaten Nabire", "tipe": "Kabupaten", "provinsi": "Papua Tengah", "pulau": "Papua", "parlemen": 16.67, "pendapatan": 34.76, "pengeluaran": 5707.0, "ahh": 66.68, "profesional": 41.15, "tpak": 85.71, "rls": 4.21, "hls": 9.97, "skor_ekonomi": 54.3, "skor_keputusan": 41.13, "skor_kapasitas_sosial": 28.37, "ikpp_komposit": 43.85, "kuadran": "Kuadran IV (Ekonomi Tinggi, Keputusan Rendah)", "lisa_cluster_keputusan": "Low-Low (Coldspot)", "lisa_cluster_ekonomi": "High-High (Hotspot)", "pc1": -5.217, "pc2": -0.259, "lat": -4.456, "lon": 136.854}, "geometry": {"type": "Polygon", "coordinates": [[[135.0431, -3.7837], [135.1454, -3.8053], [135.3624, -3.8627], [135.4171, -3.8933], [135.4345, -3.8675], [135.4954, -3.8892], [135.5355, -3.9336], [135.5691, -3.9468], [135.6239, -3.9333], [135.684, -3.8833], [135.78, -3.9111], [135.8467, -3.8921], [135.9546, -3.9153], [136.06, -3.8861], [136.1192, -3.9039], [136.1263, -3.8568], [136.1028, -3.8017], [136.1136, -3.7399], [136.0782, -3.7362], [136.0159, -3.6915], [136.0006, -3.6271], [136.0192, -3.5557], [136.0516, -3.5453], [136.1165, -3.4718], [136.1595, -3.4438], [136.1536, -3.3714], [136.1846, -3.3405], [136.1869, -3.3022], [136.2478, -3.3025], [136.3173, -3.2534], [136.3066, -3.2034], [136.3227, -3.1843], [136.3143, -3.1327], [136.3348, -3.0992], [136.3229, -3.0203], [136.2977, -2.9731], [136.3085, -2.9355], [136.29, -2.8876], [136.2045, -2.8006], [136.1537, -2.7941], [136.1393, -2.7722], [136.0498, -2.771], [136.0471, -2.7191], [136.0114, -2.7059], [136.0125, -2.7202], [135.9457, -2.7832], [135.9356, -2.9168], [135.9237, -2.9609], [135.8929, -2.9899], [135.8265, -3.0141], [135.774, -3.0606], [135.7611, -3.1052], [135.7015, -3.1495], [135.5961, -3.1943], [135.5708, -3.2389], [135.5586, -3.2997], [135.4712, -3.373], [135.4227, -3.3667], [135.3477, -3.3892], [135.1521, -3.3707], [135.1126, -3.3818], [135.0525, -3.3294], [134.9849, -3.3276], [134.9101, -3.2597], [134.8611, -3.25], [134.8495, -3.1923], [134.8661, -3.1674], [134.814, -3.1035], [134.8187, -3.0118], [134.8528, -2.9995], [134.8462, -2.8985], [134.8063, -2.9148], [134.7765, -2.9864], [134.6866, -2.9669], [134.6673, -2.8664], [134.6614, -2.7563], [134.5855, -2.8048], [134.6042, -2.8845], [134.6111, -2.9763], [134.6312, -3.0618], [134.6171, -3.083], [134.6806, -3.1998], [134.6935, -3.2908], [134.7146, -3.3011], [134.7271, -3.3605], [134.7569, -3.3827], [134.8098, -3.3694], [134.8557, -3.3881], [134.865, -3.4193], [134.9188, -3.4403], [134.9388, -3.4882], [134.9765, -3.5139], [134.9917, -3.5855], [135.0469, -3.6101], [135.0721, -3.5842], [135.1337, -3.5976], [135.1978, -3.5956], [135.1463, -3.6504], [135.1233, -3.6918], [135.051, -3.6888], [135.0181, -3.7187], [135.0431, -3.7837]]]}}, {"type": "Feature", "id": 3278, "properties": {"WADMKK": "Tasikmalaya", "WADMPR": "Jawa Barat", "KDPKAB": "32.06", "LUASWH": 14.28435739, "kode_wilayah": 3278, "nama_resmi": "Kota Tasikmalaya", "tipe": "Kota", "provinsi": "Jawa Barat", "pulau": "Jawa", "parlemen": 16.28, "pendapatan": 34.37, "pengeluaran": 11431.0, "ahh": 75.32, "profesional": 42.63, "tpak": 54.03, "rls": 9.63, "hls": 13.5, "skor_ekonomi": 34.21, "skor_keputusan": 41.77, "skor_kapasitas_sosial": 63.87, "ikpp_komposit": 43.17, "kuadran": "Kuadran III (Ekonomi Rendah, Keputusan Rendah)", "lisa_cluster_keputusan": "Not Significant", "lisa_cluster_ekonomi": "Not Significant", "pc1": 0.606, "pc2": 0.286, "lat": -7.316, "lon": 108.197}, "geometry": {"type": "Polygon", "coordinates": [[[108.3408, -7.8168], [108.3237, -7.7956], [108.313, -7.7243], [108.3616, -7.6624], [108.3614, -7.6005], [108.3334, -7.5159], [108.3721, -7.4795], [108.4271, -7.5006], [108.4206, -7.4231], [108.3959, -7.4082], [108.408, -7.3653], [108.3422, -7.3558], [108.3094, -7.3371], [108.2869, -7.3472], [108.2761, -7.4173], [108.1856, -7.4302], [108.1643, -7.3649], [108.16, -7.2929], [108.1933, -7.2693], [108.1924, -7.1733], [108.2162, -7.1313], [108.2168, -7.0918], [108.167, -7.0635], [108.1377, -7.0388], [108.1262, -7.0372], [108.1364, -7.0604], [108.0904, -7.1064], [108.0687, -7.2116], [107.9895, -7.2452], [107.9736, -7.2703], [107.9225, -7.2905], [107.9448, -7.3287], [107.909, -7.3682], [107.9409, -7.3934], [107.9534, -7.4603], [107.9396, -7.582], [107.9189, -7.5945], [107.9311, -7.6833], [107.9101, -7.7311], [108.0478, -7.7577], [108.1451, -7.7859], [108.3408, -7.8168]]]}}, {"type": "Feature", "id": 6504, "properties": {"WADMKK": "Nunukan", "WADMPR": "Kalimantan Utara", "KDPKAB": "65.03", "LUASWH": 6.55736882, "kode_wilayah": 6504, "nama_resmi": "Kabupaten Nunukan", "tipe": "Kabupaten", "provinsi": "Kalimantan Utara", "pulau": "Kalimantan", "parlemen": 23.33, "pendapatan": 26.88, "pengeluaran": 12409.0, "ahh": 73.02, "profesional": 43.94, "tpak": 45.18, "rls": 8.65, "hls": 12.61, "skor_ekonomi": 21.55, "skor_keputusan": 49.06, "skor_kapasitas_sosial": 57.93, "ikpp_komposit": 39.83, "kuadran": "Kuadran II (Ekonomi Rendah, Keputusan Tinggi)", "lisa_cluster_keputusan": "Not Significant", "lisa_cluster_ekonomi": "Low-Low (Coldspot)", "pc1": 0.514, "pc2": -1.502, "lat": 3.602, "lon": 116.903}, "geometry": {"type": "MultiPolygon", "coordinates": [[[[115.657, 3.4391], [115.6865, 3.4089], [115.7117, 3.4368], [115.7572, 3.4444], [115.8058, 3.4915], [115.848, 3.4924], [115.8794, 3.4588], [115.9386, 3.527], [115.9708, 3.5294], [115.9537, 3.6173], [115.9125, 3.6828], [115.9305, 3.7578], [115.9474, 3.7737], [115.9076, 3.8437], [115.9564, 3.9139], [116.0081, 3.9398], [116.0212, 4.0052], [115.9946, 4.0582], [116.0028, 4.0894], [116.0447, 4.0842], [116.0852, 4.1179], [116.1319, 4.1224], [116.1858, 4.0783], [116.2225, 4.0769], [116.2752, 4.0398], [116.3228, 4.0657], [116.3809, 3.9959], [116.3874, 3.9287], [116.4255, 3.8813], [116.5571, 3.841], [116.6634, 3.7761], [116.6957, 3.7019], [116.7426, 3.6813], [116.8315, 3.6934], [116.8812, 3.7316], [116.9442, 3.7503], [116.9684, 3.7372], [117.0603, 3.7365], [117.138, 3.7536], [117.182, 3.7493], [117.2151, 3.7684], [117.25, 3.7304], [117.3962, 3.708], [117.427, 3.6933], [117.4872, 3.7191], [117.488, 3.7693], [117.5579, 3.7839], [117.6466, 3.7706], [117.6735, 3.7803], [117.7538, 3.7651], [117.7344, 3.8356], [117.6689, 3.8788], [117.5981, 3.8763], [117.557, 3.9157], [117.4995, 3.9127], [117.4576, 3.9299], [117.4641, 3.9583], [117.4382, 4.0134], [117.4684, 4.0829], [117.4184, 4.0943], [117.4162, 4.1401], [117.5162, 4.0993], [117.5481, 4.1423], [117.5347, 4.1619], [117.4678, 4.1736], [117.4297, 4.2292], [117.3723, 4.2853], [117.2895, 4.3155], [117.2475, 4.374], [117.1997, 4.3352], [117.1508, 4.3536], [117.1075, 4.3325], [117.0429, 4.3473], [116.9742, 4.3436], [116.9009, 4.3664], [116.8426, 4.326], [116.7511, 4.3897], [116.7011, 4.334], [116.6422, 4.3368], [116.5643, 4.3913], [116.5362, 4.3762], [116.5292, 4.326], [116.4788, 4.3026], [116.3479, 4.3903], [116.2613, 4.362], [116.22, 4.3821], [116.1604, 4.3748], [116.155, 4.3385], [116.1159, 4.3355], [116.0725, 4.2767], [116.0312, 4.3011], [116.0314, 4.3288], [115.9765, 4.3579], [115.9278, 4.354], [115.9082, 4.3911], [115.8772, 4.3915], [115.8647, 4.3417], [115.8699, 4.2857], [115.7664, 4.245], [115.7278, 4.1898], [115.6806, 4.1532], [115.6771, 4.0898], [115.6535, 4.0352], [115.6491, 3.9871], [115.6256, 3.944], [115.5891, 3.9432], [115.5759, 3.8936], [115.6162, 3.8754], [115.6124, 3.8236], [115.5874, 3.7773], [115.571, 3.681], [115.5794, 3.5962], [115.6115, 3.5537], [115.609, 3.5107], [115.657, 3.4391]]], [[[117.7426, 3.8717], [117.7439, 3.806], [117.8265, 3.7828], [117.8292, 3.8075], [117.7426, 3.8717]]], [[[117.7478, 4.0479], [117.7535, 4.0617], [117.6688, 4.1441], [117.6294, 4.1352], [117.5893, 4.08], [117.603, 4.0108], [117.6691, 3.9665], [117.724, 3.9844], [117.7478, 4.0479]]], [[[117.5322, 4.0306], [117.4997, 4.0528], [117.4433, 4.0058], [117.4966, 3.9163], [117.5653, 3.9184], [117.6062, 3.8821], [117.6817, 3.8879], [117.5975, 3.9335], [117.5322, 4.0306]]], [[[117.9253, 4.062], [117.9256, 4.1272], [117.9009, 4.1667], [117.6833, 4.1667], [117.7311, 4.1208], [117.8612, 4.029], [117.9253, 4.062]]]]}}, {"type": "Feature", "id": 3323, "properties": {"WADMKK": "Temanggung", "WADMPR": "Jawa Tengah", "KDPKAB": "33.23", "LUASWH": 1.89201654, "kode_wilayah": 3323, "nama_resmi": "Kabupaten Temanggung", "tipe": "Kabupaten", "provinsi": "Jawa Tengah", "pulau": "Jawa", "parlemen": 20.45, "pendapatan": 41.34, "pengeluaran": 10519.0, "ahh": 78.08, "profesional": 66.09, "tpak": 68.52, "rls": 7.53, "hls": 12.62, "skor_ekonomi": 49.88, "skor_keputusan": 61.26, "skor_kapasitas_sosial": 60.3, "ikpp_komposit": 56.52, "kuadran": "Kuadran I (Ekonomi Tinggi, Keputusan Tinggi)", "lisa_cluster_keputusan": "Not Significant", "lisa_cluster_ekonomi": "Not Significant", "pc1": -0.181, "pc2": 0.823, "lat": -7.315, "lon": 110.182}, "geometry": {"type": "Polygon", "coordinates": [[[110.0743, -7.3851], [110.1328, -7.3884], [110.2349, -7.3732], [110.2666, -7.3819], [110.3166, -7.3524], [110.3265, -7.3238], [110.3273, -7.2957], [110.2718, -7.2473], [110.2567, -7.1943], [110.2141, -7.1857], [110.1849, -7.1516], [110.1494, -7.1422], [110.1742, -7.0982], [110.1019, -7.0999], [110.0501, -7.1242], [109.9684, -7.1891], [109.9355, -7.2018], [109.995, -7.2613], [109.9963, -7.301], [110.0743, -7.3851]]]}}, {"type": "Feature", "id": 3674, "properties": {"WADMKK": "Kota Tangerang Selatan", "WADMPR": "Banten", "KDPKAB": "36.74", "LUASWH": 2.24991766, "kode_wilayah": 3674, "nama_resmi": "Kota Tangerang Selatan", "tipe": "Kota", "provinsi": "Banten", "pulau": "Jawa", "parlemen": 26.0, "pendapatan": 26.71, "pengeluaran": 17028.0, "ahh": 75.52, "profesional": 41.08, "tpak": 40.01, "rls": 11.86, "hls": 14.7, "skor_ekonomi": 18.17, "skor_keputusan": 49.57, "skor_kapasitas_sosial": 76.68, "ikpp_komposit": 42.43, "kuadran": "Kuadran II (Ekonomi Rendah, Keputusan Tinggi)", "lisa_cluster_keputusan": "Not Significant", "lisa_cluster_ekonomi": "Not Significant", "pc1": 3.463, "pc2": -0.629, "lat": -6.322, "lon": 106.708}, "geometry": {"type": "Polygon", "coordinates": [[[106.7209, -6.3622], [106.7693, -6.3615], [106.7799, -6.3165], [106.7576, -6.2777], [106.7573, -6.2776], [106.7482, -6.2501], [106.6383, -6.2299], [106.6606, -6.3273], [106.651, -6.3622], [106.7209, -6.3622]]]}}, {"type": "Feature", "id": 7411, "properties": {"WADMKK": "Kolaka Timur", "WADMPR": "Sulawesi Tenggara", "KDPKAB": "74.11", "LUASWH": 4.13786977, "kode_wilayah": 7411, "nama_resmi": "Kabupaten Kolaka Timur", "tipe": "Kabupaten", "provinsi": "Sulawesi Tenggara", "pulau": "Sulawesi", "parlemen": 20.0, "pendapatan": 32.21, "pengeluaran": 15651.0, "ahh": 76.77, "profesional": 53.74, "tpak": 55.49, "rls": 12.55, "hls": 16.92, "skor_ekonomi": 33.06, "skor_keputusan": 52.59, "skor_kapasitas_sosial": 82.67, "ikpp_komposit": 50.79, "kuadran": "Kuadran II (Ekonomi Rendah, Keputusan Tinggi)", "lisa_cluster_keputusan": "Not Significant", "lisa_cluster_ekonomi": "Not Significant", "pc1": 3.915, "pc2": 1.27, "lat": -4.001, "lon": 121.862}, "geometry": {"type": "Polygon", "coordinates": [[[121.8114, -4.4158], [121.8819, -4.3773], [121.9714, -4.4065], [122.0042, -4.3463], [122.007, -4.2695], [122.0288, -4.197], [121.9978, -4.1289], [121.9514, -4.0568], [121.9655, -3.9977], [121.9711, -3.8821], [121.9477, -3.8314], [121.9138, -3.8359], [121.8759, -3.7859], [121.8368, -3.7846], [121.8228, -3.7552], [121.7569, -3.759], [121.7126, -3.7755], [121.6659, -3.729], [121.6113, -3.7347], [121.5306, -3.5246], [121.5222, -3.4674], [121.4685, -3.402], [121.4239, -3.316], [121.431, -3.2754], [121.3726, -3.2465], [121.3376, -3.2486], [121.2823, -3.2272], [121.2303, -3.2274], [121.2213, -3.2537], [121.1701, -3.2962], [121.1229, -3.4112], [121.1547, -3.4352], [121.1209, -3.4876], [121.1562, -3.5346], [121.2429, -3.6158], [121.2527, -3.6571], [121.3248, -3.6987], [121.3505, -3.6454], [121.4201, -3.6304], [121.4258, -3.712], [121.486, -3.7235], [121.611, -3.8307], [121.6061, -3.8766], [121.6723, -3.9313], [121.6547, -3.9771], [121.7305, -4.0342], [121.7835, -4.0529], [121.7657, -4.1285], [121.7796, -4.1829], [121.741, -4.2013], [121.7347, -4.2568], [121.7082, -4.2949], [121.7367, -4.3649], [121.8114, -4.4158]]]}}, {"type": "Feature", "id": 3523, "properties": {"WADMKK": "Tuban", "WADMPR": "Jawa Timur", "KDPKAB": "35.23", "LUASWH": 3.11594589, "kode_wilayah": 3523, "nama_resmi": "Kabupaten Tuban", "tipe": "Kabupaten", "provinsi": "Jawa Timur", "pulau": "Jawa", "parlemen": 22.0, "pendapatan": 31.14, "pengeluaran": 11579.0, "ahh": 74.6, "profesional": 50.91, "tpak": 59.41, "rls": 7.53, "hls": 12.54, "skor_ekonomi": 34.48, "skor_keputusan": 52.51, "skor_kapasitas_sosial": 56.59, "ikpp_komposit": 46.11, "kuadran": "Kuadran II (Ekonomi Rendah, Keputusan Tinggi)", "lisa_cluster_keputusan": "Not Significant", "lisa_cluster_ekonomi": "Not Significant", "pc1": -0.217, "pc2": -0.564, "lat": -6.896, "lon": 112.065}, "geometry": {"type": "Polygon", "coordinates": [[[111.6221, -6.9864], [111.6514, -6.9998], [111.6591, -7.039], [111.7115, -7.0806], [111.7933, -7.082], [111.8778, -7.1333], [111.9945, -7.1234], [112.0353, -7.0772], [112.0843, -7.0678], [112.1522, -7.1094], [112.2188, -7.0687], [112.203, -6.9183], [112.1707, -6.8973], [112.1234, -6.9026], [112.0451, -6.8801], [111.9609, -6.7605], [111.8726, -6.7973], [111.8293, -6.8001], [111.6914, -6.7542], [111.6689, -6.7639], [111.6555, -6.8271], [111.6147, -6.8326], [111.6077, -6.9037], [111.59, -6.9134], [111.5709, -6.9561], [111.6221, -6.9864]]]}}, {"type": "Feature", "id": 5317, "properties": {"WADMKK": "Sumba Barat Daya", "WADMPR": "Nusa Tenggara Timur", "KDPKAB": "53.18", "LUASWH": 11.45646822, "kode_wilayah": 5317, "nama_resmi": "Kabupaten Sumba Barat Daya", "tipe": "Kabupaten", "provinsi": "Nusa Tenggara Timur", "pulau": "Bali & Nusa Tenggara", "parlemen": 8.57, "pendapatan": 42.29, "pengeluaran": 7358.0, "ahh": 71.23, "profesional": 62.33, "tpak": 70.78, "rls": 6.39, "hls": 13.11, "skor_ekonomi": 52.19, "skor_keputusan": 47.94, "skor_kapasitas_sosial": 46.63, "ikpp_komposit": 49.38, "kuadran": "Kuadran I (Ekonomi Tinggi, Keputusan Tinggi)", "lisa_cluster_keputusan": "Not Significant", "lisa_cluster_ekonomi": "High-High (Hotspot)", "pc1": -2.102, "pc2": 0.962, "lat": -9.623, "lon": 119.6}, "geometry": {"type": "Polygon", "coordinates": [[[119.3668, -9.3789], [119.3016, -9.3575], [119.2379, -9.3779], [119.1536, -9.3839], [119.1013, -9.4215], [119.0436, -9.4268], [118.965, -9.4817], [118.9273, -9.5502], [118.9843, -9.6064], [119.026, -9.6747], [119.0604, -9.6987], [119.1425, -9.7291], [119.1407, -9.6916], [119.1872, -9.6489], [119.2157, -9.6833], [119.2779, -9.6844], [119.3089, -9.6343], [119.3653, -9.6157], [119.4036, -9.5601], [119.3671, -9.4667], [119.3793, -9.412], [119.3668, -9.3789]]]}}, {"type": "Feature", "id": 1671, "properties": {"WADMKK": "Kota Palembang", "WADMPR": "Sumatera Selatan", "KDPKAB": "16.71", "LUASWH": 2.26853417, "kode_wilayah": 1671, "nama_resmi": "Kota Palembang", "tipe": "Kota", "provinsi": "Sumatera Selatan", "pulau": "Sumatera", "parlemen": 8.0, "pendapatan": 30.06, "pengeluaran": 16150.0, "ahh": 74.41, "profesional": 46.08, "tpak": 46.24, "rls": 10.93, "hls": 14.46, "skor_ekonomi": 25.25, "skor_keputusan": 36.55, "skor_kapasitas_sosial": 71.86, "ikpp_komposit": 39.09, "kuadran": "Kuadran III (Ekonomi Rendah, Keputusan Rendah)", "lisa_cluster_keputusan": "Not Significant", "lisa_cluster_ekonomi": "Not Significant", "pc1": 2.275, "pc2": 0.295, "lat": -2.991, "lon": 104.757}, "geometry": {"type": "Polygon", "coordinates": [[[104.6766, -3.0486], [104.728, -3.075], [104.7505, -3.0392], [104.7902, -3.0535], [104.8372, -3.0125], [104.8618, -2.9684], [104.8451, -2.9282], [104.8017, -2.9061], [104.7702, -2.9156], [104.6738, -2.8771], [104.6739, -2.8771], [104.6739, -2.8773], [104.6739, -2.8773], [104.6793, -2.9637], [104.6185, -2.9658], [104.6315, -3.0172], [104.6766, -3.0486]]]}}, {"type": "Feature", "id": 6213, "properties": {"WADMKK": "Murung Raya", "WADMPR": "Kalimantan Tengah", "KDPKAB": "62.12", "LUASWH": 93.94347549, "kode_wilayah": 6213, "nama_resmi": "Kabupaten Murung Raya", "tipe": "Kabupaten", "provinsi": "Kalimantan Tengah", "pulau": "Kalimantan", "parlemen": 17.39, "pendapatan": 29.38, "pengeluaran": 11503.0, "ahh": 72.06, "profesional": 39.97, "tpak": 37.92, "rls": 7.94, "hls": 12.05, "skor_ekonomi": 19.42, "skor_keputusan": 41.0, "skor_kapasitas_sosial": 53.18, "ikpp_komposit": 34.8, "kuadran": "Kuadran III (Ekonomi Rendah, Keputusan Rendah)", "lisa_cluster_keputusan": "Low-High (Spatial Outlier)", "lisa_cluster_ekonomi": "Not Significant", "pc1": -0.221, "pc2": -1.679, "lat": -2.115, "lon": 115.169}, "geometry": {"type": "Polygon", "coordinates": [[[113.76, -0.4817], [113.8523, -0.4447], [113.8916, -0.464], [113.9277, -0.4118], [113.978, -0.3847], [114.0002, -0.3966], [114.0149, -0.4792], [114.0785, -0.5531], [114.063, -0.5773], [114.0957, -0.6292], [114.121, -0.7295], [114.153, -0.7957], [114.219, -0.8087], [114.2343, -0.86], [114.3637, -0.8557], [114.3932, -0.8359], [114.4683, -0.8344], [114.5281, -0.8497], [114.636, -0.8627], [114.6534, -0.8599], [114.7365, -0.7683], [114.8324, -0.7368], [114.8729, -0.7126], [114.8886, -0.6763], [114.9777, -0.5888], [115.0101, -0.5238], [115.0203, -0.3922], [115.0387, -0.3381], [115.013, -0.2662], [114.9811, -0.2755], [114.9204, -0.2334], [114.929, -0.1654], [114.921, -0.1003], [114.8924, -0.0259], [114.8238, -0.0362], [114.7953, 0.0114], [114.7183, 0.0535], [114.7089, 0.074], [114.7719, 0.1219], [114.7625, 0.1464], [114.8298, 0.1916], [114.8577, 0.2704], [114.9026, 0.3177], [114.9496, 0.3324], [115.0229, 0.3304], [115.0401, 0.2985], [115.1245, 0.37], [115.1374, 0.4255], [115.0916, 0.4804], [115.0135, 0.5993], [114.9856, 0.7317], [114.9433, 0.7729], [114.8748, 0.7424], [114.8319, 0.7546], [114.761, 0.7317], [114.7161, 0.7012], [114.6584, 0.6985], [114.652, 0.6747], [114.5979, 0.6318], [114.5406, 0.6204], [114.5245, 0.5628], [114.489, 0.57], [114.4303, 0.5416], [114.3768, 0.5596], [114.3641, 0.5302], [114.2919, 0.5366], [114.2438, 0.5226], [114.2031, 0.5401], [114.158, 0.6777], [114.1231, 0.6954], [113.9213, 0.644], [113.8418, 0.6577], [113.8326, 0.5876], [113.7981, 0.5952], [113.751, 0.5517], [113.6621, 0.4924], [113.6554, 0.4405], [113.5812, 0.3978], [113.5863, 0.3612], [113.4504, 0.2635], [113.3178, 0.268], [113.2618, 0.2301], [113.3145, 0.1703], [113.4004, 0.1341], [113.414, 0.116], [113.3958, 0.0341], [113.4325, 0.0095], [113.4157, -0.0474], [113.4432, -0.064], [113.3857, -0.1317], [113.3307, -0.1513], [113.2908, -0.2087], [113.2842, -0.2622], [113.2205, -0.3335], [113.2559, -0.3842], [113.3176, -0.3974], [113.3739, -0.3781], [113.4058, -0.3474], [113.4185, -0.3006], [113.4915, -0.3129], [113.4788, -0.361], [113.4937, -0.3843], [113.5829, -0.372], [113.6322, -0.3452], [113.7087, -0.3765], [113.7176, -0.4186], [113.76, -0.4817]]]}}, {"type": "Feature", "id": 3318, "properties": {"WADMKK": "Pati", "WADMPR": "Jawa Tengah", "KDPKAB": "33.18", "LUASWH": 10.22041425, "kode_wilayah": 3318, "nama_resmi": "Kabupaten Pati", "tipe": "Kabupaten", "provinsi": "Jawa Tengah", "pulau": "Jawa", "parlemen": 14.0, "pendapatan": 32.06, "pengeluaran": 11829.0, "ahh": 78.69, "profesional": 45.63, "tpak": 65.08, "rls": 7.82, "hls": 12.98, "skor_ekonomi": 38.88, "skor_keputusan": 41.7, "skor_kapasitas_sosial": 63.67, "ikpp_komposit": 44.97, "kuadran": "Kuadran IV (Ekonomi Tinggi, Keputusan Rendah)", "lisa_cluster_keputusan": "Not Significant", "lisa_cluster_ekonomi": "Not Significant", "pc1": 0.046, "pc2": 0.511, "lat": -6.752, "lon": 111.04}, "geometry": {"type": "Polygon", "coordinates": [[[111.098, -6.9304], [111.2031, -6.8951], [111.2319, -6.8554], [111.2634, -6.8558], [111.268, -6.833], [111.2339, -6.7527], [111.2342, -6.6873], [111.1268, -6.6377], [111.0638, -6.5202], [111.0459, -6.4266], [110.9694, -6.4104], [110.9688, -6.4609], [110.9086, -6.521], [110.9172, -6.5353], [110.9024, -6.6265], [110.9606, -6.755], [110.977, -6.8333], [110.9497, -6.858], [110.8826, -6.8673], [110.8442, -6.9358], [110.8149, -6.9389], [110.804, -6.9797], [110.8121, -6.9988], [110.9058, -6.9827], [110.9481, -6.9638], [111.0605, -6.9696], [111.098, -6.9304]]]}}, {"type": "Feature", "id": 7308, "properties": {"WADMKK": "Maros", "WADMPR": "Sulawesi Selatan", "KDPKAB": "73.09", "LUASWH": 12.44033769, "kode_wilayah": 7308, "nama_resmi": "Kabupaten Maros", "tipe": "Kabupaten", "provinsi": "Sulawesi Selatan", "pulau": "Sulawesi", "parlemen": 25.71, "pendapatan": 27.58, "pengeluaran": 13608.0, "ahh": 70.36, "profesional": 53.42, "tpak": 52.19, "rls": 7.46, "hls": 13.32, "skor_ekonomi": 26.58, "skor_keputusan": 57.56, "skor_kapasitas_sosial": 54.23, "ikpp_komposit": 44.5, "kuadran": "Kuadran II (Ekonomi Rendah, Keputusan Tinggi)", "lisa_cluster_keputusan": "Not Significant", "lisa_cluster_ekonomi": "Not Significant", "pc1": 0.337, "pc2": -1.384, "lat": -4.539, "lon": 120.309}, "geometry": {"type": "Polygon", "coordinates": [[[119.5186, -5.1652], [119.6204, -5.16], [119.7488, -5.1831], [119.7992, -5.212], [119.8439, -5.1835], [119.8698, -5.1187], [119.8642, -5.0918], [119.8458, -5.055], [119.8853, -4.9994], [119.8963, -4.9211], [119.9514, -4.8532], [119.9409, -4.8364], [119.9607, -4.7671], [119.8851, -4.7185], [119.8207, -4.7649], [119.807, -4.8082], [119.7963, -4.8648], [119.802, -4.9168], [119.7747, -4.9431], [119.7391, -4.9314], [119.6886, -4.9516], [119.6454, -4.9211], [119.5191, -4.882], [119.5245, -4.9241], [119.4794, -4.9888], [119.479, -5.0599], [119.5293, -5.0647], [119.5394, -5.1223], [119.5186, -5.1652]]]}}, {"type": "Feature", "id": 7203, "properties": {"WADMKK": "Morowali", "WADMPR": "Sulawesi Tengah", "KDPKAB": "72.06", "LUASWH": 30.99791939, "kode_wilayah": 7203, "nama_resmi": "Kabupaten Morowali", "tipe": "Kabupaten", "provinsi": "Sulawesi Tengah", "pulau": "Sulawesi", "parlemen": 12.0, "pendapatan": 31.01, "pengeluaran": 10846.0, "ahh": 66.63, "profesional": 41.66, "tpak": 59.79, "rls": 8.05, "hls": 12.52, "skor_ekonomi": 34.59, "skor_keputusan": 37.23, "skor_kapasitas_sosial": 46.52, "ikpp_komposit": 38.03, "kuadran": "Kuadran IV (Ekonomi Tinggi, Keputusan Rendah)", "lisa_cluster_keputusan": "Low-High (Spatial Outlier)", "lisa_cluster_ekonomi": "Low-Low (Coldspot)", "pc1": -1.502, "pc2": -0.456, "lat": -0.678, "lon": 119.753}, "geometry": {"type": "MultiPolygon", "coordinates": [[[[123.1283, -3.611], [123.1797, -3.5998], [123.1599, -3.5594], [123.0733, -3.5757], [123.0432, -3.5941], [123.1068, -3.6395], [123.1283, -3.611]]], [[[122.3107, -3.2729], [122.3555, -3.252], [122.428, -3.2508], [122.4228, -3.204], [122.4863, -3.1797], [122.4428, -3.1417], [122.383, -3.1455], [122.3045, -3.0602], [122.2516, -3.0271], [122.3068, -2.9568], [122.321, -2.9206], [122.2929, -2.8919], [122.2078, -2.8997], [122.1921, -2.8441], [122.1402, -2.7895], [122.0875, -2.7899], [122.06, -2.7499], [122.0107, -2.7196], [122.0163, -2.6467], [121.9893, -2.6013], [121.9678, -2.5287], [121.905, -2.4298], [121.8412, -2.3475], [121.8252, -2.294], [121.7976, -2.2894], [121.7262, -2.2018], [121.6794, -2.1799], [121.6056, -2.1862], [121.5441, -2.1495], [121.4787, -2.2008], [121.4788, -2.2624], [121.4421, -2.405], [121.5703, -2.4912], [121.5853, -2.5281], [121.6299, -2.5056], [121.674, -2.5416], [121.7201, -2.6038], [121.7841, -2.6417], [121.7735, -2.6829], [121.7153, -2.7533], [121.7068, -2.8073], [121.6739, -2.8382], [121.6702, -2.9005], [121.6902, -2.9175], [121.752, -2.9237], [121.8418, -2.9718], [121.8721, -2.9733], [121.8873, -3.0108], [121.951, -3.0483], [122.0387, -3.0523], [122.08, -3.0922], [122.1265, -3.0827], [122.1506, -3.0394], [122.2251, -3.1019], [122.2565, -3.1403], [122.3132, -3.1642], [122.2957, -3.2262], [122.3107, -3.2729]]]]}}, {"type": "Feature", "id": 1904, "properties": {"WADMKK": "Bangka Tengah", "WADMPR": "Kepulauan Bangka Belitung", "KDPKAB": "19.04", "LUASWH": 20.75989287, "kode_wilayah": 1904, "nama_resmi": "Kabupaten Bangka Tengah", "tipe": "Kabupaten", "provinsi": "Kepulauan Bangka Belitung", "pulau": "Sumatera", "parlemen": 20.0, "pendapatan": 22.26, "pengeluaran": 13677.0, "ahh": 74.41, "profesional": 62.5, "tpak": 50.98, "rls": 7.24, "hls": 12.15, "skor_ekonomi": 20.76, "skor_keputusan": 58.45, "skor_kapasitas_sosial": 56.96, "ikpp_komposit": 43.08, "kuadran": "Kuadran II (Ekonomi Rendah, Keputusan Tinggi)", "lisa_cluster_keputusan": "Not Significant", "lisa_cluster_ekonomi": "Low-Low (Coldspot)", "pc1": 0.553, "pc2": -1.91, "lat": -2.515, "lon": 106.416}, "geometry": {"type": "Polygon", "coordinates": [[[105.9379, -2.5305], [106.0313, -2.5124], [106.1032, -2.4894], [106.2071, -2.5713], [106.2723, -2.5763], [106.3101, -2.5479], [106.3715, -2.554], [106.4476, -2.5841], [106.4858, -2.6593], [106.5332, -2.6489], [106.5824, -2.6853], [106.6626, -2.7161], [106.7088, -2.6429], [106.763, -2.598], [106.8105, -2.5777], [106.6985, -2.5422], [106.4994, -2.5041], [106.4454, -2.4724], [106.3576, -2.4664], [106.2995, -2.4208], [106.2372, -2.3279], [106.2261, -2.2555], [106.1781, -2.148], [106.0889, -2.1445], [106.0467, -2.1608], [106.0205, -2.236], [105.9313, -2.2194], [105.9152, -2.2701], [105.8731, -2.3324], [105.8183, -2.3398], [105.8033, -2.3673], [105.8334, -2.4109], [105.9122, -2.4451], [105.9345, -2.4805], [105.9379, -2.5305]]]}}, {"type": "Feature", "id": 1115, "properties": {"WADMKK": "Nagan Raya", "WADMPR": "Aceh", "KDPKAB": "11.15", "LUASWH": 7.35641671, "kode_wilayah": 1115, "nama_resmi": "Kabupaten Nagan Raya", "tipe": "Kabupaten", "provinsi": "Aceh", "pulau": "Sumatera", "parlemen": 0.0, "pendapatan": 27.15, "pengeluaran": 9523.0, "ahh": 71.77, "profesional": 57.59, "tpak": 43.0, "rls": 9.25, "hls": 14.18, "skor_ekonomi": 20.45, "skor_keputusan": 36.98, "skor_kapasitas_sosial": 57.79, "ikpp_komposit": 34.53, "kuadran": "Kuadran III (Ekonomi Rendah, Keputusan Rendah)", "lisa_cluster_keputusan": "Low-Low (Coldspot)", "lisa_cluster_ekonomi": "Not Significant", "pc1": 0.455, "pc2": -0.699, "lat": 4.169, "lon": 96.324}, "geometry": {"type": "Polygon", "coordinates": [[[96.62, 3.737], [96.6131, 3.8097], [96.5861, 3.8371], [96.5963, 3.887], [96.6309, 3.9621], [96.7063, 3.9947], [96.7272, 4.0377], [96.7238, 4.094], [96.7496, 4.161], [96.7915, 4.1999], [96.7937, 4.2804], [96.7148, 4.331], [96.6342, 4.4034], [96.6826, 4.4829], [96.6541, 4.5475], [96.5718, 4.5779], [96.5031, 4.6322], [96.4901, 4.6248], [96.4922, 4.5477], [96.4822, 4.4611], [96.4377, 4.4251], [96.3721, 4.4179], [96.3202, 4.3677], [96.3107, 4.337], [96.2588, 4.2739], [96.2549, 4.2383], [96.2791, 4.184], [96.2679, 4.1439], [96.1897, 4.1069], [96.2972, 3.9807], [96.3742, 3.8666], [96.448, 3.7906], [96.5343, 3.7314], [96.62, 3.737]]]}}, {"type": "Feature", "id": 7372, "properties": {"WADMKK": "Kota Pare Pare", "WADMPR": "Sulawesi Selatan", "KDPKAB": "73.72", "LUASWH": 5.35397837, "kode_wilayah": 7372, "nama_resmi": "Kota Parepare", "tipe": "Kota", "provinsi": "Sulawesi Selatan", "pulau": "Sulawesi", "parlemen": 24.0, "pendapatan": 32.69, "pengeluaran": 11415.0, "ahh": 72.63, "profesional": 51.53, "tpak": 50.13, "rls": 9.69, "hls": 13.05, "skor_ekonomi": 30.18, "skor_keputusan": 54.74, "skor_kapasitas_sosial": 59.61, "ikpp_komposit": 45.89, "kuadran": "Kuadran II (Ekonomi Rendah, Keputusan Tinggi)", "lisa_cluster_keputusan": "Not Significant", "lisa_cluster_ekonomi": "Not Significant", "pc1": 0.682, "pc2": -0.681, "lat": -4.028, "lon": 119.633}, "geometry": {"type": "Polygon", "coordinates": [[[119.6201, -4.067], [119.7211, -4.0782], [119.7185, -4.0455], [119.6757, -4.0064], [119.6639, -3.9606], [119.6347, -3.9825], [119.6201, -4.067]]]}}, {"type": "Feature", "id": 5103, "properties": {"WADMKK": "Badung", "WADMPR": "Bali", "KDPKAB": "51.03", "LUASWH": 4.1118975, "kode_wilayah": 5103, "nama_resmi": "Kabupaten Badung", "tipe": "Kabupaten", "provinsi": "Bali", "pulau": "Bali & Nusa Tenggara", "parlemen": 8.89, "pendapatan": 36.47, "pengeluaran": 18556.0, "ahh": 78.18, "profesional": 42.01, "tpak": 68.07, "rls": 11.14, "hls": 14.23, "skor_ekonomi": 44.95, "skor_keputusan": 34.64, "skor_kapasitas_sosial": 79.16, "ikpp_komposit": 47.67, "kuadran": "Kuadran IV (Ekonomi Tinggi, Keputusan Rendah)", "lisa_cluster_keputusan": "Not Significant", "lisa_cluster_ekonomi": "High-High (Hotspot)", "pc1": 2.24, "pc2": 2.265, "lat": -8.602, "lon": 115.179}, "geometry": {"type": "Polygon", "coordinates": [[[115.0992, -8.6373], [115.1379, -8.6655], [115.1693, -8.722], [115.1678, -8.7576], [115.1148, -8.8044], [115.1122, -8.8458], [115.1707, -8.8489], [115.2176, -8.8331], [115.2374, -8.8021], [115.1937, -8.7759], [115.1888, -8.739], [115.1735, -8.6617], [115.1848, -8.6167], [115.2442, -8.6014], [115.2432, -8.4993], [115.2253, -8.3912], [115.251, -8.3145], [115.2323, -8.2399], [115.1839, -8.2453], [115.2091, -8.3125], [115.1981, -8.3579], [115.2174, -8.4382], [115.1809, -8.4506], [115.1825, -8.5003], [115.1506, -8.5795], [115.0992, -8.6373]]]}}, {"type": "Feature", "id": 1224, "properties": {"WADMKK": "Nias Utara", "WADMPR": "Sumatera Utara", "KDPKAB": "12.24", "LUASWH": 6.63909143, "kode_wilayah": 1224, "nama_resmi": "Kabupaten Nias Utara", "tipe": "Kabupaten", "provinsi": "Sumatera Utara", "pulau": "Sumatera", "parlemen": 8.0, "pendapatan": 48.78, "pengeluaran": 7189.0, "ahh": 72.46, "profesional": 41.74, "tpak": 73.37, "rls": 7.05, "hls": 13.37, "skor_ekonomi": 60.0, "skor_keputusan": 33.65, "skor_kapasitas_sosial": 50.05, "ikpp_komposit": 47.47, "kuadran": "Kuadran IV (Ekonomi Tinggi, Keputusan Rendah)", "lisa_cluster_keputusan": "Not Significant", "lisa_cluster_ekonomi": "High-High (Hotspot)", "pc1": -2.382, "pc2": 2.166, "lat": 1.389, "lon": 97.381}, "geometry": {"type": "Polygon", "coordinates": [[[97.3615, 1.0904], [97.4343, 1.0917], [97.4766, 1.1318], [97.5018, 1.1915], [97.4859, 1.2101], [97.5069, 1.2615], [97.4897, 1.2873], [97.4976, 1.3824], [97.5392, 1.4208], [97.4885, 1.4733], [97.4419, 1.4727], [97.3501, 1.5415], [97.3452, 1.4807], [97.2505, 1.4115], [97.1743, 1.4077], [97.1365, 1.4354], [97.1009, 1.4065], [97.1503, 1.3671], [97.2107, 1.2773], [97.2485, 1.2593], [97.3615, 1.0904]]]}}, {"type": "Feature", "id": 7207, "properties": {"WADMKK": "Buol", "WADMPR": "Sulawesi Tengah", "KDPKAB": "72.05", "LUASWH": 6.67859138, "kode_wilayah": 7207, "nama_resmi": "Kabupaten Buol", "tipe": "Kabupaten", "provinsi": "Sulawesi Tengah", "pulau": "Sulawesi", "parlemen": 36.0, "pendapatan": 27.07, "pengeluaran": 10032.0, "ahh": 72.08, "profesional": 53.3, "tpak": 54.5, "rls": 9.13, "hls": 12.44, "skor_ekonomi": 27.54, "skor_keputusan": 66.84, "skor_kapasitas_sosial": 55.19, "ikpp_komposit": 48.79, "kuadran": "Kuadran II (Ekonomi Rendah, Keputusan Tinggi)", "lisa_cluster_keputusan": "High-High (Hotspot)", "lisa_cluster_ekonomi": "Not Significant", "pc1": 0.293, "pc2": -1.716, "lat": -1.312, "lon": 123.298}, "geometry": {"type": "Polygon", "coordinates": [[[122.1957, 1.0386], [122.0713, 1.0636], [121.9872, 1.0226], [121.957, 1.0364], [121.9303, 1.1021], [121.8794, 1.0798], [121.8483, 1.0936], [121.7671, 1.0704], [121.7083, 1.0794], [121.6467, 1.053], [121.5504, 1.065], [121.5034, 1.0913], [121.4199, 1.1862], [121.432, 1.2277], [121.4697, 1.2647], [121.4645, 1.3059], [121.3615, 1.2505], [121.3099, 1.2564], [121.2551, 1.23], [121.1774, 1.2688], [121.1694, 1.2289], [121.1323, 1.1785], [121.1281, 1.1305], [121.0943, 1.0887], [121.0583, 1.0754], [121.01, 1.0301], [121.0293, 1.0], [120.9907, 0.7997], [120.9237, 0.7795], [120.8825, 0.7046], [120.9382, 0.6896], [121.015, 0.7114], [121.0549, 0.694], [121.092, 0.7022], [121.1612, 0.6786], [121.182, 0.7451], [121.2181, 0.7909], [121.2889, 0.799], [121.317, 0.7851], [121.3643, 0.809], [121.3855, 0.8549], [121.4941, 0.8393], [121.5491, 0.881], [121.6035, 0.8727], [121.6908, 0.9024], [121.7387, 0.9305], [121.7864, 0.9395], [121.8637, 0.9906], [121.9225, 0.9275], [121.982, 0.907], [122.036, 0.9323], [122.0421, 0.9867], [122.1957, 1.0386]]]}}, {"type": "Feature", "id": 7174, "properties": {"WADMKK": "Kota Kotamobagu", "WADMPR": "Sulawesi Utara", "KDPKAB": "71.74", "LUASWH": 7.38824396, "kode_wilayah": 7174, "nama_resmi": "Kota Kotamobagu", "tipe": "Kota", "provinsi": "Sulawesi Utara", "pulau": "Sulawesi", "parlemen": 16.67, "pendapatan": 25.96, "pengeluaran": 9948.0, "ahh": 73.38, "profesional": 59.66, "tpak": 54.34, "rls": 9.54, "hls": 13.75, "skor_ekonomi": 26.38, "skor_keputusan": 53.52, "skor_kapasitas_sosial": 60.16, "ikpp_komposit": 43.99, "kuadran": "Kuadran II (Ekonomi Rendah, Keputusan Tinggi)", "lisa_cluster_keputusan": "High-High (Hotspot)", "lisa_cluster_ekonomi": "Low-Low (Coldspot)", "pc1": 0.75, "pc2": -0.815, "lat": 0.743, "lon": 124.313}, "geometry": {"type": "Polygon", "coordinates": [[[124.3571, 0.7553], [124.3212, 0.7746], [124.2696, 0.7431], [124.2934, 0.6599], [124.3417, 0.6484], [124.3702, 0.669], [124.3488, 0.7306], [124.3571, 0.7553]]]}}, {"type": "Feature", "id": 1409, "properties": {"WADMKK": "Rokan Hilir", "WADMPR": "Riau", "KDPKAB": "14.07", "LUASWH": 291.51253436, "kode_wilayah": 1409, "nama_resmi": "Kabupaten Rokan Hilir", "tipe": "Kabupaten", "provinsi": "Riau", "pulau": "Sumatera", "parlemen": 11.11, "pendapatan": 23.32, "pengeluaran": 10447.0, "ahh": 73.14, "profesional": 63.76, "tpak": 44.31, "rls": 8.53, "hls": 12.89, "skor_ekonomi": 17.61, "skor_keputusan": 51.21, "skor_kapasitas_sosial": 56.47, "ikpp_komposit": 38.82, "kuadran": "Kuadran II (Ekonomi Rendah, Keputusan Tinggi)", "lisa_cluster_keputusan": "Not Significant", "lisa_cluster_ekonomi": "Not Significant", "pc1": 0.52, "pc2": -1.721, "lat": -0.505, "lon": 101.538}, "geometry": {"type": "MultiPolygon", "coordinates": [[[[100.3409, 1.4376], [100.3637, 1.4009], [100.4579, 1.3687], [100.4523, 1.3377], [100.5593, 1.2552], [100.6258, 1.2299], [100.6647, 1.2916], [100.7062, 1.241], [100.786, 1.2402], [100.8278, 1.316], [100.8554, 1.3451], [100.9347, 1.3964], [100.976, 1.3788], [100.9734, 1.3488], [101.0141, 1.3495], [101.1773, 1.4519], [101.2427, 1.4809], [101.2658, 1.4652], [101.3172, 1.4744], [101.3354, 1.4961], [101.2904, 1.5995], [101.1992, 1.7547], [101.1306, 1.8356], [101.0593, 1.9517], [101.0161, 2.0805], [101.0111, 2.1342], [101.0391, 2.2202], [101.0656, 2.2325], [101.0463, 2.2916], [100.9343, 2.3046], [100.8037, 2.2947], [100.7605, 2.2509], [100.7889, 2.1188], [100.7632, 2.0863], [100.7229, 2.0946], [100.5677, 2.1557], [100.4404, 2.2591], [100.3958, 2.3206], [100.3793, 2.3792], [100.3469, 2.4285], [100.3219, 2.5477], [100.299, 2.4426], [100.3193, 2.3346], [100.3626, 2.248], [100.3689, 2.1795], [100.3439, 2.1373], [100.3205, 2.0374], [100.3181, 1.9018], [100.2889, 1.8755], [100.2891, 1.7989], [100.3759, 1.7757], [100.3527, 1.734], [100.38, 1.6812], [100.4167, 1.6548], [100.4046, 1.5783], [100.4218, 1.4854], [100.3766, 1.4498], [100.3181, 1.4709], [100.3409, 1.4376]]], [[[100.7366, 2.2656], [100.7044, 2.249], [100.7249, 2.166], [100.7862, 2.125], [100.7785, 2.1843], [100.7366, 2.2656]]]]}}, {"type": "Feature", "id": 1410, "properties": {"WADMKK": "Kepulauan Meranti", "WADMPR": "Riau", "KDPKAB": "14.10", "LUASWH": 5.73179819, "kode_wilayah": 1410, "nama_resmi": "Kabupaten Kepulauan Meranti", "tipe": "Kabupaten", "provinsi": "Riau", "pulau": "Sumatera", "parlemen": 26.67, "pendapatan": 27.23, "pengeluaran": 8988.0, "ahh": 70.52, "profesional": 57.18, "tpak": 52.09, "rls": 8.12, "hls": 12.87, "skor_ekonomi": 26.19, "skor_keputusan": 60.95, "skor_kapasitas_sosial": 50.68, "ikpp_komposit": 44.99, "kuadran": "Kuadran II (Ekonomi Rendah, Keputusan Tinggi)", "lisa_cluster_keputusan": "Not Significant", "lisa_cluster_ekonomi": "Low-Low (Coldspot)", "pc1": -0.278, "pc2": -1.705, "lat": 1.001, "lon": 102.726}, "geometry": {"type": "MultiPolygon", "coordinates": [[[[103.0503, 0.7547], [103.0462, 0.8246], [102.931, 0.8986], [102.8766, 0.9532], [102.8012, 0.9777], [102.734, 1.0224], [102.6453, 0.9912], [102.5891, 1.0013], [102.4748, 0.9278], [102.4475, 0.9367], [102.4107, 0.892], [102.4367, 0.8258], [102.5005, 0.791], [102.5807, 0.7662], [102.6542, 0.7892], [102.8571, 0.7938], [102.9325, 0.7649], [102.9947, 0.6892], [103.0489, 0.7211], [103.0503, 0.7547]]], [[[103.0978, 0.7988], [103.0761, 0.7429], [103.1142, 0.739], [103.0978, 0.7988]]], [[[103.0866, 0.8291], [103.1525, 0.8485], [103.1532, 0.895], [103.0703, 0.9988], [102.9816, 1.0903], [102.8932, 1.1252], [102.7703, 1.1594], [102.737, 1.1549], [102.689, 1.1202], [102.6675, 1.0831], [102.6481, 1.009], [102.727, 1.0395], [102.7906, 1.0187], [102.8097, 0.9905], [102.8865, 0.9658], [102.9479, 0.9108], [103.0866, 0.8291]]], [[[102.4819, 0.958], [102.4386, 1.0712], [102.4848, 1.2383], [102.3738, 1.3258], [102.2921, 1.4122], [102.2135, 1.4142], [102.2278, 1.3304], [102.206, 1.2773], [102.2461, 1.1947], [102.2365, 1.1015], [102.2761, 1.0055], [102.3928, 0.9134], [102.4372, 0.9482], [102.4819, 0.958]]], [[[102.5152, 0.9529], [102.6073, 1.005], [102.6138, 1.0469], [102.5367, 1.1298], [102.4797, 1.1233], [102.4599, 1.0648], [102.4999, 0.9508], [102.5152, 0.9529]]]]}}, {"type": "Feature", "id": 8103, "properties": {"WADMKK": "Maluku Tengah", "WADMPR": "Maluku", "KDPKAB": "81.01", "LUASWH": 29.83243678, "kode_wilayah": 8103, "nama_resmi": "Kabupaten Maluku Tengah", "tipe": "Kabupaten", "provinsi": "Maluku", "pulau": "Maluku", "parlemen": 17.5, "pendapatan": 35.0, "pengeluaran": 7600.0, "ahh": 65.65, "profesional": 59.95, "tpak": 59.96, "rls": 9.13, "hls": 12.71, "skor_ekonomi": 38.5, "skor_keputusan": 54.47, "skor_kapasitas_sosial": 44.9, "ikpp_komposit": 46.17, "kuadran": "Kuadran I (Ekonomi Tinggi, Keputusan Tinggi)", "lisa_cluster_keputusan": "Not Significant", "lisa_cluster_ekonomi": "Not Significant", "pc1": -1.342, "pc2": -0.527, "lat": -7.97, "lon": 131.312}, "geometry": {"type": "MultiPolygon", "coordinates": [[[[128.8424, -3.2402], [128.8583, -3.2119], [128.9316, -3.2095], [128.9662, -3.2262], [128.967, -3.2902], [128.9279, -3.3228], [128.9349, -3.3562], [128.9776, -3.3608], [129.0828, -3.3413], [129.1991, -3.3888], [129.2878, -3.414], [129.4045, -3.4171], [129.4806, -3.4555], [129.5386, -3.4694], [129.5661, -3.4141], [129.5113, -3.3353], [129.5248, -3.2982], [129.6783, -3.3233], [129.729, -3.3146], [129.759, -3.3308], [129.8073, -3.3214], [129.8586, -3.3366], [129.8992, -3.259], [129.9029, -3.16], [130.0399, -3.1888], [130.1474, -3.219], [130.136, -3.1753], [130.137, -3.0772], [130.1164, -3.0384], [130.1281, -2.9977], [130.0251, -2.9994], [129.9106, -2.9437], [129.8803, -2.8972], [129.8088, -2.9118], [129.7898, -2.8685], [129.7065, -2.8345], [129.6306, -2.8228], [129.6175, -2.8024], [129.5475, -2.8003], [129.4349, -2.7826], [129.3771, -2.7895], [129.3447, -2.86], [129.1286, -2.9692], [129.0833, -2.9391], [129.066, -2.81], [129.0349, -2.7956], [128.9593, -2.8412], [128.8374, -2.8664], [128.7529, -2.8504], [128.7504, -2.9066], [128.7709, -2.977], [128.7932, -2.9913], [128.7792, -3.0639], [128.8107, -3.0641], [128.7935, -3.1684], [128.8424, -3.2402]]], [[[128.2712, -3.6179], [128.3468, -3.636], [128.3534, -3.5977], [128.3218, -3.5651], [128.3472, -3.5405], [128.3388, -3.5022], [128.2574, -3.4951], [128.2135, -3.5256], [128.1783, -3.5827], [128.0293, -3.5912], [127.9411, -3.6742], [127.9175, -3.7194], [127.9436, -3.7747], [127.9984, -3.7812], [128.0396, -3.7332], [128.0847, -3.7224], [128.0708, -3.6726], [128.1218, -3.6441], [128.1619, -3.6454], [128.2142, -3.6196], [128.242, -3.5753], [128.2712, -3.6179]]], [[[128.4233, -3.6316], [128.4668, -3.6137], [128.5418, -3.6138], [128.5695, -3.5653], [128.5001, -3.5135], [128.4493, -3.51], [128.4136, -3.5391], [128.4233, -3.6316]]], [[[128.6638, -3.6047], [128.6743, -3.5758], [128.7335, -3.6177], [128.7302, -3.5127], [128.6941, -3.4942], [128.6827, -3.5443], [128.604, -3.497], [128.5545, -3.5278], [128.5964, -3.552], [128.6457, -3.63], [128.6638, -3.6047]]], [[[128.8043, -3.6858], [128.8064, -3.6476], [128.7598, -3.6481], [128.7663, -3.6929], [128.8043, -3.6858]]]]}}, {"type": "Feature", "id": 6111, "properties": {"WADMKK": "Kayong Utara", "WADMPR": "Kalimantan Barat", "KDPKAB": "61.11", "LUASWH": 57.26232355, "kode_wilayah": 6111, "nama_resmi": "Kabupaten Kayong Utara", "tipe": "Kabupaten", "provinsi": "Kalimantan Barat", "pulau": "Kalimantan", "parlemen": 4.0, "pendapatan": 30.55, "pengeluaran": 9016.0, "ahh": 71.54, "profesional": 49.75, "tpak": 55.67, "rls": 6.54, "hls": 12.2, "skor_ekonomi": 31.58, "skor_keputusan": 35.37, "skor_kapasitas_sosial": 47.27, "ikpp_komposit": 36.23, "kuadran": "Kuadran III (Ekonomi Rendah, Keputusan Rendah)", "lisa_cluster_keputusan": "Low-Low (Coldspot)", "lisa_cluster_ekonomi": "Not Significant", "pc1": -1.719, "pc2": -0.619, "lat": -1.253, "lon": 109.954}, "geometry": {"type": "MultiPolygon", "coordinates": [[[[108.9481, -1.5636], [108.8991, -1.5352], [108.8726, -1.5684], [108.7993, -1.5719], [108.8291, -1.608], [108.8306, -1.6655], [108.8577, -1.6771], [108.9575, -1.6394], [108.9826, -1.6008], [108.9481, -1.5636]]], [[[110.0688, -1.3629], [110.163, -1.354], [110.2198, -1.3253], [110.2192, -1.2848], [110.292, -1.2809], [110.3223, -1.256], [110.4029, -1.2581], [110.3939, -1.2028], [110.3261, -1.1291], [110.3573, -1.1119], [110.3583, -1.0744], [110.2752, -1.0013], [110.272, -0.9659], [110.2415, -0.9333], [110.165, -0.9347], [110.1667, -0.857], [110.1437, -0.8569], [110.0771, -0.7958], [110.0718, -0.7733], [110.0161, -0.7371], [109.9399, -0.7405], [109.9282, -0.7862], [109.8946, -0.8195], [109.8028, -0.8426], [109.754, -0.895], [109.7272, -0.9218], [109.7322, -0.9876], [109.7689, -1.0031], [109.82, -1.0841], [109.9397, -1.1237], [109.9171, -1.2208], [109.9617, -1.277], [109.9935, -1.2741], [110.0478, -1.3226], [110.0688, -1.3629]]], [[[109.6828, -1.2073], [109.6895, -1.1929], [109.78, -1.1447], [109.7559, -1.0151], [109.7177, -0.9893], [109.6857, -1.0192], [109.6423, -1.0117], [109.5996, -0.9815], [109.5523, -1.0033], [109.4876, -0.9738], [109.4509, -1.0312], [109.4504, -1.0928], [109.4053, -1.2799], [109.5036, -1.3077], [109.5422, -1.2727], [109.6828, -1.2073]]]]}}, {"type": "Feature", "id": 1508, "properties": {"WADMKK": "Tebo", "WADMPR": "Jambi", "KDPKAB": "15.09", "LUASWH": 90.46680759, "kode_wilayah": 1508, "nama_resmi": "Kabupaten Tebo", "tipe": "Kabupaten", "provinsi": "Jambi", "pulau": "Sumatera", "parlemen": 8.57, "pendapatan": 29.39, "pengeluaran": 11415.0, "ahh": 72.71, "profesional": 57.96, "tpak": 50.09, "rls": 8.04, "hls": 12.93, "skor_ekonomi": 27.0, "skor_keputusan": 45.02, "skor_kapasitas_sosial": 55.8, "ikpp_komposit": 39.97, "kuadran": "Kuadran III (Ekonomi Rendah, Keputusan Rendah)", "lisa_cluster_keputusan": "Not Significant", "lisa_cluster_ekonomi": "Not Significant", "pc1": 0.013, "pc2": -0.753, "lat": -1.516, "lon": 102.119}, "geometry": {"type": "Polygon", "coordinates": [[[102.4771, -1.8914], [102.497, -1.8521], [102.5657, -1.887], [102.5903, -1.882], [102.6643, -1.8134], [102.6678, -1.7569], [102.7843, -1.6385], [102.8046, -1.5796], [102.7939, -1.5318], [102.8225, -1.4697], [102.8086, -1.4231], [102.7771, -1.3038], [102.687, -1.2181], [102.6868, -1.1969], [102.6439, -1.1269], [102.6067, -1.0978], [102.5498, -1.1044], [102.4742, -1.0706], [102.4413, -1.0313], [102.3715, -1.0302], [102.3831, -0.9936], [102.3235, -0.9619], [102.3078, -0.9213], [102.2783, -0.9158], [102.2155, -0.9454], [102.1457, -0.8997], [102.126, -0.9211], [102.0656, -0.8895], [101.9861, -0.8811], [101.9665, -0.9139], [101.9267, -0.9153], [101.9078, -0.9525], [101.8236, -0.9776], [101.8215, -1.0592], [101.8313, -1.1106], [101.8842, -1.1347], [101.9438, -1.1307], [101.9616, -1.227], [101.9197, -1.2501], [101.9207, -1.2882], [101.9521, -1.3407], [102.0051, -1.3542], [102.0451, -1.3915], [102.1821, -1.4443], [102.2106, -1.4761], [102.2912, -1.4603], [102.3294, -1.5121], [102.3144, -1.5689], [102.4769, -1.5712], [102.4874, -1.6412], [102.4704, -1.6553], [102.5204, -1.6574], [102.5235, -1.6859], [102.4867, -1.7597], [102.4569, -1.8503], [102.4583, -1.9], [102.4771, -1.8914]]]}}, {"type": "Feature", "id": 1204, "properties": {"WADMKK": "Tapanuli Tengah", "WADMPR": "Sumatera Utara", "KDPKAB": "12.01", "LUASWH": 24.31918927, "kode_wilayah": 1204, "nama_resmi": "Kabupaten Tapanuli Tengah", "tipe": "Kabupaten", "provinsi": "Sumatera Utara", "pulau": "Sumatera", "parlemen": 22.86, "pendapatan": 44.78, "pengeluaran": 11128.0, "ahh": 70.23, "profesional": 57.67, "tpak": 66.75, "rls": 8.92, "hls": 13.5, "skor_ekonomi": 52.06, "skor_keputusan": 57.82, "skor_kapasitas_sosial": 55.29, "ikpp_komposit": 55.01, "kuadran": "Kuadran I (Ekonomi Tinggi, Keputusan Tinggi)", "lisa_cluster_keputusan": "Not Significant", "lisa_cluster_ekonomi": "High-High (Hotspot)", "pc1": -0.366, "pc2": 1.066, "lat": 1.242, "lon": 97.65}, "geometry": {"type": "MultiPolygon", "coordinates": [[[[98.782, 1.4309], [98.8406, 1.4282], [98.9254, 1.4477], [98.9394, 1.4803], [99.0048, 1.4738], [98.9895, 1.5134], [99.0573, 1.6474], [99.0514, 1.7009], [98.9851, 1.654], [98.9666, 1.6907], [98.9923, 1.7558], [98.9008, 1.7395], [98.8694, 1.8003], [98.8231, 1.8485], [98.8132, 1.9438], [98.7254, 1.9528], [98.6722, 2.0108], [98.6459, 1.9992], [98.6063, 2.0314], [98.5963, 2.0816], [98.511, 2.078], [98.3923, 2.118], [98.3162, 2.1581], [98.2771, 2.2053], [98.2661, 2.2636], [98.1971, 2.3115], [98.184, 2.2628], [98.1273, 2.1695], [98.2332, 2.0898], [98.2723, 2.0443], [98.3398, 2.0467], [98.3721, 2.0144], [98.4585, 1.9916], [98.6083, 1.8383], [98.6733, 1.7454], [98.7231, 1.7164], [98.7378, 1.7778], [98.7694, 1.7576], [98.7964, 1.7218], [98.7867, 1.6921], [98.8276, 1.6736], [98.8396, 1.6271], [98.7749, 1.564], [98.7578, 1.5019], [98.782, 1.4309]]], [[[98.4629, 1.7019], [98.4459, 1.6495], [98.5143, 1.6251], [98.5945, 1.6238], [98.5849, 1.6649], [98.5424, 1.6455], [98.4959, 1.6526], [98.4629, 1.7019]]]]}}, {"type": "Feature", "id": 1109, "properties": {"WADMKK": "Pidie", "WADMPR": "Aceh", "KDPKAB": "11.07", "LUASWH": 0.29620293, "kode_wilayah": 1109, "nama_resmi": "Kabupaten Pidie", "tipe": "Kabupaten", "provinsi": "Aceh", "pulau": "Sumatera", "parlemen": 12.5, "pendapatan": 32.21, "pengeluaran": 11187.0, "ahh": 69.44, "profesional": 58.16, "tpak": 45.64, "rls": 9.04, "hls": 14.52, "skor_ekonomi": 26.93, "skor_keputusan": 48.72, "skor_kapasitas_sosial": 56.47, "ikpp_komposit": 41.55, "kuadran": "Kuadran II (Ekonomi Rendah, Keputusan Tinggi)", "lisa_cluster_keputusan": "Not Significant", "lisa_cluster_ekonomi": "Not Significant", "pc1": 0.631, "pc2": -0.565, "lat": 2.461, "lon": 96.38}, "geometry": {"type": "Polygon", "coordinates": [[[96.2603, 4.7124], [96.2821, 4.7798], [96.3988, 4.76], [96.4757, 4.7749], [96.4699, 4.8941], [96.4247, 4.9404], [96.3793, 4.9304], [96.3465, 4.9439], [96.3254, 4.9172], [96.2767, 4.9097], [96.2116, 4.9592], [96.19, 5.0002], [96.2067, 5.0401], [96.1836, 5.0683], [96.1387, 5.0745], [96.0576, 5.1085], [96.0203, 5.1459], [96.0536, 5.202], [96.0367, 5.237], [96.0579, 5.2908], [96.1052, 5.2843], [95.9156, 5.4273], [95.8904, 5.4633], [95.8884, 5.5023], [95.7447, 5.5694], [95.7289, 5.492], [95.7803, 5.4407], [95.7531, 5.4161], [95.761, 5.3686], [95.749, 5.3169], [95.7911, 5.2807], [95.789, 5.2175], [95.8399, 5.1415], [95.8207, 5.0855], [95.743, 5.0606], [95.7978, 4.9924], [95.882, 4.9149], [95.9013, 4.8681], [95.9541, 4.8326], [95.9921, 4.786], [96.0002, 4.7495], [96.1068, 4.7497], [96.111, 4.6901], [96.1586, 4.7107], [96.1676, 4.7501], [96.2603, 4.7124]]]}}, {"type": "Feature", "id": 3575, "properties": {"WADMKK": "Kota Pasuruan", "WADMPR": "Jawa Timur", "KDPKAB": "35.75", "LUASWH": 1.90578949, "kode_wilayah": 3575, "nama_resmi": "Kota Pasuruan", "tipe": "Kota", "provinsi": "Jawa Timur", "pulau": "Jawa", "parlemen": 16.67, "pendapatan": 32.53, "pengeluaran": 14664.0, "ahh": 74.56, "profesional": 55.89, "tpak": 62.58, "rls": 9.94, "hls": 13.67, "skor_ekonomi": 37.78, "skor_keputusan": 51.0, "skor_kapasitas_sosial": 66.96, "ikpp_komposit": 48.9, "kuadran": "Kuadran I (Ekonomi Tinggi, Keputusan Tinggi)", "lisa_cluster_keputusan": "Not Significant", "lisa_cluster_ekonomi": "Not Significant", "pc1": 1.321, "pc2": 0.541, "lat": -7.647, "lon": 112.909}, "geometry": {"type": "Polygon", "coordinates": [[[112.9026, -7.6252], [112.8714, -7.6509], [112.8966, -7.6846], [112.9449, -7.6522], [112.9531, -7.6218], [112.9026, -7.6252]]]}}, {"type": "Feature", "id": 5104, "properties": {"WADMKK": "Gianyar", "WADMPR": "Bali", "KDPKAB": "51.04", "LUASWH": 2.43027876, "kode_wilayah": 5104, "nama_resmi": "Kabupaten Gianyar", "tipe": "Kabupaten", "provinsi": "Bali", "pulau": "Bali & Nusa Tenggara", "parlemen": 17.78, "pendapatan": 37.86, "pengeluaran": 15577.0, "ahh": 76.82, "profesional": 59.0, "tpak": 69.46, "rls": 9.84, "hls": 14.11, "skor_ekonomi": 47.14, "skor_keputusan": 54.09, "skor_kapasitas_sosial": 71.4, "ikpp_komposit": 54.77, "kuadran": "Kuadran I (Ekonomi Tinggi, Keputusan Tinggi)", "lisa_cluster_keputusan": "Not Significant", "lisa_cluster_ekonomi": "High-High (Hotspot)", "pc1": 1.622, "pc2": 1.525, "lat": -8.541, "lon": 115.324}, "geometry": {"type": "Polygon", "coordinates": [[[115.2749, -8.6504], [115.3711, -8.5749], [115.3576, -8.5209], [115.3345, -8.5213], [115.3175, -8.4337], [115.3368, -8.3826], [115.3222, -8.3292], [115.251, -8.3145], [115.2253, -8.3912], [115.2432, -8.4993], [115.2442, -8.6014], [115.2749, -8.6504]]]}}, {"type": "Feature", "id": 7303, "properties": {"WADMKK": "Bantaeng", "WADMPR": "Sulawesi Selatan", "KDPKAB": "73.03", "LUASWH": 5.43813033, "kode_wilayah": 7303, "nama_resmi": "Kabupaten Bantaeng", "tipe": "Kabupaten", "provinsi": "Sulawesi Selatan", "pulau": "Sulawesi", "parlemen": 28.57, "pendapatan": 37.24, "pengeluaran": 12209.0, "ahh": 71.71, "profesional": 59.39, "tpak": 43.88, "rls": 8.05, "hls": 13.51, "skor_ekonomi": 30.63, "skor_keputusan": 64.16, "skor_kapasitas_sosial": 56.34, "ikpp_komposit": 49.18, "kuadran": "Kuadran II (Ekonomi Rendah, Keputusan Tinggi)", "lisa_cluster_keputusan": "High-High (Hotspot)", "lisa_cluster_ekonomi": "Not Significant", "pc1": 0.719, "pc2": -0.978, "lat": -5.553, "lon": 119.967}, "geometry": {"type": "Polygon", "coordinates": [[[120.1016, -5.5853], [120.0915, -5.4919], [120.0287, -5.3933], [119.9721, -5.3924], [119.9556, -5.3544], [119.9376, -5.3559], [119.9395, -5.382], [119.9311, -5.4229], [119.8798, -5.4909], [119.8574, -5.5523], [119.9074, -5.5767], [119.9297, -5.5468], [120.0839, -5.5886], [120.1016, -5.5853]]]}}, {"type": "Feature", "id": 1408, "properties": {"WADMKK": "Bengkalis", "WADMPR": "Riau", "KDPKAB": "14.03", "LUASWH": 16.29966061, "kode_wilayah": 1408, "nama_resmi": "Kabupaten Bengkalis", "tipe": "Kabupaten", "provinsi": "Riau", "pulau": "Sumatera", "parlemen": 15.56, "pendapatan": 23.39, "pengeluaran": 12321.0, "ahh": 73.97, "profesional": 60.24, "tpak": 44.56, "rls": 9.74, "hls": 13.44, "skor_ekonomi": 17.84, "skor_keputusan": 52.9, "skor_kapasitas_sosial": 63.07, "ikpp_komposit": 40.91, "kuadran": "Kuadran II (Ekonomi Rendah, Keputusan Tinggi)", "lisa_cluster_keputusan": "Not Significant", "lisa_cluster_ekonomi": "Low-Low (Coldspot)", "pc1": 1.514, "pc2": -1.413, "lat": 0.805, "lon": 102.02}, "geometry": {"type": "MultiPolygon", "coordinates": [[[[100.984, 1.082], [101.0789, 1.003], [101.1488, 1.0186], [101.1924, 0.9996], [101.2313, 1.0068], [101.291, 1.0501], [101.3391, 1.0285], [101.4555, 1.0041], [101.4556, 0.9871], [101.5477, 0.9219], [101.599, 1.034], [101.7128, 1.2118], [101.8568, 1.2015], [101.8872, 1.1762], [101.9101, 1.0891], [101.979, 0.98], [102.0203, 1.0322], [102.0376, 1.0874], [102.0946, 1.1204], [102.1686, 1.2285], [102.1505, 1.2713], [102.1586, 1.362], [102.1072, 1.3923], [101.8733, 1.5615], [101.7618, 1.6595], [101.725, 1.6714], [101.7185, 1.6227], [101.598, 1.6002], [101.5281, 1.5956], [101.5066, 1.4933], [101.4493, 1.4943], [101.4356, 1.4472], [101.3172, 1.4744], [101.2658, 1.4652], [101.2427, 1.4809], [101.1773, 1.4519], [101.0141, 1.3495], [100.9734, 1.3488], [100.9883, 1.2981], [100.984, 1.082]]], [[[102.119, 1.4599], [102.1822, 1.4382], [102.2857, 1.433], [102.3357, 1.392], [102.3984, 1.3232], [102.496, 1.2533], [102.5085, 1.2624], [102.4887, 1.4433], [102.4962, 1.4689], [102.4598, 1.5184], [102.3349, 1.5515], [102.186, 1.569], [102.0647, 1.6042], [102.0018, 1.5957], [102.0264, 1.5394], [102.119, 1.4599]]], [[[101.6873, 1.7352], [101.735, 1.771], [101.7542, 1.8927], [101.7851, 1.9416], [101.7789, 1.9821], [101.7042, 2.0965], [101.6558, 2.1248], [101.5862, 2.0858], [101.5636, 2.0432], [101.5251, 2.0358], [101.4742, 2.0657], [101.4388, 2.0525], [101.3974, 2.0044], [101.3839, 1.9064], [101.4165, 1.8376], [101.4537, 1.7267], [101.5607, 1.6953], [101.6191, 1.6901], [101.6873, 1.7352]]]]}}, {"type": "Feature", "id": 6401, "properties": {"WADMKK": "Paser", "WADMPR": "Kalimantan Timur", "KDPKAB": "64.01", "LUASWH": 14.28809664, "kode_wilayah": 6401, "nama_resmi": "Kabupaten Paser", "tipe": "Kabupaten", "provinsi": "Kalimantan Timur", "pulau": "Kalimantan", "parlemen": 20.0, "pendapatan": 24.13, "pengeluaran": 12181.0, "ahh": 75.33, "profesional": 54.94, "tpak": 46.22, "rls": 8.92, "hls": 13.38, "skor_ekonomi": 19.58, "skor_keputusan": 53.39, "skor_kapasitas_sosial": 62.79, "ikpp_komposit": 41.75, "kuadran": "Kuadran II (Ekonomi Rendah, Keputusan Tinggi)", "lisa_cluster_keputusan": "Not Significant", "lisa_cluster_ekonomi": "Not Significant", "pc1": 1.28, "pc2": -1.411, "lat": -1.91, "lon": 116.191}, "geometry": {"type": "MultiPolygon", "coordinates": [[[[115.8355, -2.3899], [115.8866, -2.3622], [115.8936, -2.3346], [116.0355, -2.3091], [116.0427, -2.3259], [116.1134, -2.3376], [116.1625, -2.3066], [116.2358, -2.3091], [116.2679, -2.3383], [116.3277, -2.3408], [116.4102, -2.3721], [116.5553, -2.4088], [116.5767, -2.3328], [116.5954, -2.2029], [116.5144, -2.1656], [116.4005, -2.2144], [116.3851, -2.1905], [116.3934, -2.0828], [116.4577, -2.0622], [116.4579, -1.929], [116.4266, -1.8522], [116.4466, -1.8276], [116.4503, -1.773], [116.3756, -1.7624], [116.2634, -1.8106], [116.2462, -1.7793], [116.3088, -1.724], [116.3129, -1.7042], [116.3803, -1.6853], [116.4495, -1.6485], [116.4922, -1.6428], [116.5576, -1.6019], [116.5524, -1.5612], [116.4849, -1.5684], [116.4781, -1.5958], [116.3696, -1.5603], [116.3791, -1.4987], [116.3643, -1.4715], [116.3558, -1.3917], [116.3355, -1.3338], [116.3443, -1.2453], [116.3779, -1.1993], [116.3709, -1.1444], [116.4541, -1.0435], [116.4386, -0.9708], [116.3583, -0.9937], [116.3289, -1.0496], [116.2541, -1.0524], [116.2191, -1.1179], [116.1815, -1.1179], [116.1397, -1.1525], [116.1039, -1.1377], [116.1002, -1.0966], [116.0384, -1.1199], [115.9284, -1.1134], [115.8419, -1.0969], [115.8494, -1.1718], [115.8192, -1.1834], [115.7772, -1.2312], [115.7588, -1.3126], [115.688, -1.4468], [115.6353, -1.4638], [115.6189, -1.4879], [115.6361, -1.6038], [115.67, -1.6302], [115.6652, -1.7067], [115.7071, -1.7332], [115.687, -1.7584], [115.728, -1.797], [115.7233, -1.9215], [115.7005, -1.9709], [115.719, -1.9974], [115.6949, -2.0405], [115.721, -2.0624], [115.8076, -2.0614], [115.7857, -2.217], [115.811, -2.2376], [115.8328, -2.2975], [115.8355, -2.3899]]], [[[116.5173, -2.1357], [116.5022, -2.1093], [116.4611, -2.1327], [116.3931, -2.1269], [116.3865, -2.1855], [116.4027, -2.205], [116.5034, -2.1609], [116.5173, -2.1357]]]]}}, {"type": "Feature", "id": 3579, "properties": {"WADMKK": "Kota Batu", "WADMPR": "Jawa Timur", "KDPKAB": "35.79", "LUASWH": 3.12731125, "kode_wilayah": 3579, "nama_resmi": "Kota Batu", "tipe": "Kota", "provinsi": "Jawa Timur", "pulau": "Jawa", "parlemen": 23.33, "pendapatan": 29.86, "pengeluaran": 14253.0, "ahh": 75.76, "profesional": 50.43, "tpak": 59.65, "rls": 9.87, "hls": 14.58, "skor_ekonomi": 33.4, "skor_keputusan": 53.4, "skor_kapasitas_sosial": 69.68, "ikpp_komposit": 48.66, "kuadran": "Kuadran II (Ekonomi Rendah, Keputusan Tinggi)", "lisa_cluster_keputusan": "Not Significant", "lisa_cluster_ekonomi": "Not Significant", "pc1": 1.847, "pc2": 0.217, "lat": -7.863, "lon": 112.513}, "geometry": {"type": "Polygon", "coordinates": [[[112.4895, -7.7655], [112.4989, -7.8213], [112.4789, -7.8862], [112.4942, -7.9322], [112.5957, -7.9034], [112.5643, -7.8795], [112.5898, -7.765], [112.5748, -7.7326], [112.5279, -7.7351], [112.4895, -7.7655]]]}}, {"type": "Feature", "id": 9428, "properties": {"WADMKK": "Mamberamo Raya", "WADMPR": "Papua", "KDPKAB": "91.20", "LUASWH": 621.4253535, "kode_wilayah": 9428, "nama_resmi": "Kabupaten Mamberamo Raya", "tipe": "Kabupaten", "provinsi": "Papua", "pulau": "Papua", "parlemen": 10.0, "pendapatan": 40.1, "pengeluaran": 7759.140652829294, "ahh": 69.8943106103134, "profesional": 20.92, "tpak": 64.43389484943603, "rls": 5.977094839150503, "hls": 10.937637712402717, "skor_ekonomi": 46.15, "skor_keputusan": 21.54, "skor_kapasitas_sosial": 40.31, "ikpp_komposit": 35.14, "kuadran": "Kuadran IV (Ekonomi Tinggi, Keputusan Rendah)", "lisa_cluster_keputusan": "Low-Low (Coldspot)", "lisa_cluster_ekonomi": "High-High (Hotspot)", "pc1": -3.699, "pc2": 0.356, "lat": -2.533, "lon": 137.764}, "geometry": {"type": "Polygon", "coordinates": [[[138.0792, -3.241], [138.0696, -3.2143], [138.0747, -3.1313], [138.0901, -3.1272], [138.0852, -3.0299], [138.1268, -3.0278], [138.1654, -2.9726], [138.2027, -3.0388], [138.285, -3.0169], [138.3273, -2.9572], [138.4036, -2.967], [138.41, -2.9291], [138.4754, -2.9467], [138.5243, -2.9374], [138.5715, -2.9609], [138.6148, -3.0575], [138.5963, -3.1329], [138.6037, -3.169], [138.5841, -3.2231], [138.6624, -3.3099], [138.7026, -3.3274], [138.6998, -3.2552], [138.7457, -3.1776], [138.8004, -3.1942], [138.8062, -3.2238], [138.8815, -3.2278], [138.9083, -3.2558], [138.8756, -3.3402], [138.8881, -3.3575], [138.8724, -3.4229], [138.9246, -3.3894], [139.0301, -3.2853], [139.0655, -3.2764], [139.0124, -3.2496], [139.0032, -3.2036], [139.0285, -3.1335], [139.0518, -3.1067], [139.1204, -3.1173], [139.1235, -3.0009], [139.1444, -2.9553], [139.1065, -2.8822], [139.1508, -2.8228], [139.1789, -2.7647], [139.2073, -2.7476], [139.2298, -2.6939], [139.2288, -2.6261], [139.1321, -2.6523], [139.112, -2.6207], [139.0541, -2.5947], [139.0339, -2.6109], [138.947, -2.5777], [138.905, -2.5758], [138.8723, -2.5465], [138.7942, -2.5285], [138.7175, -2.5319], [138.6343, -2.5005], [138.5405, -2.5386], [138.4365, -2.5228], [138.4187, -2.48], [138.4148, -2.4207], [138.3843, -2.394], [138.4009, -2.3572], [138.4657, -2.3213], [138.4649, -2.2737], [138.4074, -2.2004], [138.3844, -2.2174], [138.3545, -2.17], [138.3308, -2.1929], [138.2992, -2.1681], [138.2945, -2.1266], [138.3106, -2.0716], [138.252, -2.0331], [138.229, -1.9437], [138.1667, -1.9182], [138.148, -1.889], [138.1596, -1.8363], [138.1583, -1.7646], [138.1738, -1.7455], [138.1472, -1.6276], [138.0968, -1.6147], [138.0246, -1.5722], [137.9964, -1.5388], [137.9492, -1.5345], [137.9339, -1.4579], [137.7483, -1.4785], [137.6114, -1.5457], [137.4782, -1.5991], [137.3944, -1.6592], [137.2493, -1.7348], [137.1529, -1.7734], [137.0943, -1.8064], [137.0885, -1.8514], [137.1444, -1.8989], [137.1563, -1.9319], [137.1906, -1.9439], [137.2175, -1.9832], [137.1903, -2.0], [137.2284, -2.0566], [137.1594, -2.0958], [137.1085, -2.1112], [137.0446, -2.1054], [137.0051, -2.1312], [136.9386, -2.1286], [136.9082, -2.1796], [136.8747, -2.1759], [136.8168, -2.2025], [136.8594, -2.25], [136.8651, -2.2878], [136.9372, -2.3394], [136.9087, -2.3805], [136.9731, -2.4273], [137.0297, -2.4173], [137.0342, -2.452], [137.1134, -2.5069], [137.158, -2.5866], [137.1916, -2.5637], [137.2527, -2.5917], [137.2674, -2.6332], [137.2601, -2.682], [137.286, -2.7149], [137.2798, -2.8058], [137.3592, -2.8781], [137.3546, -2.9058], [137.3866, -2.9682], [137.4553, -3.0492], [137.5486, -3.0551], [137.5812, -3.0662], [137.6834, -3.0487], [137.7227, -3.0651], [137.7583, -3.0562], [137.7869, -3.0834], [137.9613, -3.0321], [138.0135, -3.0577], [137.9998, -3.1106], [138.007, -3.1848], [138.0792, -3.241]]]}}, {"type": "Feature", "id": 1377, "properties": {"WADMKK": "Kota Pariaman", "WADMPR": "Sumatera Barat", "KDPKAB": "13.77", "LUASWH": 1.44710753, "kode_wilayah": 1377, "nama_resmi": "Kota Pariaman", "tipe": "Kota", "provinsi": "Sumatera Barat", "pulau": "Sumatera", "parlemen": 10.0, "pendapatan": 32.42, "pengeluaran": 13784.0, "ahh": 73.2, "profesional": 60.04, "tpak": 59.2, "rls": 11.06, "hls": 14.8, "skor_ekonomi": 35.57, "skor_keputusan": 47.71, "skor_kapasitas_sosial": 68.93, "ikpp_komposit": 47.1, "kuadran": "Kuadran I (Ekonomi Tinggi, Keputusan Tinggi)", "lisa_cluster_keputusan": "Not Significant", "lisa_cluster_ekonomi": "Not Significant", "pc1": 1.805, "pc2": 0.831, "lat": -0.629, "lon": 100.138}, "geometry": {"type": "Polygon", "coordinates": [[[100.0923, -0.5722], [100.1274, -0.6458], [100.1586, -0.6761], [100.18, -0.6084], [100.0923, -0.5722]]]}}, {"type": "Feature", "id": 1306, "properties": {"WADMKK": "Padang Pariaman", "WADMPR": "Sumatera Barat", "KDPKAB": "13.05", "LUASWH": 9.29831513, "kode_wilayah": 1306, "nama_resmi": "Kabupaten Padang Pariaman", "tipe": "Kabupaten", "provinsi": "Sumatera Barat", "pulau": "Sumatera", "parlemen": 0.0, "pendapatan": 31.0, "pengeluaran": 11756.0, "ahh": 72.11, "profesional": 59.17, "tpak": 57.53, "rls": 8.42, "hls": 14.2, "skor_ekonomi": 33.17, "skor_keputusan": 38.04, "skor_kapasitas_sosial": 58.54, "ikpp_komposit": 40.19, "kuadran": "Kuadran III (Ekonomi Rendah, Keputusan Rendah)", "lisa_cluster_keputusan": "Not Significant", "lisa_cluster_ekonomi": "Not Significant", "pc1": 0.147, "pc2": 0.365, "lat": -0.315, "lon": 100.03}, "geometry": {"type": "Polygon", "coordinates": [[[100.2911, -0.8166], [100.3683, -0.7994], [100.3857, -0.7554], [100.4579, -0.7261], [100.4266, -0.6584], [100.4021, -0.6531], [100.4189, -0.5843], [100.3839, -0.5259], [100.3875, -0.4961], [100.3179, -0.4726], [100.316, -0.4333], [100.2636, -0.479], [100.2217, -0.448], [100.214, -0.4153], [100.1581, -0.3944], [100.1511, -0.3481], [100.0997, -0.3224], [100.0671, -0.3254], [99.9621, -0.434], [100.0372, -0.5017], [100.0923, -0.5722], [100.18, -0.6084], [100.1586, -0.6761], [100.2733, -0.7883], [100.2911, -0.8166]]]}}, {"type": "Feature", "id": 6201, "properties": {"WADMKK": "Kotawaringin Barat", "WADMPR": "Kalimantan Tengah", "KDPKAB": "62.01", "LUASWH": 164.3974996, "kode_wilayah": 6201, "nama_resmi": "Kabupaten Kotawaringin Barat", "tipe": "Kota", "provinsi": "Kalimantan Tengah", "pulau": "Kalimantan", "parlemen": 20.0, "pendapatan": 24.52, "pengeluaran": 14095.0, "ahh": 73.41, "profesional": 50.41, "tpak": 47.87, "rls": 8.77, "hls": 12.78, "skor_ekonomi": 20.98, "skor_keputusan": 50.36, "skor_kapasitas_sosial": 60.64, "ikpp_komposit": 40.66, "kuadran": "Kuadran II (Ekonomi Rendah, Keputusan Tinggi)", "lisa_cluster_keputusan": "Not Significant", "lisa_cluster_ekonomi": "Low-Low (Coldspot)", "pc1": 0.986, "pc2": -1.399, "lat": -2.692, "lon": 111.634}, "geometry": {"type": "Polygon", "coordinates": [[[111.3615, -2.9086], [111.4121, -2.9035], [111.4899, -2.9454], [111.5547, -3.011], [111.6322, -2.9597], [111.6904, -2.9418], [111.6693, -2.8943], [111.7178, -2.847], [111.814, -3.0012], [111.825, -3.0506], [111.7979, -3.2039], [111.8169, -3.3033], [111.8198, -3.3745], [111.7965, -3.4717], [111.7947, -3.5257], [111.9516, -3.3604], [112.0528, -3.2468], [112.1185, -3.1816], [112.132, -3.1398], [112.0969, -3.0538], [112.0989, -2.988], [112.138, -2.8293], [112.1295, -2.7657], [112.042, -2.6883], [112.0618, -2.6492], [112.0368, -2.5918], [112.0229, -2.5202], [112.0242, -2.4484], [112.05, -2.4517], [112.073, -2.3474], [112.0248, -2.232], [112.018, -2.1254], [112.0564, -2.0674], [112.0669, -1.967], [112.0576, -1.95], [111.9685, -1.9041], [111.9339, -1.8607], [111.9554, -1.7505], [111.917, -1.618], [111.872, -1.5444], [111.75, -1.4832], [111.7755, -1.5444], [111.8177, -1.6014], [111.7862, -1.6487], [111.8418, -1.7028], [111.8437, -1.7526], [111.8122, -1.8147], [111.8354, -1.8442], [111.8343, -1.9152], [111.819, -2.0019], [111.7765, -2.0332], [111.7764, -2.0661], [111.7231, -2.1136], [111.6806, -2.1215], [111.6494, -2.1503], [111.6603, -2.1806], [111.5969, -2.2121], [111.5973, -2.2954], [111.4604, -2.3144], [111.382, -2.2821], [111.3169, -2.3052], [111.2748, -2.336], [111.2808, -2.5072], [111.2176, -2.5051], [111.2255, -2.562], [111.3083, -2.589], [111.3437, -2.6257], [111.3998, -2.6534], [111.374, -2.7341], [111.3824, -2.76], [111.3799, -2.8768], [111.3615, -2.9086]]]}}, {"type": "Feature", "id": 6171, "properties": {"WADMKK": "Kota Pontianak", "WADMPR": "Kalimantan Barat", "KDPKAB": "61.71", "LUASWH": 12.09153878, "kode_wilayah": 6171, "nama_resmi": "Kota Pontianak", "tipe": "Kota", "provinsi": "Kalimantan Barat", "pulau": "Kalimantan", "parlemen": 20.0, "pendapatan": 33.94, "pengeluaran": 16212.0, "ahh": 76.67, "profesional": 48.65, "tpak": 50.68, "rls": 10.47, "hls": 15.06, "skor_ekonomi": 31.71, "skor_keputusan": 49.18, "skor_kapasitas_sosial": 74.97, "ikpp_komposit": 47.35, "kuadran": "Kuadran II (Ekonomi Rendah, Keputusan Tinggi)", "lisa_cluster_keputusan": "Not Significant", "lisa_cluster_ekonomi": "Not Significant", "pc1": 2.702, "pc2": 0.594, "lat": -0.022, "lon": 109.338}, "geometry": {"type": "Polygon", "coordinates": [[[109.2872, 0.0059], [109.2742, -0.0299], [109.3219, -0.0942], [109.366, -0.0602], [109.3703, 0.0218], [109.3087, 0.0381], [109.2872, 0.0059]]]}}, {"type": "Feature", "id": 7108, "properties": {"WADMKK": "Kepulauan Siau Tagulandang Biaro", "WADMPR": "Sulawesi Utara", "KDPKAB": "71.09", "LUASWH": 2.19278252, "kode_wilayah": 7108, "nama_resmi": "Kabupaten Siau Tagulandang Biaro", "tipe": "Kabupaten", "provinsi": "Sulawesi Utara", "pulau": "Sulawesi", "parlemen": 47.37, "pendapatan": 34.73, "pengeluaran": 13539.0, "ahh": 73.99, "profesional": 57.7, "tpak": 52.39, "rls": 9.96, "hls": 12.67, "skor_ekonomi": 33.53, "skor_keputusan": 80.12, "skor_kapasitas_sosial": 63.33, "ikpp_komposit": 58.13, "kuadran": "Kuadran II (Ekonomi Rendah, Keputusan Tinggi)", "lisa_cluster_keputusan": "High-High (Hotspot)", "lisa_cluster_ekonomi": "Low-Low (Coldspot)", "pc1": 1.685, "pc2": -1.183, "lat": 0.906, "lon": 123.259}, "geometry": {"type": "MultiPolygon", "coordinates": [[[[125.3716, 2.3535], [125.4042, 2.321], [125.4401, 2.3177], [125.4654, 2.3535], [125.4214, 2.3801], [125.3716, 2.3535]]], [[[125.4168, 2.6355], [125.3919, 2.6808], [125.4082, 2.7294], [125.4569, 2.7709], [125.4323, 2.8055], [125.3783, 2.8004], [125.3589, 2.7429], [125.3846, 2.6455], [125.4168, 2.6355]]]]}}, {"type": "Feature", "id": 1371, "properties": {"WADMKK": "Kota Padang", "WADMPR": "Sumatera Barat", "KDPKAB": "13.71", "LUASWH": 4.79894225, "kode_wilayah": 1371, "nama_resmi": "Kota Padang", "tipe": "Kota", "provinsi": "Sumatera Barat", "pulau": "Sumatera", "parlemen": 8.89, "pendapatan": 35.08, "pengeluaran": 15458.0, "ahh": 76.37, "profesional": 51.16, "tpak": 54.25, "rls": 11.63, "hls": 16.57, "skor_ekonomi": 35.02, "skor_keputusan": 40.76, "skor_kapasitas_sosial": 79.25, "ikpp_komposit": 46.16, "kuadran": "Kuadran IV (Ekonomi Tinggi, Keputusan Rendah)", "lisa_cluster_keputusan": "Not Significant", "lisa_cluster_ekonomi": "Not Significant", "pc1": 3.104, "pc2": 1.672, "lat": -0.876, "lon": 100.387}, "geometry": {"type": "Polygon", "coordinates": [[[100.2911, -0.8166], [100.3431, -0.8877], [100.3574, -0.9894], [100.3862, -1.0269], [100.3657, -1.1346], [100.4327, -1.1128], [100.4253, -1.0724], [100.4772, -1.0047], [100.5068, -1.0016], [100.5385, -0.9589], [100.5656, -0.9027], [100.5448, -0.8149], [100.5415, -0.809], [100.5103, -0.7569], [100.4579, -0.7261], [100.3857, -0.7554], [100.3683, -0.7994], [100.2911, -0.8166]]]}}, {"type": "Feature", "id": 3319, "properties": {"WADMKK": "Kudus", "WADMPR": "Jawa Tengah", "KDPKAB": "33.19", "LUASWH": 4.01029892, "kode_wilayah": 3319, "nama_resmi": "Kabupaten Kudus", "tipe": "Kabupaten", "provinsi": "Jawa Tengah", "pulau": "Jawa", "parlemen": 8.89, "pendapatan": 42.55, "pengeluaran": 12533.0, "ahh": 79.17, "profesional": 49.04, "tpak": 67.86, "rls": 9.35, "hls": 13.28, "skor_ekonomi": 50.62, "skor_keputusan": 39.34, "skor_kapasitas_sosial": 68.95, "ikpp_komposit": 49.77, "kuadran": "Kuadran IV (Ekonomi Tinggi, Keputusan Rendah)", "lisa_cluster_keputusan": "Not Significant", "lisa_cluster_ekonomi": "Not Significant", "pc1": 0.451, "pc2": 2.061, "lat": -6.806, "lon": 110.842}, "geometry": {"type": "Polygon", "coordinates": [[[110.804, -6.9797], [110.8149, -6.9389], [110.8442, -6.9358], [110.8826, -6.8673], [110.9497, -6.858], [110.977, -6.8333], [110.9606, -6.755], [110.9024, -6.6265], [110.8669, -6.6196], [110.8205, -6.7077], [110.8369, -6.7379], [110.7695, -6.7687], [110.7583, -6.7942], [110.8318, -6.8534], [110.7865, -6.9108], [110.7786, -6.9487], [110.804, -6.9797]]]}}, {"type": "Feature", "id": 8104, "properties": {"WADMKK": "Buru", "WADMPR": "Maluku", "KDPKAB": "81.04", "LUASWH": 250.04620601, "kode_wilayah": 8104, "nama_resmi": "Kabupaten Buru", "tipe": "Kabupaten", "provinsi": "Maluku", "pulau": "Maluku", "parlemen": 16.0, "pendapatan": 28.79, "pengeluaran": 8474.0, "ahh": 69.17, "profesional": 58.39, "tpak": 66.41, "rls": 8.48, "hls": 12.85, "skor_ekonomi": 36.59, "skor_keputusan": 52.06, "skor_kapasitas_sosial": 49.18, "ikpp_komposit": 45.3, "kuadran": "Kuadran I (Ekonomi Tinggi, Keputusan Tinggi)", "lisa_cluster_keputusan": "Not Significant", "lisa_cluster_ekonomi": "Not Significant", "pc1": -1.074, "pc2": -0.529, "lat": -3.259, "lon": 127.103}, "geometry": {"type": "Polygon", "coordinates": [[[126.1245, -3.1511], [126.1066, -3.166], [126.1041, -3.2637], [126.1398, -3.2939], [126.2414, -3.2897], [126.3081, -3.3176], [126.33, -3.351], [126.433, -3.3903], [126.4785, -3.4739], [126.5377, -3.4515], [126.5963, -3.4581], [126.618, -3.5251], [126.643, -3.5086], [126.6804, -3.5351], [126.7256, -3.6553], [126.7714, -3.6716], [126.8469, -3.6609], [126.9308, -3.6335], [126.976, -3.602], [127.0375, -3.5782], [127.088, -3.5186], [127.1409, -3.5187], [127.1924, -3.5679], [127.1901, -3.601], [127.2402, -3.6238], [127.251, -3.5931], [127.2484, -3.4521], [127.2587, -3.3736], [127.1849, -3.3568], [127.1601, -3.3367], [127.1242, -3.3831], [127.0711, -3.3632], [127.0494, -3.336], [127.0347, -3.2655], [127.1111, -3.2356], [127.0543, -3.1796], [126.9838, -3.1386], [126.9355, -3.1435], [126.8952, -3.1279], [126.8603, -3.0913], [126.7891, -3.0593], [126.7054, -3.0575], [126.6498, -3.0716], [126.598, -3.0639], [126.4717, -3.084], [126.4045, -3.0814], [126.3461, -3.101], [126.2928, -3.0977], [126.2353, -3.132], [126.2224, -3.1833], [126.163, -3.1763], [126.1245, -3.1511]]]}}, {"type": "Feature", "id": 3376, "properties": {"WADMKK": "Kota Tegal", "WADMPR": "Jawa Tengah", "KDPKAB": "33.76", "LUASWH": 0.70274745, "kode_wilayah": 3376, "nama_resmi": "Kota Tegal", "tipe": "Kota", "provinsi": "Jawa Tengah", "pulau": "Jawa", "parlemen": 13.33, "pendapatan": 30.24, "pengeluaran": 14358.0, "ahh": 76.97, "profesional": 54.44, "tpak": 55.63, "rls": 9.28, "hls": 13.25, "skor_ekonomi": 31.26, "skor_keputusan": 46.99, "skor_kapasitas_sosial": 67.58, "ikpp_komposit": 44.82, "kuadran": "Kuadran III (Ekonomi Rendah, Keputusan Rendah)", "lisa_cluster_keputusan": "Not Significant", "lisa_cluster_ekonomi": "Not Significant", "pc1": 1.336, "pc2": 0.056, "lat": -6.87, "lon": 109.137}, "geometry": {"type": "Polygon", "coordinates": [[[109.0764, -6.8892], [109.1254, -6.8985], [109.1617, -6.8447], [109.1021, -6.8402], [109.0764, -6.8892]]]}}, {"type": "Feature", "id": 9110, "properties": {"WADMKK": "Maybrat", "WADMPR": "Papua Barat Daya", "KDPKAB": "92.10", "LUASWH": 1.97008553, "kode_wilayah": 9110, "nama_resmi": "Kabupaten Maybrat", "tipe": "Kabupaten", "provinsi": "Papua Barat Daya", "pulau": "Papua", "parlemen": 20.0, "pendapatan": 31.2, "pengeluaran": 8761.0, "ahh": 67.54, "profesional": 45.21, "tpak": 45.15, "rls": 8.4, "hls": 12.12, "skor_ekonomi": 25.66, "skor_keputusan": 46.88, "skor_kapasitas_sosial": 45.77, "ikpp_komposit": 38.17, "kuadran": "Kuadran III (Ekonomi Rendah, Keputusan Rendah)", "lisa_cluster_keputusan": "Low-Low (Coldspot)", "lisa_cluster_ekonomi": "Low-High (Spatial Outlier)", "pc1": -1.11, "pc2": -1.588, "lat": -1.869, "lon": 138.744}, "geometry": {"type": "Polygon", "coordinates": [[[132.0713, -1.0903], [132.0939, -1.25], [132.1146, -1.3239], [132.1691, -1.3467], [132.256, -1.4174], [132.3629, -1.5379], [132.4079, -1.5628], [132.4358, -1.6045], [132.397, -1.7017], [132.4204, -1.7589], [132.4797, -1.7307], [132.5073, -1.7673], [132.4093, -1.7812], [132.4417, -1.8324], [132.4468, -1.8849], [132.4957, -1.826], [132.5223, -1.8202], [132.627, -1.858], [132.6222, -1.8761], [132.7143, -1.8831], [132.7366, -1.8489], [132.7724, -1.7263], [132.7697, -1.654], [132.7873, -1.5739], [132.8232, -1.5562], [132.8565, -1.4936], [132.8544, -1.4498], [132.8866, -1.4222], [132.9093, -1.3626], [132.9048, -1.2938], [132.8109, -1.2184], [132.821, -1.1908], [132.786, -1.1486], [132.6927, -1.176], [132.5783, -1.1452], [132.568, -1.099], [132.6117, -1.063], [132.5636, -1.007], [132.4755, -1.0346], [132.4041, -1.0149], [132.4028, -0.9906], [132.2768, -0.9243], [132.2412, -0.9428], [132.2105, -0.9689], [132.2261, -1.0452], [132.1584, -1.1098], [132.1336, -1.092], [132.0713, -1.0903]]]}}, {"type": "Feature", "id": 3526, "properties": {"WADMKK": "Bangkalan", "WADMPR": "Jawa Timur", "KDPKAB": "35.26", "LUASWH": 1.68701223, "kode_wilayah": 3526, "nama_resmi": "Kabupaten Bangkalan", "tipe": "Kabupaten", "provinsi": "Jawa Timur", "pulau": "Jawa", "parlemen": 2.0, "pendapatan": 37.19, "pengeluaran": 9841.0, "ahh": 72.99, "profesional": 43.04, "tpak": 57.37, "rls": 6.01, "hls": 11.98, "skor_ekonomi": 38.98, "skor_keputusan": 29.06, "skor_kapasitas_sosial": 48.37, "ikpp_komposit": 36.89, "kuadran": "Kuadran IV (Ekonomi Tinggi, Keputusan Rendah)", "lisa_cluster_keputusan": "Not Significant", "lisa_cluster_ekonomi": "Not Significant", "pc1": -2.045, "pc2": 0.217, "lat": -7.046, "lon": 112.737}, "geometry": {"type": "Polygon", "coordinates": [[[113.0405, -7.2128], [113.0574, -7.1639], [113.1139, -7.1126], [113.1117, -7.0344], [113.1475, -6.99], [113.1074, -6.9814], [113.0973, -6.9428], [113.1247, -6.893], [113.0105, -6.881], [112.9218, -6.8939], [112.858, -6.8935], [112.8279, -6.9182], [112.7852, -6.9881], [112.7232, -7.0386], [112.6827, -7.0322], [112.6742, -7.074], [112.7064, -7.0982], [112.6913, -7.1539], [112.7225, -7.1753], [112.7769, -7.1593], [112.865, -7.1621], [112.9652, -7.2004], [113.0405, -7.2128]]]}}, {"type": "Feature", "id": 1275, "properties": {"WADMKK": "Kota Medan", "WADMPR": "Sumatera Utara", "KDPKAB": "12.71", "LUASWH": 1.2604655, "kode_wilayah": 1275, "nama_resmi": "Kota Medan", "tipe": "Kota", "provinsi": "Sumatera Utara", "pulau": "Sumatera", "parlemen": 16.0, "pendapatan": 33.08, "pengeluaran": 16069.0, "ahh": 76.68, "profesional": 50.75, "tpak": 52.15, "rls": 11.79, "hls": 14.79, "skor_ekonomi": 31.81, "skor_keputusan": 46.95, "skor_kapasitas_sosial": 77.3, "ikpp_komposit": 46.96, "kuadran": "Kuadran III (Ekonomi Rendah, Keputusan Rendah)", "lisa_cluster_keputusan": "Not Significant", "lisa_cluster_ekonomi": "Not Significant", "pc1": 2.931, "pc2": 0.816, "lat": 3.603, "lon": 98.483}, "geometry": {"type": "Polygon", "coordinates": [[[98.7102, 3.7948], [98.6512, 3.7823], [98.6337, 3.684], [98.6587, 3.6753], [98.6526, 3.6152], [98.6068, 3.6106], [98.6297, 3.5117], [98.7453, 3.5369], [98.7074, 3.6185], [98.7047, 3.7093], [98.7271, 3.7325], [98.707, 3.7718], [98.7102, 3.7948]]]}}, {"type": "Feature", "id": 7101, "properties": {"WADMKK": "Bolaang Mongondow", "WADMPR": "Sulawesi Utara", "KDPKAB": "71.01", "LUASWH": 5.82975274, "kode_wilayah": 7101, "nama_resmi": "Kabupaten Bolaang Mongondow", "tipe": "Kabupaten", "provinsi": "Sulawesi Utara", "pulau": "Sulawesi", "parlemen": 30.0, "pendapatan": 28.57, "pengeluaran": 12412.0, "ahh": 74.32, "profesional": 50.94, "tpak": 43.66, "rls": 10.35, "hls": 13.08, "skor_ekonomi": 22.22, "skor_keputusan": 59.8, "skor_kapasitas_sosial": 64.32, "ikpp_komposit": 45.67, "kuadran": "Kuadran II (Ekonomi Rendah, Keputusan Tinggi)", "lisa_cluster_keputusan": "High-High (Hotspot)", "lisa_cluster_ekonomi": "Low-Low (Coldspot)", "pc1": 1.658, "pc2": -1.36, "lat": 0.871, "lon": 124.024}, "geometry": {"type": "Polygon", "coordinates": [[[123.6429, 0.5735], [123.7136, 0.5632], [123.7202, 0.5264], [123.6902, 0.4863], [123.7135, 0.4668], [123.7916, 0.4407], [123.8604, 0.459], [123.9329, 0.4321], [123.9689, 0.4657], [124.0254, 0.4779], [124.0482, 0.511], [124.1133, 0.5273], [124.1607, 0.5617], [124.1949, 0.5283], [124.2747, 0.5449], [124.3375, 0.6151], [124.3417, 0.6484], [124.2934, 0.6599], [124.2696, 0.7431], [124.3212, 0.7746], [124.3571, 0.7553], [124.4359, 0.7861], [124.4354, 0.8312], [124.3796, 0.8699], [124.3722, 0.9519], [124.3569, 0.9821], [124.2978, 1.0108], [124.2036, 0.99], [124.1366, 0.9282], [124.0725, 0.9211], [123.9708, 0.8751], [123.9351, 0.8357], [123.8117, 0.8451], [123.7505, 0.8318], [123.727, 0.8641], [123.6889, 0.7941], [123.702, 0.7347], [123.7414, 0.6853], [123.7262, 0.6431], [123.6934, 0.6116], [123.6345, 0.6007], [123.6429, 0.5735]]]}}, {"type": "Feature", "id": 1107, "properties": {"WADMKK": "Aceh Barat", "WADMPR": "Aceh", "KDPKAB": "11.05", "LUASWH": 2.98246138, "kode_wilayah": 1107, "nama_resmi": "Kabupaten Aceh Barat", "tipe": "Kabupaten", "provinsi": "Aceh", "pulau": "Sumatera", "parlemen": 12.0, "pendapatan": 30.21, "pengeluaran": 10548.0, "ahh": 70.52, "profesional": 62.32, "tpak": 47.15, "rls": 9.99, "hls": 14.93, "skor_ekonomi": 25.96, "skor_keputusan": 51.05, "skor_kapasitas_sosial": 60.16, "ikpp_komposit": 42.84, "kuadran": "Kuadran II (Ekonomi Rendah, Keputusan Tinggi)", "lisa_cluster_keputusan": "Not Significant", "lisa_cluster_ekonomi": "Not Significant", "pc1": 1.158, "pc2": -0.465, "lat": 5.368, "lon": 95.958}, "geometry": {"type": "Polygon", "coordinates": [[[95.8763, 4.3698], [96.0214, 4.2091], [96.0613, 4.2028], [96.122, 4.1406], [96.1897, 4.1069], [96.2679, 4.1439], [96.2791, 4.184], [96.2549, 4.2383], [96.2588, 4.2739], [96.3107, 4.337], [96.3202, 4.3677], [96.3721, 4.4179], [96.4377, 4.4251], [96.4822, 4.4611], [96.4922, 4.5477], [96.4901, 4.6248], [96.4514, 4.6222], [96.4062, 4.67], [96.362, 4.67], [96.2705, 4.6977], [96.2603, 4.7124], [96.1676, 4.7501], [96.1586, 4.7107], [96.111, 4.6901], [96.1068, 4.7497], [96.0002, 4.7495], [96.0428, 4.6599], [96.026, 4.6139], [96.042, 4.5886], [95.9506, 4.4989], [95.9259, 4.4424], [95.8763, 4.3698]]]}}, {"type": "Feature", "id": 3173, "properties": {"WADMKK": "Kota Administrasi Jakarta Pusat", "WADMPR": "DKI Jakarta", "KDPKAB": "31.71", "LUASWH": 1.58401296, "kode_wilayah": 3173, "nama_resmi": "Kota Jakarta Pusat", "tipe": "Kota", "provinsi": "DKI Jakarta", "pulau": "Jawa", "parlemen": 25.47, "pendapatan": 39.67, "pengeluaran": 18661.0, "ahh": 76.94, "profesional": 42.07, "tpak": 50.44, "rls": 11.61, "hls": 13.31, "skor_ekonomi": 37.03, "skor_keputusan": 49.75, "skor_kapasitas_sosial": 76.97, "ikpp_komposit": 50.11, "kuadran": "Kuadran I (Ekonomi Tinggi, Keputusan Tinggi)", "lisa_cluster_keputusan": "Not Significant", "lisa_cluster_ekonomi": "High-Low (Spatial Outlier)", "pc1": 2.761, "pc2": 0.882, "lat": -6.184, "lon": 106.737}, "geometry": {"type": "Polygon", "coordinates": [[[106.7924, -6.2078], [106.8491, -6.2076], [106.8789, -6.1664], [106.8213, -6.1369], [106.8275, -6.1598], [106.7924, -6.2078]]]}}, {"type": "Feature", "id": 3277, "properties": {"WADMKK": "Kota Cimahi", "WADMPR": "Jawa Barat", "KDPKAB": "32.77", "LUASWH": 2.82471897, "kode_wilayah": 3277, "nama_resmi": "Kota Cimahi", "tipe": "Kota", "provinsi": "Jawa Barat", "pulau": "Jawa", "parlemen": 26.67, "pendapatan": 30.68, "pengeluaran": 13278.0, "ahh": 77.01, "profesional": 48.43, "tpak": 49.99, "rls": 11.52, "hls": 13.85, "skor_ekonomi": 28.17, "skor_keputusan": 55.1, "skor_kapasitas_sosial": 72.73, "ikpp_komposit": 47.85, "kuadran": "Kuadran II (Ekonomi Rendah, Keputusan Tinggi)", "lisa_cluster_keputusan": "Not Significant", "lisa_cluster_ekonomi": "Not Significant", "pc1": 2.376, "pc2": -0.204, "lat": -6.871, "lon": 107.555}, "geometry": {"type": "Polygon", "coordinates": [[[107.5455, -6.9268], [107.5716, -6.8821], [107.5494, -6.8385], [107.5133, -6.8852], [107.5257, -6.9212], [107.5455, -6.9268]]]}}, {"type": "Feature", "id": 7173, "properties": {"WADMKK": "Kota Tomohon", "WADMPR": "Sulawesi Utara", "KDPKAB": "71.73", "LUASWH": 3.0528284, "kode_wilayah": 7173, "nama_resmi": "Kota Tomohon", "tipe": "Kota", "provinsi": "Sulawesi Utara", "pulau": "Sulawesi", "parlemen": 25.0, "pendapatan": 34.14, "pengeluaran": 12281.0, "ahh": 71.43, "profesional": 54.07, "tpak": 30.82, "rls": 9.38, "hls": 13.39, "skor_ekonomi": 19.54, "skor_keputusan": 57.35, "skor_kapasitas_sosial": 58.79, "ikpp_komposit": 42.51, "kuadran": "Kuadran II (Ekonomi Rendah, Keputusan Tinggi)", "lisa_cluster_keputusan": "High-High (Hotspot)", "lisa_cluster_ekonomi": "Low-Low (Coldspot)", "pc1": 1.333, "pc2": -1.577, "lat": 1.315, "lon": 124.827}, "geometry": {"type": "Polygon", "coordinates": [[[124.8216, 1.2563], [124.8466, 1.2637], [124.8752, 1.3142], [124.8357, 1.4051], [124.791, 1.3979], [124.7339, 1.3269], [124.7364, 1.3039], [124.8216, 1.2563]]]}}, {"type": "Feature", "id": 5319, "properties": {"WADMKK": "Manggarai Timur", "WADMPR": "Nusa Tenggara Timur", "KDPKAB": "53.19", "LUASWH": 8.92455744, "kode_wilayah": 5319, "nama_resmi": "Kabupaten Manggarai Timur", "tipe": "Kabupaten", "provinsi": "Nusa Tenggara Timur", "pulau": "Bali & Nusa Tenggara", "parlemen": 3.33, "pendapatan": 36.3, "pengeluaran": 6561.0, "ahh": 70.73, "profesional": 55.85, "tpak": 78.47, "rls": 7.96, "hls": 12.66, "skor_ekonomi": 51.26, "skor_keputusan": 38.84, "skor_kapasitas_sosial": 47.89, "ikpp_komposit": 45.62, "kuadran": "Kuadran IV (Ekonomi Tinggi, Keputusan Rendah)", "lisa_cluster_keputusan": "Low-Low (Coldspot)", "lisa_cluster_ekonomi": "High-High (Hotspot)", "pc1": -2.311, "pc2": 1.127, "lat": -8.749, "lon": 120.609}, "geometry": {"type": "Polygon", "coordinates": [[[120.5183, -8.8184], [120.5986, -8.816], [120.6329, -8.8573], [120.7543, -8.8927], [120.8185, -8.8353], [120.8549, -8.7507], [120.8467, -8.7041], [120.8898, -8.6564], [120.8819, -8.6041], [120.8582, -8.5713], [120.8519, -8.5047], [120.8933, -8.4966], [120.923, -8.4671], [120.9134, -8.4084], [120.9258, -8.3543], [120.8545, -8.3576], [120.8096, -8.3389], [120.736, -8.3495], [120.6889, -8.3295], [120.6319, -8.2711], [120.5617, -8.3012], [120.5321, -8.2777], [120.4938, -8.2932], [120.4781, -8.3818], [120.5118, -8.408], [120.5464, -8.4941], [120.5104, -8.5657], [120.5267, -8.6023], [120.5165, -8.6382], [120.471, -8.6672], [120.4981, -8.7143], [120.5183, -8.8184]]]}}, {"type": "Feature", "id": 3574, "properties": {"WADMKK": "Kota Probolinggo", "WADMPR": "Jawa Timur", "KDPKAB": "35.74", "LUASWH": 1.15280035, "kode_wilayah": 3574, "nama_resmi": "Kota Probolinggo", "tipe": "Kota", "provinsi": "Jawa Timur", "pulau": "Jawa", "parlemen": 26.67, "pendapatan": 31.28, "pengeluaran": 13405.0, "ahh": 73.21, "profesional": 49.7, "tpak": 53.09, "rls": 9.72, "hls": 13.98, "skor_ekonomi": 30.68, "skor_keputusan": 55.95, "skor_kapasitas_sosial": 64.06, "ikpp_komposit": 47.46, "kuadran": "Kuadran II (Ekonomi Rendah, Keputusan Tinggi)", "lisa_cluster_keputusan": "Not Significant", "lisa_cluster_ekonomi": "Not Significant", "pc1": 1.383, "pc2": -0.411, "lat": -7.754, "lon": 113.214}, "geometry": {"type": "Polygon", "coordinates": [[[113.1805, -7.7438], [113.164, -7.7793], [113.1786, -7.8101], [113.2351, -7.8042], [113.2365, -7.7393], [113.1805, -7.7438]]]}}, {"type": "Feature", "id": 7602, "properties": {"WADMKK": "Polewali Mandar", "WADMPR": "Sulawesi Barat", "KDPKAB": "76.04", "LUASWH": 9.20374764, "kode_wilayah": 7602, "nama_resmi": "Kabupaten Polewali Mandar", "tipe": "Kabupaten", "provinsi": "Sulawesi Barat", "pulau": "Sulawesi", "parlemen": 20.0, "pendapatan": 38.75, "pengeluaran": 9684.0, "ahh": 68.96, "profesional": 55.53, "tpak": 56.25, "rls": 10.26, "hls": 14.09, "skor_ekonomi": 39.77, "skor_keputusan": 53.78, "skor_kapasitas_sosial": 56.33, "ikpp_komposit": 48.69, "kuadran": "Kuadran I (Ekonomi Tinggi, Keputusan Tinggi)", "lisa_cluster_keputusan": "Not Significant", "lisa_cluster_ekonomi": "Not Significant", "pc1": 0.199, "pc2": 0.302, "lat": -2.69, "lon": 118.885}, "geometry": {"type": "Polygon", "coordinates": [[[119.0053, -3.5334], [119.0654, -3.5026], [119.1176, -3.5134], [119.135, -3.4945], [119.2357, -3.485], [119.2853, -3.4296], [119.3416, -3.433], [119.3672, -3.4533], [119.448, -3.4765], [119.474, -3.5018], [119.4919, -3.4741], [119.4691, -3.4333], [119.4656, -3.3773], [119.4314, -3.3391], [119.3956, -3.3096], [119.3019, -3.2648], [119.3108, -3.2391], [119.2573, -3.158], [119.2743, -3.0933], [119.2619, -3.0728], [119.2069, -3.1016], [119.1544, -3.1088], [119.1122, -3.0925], [119.0741, -3.1117], [119.0367, -3.0845], [118.9466, -3.1066], [118.9547, -3.1593], [118.9098, -3.1636], [118.9255, -3.328], [118.9389, -3.3593], [118.9155, -3.4086], [118.9513, -3.4454], [118.9676, -3.4977], [119.0053, -3.5334]]]}}, {"type": "Feature", "id": 3529, "properties": {"WADMKK": "Sumenep", "WADMPR": "Jawa Timur", "KDPKAB": "35.29", "LUASWH": 2.27835608, "kode_wilayah": 3529, "nama_resmi": "Kabupaten Sumenep", "tipe": "Kabupaten", "provinsi": "Jawa Timur", "pulau": "Jawa", "parlemen": 8.0, "pendapatan": 36.98, "pengeluaran": 10156.0, "ahh": 74.72, "profesional": 48.15, "tpak": 69.82, "rls": 6.1, "hls": 13.59, "skor_ekonomi": 46.53, "skor_keputusan": 37.94, "skor_kapasitas_sosial": 54.14, "ikpp_komposit": 44.62, "kuadran": "Kuadran IV (Ekonomi Tinggi, Keputusan Rendah)", "lisa_cluster_keputusan": "Not Significant", "lisa_cluster_ekonomi": "Not Significant", "pc1": -1.334, "pc2": 1.004, "lat": -7.014, "lon": 113.864}, "geometry": {"type": "MultiPolygon", "coordinates": [[[[113.602, -7.1285], [113.6534, -7.1278], [113.6777, -7.1091], [113.816, -7.1331], [113.8862, -7.1341], [113.8688, -7.0955], [113.9207, -7.0429], [113.9411, -7.0573], [113.9919, -7.0073], [114.0598, -7.003], [114.0934, -6.9798], [114.1032, -6.9376], [113.9673, -6.8731], [113.9076, -6.8634], [113.7957, -6.8859], [113.6425, -6.8876], [113.6401, -6.9277], [113.5766, -7.0319], [113.6212, -7.0848], [113.602, -7.1285]]], [[[114.3324, -7.0557], [114.2754, -7.0829], [114.2766, -7.111], [114.3134, -7.16], [114.3868, -7.1817], [114.406, -7.1697], [114.3678, -7.0842], [114.3324, -7.0557]]], [[[114.0634, -7.1013], [114.049, -7.0744], [113.9806, -7.0727], [113.9918, -7.1066], [114.0634, -7.1013]]], [[[115.787, -7.1123], [115.7413, -7.1531], [115.7552, -7.1721], [115.8385, -7.2065], [115.8766, -7.2027], [115.8993, -7.1741], [115.8705, -7.1317], [115.8431, -7.1626], [115.7936, -7.1388], [115.787, -7.1123]]], [[[115.5912, -6.9425], [115.5729, -6.9756], [115.6153, -7.003], [115.675, -6.9903], [115.5912, -6.9425]]], [[[115.35, -6.9384], [115.3974, -6.907], [115.4088, -6.9392], [115.4554, -6.9134], [115.5482, -6.9661], [115.5712, -6.9423], [115.5596, -6.9063], [115.4365, -6.8466], [115.3935, -6.8346], [115.2437, -6.8281], [115.2531, -6.8622], [115.2066, -6.8897], [115.2027, -6.9369], [115.2567, -6.9535], [115.2657, -6.9938], [115.3815, -6.9951], [115.3864, -6.9599], [115.35, -6.9384]]]]}}, {"type": "Feature", "id": 1215, "properties": {"WADMKK": "Humbang Hasundutan", "WADMPR": "Sumatera Utara", "KDPKAB": "12.16", "LUASWH": 8.66736231, "kode_wilayah": 1215, "nama_resmi": "Kabupaten Humbang Hasundutan", "tipe": "Kabupaten", "provinsi": "Sumatera Utara", "pulau": "Sumatera", "parlemen": 16.67, "pendapatan": 49.17, "pengeluaran": 8844.0, "ahh": 72.51, "profesional": 51.6, "tpak": 84.6, "rls": 10.13, "hls": 13.46, "skor_ekonomi": 67.36, "skor_keputusan": 48.13, "skor_kapasitas_sosial": 58.75, "ikpp_komposit": 57.95, "kuadran": "Kuadran I (Ekonomi Tinggi, Keputusan Tinggi)", "lisa_cluster_keputusan": "Not Significant", "lisa_cluster_ekonomi": "High-High (Hotspot)", "pc1": -1.034, "pc2": 2.827, "lat": 2.541, "lon": 98.323}, "geometry": {"type": "Polygon", "coordinates": [[[98.6722, 2.0108], [98.7147, 2.1028], [98.8207, 2.1747], [98.8118, 2.2019], [98.9116, 2.2215], [98.945, 2.2639], [98.9482, 2.3191], [98.8881, 2.3266], [98.8498, 2.3559], [98.8077, 2.374], [98.7302, 2.4388], [98.6734, 2.4062], [98.6188, 2.3958], [98.5592, 2.4378], [98.5239, 2.4264], [98.4574, 2.4365], [98.4214, 2.4764], [98.3764, 2.4625], [98.3488, 2.423], [98.2987, 2.4175], [98.3064, 2.3471], [98.2608, 2.3319], [98.2661, 2.2636], [98.2771, 2.2053], [98.3162, 2.1581], [98.3923, 2.118], [98.511, 2.078], [98.5963, 2.0816], [98.6063, 2.0314], [98.6459, 1.9992], [98.6722, 2.0108]]]}}, {"type": "Feature", "id": 1111, "properties": {"WADMKK": "Aceh Utara", "WADMPR": "Aceh", "KDPKAB": "11.08", "LUASWH": 1.02354021, "kode_wilayah": 1111, "nama_resmi": "Kabupaten Aceh Utara", "tipe": "Kabupaten", "provinsi": "Aceh", "pulau": "Sumatera", "parlemen": 0.0, "pendapatan": 33.77, "pengeluaran": 9374.0, "ahh": 71.3, "profesional": 61.56, "tpak": 42.04, "rls": 9.11, "hls": 14.75, "skor_ekonomi": 26.17, "skor_keputusan": 39.64, "skor_kapasitas_sosial": 57.77, "ikpp_komposit": 37.88, "kuadran": "Kuadran III (Ekonomi Rendah, Keputusan Rendah)", "lisa_cluster_keputusan": "Not Significant", "lisa_cluster_ekonomi": "Low-Low (Coldspot)", "pc1": 0.499, "pc2": -0.126, "lat": 5.208, "lon": 96.726}, "geometry": {"type": "Polygon", "coordinates": [[[97.3186, 4.7371], [97.3375, 4.7784], [97.3998, 4.7687], [97.434, 4.7867], [97.4379, 4.8221], [97.477, 4.8393], [97.5142, 5.033], [97.5085, 5.069], [97.4596, 5.1123], [97.5009, 5.19], [97.4836, 5.2431], [97.2027, 5.1426], [97.1763, 5.1421], [97.1777, 5.0837], [97.1306, 5.0909], [97.0369, 5.2133], [97.0459, 5.2418], [96.9762, 5.2626], [96.9075, 5.2511], [96.9176, 5.2007], [96.8903, 5.1749], [96.8757, 5.1172], [96.8336, 5.0888], [96.813, 4.9757], [96.7865, 4.94], [96.8462, 4.8821], [96.9554, 4.8588], [97.001, 4.8647], [97.013, 4.9075], [97.1312, 4.9121], [97.2427, 4.8735], [97.2802, 4.8264], [97.2522, 4.758], [97.3186, 4.7371]]]}}, {"type": "Feature", "id": 5312, "properties": {"WADMKK": "Ngada", "WADMPR": "Nusa Tenggara Timur", "KDPKAB": "53.09", "LUASWH": 11.41993312, "kode_wilayah": 5312, "nama_resmi": "Kabupaten Ngada", "tipe": "Kabupaten", "provinsi": "Nusa Tenggara Timur", "pulau": "Bali & Nusa Tenggara", "parlemen": 0.0, "pendapatan": 50.38, "pengeluaran": 9585.0, "ahh": 70.95, "profesional": 54.96, "tpak": 83.57, "rls": 8.83, "hls": 12.75, "skor_ekonomi": 67.87, "skor_keputusan": 35.22, "skor_kapasitas_sosial": 53.18, "ikpp_komposit": 51.87, "kuadran": "Kuadran IV (Ekonomi Tinggi, Keputusan Rendah)", "lisa_cluster_keputusan": "Not Significant", "lisa_cluster_ekonomi": "High-High (Hotspot)", "pc1": -2.016, "pc2": 3.064, "lat": -9.647, "lon": 119.394}, "geometry": {"type": "Polygon", "coordinates": [[[120.8185, -8.8353], [120.8551, -8.8412], [120.8689, -8.881], [120.9465, -8.9398], [121.0302, -8.9564], [121.139, -8.898], [121.1153, -8.8753], [121.1363, -8.8377], [121.1039, -8.7496], [121.1279, -8.7024], [121.1011, -8.6618], [121.1328, -8.6429], [121.1426, -8.5509], [121.194, -8.5107], [121.1616, -8.4799], [121.1732, -8.4411], [120.9897, -8.3923], [120.9774, -8.3469], [120.9258, -8.3543], [120.9134, -8.4084], [120.923, -8.4671], [120.8933, -8.4966], [120.8519, -8.5047], [120.8582, -8.5713], [120.8819, -8.6041], [120.8898, -8.6564], [120.8467, -8.7041], [120.8549, -8.7507], [120.8185, -8.8353]]]}}, {"type": "Feature", "id": 9103, "properties": {"WADMKK": "Teluk Wondama", "WADMPR": "Papua Barat", "KDPKAB": "92.07", "LUASWH": 163.57881766, "kode_wilayah": 9103, "nama_resmi": "Kabupaten Teluk Wondama", "tipe": "Kabupaten", "provinsi": "Papua Barat", "pulau": "Papua", "parlemen": 28.0, "pendapatan": 22.65, "pengeluaran": 13459.738192644438, "ahh": 74.34343990559658, "profesional": 40.23, "tpak": 44.28718621779454, "rls": 9.094406708235134, "hls": 13.05992348860372, "skor_ekonomi": 16.96, "skor_keputusan": 50.82, "skor_kapasitas_sosial": 62.5, "ikpp_komposit": 39.61, "kuadran": "Kuadran II (Ekonomi Rendah, Keputusan Tinggi)", "lisa_cluster_keputusan": "High-Low (Spatial Outlier)", "lisa_cluster_ekonomi": "Not Significant", "pc1": 1.277, "pc2": -1.778, "lat": -2.55, "lon": 140.477}, "geometry": {"type": "MultiPolygon", "coordinates": [[[[134.7146, -3.3011], [134.6935, -3.2908], [134.6806, -3.1998], [134.6171, -3.083], [134.6312, -3.0618], [134.6111, -2.9763], [134.6042, -2.8845], [134.5855, -2.8048], [134.6614, -2.7563], [134.6541, -2.6802], [134.6613, -2.6123], [134.6413, -2.5059], [134.5327, -2.4493], [134.477, -2.5229], [134.4622, -2.5933], [134.4974, -2.6601], [134.507, -2.7631], [134.5241, -2.7918], [134.4959, -2.8587], [134.4591, -2.8631], [134.3599, -2.6203], [134.3325, -2.5823], [134.3369, -2.549], [134.2761, -2.4656], [134.2157, -2.421], [134.1761, -2.3562], [134.1543, -2.291], [134.1356, -2.1532], [134.1036, -2.072], [134.1404, -2.0019], [134.1373, -1.942], [134.1013, -1.836], [134.1019, -1.766], [134.0783, -1.8023], [134.0084, -1.8384], [134.0543, -1.889], [134.0618, -2.043], [134.0837, -2.1125], [134.077, -2.1959], [134.1042, -2.3075], [134.1007, -2.3924], [134.1164, -2.4589], [134.1579, -2.4997], [134.1913, -2.5711], [134.2638, -2.613], [134.2476, -2.6479], [134.2742, -2.7451], [134.3144, -2.7692], [134.3081, -2.7977], [134.3299, -2.8858], [134.3247, -2.9088], [134.3587, -2.9501], [134.2884, -3.1114], [134.2294, -3.1188], [134.2038, -3.0777], [134.198, -3.1815], [134.2292, -3.2794], [134.2768, -3.3748], [134.3449, -3.4701], [134.3931, -3.4616], [134.511, -3.4983], [134.5332, -3.4796], [134.5823, -3.4808], [134.5884, -3.426], [134.6146, -3.4044], [134.6199, -3.3608], [134.5975, -3.3117], [134.6533, -3.3149], [134.7146, -3.3011]]], [[[134.5232, -2.3831], [134.5465, -2.4352], [134.5905, -2.395], [134.5626, -2.3683], [134.5232, -2.3831]]], [[[134.3497, -2.1672], [134.3729, -2.1436], [134.385, -2.0818], [134.4052, -2.0753], [134.4047, -2.01], [134.3627, -2.0022], [134.3157, -2.0785], [134.3373, -2.107], [134.3497, -2.1672]]], [[[134.2251, -1.7356], [134.1475, -1.8298], [134.1434, -1.9106], [134.191, -1.9045], [134.2382, -1.7585], [134.2251, -1.7356]]]]}}, {"type": "Feature", "id": 3401, "properties": {"WADMKK": "Kulon Progo", "WADMPR": "Daerah Istimewa Yogyakarta", "KDPKAB": "34.01", "LUASWH": 8.89477244, "kode_wilayah": 3401, "nama_resmi": "Kabupaten Kulon Progo", "tipe": "Kabupaten", "provinsi": "DI Yogyakarta", "pulau": "Jawa", "parlemen": 17.5, "pendapatan": 35.35, "pengeluaran": 10990.0, "ahh": 77.57, "profesional": 47.24, "tpak": 72.66, "rls": 9.2, "hls": 14.49, "skor_ekonomi": 46.74, "skor_keputusan": 45.96, "skor_kapasitas_sosial": 67.28, "ikpp_komposit": 50.54, "kuadran": "Kuadran IV (Ekonomi Tinggi, Keputusan Rendah)", "lisa_cluster_keputusan": "Not Significant", "lisa_cluster_ekonomi": "High-High (Hotspot)", "pc1": 0.544, "pc2": 1.458, "lat": -7.858, "lon": 110.159}, "geometry": {"type": "Polygon", "coordinates": [[[110.0035, -7.8883], [110.1431, -7.9468], [110.2115, -7.9855], [110.2737, -7.8932], [110.2216, -7.8379], [110.2334, -7.8152], [110.2159, -7.7418], [110.2699, -7.706], [110.2638, -7.6463], [110.1414, -7.6448], [110.1312, -7.7394], [110.0637, -7.8121], [110.0416, -7.8844], [110.0035, -7.8883]]]}}, {"type": "Feature", "id": 1403, "properties": {"WADMKK": "Indragiri Hilir", "WADMPR": "Riau", "KDPKAB": "14.04", "LUASWH": 22.67749905, "kode_wilayah": 1403, "nama_resmi": "Kabupaten Indragiri Hilir", "tipe": "Kabupaten", "provinsi": "Riau", "pulau": "Sumatera", "parlemen": 17.78, "pendapatan": 29.73, "pengeluaran": 11050.0, "ahh": 70.74, "profesional": 53.58, "tpak": 49.29, "rls": 7.32, "hls": 12.21, "skor_ekonomi": 26.83, "skor_keputusan": 50.46, "skor_kapasitas_sosial": 49.92, "ikpp_komposit": 40.9, "kuadran": "Kuadran II (Ekonomi Rendah, Keputusan Tinggi)", "lisa_cluster_keputusan": "Not Significant", "lisa_cluster_ekonomi": "Low-Low (Coldspot)", "pc1": -0.621, "pc2": -1.403, "lat": 1.473, "lon": 102.113}, "geometry": {"type": "Polygon", "coordinates": [[[102.6439, -1.1269], [102.7816, -1.0234], [102.7839, -0.9818], [102.86, -0.9278], [102.9278, -0.8661], [103.0036, -0.7547], [103.0808, -0.7619], [103.1118, -0.7466], [103.2082, -0.7571], [103.2395, -0.7706], [103.3025, -0.7655], [103.3528, -0.7992], [103.4312, -0.7781], [103.4411, -0.7317], [103.4066, -0.6475], [103.431, -0.6179], [103.4378, -0.5386], [103.4675, -0.506], [103.5063, -0.5166], [103.5437, -0.5035], [103.5984, -0.4487], [103.5841, -0.4009], [103.6965, -0.3559], [103.7782, -0.3463], [103.7596, -0.3004], [103.7089, -0.2564], [103.6632, -0.2509], [103.6397, -0.2254], [103.5115, -0.2016], [103.4713, -0.2096], [103.4556, -0.1838], [103.4937, -0.1581], [103.4735, -0.1021], [103.5808, -0.0623], [103.587, -0.0223], [103.6141, -0.0061], [103.685, -0.0277], [103.8104, 0.0086], [103.7748, 0.0989], [103.7653, 0.183], [103.7422, 0.2469], [103.6812, 0.3231], [103.6029, 0.3458], [103.5803, 0.3977], [103.5347, 0.4379], [103.4879, 0.46], [103.4125, 0.522], [103.3474, 0.5385], [103.3516, 0.4848], [103.2691, 0.438], [103.2114, 0.3688], [103.0736, 0.3134], [102.8979, 0.1859], [102.7874, 0.1183], [102.7169, 0.0935], [102.7168, -0.1639], [102.6899, -0.163], [102.6903, -0.246], [102.7168, -0.2447], [102.7168, -0.4543], [102.6864, -0.5126], [102.6906, -0.6529], [102.6509, -0.6811], [102.6374, -0.7446], [102.6766, -0.7777], [102.6288, -0.8178], [102.5745, -0.8821], [102.5643, -0.9369], [102.5746, -1.0068], [102.6014, -1.0425], [102.6067, -1.0978], [102.6439, -1.1269]]]}}, {"type": "Feature", "id": 7309, "properties": {"WADMKK": "Pangkajene Kepulauan", "WADMPR": "Sulawesi Selatan", "KDPKAB": "73.10", "LUASWH": 2.27109544, "kode_wilayah": 7309, "nama_resmi": "Kabupaten Pangkajene Dan Kepulauan", "tipe": "Kabupaten", "provinsi": "Sulawesi Selatan", "pulau": "Sulawesi", "parlemen": 8.57, "pendapatan": 32.41, "pengeluaran": 13209.0, "ahh": 73.05, "profesional": 60.43, "tpak": 39.21, "rls": 8.21, "hls": 13.03, "skor_ekonomi": 23.11, "skor_keputusan": 46.67, "skor_kapasitas_sosial": 58.53, "ikpp_komposit": 39.62, "kuadran": "Kuadran III (Ekonomi Rendah, Keputusan Rendah)", "lisa_cluster_keputusan": "Low-High (Spatial Outlier)", "lisa_cluster_ekonomi": "Not Significant", "pc1": 0.756, "pc2": -0.917, "lat": -5.016, "lon": 119.574}, "geometry": {"type": "Polygon", "coordinates": [[[119.5934, -4.5571], [119.546, -4.6536], [119.5252, -4.6755], [119.4914, -4.7656], [119.4973, -4.8317], [119.5191, -4.882], [119.6454, -4.9211], [119.6886, -4.9516], [119.7391, -4.9314], [119.7747, -4.9431], [119.802, -4.9168], [119.7963, -4.8648], [119.807, -4.8082], [119.7396, -4.8037], [119.6962, -4.7879], [119.6916, -4.7208], [119.6546, -4.7159], [119.6668, -4.6542], [119.6352, -4.6174], [119.6189, -4.5657], [119.5934, -4.5571]]]}}, {"type": "Feature", "id": 3371, "properties": {"WADMKK": "Magelang", "WADMPR": "Jawa Tengah", "KDPKAB": "33.08", "LUASWH": 1.17008341, "kode_wilayah": 3371, "nama_resmi": "Kota Magelang", "tipe": "Kota", "provinsi": "Jawa Tengah", "pulau": "Jawa", "parlemen": 28.0, "pendapatan": 42.09, "pengeluaran": 13619.0, "ahh": 79.53, "profesional": 43.42, "tpak": 57.68, "rls": 11.43, "hls": 14.62, "skor_ekonomi": 43.85, "skor_keputusan": 52.95, "skor_kapasitas_sosial": 77.6, "ikpp_komposit": 54.24, "kuadran": "Kuadran I (Ekonomi Tinggi, Keputusan Tinggi)", "lisa_cluster_keputusan": "Not Significant", "lisa_cluster_ekonomi": "High-High (Hotspot)", "pc1": 2.394, "pc2": 1.529, "lat": -7.504, "lon": 110.221}, "geometry": {"type": "Polygon", "coordinates": [[[110.2699, -7.706], [110.3036, -7.6554], [110.3913, -7.5945], [110.4452, -7.5412], [110.4162, -7.4956], [110.4393, -7.4536], [110.4143, -7.4166], [110.4025, -7.3636], [110.3791, -7.3346], [110.3265, -7.3238], [110.3166, -7.3524], [110.2666, -7.3819], [110.2349, -7.3732], [110.1328, -7.3884], [110.0743, -7.3851], [110.0443, -7.5347], [110.0942, -7.5657], [110.1414, -7.6448], [110.2638, -7.6463], [110.2699, -7.706]]]}}, {"type": "Feature", "id": 5320, "properties": {"WADMKK": "Sabu Raijua", "WADMPR": "Nusa Tenggara Timur", "KDPKAB": "53.20", "LUASWH": 7.64885593, "kode_wilayah": 5320, "nama_resmi": "Kabupaten Sabu Raijua", "tipe": "Kabupaten", "provinsi": "Nusa Tenggara Timur", "pulau": "Bali & Nusa Tenggara", "parlemen": 10.0, "pendapatan": 36.25, "pengeluaran": 6207.0, "ahh": 63.17, "profesional": 51.91, "tpak": 71.68, "rls": 6.99, "hls": 13.19, "skor_ekonomi": 46.99, "skor_keputusan": 42.27, "skor_kapasitas_sosial": 36.41, "ikpp_komposit": 42.99, "kuadran": "Kuadran IV (Ekonomi Tinggi, Keputusan Rendah)", "lisa_cluster_keputusan": "Low-Low (Coldspot)", "lisa_cluster_ekonomi": "High-High (Hotspot)", "pc1": -3.071, "pc2": 0.178, "lat": -10.453, "lon": 121.878}, "geometry": {"type": "Polygon", "coordinates": [[[121.8171, -10.6144], [121.8749, -10.6183], [121.9969, -10.5231], [122.0002, -10.4437], [121.9105, -10.4188], [121.852, -10.4417], [121.8408, -10.489], [121.6854, -10.5751], [121.7493, -10.6151], [121.8171, -10.6144]]]}}, {"type": "Feature", "id": 7402, "properties": {"WADMKK": "Muna", "WADMPR": "Sulawesi Tenggara", "KDPKAB": "74.03", "LUASWH": 5.65129078, "kode_wilayah": 7402, "nama_resmi": "Kabupaten Muna", "tipe": "Kabupaten", "provinsi": "Sulawesi Tenggara", "pulau": "Sulawesi", "parlemen": 10.0, "pendapatan": 36.49, "pengeluaran": 10739.0, "ahh": 72.89, "profesional": 58.65, "tpak": 61.69, "rls": 8.53, "hls": 13.53, "skor_ekonomi": 41.0, "skor_keputusan": 46.78, "skor_kapasitas_sosial": 57.6, "ikpp_komposit": 46.63, "kuadran": "Kuadran IV (Ekonomi Tinggi, Keputusan Rendah)", "lisa_cluster_keputusan": "Not Significant", "lisa_cluster_ekonomi": "Not Significant", "pc1": -0.176, "pc2": 0.585, "lat": -3.854, "lon": 122.043}, "geometry": {"type": "MultiPolygon", "coordinates": [[[[122.3168, -5.1423], [122.3548, -5.1534], [122.3757, -5.1929], [122.4497, -5.2346], [122.5282, -5.1951], [122.5614, -5.2279], [122.6069, -5.2232], [122.5883, -5.1602], [122.6386, -5.0583], [122.68, -5.0341], [122.722, -4.9654], [122.7587, -4.971], [122.7661, -4.8987], [122.7286, -4.8561], [122.7412, -4.7414], [122.7208, -4.6933], [122.7402, -4.6493], [122.6692, -4.6104], [122.6264, -4.642], [122.6583, -4.7271], [122.5916, -4.7689], [122.5657, -4.8062], [122.6027, -4.8289], [122.6216, -4.871], [122.6596, -4.8971], [122.5925, -4.9658], [122.5534, -4.9658], [122.4563, -4.9162], [122.4061, -4.9092], [122.3585, -4.9314], [122.38, -4.9679], [122.3818, -5.0878], [122.3279, -5.1038], [122.3168, -5.1423]]], [[[122.787, -5.0867], [122.8322, -5.0736], [122.8906, -5.0111], [122.8844, -4.9535], [122.9116, -4.8831], [122.9143, -4.829], [122.8799, -4.7768], [122.8975, -4.7363], [122.9014, -4.6735], [122.928, -4.6102], [122.8494, -4.606], [122.8284, -4.6773], [122.8556, -4.7863], [122.7924, -5.018], [122.787, -5.0867]]]]}}, {"type": "Feature", "id": 5311, "properties": {"WADMKK": "Ende", "WADMPR": "Nusa Tenggara Timur", "KDPKAB": "53.08", "LUASWH": 0.57397766, "kode_wilayah": 5311, "nama_resmi": "Kabupaten Ende", "tipe": "Kabupaten", "provinsi": "Nusa Tenggara Timur", "pulau": "Bali & Nusa Tenggara", "parlemen": 6.67, "pendapatan": 50.42, "pengeluaran": 10009.0, "ahh": 68.3, "profesional": 63.82, "tpak": 72.86, "rls": 8.29, "hls": 13.83, "skor_ekonomi": 61.25, "skor_keputusan": 47.21, "skor_kapasitas_sosial": 50.89, "ikpp_komposit": 53.56, "kuadran": "Kuadran IV (Ekonomi Tinggi, Keputusan Rendah)", "lisa_cluster_keputusan": "Not Significant", "lisa_cluster_ekonomi": "High-High (Hotspot)", "pc1": -1.379, "pc2": 2.222, "lat": -9.661, "lon": 120.261}, "geometry": {"type": "Polygon", "coordinates": [[[121.4142, -8.793], [121.5414, -8.8083], [121.5918, -8.8048], [121.6423, -8.8495], [121.6825, -8.846], [121.7334, -8.8766], [121.7742, -8.8827], [121.8827, -8.8283], [121.9241, -8.8314], [121.9946, -8.8062], [121.9935, -8.7539], [121.9582, -8.7571], [121.9271, -8.713], [121.9882, -8.6107], [122.0066, -8.5139], [122.0016, -8.4503], [121.942, -8.4694], [121.9134, -8.4956], [121.8436, -8.482], [121.8003, -8.5106], [121.7247, -8.4956], [121.6772, -8.5117], [121.6447, -8.4783], [121.6052, -8.4939], [121.5195, -8.6151], [121.4149, -8.6863], [121.395, -8.7206], [121.4176, -8.7531], [121.4142, -8.793]]]}}, {"type": "Feature", "id": 7407, "properties": {"WADMKK": "Wakatobi", "WADMPR": "Sulawesi Tenggara", "KDPKAB": "74.07", "LUASWH": 2.10866413, "kode_wilayah": 7407, "nama_resmi": "Kabupaten Wakatobi", "tipe": "Kabupaten", "provinsi": "Sulawesi Tenggara", "pulau": "Sulawesi", "parlemen": 28.0, "pendapatan": 42.9, "pengeluaran": 7996.0, "ahh": 70.69, "profesional": 50.77, "tpak": 72.73, "rls": 9.46, "hls": 12.55, "skor_ekonomi": 53.99, "skor_keputusan": 57.87, "skor_kapasitas_sosial": 52.36, "ikpp_komposit": 55.22, "kuadran": "Kuadran I (Ekonomi Tinggi, Keputusan Tinggi)", "lisa_cluster_keputusan": "Not Significant", "lisa_cluster_ekonomi": "High-Low (Spatial Outlier)", "pc1": -1.188, "pc2": 0.855, "lat": -5.328, "lon": 23.539}, "geometry": {"type": "MultiPolygon", "coordinates": [[[[124.0408, -6.0121], [124.0821, -6.0058], [124.0413, -5.9083], [123.9865, -5.8783], [123.9697, -5.9293], [123.9856, -5.9663], [124.0399, -5.9784], [124.0408, -6.0121]]], [[[123.9405, -5.7795], [123.996, -5.7701], [123.9638, -5.7317], [123.9042, -5.7198], [123.8935, -5.7409], [123.9405, -5.7795]]], [[[123.8026, -5.5949], [123.8105, -5.5578], [123.7327, -5.4804], [123.7264, -5.5204], [123.8026, -5.5949]]], [[[123.5947, -5.3866], [123.6393, -5.3658], [123.6447, -5.2964], [123.5897, -5.2487], [123.5329, -5.2478], [123.5194, -5.2679], [123.5492, -5.352], [123.5947, -5.3866]]]]}}, {"type": "Feature", "id": 6172, "properties": {"WADMKK": "Kota Singkawang", "WADMPR": "Kalimantan Barat", "KDPKAB": "61.72", "LUASWH": 19.03857737, "kode_wilayah": 6172, "nama_resmi": "Kota Singkawang", "tipe": "Kota", "provinsi": "Kalimantan Barat", "pulau": "Kalimantan", "parlemen": 16.67, "pendapatan": 29.16, "pengeluaran": 12945.0, "ahh": 75.06, "profesional": 57.32, "tpak": 50.46, "rls": 8.22, "hls": 12.95, "skor_ekonomi": 27.02, "skor_keputusan": 51.95, "skor_kapasitas_sosial": 60.8, "ikpp_komposit": 43.75, "kuadran": "Kuadran II (Ekonomi Rendah, Keputusan Tinggi)", "lisa_cluster_keputusan": "Not Significant", "lisa_cluster_ekonomi": "Not Significant", "pc1": 0.758, "pc2": -0.821, "lat": 0.905, "lon": 108.977}, "geometry": {"type": "Polygon", "coordinates": [[[108.8738, 0.8402], [108.8906, 0.8177], [108.9934, 0.7456], [109.0715, 0.756], [109.0515, 0.7883], [109.0612, 0.8423], [109.1743, 0.9068], [109.1759, 0.9624], [109.1295, 1.0179], [109.0833, 1.001], [109.0473, 1.0081], [108.9785, 0.9974], [108.9489, 0.8993], [108.8738, 0.8402]]]}}, {"type": "Feature", "id": 7605, "properties": {"WADMKK": "Pasangkayu", "WADMPR": "Sulawesi Barat", "KDPKAB": "76.01", "LUASWH": 25.27294517, "kode_wilayah": 7605, "nama_resmi": "Kabupaten Mamuju Utara", "tipe": "Kabupaten", "provinsi": "Sulawesi Barat", "pulau": "Sulawesi", "parlemen": 16.67, "pendapatan": 19.67, "pengeluaran": 11183.0, "ahh": 69.29, "profesional": 62.33, "tpak": 57.48, "rls": 9.79, "hls": 14.67, "skor_ekonomi": 22.33, "skor_keputusan": 55.31, "skor_kapasitas_sosial": 58.22, "ikpp_komposit": 42.7, "kuadran": "Kuadran II (Ekonomi Rendah, Keputusan Tinggi)", "lisa_cluster_keputusan": "Not Significant", "lisa_cluster_ekonomi": "Not Significant", "pc1": 1.009, "pc2": -1.186, "lat": -3.548, "lon": 118.959}, "geometry": {"type": "Polygon", "coordinates": [[[119.5612, -0.8495], [119.5377, -0.8788], [119.5219, -0.9355], [119.4753, -1.0168], [119.467, -1.0627], [119.44, -1.1038], [119.4003, -1.1283], [119.3372, -1.1927], [119.3033, -1.2735], [119.3328, -1.3481], [119.2908, -1.3933], [119.2885, -1.4501], [119.3266, -1.5725], [119.3043, -1.6403], [119.2845, -1.6608], [119.3141, -1.7905], [119.3409, -1.8185], [119.3425, -1.789], [119.4343, -1.7348], [119.4878, -1.7758], [119.5842, -1.8192], [119.6789, -1.825], [119.8295, -1.8053], [119.8715, -1.7797], [119.8245, -1.7675], [119.7954, -1.7399], [119.7369, -1.6101], [119.6723, -1.5464], [119.6928, -1.4727], [119.6833, -1.4412], [119.6433, -1.4052], [119.5934, -1.3964], [119.568, -1.4281], [119.5209, -1.4336], [119.4385, -1.3783], [119.4677, -1.2962], [119.5365, -1.2218], [119.5282, -1.1861], [119.5768, -1.1781], [119.5933, -1.125], [119.5731, -1.0777], [119.5759, -1.0208], [119.5572, -1.0096], [119.5612, -0.8495]]]}}, {"type": "Feature", "id": 3504, "properties": {"WADMKK": "Tulungagung", "WADMPR": "Jawa Timur", "KDPKAB": "35.04", "LUASWH": 4.01176303, "kode_wilayah": 3504, "nama_resmi": "Kabupaten Tulungagung", "tipe": "Kabupaten", "provinsi": "Jawa Timur", "pulau": "Jawa", "parlemen": 14.0, "pendapatan": 39.51, "pengeluaran": 11966.0, "ahh": 77.03, "profesional": 52.69, "tpak": 63.29, "rls": 8.68, "hls": 13.36, "skor_ekonomi": 44.88, "skor_keputusan": 46.43, "skor_kapasitas_sosial": 64.24, "ikpp_komposit": 49.37, "kuadran": "Kuadran IV (Ekonomi Tinggi, Keputusan Rendah)", "lisa_cluster_keputusan": "Not Significant", "lisa_cluster_ekonomi": "Not Significant", "pc1": 0.327, "pc2": 1.121, "lat": -8.064, "lon": 111.901}, "geometry": {"type": "Polygon", "coordinates": [[[112.0285, -8.3121], [112.0227, -8.2443], [112.0286, -8.169], [112.0786, -8.1875], [112.1208, -8.1248], [111.9969, -8.0921], [111.9939, -8.0577], [111.9567, -7.9977], [111.9277, -7.9629], [111.8918, -7.9527], [111.863, -7.9077], [111.8027, -7.8657], [111.7992, -7.8366], [111.7858, -7.8335], [111.7553, -7.9083], [111.7381, -7.9585], [111.7591, -7.9837], [111.7545, -8.0308], [111.7802, -8.0392], [111.841, -8.119], [111.8136, -8.137], [111.7336, -8.1422], [111.7181, -8.1919], [111.7514, -8.2883], [111.7697, -8.2888], [111.7951, -8.2553], [111.9056, -8.3031], [111.9501, -8.2772], [112.0285, -8.3121]]]}}, {"type": "Feature", "id": 5302, "properties": {"WADMKK": "Sumba Timur", "WADMPR": "Nusa Tenggara Timur", "KDPKAB": "53.11", "LUASWH": 19.80373368, "kode_wilayah": 5302, "nama_resmi": "Kabupaten Sumba Timur", "tipe": "Kabupaten", "provinsi": "Nusa Tenggara Timur", "pulau": "Bali & Nusa Tenggara", "parlemen": 3.33, "pendapatan": 45.52, "pengeluaran": 10280.0, "ahh": 68.04, "profesional": 49.53, "tpak": 67.17, "rls": 7.77, "hls": 12.87, "skor_ekonomi": 53.03, "skor_keputusan": 34.61, "skor_kapasitas_sosial": 47.86, "ikpp_komposit": 44.63, "kuadran": "Kuadran IV (Ekonomi Tinggi, Keputusan Rendah)", "lisa_cluster_keputusan": "Not Significant", "lisa_cluster_ekonomi": "High-High (Hotspot)", "pc1": -1.964, "pc2": 1.52, "lat": -9.852, "lon": 124.266}, "geometry": {"type": "Polygon", "coordinates": [[[119.6748, -9.8287], [119.7681, -9.8965], [119.7819, -9.9193], [119.8491, -9.9205], [119.8827, -9.9583], [119.9313, -9.9809], [119.9946, -10.037], [120.0217, -10.1002], [120.0845, -10.1676], [120.1264, -10.1917], [120.1675, -10.2374], [120.2093, -10.2512], [120.3468, -10.2483], [120.4541, -10.3134], [120.4869, -10.262], [120.5319, -10.24], [120.605, -10.2537], [120.6714, -10.2296], [120.7425, -10.1865], [120.7709, -10.1429], [120.8385, -10.097], [120.8459, -10.0288], [120.8159, -9.9772], [120.747, -9.9241], [120.6792, -9.9002], [120.6056, -9.769], [120.5966, -9.731], [120.5413, -9.6871], [120.4985, -9.6778], [120.4781, -9.6261], [120.4431, -9.6245], [120.3506, -9.651], [120.2452, -9.6337], [120.2104, -9.4905], [120.1818, -9.4679], [120.1239, -9.4852], [120.0779, -9.4641], [120.0236, -9.3887], [119.9612, -9.3254], [119.9352, -9.2762], [119.8648, -9.3435], [119.9128, -9.395], [119.8981, -9.4293], [119.9255, -9.4854], [119.8893, -9.5129], [119.8421, -9.5767], [119.8448, -9.6599], [119.7727, -9.7037], [119.7206, -9.7614], [119.6748, -9.8287]]]}}, {"type": "Feature", "id": 6109, "properties": {"WADMKK": "Sekadau", "WADMPR": "Kalimantan Barat", "KDPKAB": "61.09", "LUASWH": 55.84043703, "kode_wilayah": 6109, "nama_resmi": "Kabupaten Sekadau", "tipe": "Kabupaten", "provinsi": "Kalimantan Barat", "pulau": "Kalimantan", "parlemen": 0.0, "pendapatan": 38.69, "pengeluaran": 8511.0, "ahh": 75.04, "profesional": 38.25, "tpak": 61.41, "rls": 7.23, "hls": 11.93, "skor_ekonomi": 42.92, "skor_keputusan": 24.04, "skor_kapasitas_sosial": 52.44, "ikpp_komposit": 37.27, "kuadran": "Kuadran IV (Ekonomi Tinggi, Keputusan Rendah)", "lisa_cluster_keputusan": "Not Significant", "lisa_cluster_ekonomi": "Not Significant", "pc1": -1.983, "pc2": 0.887, "lat": 0.007, "lon": 110.955}, "geometry": {"type": "Polygon", "coordinates": [[[110.5704, -0.3465], [110.6164, -0.4401], [110.6147, -0.5083], [110.6348, -0.5873], [110.7139, -0.6222], [110.7638, -0.6213], [110.81, -0.5978], [110.8415, -0.6082], [110.8713, -0.6732], [110.9663, -0.6347], [110.9281, -0.5588], [110.9676, -0.4834], [111.0204, -0.5065], [111.0951, -0.504], [111.0735, -0.4554], [111.0372, -0.4316], [111.0222, -0.3689], [111.052, -0.3139], [111.0491, -0.2661], [111.0891, -0.2451], [111.0876, -0.1487], [111.1228, -0.1328], [111.1367, -0.0992], [111.1435, 0.0195], [111.1226, 0.0851], [111.162, 0.1009], [111.2227, 0.0689], [111.2363, 0.1205], [111.2823, 0.1329], [111.257, 0.2965], [111.2317, 0.3064], [111.2151, 0.3997], [111.2944, 0.5], [111.2715, 0.5776], [111.2122, 0.5983], [111.1991, 0.6852], [111.1193, 0.7201], [111.0507, 0.7199], [111.0116, 0.7393], [110.989, 0.7094], [111.0106, 0.6483], [110.9888, 0.5984], [110.9999, 0.558], [110.9622, 0.5174], [110.9397, 0.4318], [110.959, 0.3726], [110.9119, 0.3075], [110.9087, 0.2514], [110.8888, 0.2356], [110.9005, 0.1665], [110.843, 0.0961], [110.7971, 0.0994], [110.7648, 0.078], [110.7254, -0.0031], [110.7144, -0.0829], [110.7482, -0.1596], [110.7096, -0.1695], [110.6373, -0.1422], [110.597, -0.1574], [110.6299, -0.203], [110.5969, -0.2423], [110.5601, -0.259], [110.5567, -0.3193], [110.5704, -0.3465]]]}}, {"type": "Feature", "id": 3515, "properties": {"WADMKK": "Sidoarjo", "WADMPR": "Jawa Timur", "KDPKAB": "35.15", "LUASWH": 1.80439402, "kode_wilayah": 3515, "nama_resmi": "Kabupaten Sidoarjo", "tipe": "Kabupaten", "provinsi": "Jawa Timur", "pulau": "Jawa", "parlemen": 14.0, "pendapatan": 29.84, "pengeluaran": 15710.0, "ahh": 76.78, "profesional": 52.99, "tpak": 54.23, "rls": 10.91, "hls": 15.22, "skor_ekonomi": 30.01, "skor_keputusan": 46.63, "skor_kapasitas_sosial": 75.92, "ikpp_komposit": 45.84, "kuadran": "Kuadran III (Ekonomi Rendah, Keputusan Rendah)", "lisa_cluster_keputusan": "Not Significant", "lisa_cluster_ekonomi": "Not Significant", "pc1": 2.77, "pc2": 0.635, "lat": -7.447, "lon": 112.718}, "geometry": {"type": "Polygon", "coordinates": [[[112.6631, -7.5602], [112.7057, -7.545], [112.7239, -7.569], [112.7709, -7.5748], [112.8358, -7.5543], [112.8696, -7.5716], [112.873, -7.5376], [112.8219, -7.4935], [112.8415, -7.4774], [112.8334, -7.3323], [112.8125, -7.3464], [112.7043, -7.3365], [112.6646, -7.3514], [112.5927, -7.3723], [112.5658, -7.3981], [112.4946, -7.4085], [112.4886, -7.4599], [112.5636, -7.4761], [112.6631, -7.5602]]]}}, {"type": "Feature", "id": 3175, "properties": {"WADMKK": "Kota Administrasi Jakarta Utara", "WADMPR": "DKI Jakarta", "KDPKAB": "31.72", "LUASWH": 8.22502504, "kode_wilayah": 3175, "nama_resmi": "Kota Jakarta Utara", "tipe": "Kota", "provinsi": "DKI Jakarta", "pulau": "Jawa", "parlemen": 25.47, "pendapatan": 36.32, "pengeluaran": 20032.0, "ahh": 76.04, "profesional": 51.84, "tpak": 52.34, "rls": 10.85, "hls": 12.7, "skor_ekonomi": 35.02, "skor_keputusan": 56.29, "skor_kapasitas_sosial": 74.26, "ikpp_komposit": 51.38, "kuadran": "Kuadran I (Ekonomi Tinggi, Keputusan Tinggi)", "lisa_cluster_keputusan": "Not Significant", "lisa_cluster_ekonomi": "Low-Low (Coldspot)", "pc1": 2.682, "pc2": 0.328, "lat": -6.214, "lon": 106.944}, "geometry": {"type": "Polygon", "coordinates": [[[106.8789, -6.1664], [106.9715, -6.1543], [106.97, -6.0907], [106.8791, -6.095], [106.8295, -6.1213], [106.725, -6.0896], [106.7105, -6.0964], [106.7509, -6.1344], [106.8213, -6.1369], [106.8789, -6.1664]]]}}, {"type": "Feature", "id": 6304, "properties": {"WADMKK": "Barito Kuala", "WADMPR": "Kalimantan Selatan", "KDPKAB": "63.04", "LUASWH": 9.35705323, "kode_wilayah": 6304, "nama_resmi": "Kabupaten Barito Kuala", "tipe": "Kabupaten", "provinsi": "Kalimantan Selatan", "pulau": "Kalimantan", "parlemen": 22.86, "pendapatan": 42.34, "pengeluaran": 11168.0, "ahh": 69.09, "profesional": 43.24, "tpak": 57.66, "rls": 7.92, "hls": 12.56, "skor_ekonomi": 44.07, "skor_keputusan": 48.16, "skor_kapasitas_sosial": 49.85, "ikpp_komposit": 46.86, "kuadran": "Kuadran I (Ekonomi Tinggi, Keputusan Tinggi)", "lisa_cluster_keputusan": "Not Significant", "lisa_cluster_ekonomi": "Not Significant", "pc1": -1.116, "pc2": 0.185, "lat": -2.978, "lon": 114.766}, "geometry": {"type": "Polygon", "coordinates": [[[114.4988, -3.5189], [114.5194, -3.4414], [114.5068, -3.388], [114.5223, -3.3634], [114.5657, -3.3036], [114.5689, -3.2674], [114.6386, -3.2756], [114.7653, -3.2299], [114.8212, -3.1893], [114.8691, -3.1366], [114.8692, -3.064], [114.8306, -3.0945], [114.8284, -3.0153], [114.7992, -2.9568], [114.8394, -2.87], [114.8115, -2.8068], [114.8043, -2.7423], [114.8609, -2.5265], [114.8587, -2.5231], [114.7973, -2.5915], [114.787, -2.6822], [114.7622, -2.7202], [114.718, -2.7408], [114.6785, -2.7391], [114.6644, -2.8006], [114.5977, -2.8156], [114.6153, -2.8845], [114.59, -2.9097], [114.5538, -2.8919], [114.5442, -2.949], [114.5052, -2.9997], [114.5458, -3.0678], [114.4237, -3.1799], [114.4495, -3.2096], [114.4359, -3.2426], [114.3762, -3.2885], [114.3496, -3.3488], [114.3628, -3.3871], [114.352, -3.4635], [114.4988, -3.5189]]]}}, {"type": "Feature", "id": 1301, "properties": {"WADMKK": "Kepulauan Mentawai", "WADMPR": "Sumatera Barat", "KDPKAB": "13.09", "LUASWH": 66.06547861, "kode_wilayah": 1301, "nama_resmi": "Kabupaten Kepulauan Mentawai", "tipe": "Kabupaten", "provinsi": "Sumatera Barat", "pulau": "Sumatera", "parlemen": 0.0, "pendapatan": 31.24, "pengeluaran": 7192.0, "ahh": 67.24, "profesional": 52.94, "tpak": 80.01, "rls": 8.03, "hls": 12.91, "skor_ekonomi": 47.39, "skor_keputusan": 33.87, "skor_kapasitas_sosial": 44.52, "ikpp_komposit": 41.41, "kuadran": "Kuadran IV (Ekonomi Tinggi, Keputusan Rendah)", "lisa_cluster_keputusan": "Not Significant", "lisa_cluster_ekonomi": "Not Significant", "pc1": -2.552, "pc2": 0.815, "lat": -1.348, "lon": 100.578}, "geometry": {"type": "MultiPolygon", "coordinates": [[[[100.464, -3.3472], [100.4726, -3.3356], [100.3894, -3.2001], [100.4233, -3.1575], [100.4666, -3.1471], [100.4576, -3.1147], [100.4673, -3.048], [100.3547, -2.9011], [100.2684, -2.8437], [100.2364, -2.7839], [100.1767, -2.8132], [100.2029, -2.9339], [100.1883, -2.9897], [100.2332, -3.0578], [100.3025, -3.0888], [100.3329, -3.1341], [100.3253, -3.1719], [100.3755, -3.2523], [100.378, -3.2844], [100.4393, -3.3449], [100.464, -3.3472]]], [[[100.1248, -2.8349], [100.1733, -2.7901], [100.2177, -2.776], [100.2215, -2.75], [100.1686, -2.6453], [100.0729, -2.5809], [99.9978, -2.5029], [99.9718, -2.5137], [99.9678, -2.5855], [100.0118, -2.6758], [99.9877, -2.774], [100.0122, -2.8435], [100.1248, -2.8349]]], [[[99.8116, -2.3037], [99.7348, -2.2055], [99.7114, -2.1518], [99.7037, -2.0911], [99.6389, -2.0371], [99.5873, -2.0254], [99.5467, -2.0715], [99.5724, -2.1446], [99.5285, -2.1533], [99.5511, -2.2079], [99.5977, -2.2306], [99.6002, -2.2831], [99.6454, -2.2813], [99.7067, -2.3114], [99.7451, -2.3476], [99.7955, -2.3706], [99.8404, -2.3663], [99.8471, -2.3396], [99.8116, -2.3037]]], [[[99.2793, -1.6415], [99.2581, -1.5946], [99.2324, -1.6091], [99.1936, -1.5661], [99.1965, -1.5125], [99.1535, -1.4884], [99.1643, -1.4276], [99.0979, -1.3624], [99.068, -1.2525], [99.0146, -1.1714], [99.0024, -1.1178], [98.9464, -1.0801], [98.9326, -1.0235], [98.943, -0.9992], [98.9303, -0.9343], [98.9092, -0.9092], [98.7969, -0.9569], [98.6848, -0.9596], [98.6637, -0.9816], [98.6507, -1.1061], [98.6027, -1.2254], [98.6367, -1.2864], [98.8041, -1.519], [98.8361, -1.5833], [98.8252, -1.6157], [98.884, -1.6831], [99.0544, -1.7859], [99.125, -1.8083], [99.1673, -1.7793], [99.2425, -1.796], [99.2993, -1.7157], [99.2793, -1.6415]]]]}}, {"type": "Feature", "id": 6571, "properties": {"WADMKK": "Kota Tarakan", "WADMPR": "Kalimantan Utara", "KDPKAB": "65.71", "LUASWH": 2.01613656, "kode_wilayah": 6571, "nama_resmi": "Kota Tarakan", "tipe": "Kota", "provinsi": "Kalimantan Utara", "pulau": "Kalimantan", "parlemen": 20.0, "pendapatan": 25.59, "pengeluaran": 9512.0, "ahh": 73.24, "profesional": 51.95, "tpak": 57.74, "rls": 9.96, "hls": 12.67, "skor_ekonomi": 28.14, "skor_keputusan": 51.39, "skor_kapasitas_sosial": 58.5, "ikpp_komposit": 43.51, "kuadran": "Kuadran II (Ekonomi Rendah, Keputusan Tinggi)", "lisa_cluster_keputusan": "Not Significant", "lisa_cluster_ekonomi": "Low-Low (Coldspot)", "pc1": 0.229, "pc2": -0.902, "lat": 3.314, "lon": 117.605}, "geometry": {"type": "Polygon", "coordinates": [[[117.6104, 3.2798], [117.6481, 3.2411], [117.6658, 3.4152], [117.6133, 3.4412], [117.5486, 3.4423], [117.515, 3.3811], [117.5412, 3.3269], [117.6104, 3.2798]]]}}, {"type": "Feature", "id": 3317, "properties": {"WADMKK": "Rembang", "WADMPR": "Jawa Tengah", "KDPKAB": "33.17", "LUASWH": 3.01877491, "kode_wilayah": 3317, "nama_resmi": "Kabupaten Rembang", "tipe": "Kabupaten", "provinsi": "Jawa Tengah", "pulau": "Jawa", "parlemen": 13.33, "pendapatan": 32.63, "pengeluaran": 11830.0, "ahh": 77.1, "profesional": 50.76, "tpak": 61.76, "rls": 7.73, "hls": 12.3, "skor_ekonomi": 37.36, "skor_keputusan": 44.53, "skor_kapasitas_sosial": 60.12, "ikpp_komposit": 44.78, "kuadran": "Kuadran IV (Ekonomi Tinggi, Keputusan Rendah)", "lisa_cluster_keputusan": "Not Significant", "lisa_cluster_ekonomi": "Not Significant", "pc1": -0.211, "pc2": 0.114, "lat": -6.703, "lon": 111.343}, "geometry": {"type": "Polygon", "coordinates": [[[111.2634, -6.8558], [111.3301, -6.869], [111.348, -6.8863], [111.4254, -6.8941], [111.4474, -6.8825], [111.533, -6.8892], [111.59, -6.9134], [111.6077, -6.9037], [111.6147, -6.8326], [111.6555, -6.8271], [111.6689, -6.7639], [111.6914, -6.7542], [111.5623, -6.6393], [111.4926, -6.6207], [111.4666, -6.6595], [111.382, -6.7017], [111.2342, -6.6873], [111.2339, -6.7527], [111.268, -6.833], [111.2634, -6.8558]]]}}, {"type": "Feature", "id": 3313, "properties": {"WADMKK": "Karanganyar", "WADMPR": "Jawa Tengah", "KDPKAB": "33.13", "LUASWH": 4.62357585, "kode_wilayah": 3313, "nama_resmi": "Kabupaten Karanganyar", "tipe": "Kabupaten", "provinsi": "Jawa Tengah", "pulau": "Jawa", "parlemen": 18.18, "pendapatan": 38.58, "pengeluaran": 12732.0, "ahh": 80.07, "profesional": 51.83, "tpak": 64.27, "rls": 9.26, "hls": 13.73, "skor_ekonomi": 44.6, "skor_keputusan": 49.65, "skor_kapasitas_sosial": 70.96, "ikpp_komposit": 51.89, "kuadran": "Kuadran I (Ekonomi Tinggi, Keputusan Tinggi)", "lisa_cluster_keputusan": "Not Significant", "lisa_cluster_ekonomi": "High-High (Hotspot)", "pc1": 1.17, "pc2": 1.294, "lat": -7.596, "lon": 110.94}, "geometry": {"type": "MultiPolygon", "coordinates": [[[[110.9414, -7.7397], [111.0346, -7.7767], [111.0507, -7.7594], [111.1217, -7.7411], [111.1312, -7.7166], [111.1845, -7.7123], [111.194, -7.6184], [111.1525, -7.5618], [111.148, -7.5254], [111.136, -7.514], [111.0495, -7.5374], [110.9453, -7.4967], [110.8722, -7.489], [110.8379, -7.4592], [110.8046, -7.4592], [110.8154, -7.5227], [110.8596, -7.5399], [110.8611, -7.5672], [110.9125, -7.5843], [110.945, -7.618], [110.9541, -7.6833], [110.9414, -7.7397]]], [[[110.7709, -7.5453], [110.8008, -7.5335], [110.7805, -7.5237], [110.7132, -7.5416], [110.7709, -7.5453]]]]}}, {"type": "Feature", "id": 6305, "properties": {"WADMKK": "Tapin", "WADMPR": "Kalimantan Selatan", "KDPKAB": "63.05", "LUASWH": 1.65926535, "kode_wilayah": 6305, "nama_resmi": "Kabupaten Tapin", "tipe": "Kabupaten", "provinsi": "Kalimantan Selatan", "pulau": "Kalimantan", "parlemen": 8.0, "pendapatan": 49.37, "pengeluaran": 13163.0, "ahh": 73.39, "profesional": 41.72, "tpak": 53.03, "rls": 8.15, "hls": 12.34, "skor_ekonomi": 47.9, "skor_keputusan": 33.63, "skor_kapasitas_sosial": 57.52, "ikpp_komposit": 44.12, "kuadran": "Kuadran IV (Ekonomi Tinggi, Keputusan Rendah)", "lisa_cluster_keputusan": "Not Significant", "lisa_cluster_ekonomi": "Not Significant", "pc1": -0.675, "pc2": 1.43, "lat": -2.932, "lon": 115.163}, "geometry": {"type": "Polygon", "coordinates": [[[114.8284, -3.0153], [115.1231, -3.1961], [115.2376, -3.1668], [115.2419, -3.1358], [115.168, -3.1147], [115.2163, -3.0473], [115.3396, -2.965], [115.3578, -2.9839], [115.435, -2.9769], [115.4777, -2.9403], [115.5061, -2.8867], [115.4567, -2.8742], [115.3551, -2.9342], [115.266, -2.9303], [115.2318, -2.8728], [115.068, -2.8272], [115.0757, -2.7901], [115.0246, -2.7796], [114.9971, -2.756], [114.8646, -2.5282], [114.8609, -2.5265], [114.8043, -2.7423], [114.8115, -2.8068], [114.8394, -2.87], [114.7992, -2.9568], [114.8284, -3.0153]]]}}, {"type": "Feature", "id": 3217, "properties": {"WADMKK": "Bandung Barat", "WADMPR": "Jawa Barat", "KDPKAB": "32.17", "LUASWH": 4.71269425, "kode_wilayah": 3217, "nama_resmi": "Kabupaten Bandung Barat", "tipe": "Kabupaten", "provinsi": "Jawa Barat", "pulau": "Jawa", "parlemen": 20.0, "pendapatan": 33.77, "pengeluaran": 9583.0, "ahh": 75.56, "profesional": 47.86, "tpak": 48.84, "rls": 8.24, "hls": 12.0, "skor_ekonomi": 30.41, "skor_keputusan": 48.65, "skor_kapasitas_sosial": 56.53, "ikpp_komposit": 42.93, "kuadran": "Kuadran II (Ekonomi Rendah, Keputusan Tinggi)", "lisa_cluster_keputusan": "Not Significant", "lisa_cluster_ekonomi": "Not Significant", "pc1": -0.276, "pc2": -0.805, "lat": -6.865, "lon": 107.492}, "geometry": {"type": "Polygon", "coordinates": [[[107.3196, -7.1065], [107.4221, -7.0752], [107.4382, -7.0465], [107.4755, -7.0514], [107.4772, -7.0048], [107.5049, -6.9814], [107.5257, -6.9212], [107.5133, -6.8852], [107.5494, -6.8385], [107.5716, -6.8821], [107.6239, -6.8619], [107.6611, -6.832], [107.725, -6.8335], [107.7462, -6.8137], [107.6693, -6.7772], [107.629, -6.7741], [107.5938, -6.7285], [107.5614, -6.7732], [107.5126, -6.7544], [107.4521, -6.7003], [107.4074, -6.689], [107.3394, -6.6974], [107.3021, -6.7284], [107.2844, -6.7744], [107.3501, -6.8554], [107.2784, -6.9255], [107.2254, -6.9424], [107.1863, -6.9736], [107.1951, -7.0218], [107.3196, -7.1065]]]}}, {"type": "Feature", "id": 1201, "properties": {"WADMKK": "Nias", "WADMPR": "Sumatera Utara", "KDPKAB": "12.04", "LUASWH": 3.38351838, "kode_wilayah": 1201, "nama_resmi": "Kabupaten Nias", "tipe": "Kabupaten", "provinsi": "Sumatera Utara", "pulau": "Sumatera", "parlemen": 8.0, "pendapatan": 50.92, "pengeluaran": 7698.0, "ahh": 72.53, "profesional": 44.02, "tpak": 82.52, "rls": 6.4, "hls": 13.31, "skor_ekonomi": 67.74, "skor_keputusan": 35.17, "skor_kapasitas_sosial": 49.06, "ikpp_komposit": 50.98, "kuadran": "Kuadran IV (Ekonomi Tinggi, Keputusan Rendah)", "lisa_cluster_keputusan": "Not Significant", "lisa_cluster_ekonomi": "High-High (Hotspot)", "pc1": -2.777, "pc2": 2.715, "lat": 1.685, "lon": 98.828}, "geometry": {"type": "Polygon", "coordinates": [[[97.9036, 0.8944], [97.9457, 0.9668], [97.8969, 1.0538], [97.8348, 1.0873], [97.7995, 1.1511], [97.7231, 1.1706], [97.6488, 1.1313], [97.6263, 1.1739], [97.564, 1.216], [97.5603, 1.2737], [97.5069, 1.2615], [97.4859, 1.2101], [97.5018, 1.1915], [97.4944, 1.1556], [97.622, 1.1042], [97.62, 1.0274], [97.6885, 0.9909], [97.6945, 0.9328], [97.7652, 0.9617], [97.8159, 0.9246], [97.8752, 0.933], [97.9036, 0.8944]]]}}, {"type": "Feature", "id": 9414, "properties": {"WADMKK": "Mappi", "WADMPR": "Papua Selatan", "KDPKAB": "91.17", "LUASWH": 469.76513618, "kode_wilayah": 9414, "nama_resmi": "Kabupaten Mappi", "tipe": "Kabupaten", "provinsi": "Papua Selatan", "pulau": "Papua", "parlemen": 8.0, "pendapatan": 42.27, "pengeluaran": 5509.0, "ahh": 68.05, "profesional": 30.6, "tpak": 41.31, "rls": 3.29, "hls": 9.86, "skor_ekonomi": 33.83, "skor_keputusan": 26.19, "skor_kapasitas_sosial": 27.73, "ikpp_komposit": 29.55, "kuadran": "Kuadran III (Ekonomi Rendah, Keputusan Rendah)", "lisa_cluster_keputusan": "Low-Low (Coldspot)", "lisa_cluster_ekonomi": "Low-High (Spatial Outlier)", "pc1": -4.701, "pc2": -1.44, "lat": -6.761, "lon": 139.691}, "geometry": {"type": "MultiPolygon", "coordinates": [[[[138.6822, -7.1732], [139.1809, -7.2622], [139.5246, -7.3235], [139.6149, -7.382], [139.6592, -7.3725], [139.7842, -7.3733], [139.7923, -7.3496], [140.0848, -7.2101], [140.0607, -7.1403], [140.0782, -7.0888], [140.0669, -7.0184], [140.041, -6.9748], [140.0758, -6.9201], [140.07, -6.8362], [140.066, -6.4656], [139.9397, -6.4685], [139.9042, -6.4925], [139.7976, -6.4979], [139.7177, -6.4336], [139.7074, -6.3927], [139.8187, -6.2664], [139.8112, -6.2154], [139.8621, -6.1675], [139.8575, -5.9109], [139.8426, -5.8146], [139.7177, -5.7377], [139.7133, -5.6878], [139.8167, -5.5815], [139.7726, -5.3038], [139.7571, -5.2939], [139.7246, -5.3043], [139.6947, -5.3637], [139.5637, -5.4153], [139.4934, -5.5098], [139.5038, -5.5985], [139.1377, -5.6461], [139.0925, -5.5625], [138.9229, -5.6566], [138.9187, -6.1527], [138.8723, -6.1785], [138.7832, -6.4031], [138.6044, -6.5238], [138.684, -6.6078], [138.7952, -6.6672], [138.8244, -6.6967], [138.8306, -6.7811], [138.8649, -6.7966], [138.9066, -6.7815], [138.9489, -6.7977], [138.9137, -6.8384], [138.7968, -6.8514], [138.7641, -6.8828], [138.7004, -6.903], [138.6282, -6.876], [138.5805, -6.9037], [138.5645, -6.933], [138.6187, -7.0154], [138.706, -7.0747], [138.6822, -7.1732]]], [[[138.6538, -6.7445], [138.6239, -6.786], [138.6648, -6.8211], [138.6764, -6.8677], [138.7233, -6.8839], [138.7962, -6.8325], [138.7357, -6.7593], [138.6538, -6.7445]]], [[[138.7081, -6.6328], [138.6692, -6.6547], [138.674, -6.7247], [138.7158, -6.7321], [138.7744, -6.7663], [138.8153, -6.8138], [138.8471, -6.8288], [138.9277, -6.8208], [138.9115, -6.7862], [138.8472, -6.7988], [138.8211, -6.7772], [138.8242, -6.7122], [138.781, -6.6734], [138.7081, -6.6328]]]]}}, {"type": "Feature", "id": 6302, "properties": {"WADMKK": "Kotabaru", "WADMPR": "Kalimantan Selatan", "KDPKAB": "63.02", "LUASWH": 1.80004835, "kode_wilayah": 6302, "nama_resmi": "Kabupaten Kota Baru", "tipe": "Kota", "provinsi": "Kalimantan Selatan", "pulau": "Kalimantan", "parlemen": 28.57, "pendapatan": 26.98, "pengeluaran": 12929.0, "ahh": 71.95, "profesional": 42.49, "tpak": 45.25, "rls": 7.56, "hls": 12.08, "skor_ekonomi": 21.69, "skor_keputusan": 52.85, "skor_kapasitas_sosial": 53.6, "ikpp_komposit": 40.54, "kuadran": "Kuadran II (Ekonomi Rendah, Keputusan Tinggi)", "lisa_cluster_keputusan": "Not Significant", "lisa_cluster_ekonomi": "Not Significant", "pc1": 0.04, "pc2": -1.949, "lat": -3.236, "lon": 116.228}, "geometry": {"type": "MultiPolygon", "coordinates": [[[[116.0684, -4.0372], [116.1491, -4.0303], [116.2069, -3.9534], [116.2455, -3.9392], [116.3045, -3.885], [116.2719, -3.8209], [116.3129, -3.7742], [116.2994, -3.7086], [116.3061, -3.59], [116.2729, -3.553], [116.3023, -3.5054], [116.3099, -3.4556], [116.2531, -3.3886], [116.2699, -3.2529], [116.2575, -3.21], [116.1387, -3.3019], [116.1139, -3.3081], [116.0695, -3.4394], [116.0461, -3.4688], [116.0366, -3.582], [116.0024, -3.6379], [116.0242, -3.7296], [116.0711, -3.7945], [116.0817, -3.8334], [116.0599, -3.8735], [116.0786, -3.9255], [116.0389, -4.0224], [116.0684, -4.0372]]], [[[116.0854, -3.2786], [116.1739, -3.2523], [116.1836, -3.2287], [116.1658, -3.1645], [116.2078, -3.1292], [116.2529, -3.1238], [116.1746, -3.0631], [116.1565, -3.0142], [116.1031, -3.0083], [116.105, -2.9173], [116.2088, -2.943], [116.2143, -3.0024], [116.2699, -3.0026], [116.3161, -2.9465], [116.3594, -2.8635], [116.37, -2.8179], [116.3598, -2.7313], [116.3691, -2.6582], [116.4092, -2.59], [116.3461, -2.5599], [116.3166, -2.5309], [116.4755, -2.5121], [116.4805, -2.5713], [116.5109, -2.5617], [116.5553, -2.4088], [116.4102, -2.3721], [116.3277, -2.3408], [116.2679, -2.3383], [116.2358, -2.3091], [116.1625, -2.3066], [116.1134, -2.3376], [116.0427, -2.3259], [116.0355, -2.3091], [115.8936, -2.3346], [115.8866, -2.3622], [115.8355, -2.3899], [115.7907, -2.4353], [115.782, -2.5141], [115.7506, -2.5324], [115.7669, -2.5552], [115.8165, -2.5611], [115.809, -2.6167], [115.7445, -2.6168], [115.7469, -2.6663], [115.6652, -2.7211], [115.658, -2.7655], [115.5896, -2.7602], [115.5557, -2.8311], [115.5773, -2.8835], [115.5772, -2.9309], [115.5121, -3.0084], [115.5204, -3.0282], [115.5643, -3.016], [115.6067, -3.057], [115.7035, -3.0789], [115.7128, -3.1129], [115.7688, -3.1952], [115.7923, -3.1818], [115.9342, -3.1524], [115.9734, -3.2245], [116.0854, -3.2786]]], [[[116.4029, -3.5938], [116.4081, -3.5254], [116.4346, -3.4218], [116.4314, -3.3675], [116.3452, -3.4516], [116.3134, -3.5513], [116.3431, -3.5682], [116.3625, -3.6522], [116.3985, -3.6275], [116.4029, -3.5938]]]]}}, {"type": "Feature", "id": 3315, "properties": {"WADMKK": "Grobogan", "WADMPR": "Jawa Tengah", "KDPKAB": "33.15", "LUASWH": 7.17207985, "kode_wilayah": 3315, "nama_resmi": "Kabupaten Grobogan", "tipe": "Kabupaten", "provinsi": "Jawa Tengah", "pulau": "Jawa", "parlemen": 20.0, "pendapatan": 26.29, "pengeluaran": 11548.0, "ahh": 77.35, "profesional": 52.72, "tpak": 63.01, "rls": 7.29, "hls": 12.48, "skor_ekonomi": 32.09, "skor_keputusan": 51.9, "skor_kapasitas_sosial": 59.53, "ikpp_komposit": 45.5, "kuadran": "Kuadran II (Ekonomi Rendah, Keputusan Tinggi)", "lisa_cluster_keputusan": "Not Significant", "lisa_cluster_ekonomi": "Low-High (Spatial Outlier)", "pc1": -0.015, "pc2": -0.68, "lat": -7.082, "lon": 110.917}, "geometry": {"type": "Polygon", "coordinates": [[[110.8388, -7.2626], [110.901, -7.2821], [110.9854, -7.2764], [111.0073, -7.2609], [111.0722, -7.2671], [111.1074, -7.2473], [111.1487, -7.2645], [111.2229, -7.2549], [111.2492, -7.1771], [111.217, -7.0985], [111.218, -7.0305], [111.1714, -6.9855], [111.1107, -6.9774], [111.098, -6.9304], [111.0605, -6.9696], [110.9481, -6.9638], [110.9058, -6.9827], [110.8121, -6.9988], [110.804, -6.9797], [110.7786, -6.9487], [110.7753, -7.0029], [110.7303, -7.0329], [110.6736, -7.0088], [110.6375, -6.9749], [110.5938, -7.0678], [110.5615, -7.0902], [110.5699, -7.1482], [110.5463, -7.1928], [110.6127, -7.2], [110.621, -7.2264], [110.6625, -7.224], [110.75, -7.1488], [110.7612, -7.1872], [110.8211, -7.2147], [110.8388, -7.2626]]]}}, {"type": "Feature", "id": 6372, "properties": {"WADMKK": "Kota Banjarbaru", "WADMPR": "Kalimantan Selatan", "KDPKAB": "63.72", "LUASWH": 27.74382491, "kode_wilayah": 6372, "nama_resmi": "Kota Banjar Baru", "tipe": "Kota", "provinsi": "Kalimantan Selatan", "pulau": "Kalimantan", "parlemen": 26.67, "pendapatan": 32.36, "pengeluaran": 14927.0, "ahh": 74.89, "profesional": 40.11, "tpak": 52.65, "rls": 11.0, "hls": 14.86, "skor_ekonomi": 31.43, "skor_keputusan": 49.53, "skor_kapasitas_sosial": 72.22, "ikpp_komposit": 46.83, "kuadran": "Kuadran II (Ekonomi Rendah, Keputusan Tinggi)", "lisa_cluster_keputusan": "High-High (Hotspot)", "lisa_cluster_ekonomi": "Not Significant", "pc1": 2.314, "pc2": 0.301, "lat": -3.439, "lon": 114.831}, "geometry": {"type": "Polygon", "coordinates": [[[114.6821, -3.5178], [114.736, -3.5104], [114.8088, -3.5244], [114.8575, -3.5611], [114.8943, -3.545], [114.9052, -3.5321], [114.9001, -3.449], [114.7838, -3.4212], [114.7194, -3.3775], [114.6759, -3.4618], [114.6821, -3.5178]]]}}, {"type": "Feature", "id": 1211, "properties": {"WADMKK": "Karo", "WADMPR": "Sumatera Utara", "KDPKAB": "12.06", "LUASWH": 10.52880412, "kode_wilayah": 1211, "nama_resmi": "Kabupaten Karo", "tipe": "Kabupaten", "provinsi": "Sumatera Utara", "pulau": "Sumatera", "parlemen": 22.5, "pendapatan": 48.53, "pengeluaran": 13278.0, "ahh": 74.49, "profesional": 66.85, "tpak": 78.82, "rls": 10.12, "hls": 13.26, "skor_ekonomi": 63.15, "skor_keputusan": 63.63, "skor_kapasitas_sosial": 65.19, "ikpp_komposit": 63.75, "kuadran": "Kuadran I (Ekonomi Tinggi, Keputusan Tinggi)", "lisa_cluster_keputusan": "Not Significant", "lisa_cluster_ekonomi": "High-High (Hotspot)", "pc1": 0.524, "pc2": 2.323, "lat": 2.748, "lon": 98.314}, "geometry": {"type": "Polygon", "coordinates": [[[98.5783, 2.83], [98.5631, 2.8846], [98.5372, 2.9042], [98.5613, 3.0271], [98.5819, 3.0712], [98.6233, 3.1049], [98.6024, 3.1592], [98.6229, 3.2326], [98.5565, 3.2009], [98.5389, 3.2469], [98.4714, 3.2417], [98.4325, 3.2375], [98.3515, 3.289], [98.3438, 3.22], [98.2996, 3.2263], [98.2927, 3.256], [98.2328, 3.2608], [98.1812, 3.2847], [98.1226, 3.2665], [98.101, 3.312], [98.0293, 3.3308], [97.969, 3.2737], [97.9112, 3.2518], [97.9421, 3.1648], [97.9822, 3.1161], [97.9838, 3.0861], [98.022, 3.0808], [98.0605, 3.1102], [98.0778, 3.0749], [98.1352, 3.0483], [98.1599, 3.0702], [98.1984, 3.0465], [98.1972, 2.9942], [98.2489, 2.9312], [98.3109, 2.9705], [98.3652, 2.9366], [98.4314, 2.9162], [98.4414, 2.8903], [98.4921, 2.8638], [98.5321, 2.8794], [98.5783, 2.83]]]}}, {"type": "Feature", "id": 7503, "properties": {"WADMKK": "Pohuwato", "WADMPR": "Gorontalo", "KDPKAB": "75.04", "LUASWH": 5.80345664, "kode_wilayah": 7503, "nama_resmi": "Kabupaten Pohuwato", "tipe": "Kabupaten", "provinsi": "Gorontalo", "pulau": "Sulawesi", "parlemen": 20.0, "pendapatan": 37.29, "pengeluaran": 10909.0, "ahh": 64.82, "profesional": 64.11, "tpak": 47.42, "rls": 9.46, "hls": 13.72, "skor_ekonomi": 32.88, "skor_keputusan": 59.52, "skor_kapasitas_sosial": 49.58, "ikpp_komposit": 46.88, "kuadran": "Kuadran II (Ekonomi Rendah, Keputusan Tinggi)", "lisa_cluster_keputusan": "High-High (Hotspot)", "lisa_cluster_ekonomi": "Low-Low (Coldspot)", "pc1": 0.053, "pc2": -0.729, "lat": 0.557, "lon": 123.144}, "geometry": {"type": "Polygon", "coordinates": [[[121.3367, 0.4738], [121.4369, 0.4911], [121.4425, 0.4661], [121.5175, 0.4945], [121.5237, 0.5493], [121.5683, 0.5317], [121.6198, 0.5473], [121.6667, 0.5231], [121.7126, 0.5193], [121.7669, 0.4467], [121.8126, 0.4199], [121.9034, 0.4448], [121.9839, 0.4552], [122.1209, 0.4947], [122.1274, 0.5414], [122.1268, 0.667], [122.1152, 0.6999], [122.1006, 0.8321], [122.1013, 0.9018], [122.0327, 0.8857], [121.982, 0.907], [121.9225, 0.9275], [121.8637, 0.9906], [121.7864, 0.9395], [121.7387, 0.9305], [121.6908, 0.9024], [121.6035, 0.8727], [121.5491, 0.881], [121.4941, 0.8393], [121.3855, 0.8549], [121.3643, 0.809], [121.317, 0.7851], [121.2889, 0.799], [121.2181, 0.7909], [121.182, 0.7451], [121.1612, 0.6786], [121.2186, 0.6385], [121.2377, 0.6035], [121.3011, 0.5705], [121.3516, 0.4926], [121.3367, 0.4738]]]}}, {"type": "Feature", "id": 3574, "properties": {"WADMKK": "Probolinggo", "WADMPR": "Jawa Timur", "KDPKAB": "35.13", "LUASWH": 2.11157654, "kode_wilayah": 3574, "nama_resmi": "Kota Probolinggo", "tipe": "Kota", "provinsi": "Jawa Timur", "pulau": "Jawa", "parlemen": 26.67, "pendapatan": 31.28, "pengeluaran": 13405.0, "ahh": 73.21, "profesional": 49.7, "tpak": 53.09, "rls": 9.72, "hls": 13.98, "skor_ekonomi": 30.68, "skor_keputusan": 55.95, "skor_kapasitas_sosial": 64.06, "ikpp_komposit": 47.46, "kuadran": "Kuadran II (Ekonomi Rendah, Keputusan Tinggi)", "lisa_cluster_keputusan": "Not Significant", "lisa_cluster_ekonomi": "Not Significant", "pc1": 1.383, "pc2": -0.411, "lat": -7.754, "lon": 113.214}, "geometry": {"type": "Polygon", "coordinates": [[[113.3614, -8.0278], [113.391, -7.9972], [113.4654, -8.0275], [113.4946, -8.0021], [113.5326, -8.0092], [113.5628, -7.9827], [113.6436, -7.9731], [113.6238, -7.9615], [113.6231, -7.8945], [113.603, -7.843], [113.5977, -7.7155], [113.4856, -7.6989], [113.4385, -7.7341], [113.376, -7.7407], [113.3452, -7.7709], [113.2771, -7.7821], [113.2365, -7.7393], [113.2351, -7.8042], [113.1786, -7.8101], [113.164, -7.7793], [113.1805, -7.7438], [113.1081, -7.7207], [113.1001, -7.7024], [113.0547, -7.7483], [113.0473, -7.8198], [112.9483, -7.9084], [112.9351, -7.956], [112.9407, -7.9819], [112.9923, -7.9624], [113.0227, -7.9695], [113.0591, -8.0104], [113.0789, -7.9841], [113.1534, -7.972], [113.2118, -7.9113], [113.2678, -7.9028], [113.2747, -7.9253], [113.3395, -7.9412], [113.3614, -8.0278]]]}}, {"type": "Feature", "id": 1171, "properties": {"WADMKK": "Kota Banda Aceh", "WADMPR": "Aceh", "KDPKAB": "11.71", "LUASWH": 0.35872971, "kode_wilayah": 1171, "nama_resmi": "Kota Banda Aceh", "tipe": "Kota", "provinsi": "Aceh", "pulau": "Sumatera", "parlemen": 13.33, "pendapatan": 28.42, "pengeluaran": 18100.0, "ahh": 74.22, "profesional": 48.16, "tpak": 53.01, "rls": 13.1, "hls": 17.94, "skor_ekonomi": 27.9, "skor_keputusan": 42.79, "skor_kapasitas_sosial": 84.77, "ikpp_komposit": 45.23, "kuadran": "Kuadran III (Ekonomi Rendah, Keputusan Rendah)", "lisa_cluster_keputusan": "Not Significant", "lisa_cluster_ekonomi": "Low-Low (Coldspot)", "pc1": 4.467, "pc2": 1.383, "lat": 5.55, "lon": 95.318}, "geometry": {"type": "Polygon", "coordinates": [[[95.273, 5.5494], [95.3203, 5.5166], [95.3608, 5.5481], [95.3503, 5.5947], [95.3765, 5.6113], [95.3498, 5.6069], [95.273, 5.5494]]]}}, {"type": "Feature", "id": 7603, "properties": {"WADMKK": "Mamasa", "WADMPR": "Sulawesi Barat", "KDPKAB": "76.03", "LUASWH": 2.593649, "kode_wilayah": 7603, "nama_resmi": "Kabupaten Mamasa", "tipe": "Kabupaten", "provinsi": "Sulawesi Barat", "pulau": "Sulawesi", "parlemen": 13.33, "pendapatan": 26.38, "pengeluaran": 7091.0, "ahh": 66.06, "profesional": 50.81, "tpak": 51.95, "rls": 9.92, "hls": 12.34, "skor_ekonomi": 25.29, "skor_keputusan": 44.56, "skor_kapasitas_sosial": 46.04, "ikpp_komposit": 37.15, "kuadran": "Kuadran III (Ekonomi Rendah, Keputusan Rendah)", "lisa_cluster_keputusan": "Not Significant", "lisa_cluster_ekonomi": "Not Significant", "pc1": -1.129, "pc2": -1.417, "lat": -2.956, "lon": 119.363}, "geometry": {"type": "Polygon", "coordinates": [[[119.4314, -3.3391], [119.4377, -3.2856], [119.387, -3.2172], [119.4096, -3.1833], [119.4703, -3.1909], [119.5137, -3.1726], [119.5361, -3.1393], [119.6325, -3.1098], [119.5952, -3.0633], [119.5646, -2.9943], [119.5766, -2.9502], [119.55, -2.8976], [119.5792, -2.8233], [119.5678, -2.7984], [119.5838, -2.7479], [119.5528, -2.7286], [119.452, -2.7573], [119.3856, -2.7443], [119.3479, -2.6944], [119.2367, -2.7139], [119.1798, -2.6572], [119.1174, -2.6589], [119.0131, -2.7736], [119.0254, -2.8055], [119.0135, -2.8694], [119.0336, -2.9254], [119.0261, -2.9604], [119.0691, -2.9891], [119.0827, -3.0245], [119.0576, -3.0475], [119.0741, -3.1117], [119.1122, -3.0925], [119.1544, -3.1088], [119.2069, -3.1016], [119.2619, -3.0728], [119.2743, -3.0933], [119.2573, -3.158], [119.3108, -3.2391], [119.3019, -3.2648], [119.3956, -3.3096], [119.4314, -3.3391]]]}}, {"type": "Feature", "id": 1405, "properties": {"WADMKK": "Siak", "WADMPR": "Riau", "KDPKAB": "14.08", "LUASWH": 4.58886575, "kode_wilayah": 1405, "nama_resmi": "Kabupaten S I A K", "tipe": "Kabupaten", "provinsi": "Riau", "pulau": "Sumatera", "parlemen": 5.0, "pendapatan": 20.19, "pengeluaran": 13080.0, "ahh": 73.79, "profesional": 56.68, "tpak": 46.91, "rls": 9.92, "hls": 12.89, "skor_ekonomi": 16.25, "skor_keputusan": 40.92, "skor_kapasitas_sosial": 62.94, "ikpp_komposit": 35.46, "kuadran": "Kuadran III (Ekonomi Rendah, Keputusan Rendah)", "lisa_cluster_keputusan": "Not Significant", "lisa_cluster_ekonomi": "Low-Low (Coldspot)", "pc1": 1.184, "pc2": -1.233, "lat": 0.384, "lon": 101.842}, "geometry": {"type": "Polygon", "coordinates": [[[101.6009, 0.5063], [101.6443, 0.486], [101.6516, 0.4591], [101.7329, 0.4544], [101.7952, 0.4148], [101.8497, 0.461], [101.8219, 0.4998], [101.8733, 0.5251], [101.8859, 0.4495], [101.9126, 0.454], [101.9323, 0.552], [102.2502, 0.5838], [102.8096, 0.6529], [102.815, 0.6943], [102.8996, 0.7241], [102.8437, 0.74], [102.7893, 0.7319], [102.6758, 0.7557], [102.6073, 0.7395], [102.4982, 0.7539], [102.4037, 0.8153], [102.3399, 0.8996], [102.2623, 0.957], [102.2294, 0.9953], [102.1911, 1.0943], [102.2089, 1.1887], [102.1686, 1.2285], [102.0946, 1.1204], [102.0376, 1.0874], [102.0203, 1.0322], [101.979, 0.98], [101.9101, 1.0891], [101.8872, 1.1762], [101.8568, 1.2015], [101.7128, 1.2118], [101.599, 1.034], [101.5477, 0.9219], [101.4556, 0.9871], [101.4555, 1.0041], [101.3391, 1.0285], [101.291, 1.0501], [101.2313, 1.0068], [101.1924, 0.9996], [101.1488, 1.0186], [101.0789, 1.003], [100.984, 1.082], [100.9973, 1.0195], [100.9932, 0.9683], [101.062, 0.9246], [101.1451, 0.8927], [101.2085, 0.8542], [101.335, 0.7976], [101.3226, 0.696], [101.3798, 0.6622], [101.3971, 0.6894], [101.4849, 0.6424], [101.5143, 0.6903], [101.5516, 0.6359], [101.5926, 0.6072], [101.6009, 0.5063]]]}}, {"type": "Feature", "id": 7103, "properties": {"WADMKK": "Kepulauan Sangihe", "WADMPR": "Sulawesi Utara", "KDPKAB": "71.03", "LUASWH": 2.29815818, "kode_wilayah": 7103, "nama_resmi": "Kabupaten Kepulauan Sangihe", "tipe": "Kabupaten", "provinsi": "Sulawesi Utara", "pulau": "Sulawesi", "parlemen": 12.0, "pendapatan": 29.94, "pengeluaran": 9062.0, "ahh": 73.92, "profesional": 53.33, "tpak": 55.19, "rls": 9.43, "hls": 12.04, "skor_ekonomi": 30.7, "skor_keputusan": 45.04, "skor_kapasitas_sosial": 56.61, "ikpp_komposit": 41.62, "kuadran": "Kuadran III (Ekonomi Rendah, Keputusan Rendah)", "lisa_cluster_keputusan": "Low-High (Spatial Outlier)", "lisa_cluster_ekonomi": "Low-Low (Coldspot)", "pc1": -0.321, "pc2": -0.559, "lat": 3.612, "lon": 125.5}, "geometry": {"type": "Polygon", "coordinates": [[[125.5476, 3.4285], [125.6063, 3.3716], [125.6418, 3.381], [125.6762, 3.4265], [125.6685, 3.5011], [125.6322, 3.5089], [125.574, 3.592], [125.5845, 3.6207], [125.5077, 3.7232], [125.4465, 3.7372], [125.4037, 3.7187], [125.3977, 3.673], [125.4177, 3.6399], [125.4802, 3.6051], [125.4964, 3.5453], [125.4857, 3.4856], [125.5044, 3.4352], [125.5476, 3.4285]]]}}, {"type": "Feature", "id": 5316, "properties": {"WADMKK": "Sumba Tengah", "WADMPR": "Nusa Tenggara Timur", "KDPKAB": "53.17", "LUASWH": 81.30192777, "kode_wilayah": 5316, "nama_resmi": "Kabupaten Sumba Tengah", "tipe": "Kabupaten", "provinsi": "Nusa Tenggara Timur", "pulau": "Bali & Nusa Tenggara", "parlemen": 10.0, "pendapatan": 40.76, "pengeluaran": 6743.0, "ahh": 71.13, "profesional": 54.04, "tpak": 69.1, "rls": 7.23, "hls": 13.14, "skor_ekonomi": 49.69, "skor_keputusan": 43.7, "skor_kapasitas_sosial": 47.85, "ikpp_komposit": 46.93, "kuadran": "Kuadran IV (Ekonomi Tinggi, Keputusan Rendah)", "lisa_cluster_keputusan": "Low-Low (Coldspot)", "lisa_cluster_ekonomi": "High-High (Hotspot)", "pc1": -2.014, "pc2": 0.882, "lat": -8.575, "lon": 121.281}, "geometry": {"type": "Polygon", "coordinates": [[[119.6748, -9.8287], [119.7206, -9.7614], [119.7727, -9.7037], [119.8448, -9.6599], [119.8421, -9.5767], [119.8893, -9.5129], [119.9255, -9.4854], [119.8981, -9.4293], [119.9128, -9.395], [119.8648, -9.3435], [119.8064, -9.3943], [119.6864, -9.3824], [119.6314, -9.3456], [119.546, -9.3747], [119.4765, -9.3587], [119.4033, -9.376], [119.4856, -9.5274], [119.5203, -9.5269], [119.4984, -9.5852], [119.4887, -9.6651], [119.5249, -9.6827], [119.5394, -9.7598], [119.5948, -9.779], [119.6711, -9.7809], [119.6748, -9.8287]]]}}, {"type": "Feature", "id": 7415, "properties": {"WADMKK": "Buton Selatan", "WADMPR": "Sulawesi Tenggara", "KDPKAB": "74.15", "LUASWH": 3.03142288, "kode_wilayah": 7415, "nama_resmi": "Kabupaten Buton Selatan", "tipe": "Kabupaten", "provinsi": "Sulawesi Tenggara", "pulau": "Sulawesi", "parlemen": 8.0, "pendapatan": 41.14, "pengeluaran": 10645.0, "ahh": 71.12, "profesional": 53.06, "tpak": 56.83, "rls": 7.95, "hls": 13.22, "skor_ekonomi": 42.41, "skor_keputusan": 41.22, "skor_kapasitas_sosial": 53.31, "ikpp_komposit": 44.11, "kuadran": "Kuadran IV (Ekonomi Tinggi, Keputusan Rendah)", "lisa_cluster_keputusan": "Not Significant", "lisa_cluster_ekonomi": "Not Significant", "pc1": -0.802, "pc2": 0.667, "lat": -5.608, "lon": 122.601}, "geometry": {"type": "MultiPolygon", "coordinates": [[[[122.5737, -5.5381], [122.5788, -5.5684], [122.6367, -5.6951], [122.6691, -5.6872], [122.702, -5.6302], [122.7262, -5.6795], [122.8027, -5.6957], [122.8228, -5.652], [122.7941, -5.6158], [122.7889, -5.4877], [122.7423, -5.4796], [122.6705, -5.4963], [122.5737, -5.5381]]], [[[122.533, -5.6944], [122.5534, -5.6715], [122.5444, -5.628], [122.5075, -5.6245], [122.4735, -5.6902], [122.533, -5.6944]]]]}}, {"type": "Feature", "id": 3205, "properties": {"WADMKK": "Garut", "WADMPR": "Jawa Barat", "KDPKAB": "32.05", "LUASWH": 2.74290478, "kode_wilayah": 3205, "nama_resmi": "Kabupaten Garut", "tipe": "Kabupaten", "provinsi": "Jawa Barat", "pulau": "Jawa", "parlemen": 24.0, "pendapatan": 32.18, "pengeluaran": 9168.0, "ahh": 74.33, "profesional": 45.92, "tpak": 56.48, "rls": 7.85, "hls": 12.17, "skor_ekonomi": 33.64, "skor_keputusan": 50.99, "skor_kapasitas_sosial": 53.96, "ikpp_komposit": 44.64, "kuadran": "Kuadran II (Ekonomi Rendah, Keputusan Tinggi)", "lisa_cluster_keputusan": "Not Significant", "lisa_cluster_ekonomi": "Not Significant", "pc1": -0.693, "pc2": -0.78, "lat": -7.203, "lon": 107.886}, "geometry": {"type": "Polygon", "coordinates": [[[107.4233, -7.5052], [107.5983, -7.57], [107.6827, -7.638], [107.6943, -7.6692], [107.7833, -7.679], [107.8315, -7.7026], [107.847, -7.7371], [107.9101, -7.7311], [107.9311, -7.6833], [107.9189, -7.5945], [107.9396, -7.582], [107.9534, -7.4603], [107.9409, -7.3934], [107.909, -7.3682], [107.9448, -7.3287], [107.9225, -7.2905], [107.9736, -7.2703], [107.9895, -7.2452], [108.0687, -7.2116], [108.0904, -7.1064], [108.1364, -7.0604], [108.1262, -7.0372], [108.0821, -6.9871], [108.0423, -6.9964], [107.9677, -6.962], [107.9147, -6.9528], [107.8999, -6.9718], [107.9101, -7.0359], [107.8348, -7.0694], [107.8115, -7.1366], [107.7411, -7.1691], [107.7105, -7.2238], [107.6946, -7.2829], [107.6121, -7.3098], [107.5574, -7.2515], [107.4768, -7.2546], [107.455, -7.2923], [107.4848, -7.3546], [107.4745, -7.3998], [107.4338, -7.4204], [107.4233, -7.5052]]]}}, {"type": "Feature", "id": 3521, "properties": {"WADMKK": "Ngawi", "WADMPR": "Jawa Timur", "KDPKAB": "35.21", "LUASWH": 1.61500642, "kode_wilayah": 3521, "nama_resmi": "Kabupaten Ngawi", "tipe": "Kabupaten", "provinsi": "Jawa Timur", "pulau": "Jawa", "parlemen": 22.73, "pendapatan": 33.32, "pengeluaran": 12414.0, "ahh": 75.63, "profesional": 54.37, "tpak": 65.64, "rls": 7.84, "hls": 12.89, "skor_ekonomi": 40.43, "skor_keputusan": 55.49, "skor_kapasitas_sosial": 60.08, "ikpp_komposit": 50.38, "kuadran": "Kuadran I (Ekonomi Tinggi, Keputusan Tinggi)", "lisa_cluster_keputusan": "Not Significant", "lisa_cluster_ekonomi": "Not Significant", "pc1": 0.119, "pc2": 0.08, "lat": -7.401, "lon": 111.445}, "geometry": {"type": "Polygon", "coordinates": [[[111.194, -7.6184], [111.2585, -7.5985], [111.2943, -7.6022], [111.3544, -7.5704], [111.3836, -7.5371], [111.4658, -7.509], [111.5114, -7.5383], [111.5781, -7.5206], [111.6005, -7.4825], [111.6522, -7.4503], [111.6736, -7.4107], [111.5749, -7.3486], [111.5235, -7.3715], [111.4618, -7.3606], [111.372, -7.3406], [111.2843, -7.2887], [111.2436, -7.285], [111.2229, -7.2549], [111.1487, -7.2645], [111.1352, -7.299], [111.1436, -7.3674], [111.1195, -7.4097], [111.148, -7.5254], [111.1525, -7.5618], [111.194, -7.6184]]]}}, {"type": "Feature", "id": 1708, "properties": {"WADMKK": "Kepahiang", "WADMPR": "Bengkulu", "KDPKAB": "17.08", "LUASWH": 4.64225629, "kode_wilayah": 1708, "nama_resmi": "Kabupaten Kepahiang", "tipe": "Kabupaten", "provinsi": "Bengkulu", "pulau": "Sumatera", "parlemen": 4.0, "pendapatan": 34.97, "pengeluaran": 10620.0, "ahh": 70.64, "profesional": 65.06, "tpak": 65.56, "rls": 8.37, "hls": 13.16, "skor_ekonomi": 41.96, "skor_keputusan": 45.61, "skor_kapasitas_sosial": 53.49, "ikpp_komposit": 45.73, "kuadran": "Kuadran IV (Ekonomi Tinggi, Keputusan Rendah)", "lisa_cluster_keputusan": "Not Significant", "lisa_cluster_ekonomi": "Not Significant", "pc1": -0.695, "pc2": 0.551, "lat": -3.625, "lon": 102.556}, "geometry": {"type": "Polygon", "coordinates": [[[102.6203, -3.8022], [102.6573, -3.772], [102.7343, -3.7463], [102.7706, -3.7082], [102.8078, -3.6128], [102.7972, -3.5712], [102.8102, -3.5299], [102.8102, -3.5299], [102.7222, -3.5526], [102.5944, -3.5257], [102.5322, -3.4953], [102.4464, -3.5291], [102.5074, -3.5847], [102.5128, -3.6194], [102.5496, -3.6756], [102.5779, -3.6834], [102.583, -3.7454], [102.6203, -3.8022]]]}}, {"type": "Feature", "id": 3673, "properties": {"WADMKK": "Serang", "WADMPR": "Banten", "KDPKAB": "36.04", "LUASWH": 12.0130077, "kode_wilayah": 3673, "nama_resmi": "Kota Serang", "tipe": "Kota", "provinsi": "Banten", "pulau": "Jawa", "parlemen": 8.89, "pendapatan": 28.03, "pengeluaran": 14603.0, "ahh": 71.29, "profesional": 51.65, "tpak": 53.21, "rls": 8.93, "hls": 12.83, "skor_ekonomi": 27.65, "skor_keputusan": 41.09, "skor_kapasitas_sosial": 58.78, "ikpp_komposit": 39.25, "kuadran": "Kuadran III (Ekonomi Rendah, Keputusan Rendah)", "lisa_cluster_keputusan": "Not Significant", "lisa_cluster_ekonomi": "Low-Low (Coldspot)", "pc1": 0.456, "pc2": -0.488, "lat": -6.12, "lon": 106.173}, "geometry": {"type": "Polygon", "coordinates": [[[105.8269, -6.2478], [105.8772, -6.2396], [105.9774, -6.2457], [106.0013, -6.2754], [106.0659, -6.2635], [106.0919, -6.2287], [106.128, -6.2505], [106.1745, -6.2508], [106.1718, -6.2913], [106.2735, -6.3003], [106.3251, -6.3358], [106.4009, -6.3303], [106.374, -6.1912], [106.3926, -6.152], [106.3506, -6.1096], [106.3397, -6.0738], [106.3656, -6.0391], [106.4118, -6.0242], [106.3875, -5.9765], [106.3504, -5.9642], [106.2442, -5.967], [106.2164, -6.0162], [106.2247, -6.129], [106.2557, -6.1462], [106.1923, -6.218], [106.138, -6.2093], [106.1223, -6.1679], [106.0782, -6.1805], [106.0694, -6.1308], [106.1104, -6.0856], [106.1473, -6.0666], [106.1483, -6.0203], [106.1108, -5.9954], [106.1139, -5.9301], [106.0828, -5.8912], [106.0411, -5.8761], [106.0359, -5.9434], [106.0579, -5.9587], [106.0851, -6.0356], [106.0501, -6.075], [106.03, -6.0476], [105.9639, -6.0579], [105.9245, -6.0484], [105.8811, -6.0767], [105.832, -6.2121], [105.8269, -6.2478]]]}}, {"type": "Feature", "id": 7314, "properties": {"WADMKK": "Sidenreng Rappang", "WADMPR": "Sulawesi Selatan", "KDPKAB": "73.14", "LUASWH": 37.64712622, "kode_wilayah": 7314, "nama_resmi": "Kabupaten Sidenreng Rappang", "tipe": "Kabupaten", "provinsi": "Sulawesi Selatan", "pulau": "Sulawesi", "parlemen": 8.57, "pendapatan": 30.0, "pengeluaran": 12866.0, "ahh": 71.69, "profesional": 58.64, "tpak": 53.34, "rls": 8.37, "hls": 12.61, "skor_ekonomi": 29.61, "skor_keputusan": 45.47, "skor_kapasitas_sosial": 55.99, "ikpp_komposit": 41.23, "kuadran": "Kuadran III (Ekonomi Rendah, Keputusan Rendah)", "lisa_cluster_keputusan": "Not Significant", "lisa_cluster_ekonomi": "Not Significant", "pc1": 0.048, "pc2": -0.559, "lat": -3.933, "lon": 119.769}, "geometry": {"type": "Polygon", "coordinates": [[[119.7506, -4.1267], [119.8021, -4.1297], [119.8487, -4.0986], [119.8944, -4.109], [119.8847, -4.0125], [119.9107, -3.9345], [120.0, -3.9345], [120.0338, -3.9155], [120.0457, -3.8708], [120.0795, -3.8473], [120.0862, -3.7925], [120.125, -3.8128], [120.1534, -3.7652], [120.1918, -3.7728], [120.2105, -3.7234], [120.1433, -3.683], [120.1566, -3.6422], [120.1909, -3.6445], [120.2993, -3.7052], [120.3388, -3.6779], [120.3209, -3.6468], [120.234, -3.5845], [120.2006, -3.5828], [120.1774, -3.508], [120.1393, -3.5229], [120.0975, -3.488], [120.0371, -3.5605], [119.9929, -3.6571], [119.9271, -3.6789], [119.9404, -3.7614], [119.9693, -3.789], [119.9067, -3.8227], [119.8605, -3.8113], [119.8027, -3.7333], [119.778, -3.7378], [119.717, -3.9082], [119.6639, -3.9606], [119.6757, -4.0064], [119.7185, -4.0455], [119.7211, -4.0782], [119.7506, -4.1267]]]}}, {"type": "Feature", "id": 3402, "properties": {"WADMKK": "Bantul", "WADMPR": "Daerah Istimewa Yogyakarta", "KDPKAB": "34.02", "LUASWH": 11.26805916, "kode_wilayah": 3402, "nama_resmi": "Kabupaten Bantul", "tipe": "Kabupaten", "provinsi": "DI Yogyakarta", "pulau": "Jawa", "parlemen": 20.0, "pendapatan": 38.51, "pengeluaran": 16851.0, "ahh": 76.28, "profesional": 56.92, "tpak": 67.15, "rls": 9.81, "hls": 15.63, "skor_ekonomi": 46.33, "skor_keputusan": 54.71, "skor_kapasitas_sosial": 74.65, "ikpp_komposit": 55.35, "kuadran": "Kuadran I (Ekonomi Tinggi, Keputusan Tinggi)", "lisa_cluster_keputusan": "Not Significant", "lisa_cluster_ekonomi": "High-High (Hotspot)", "pc1": 2.354, "pc2": 1.768, "lat": -7.886, "lon": 110.328}, "geometry": {"type": "Polygon", "coordinates": [[[110.339, -8.0281], [110.3337, -7.9958], [110.3981, -7.9805], [110.4878, -7.9452], [110.4962, -7.8922], [110.4671, -7.8698], [110.5195, -7.8309], [110.4216, -7.8223], [110.3971, -7.7885], [110.3954, -7.8323], [110.3518, -7.8257], [110.3511, -7.7682], [110.2924, -7.8352], [110.275, -7.7932], [110.2334, -7.8152], [110.2216, -7.8379], [110.2737, -7.8932], [110.2115, -7.9855], [110.339, -8.0281]]]}}, {"type": "Feature", "id": 1372, "properties": {"WADMKK": "Kota Solok", "WADMPR": "Sumatera Barat", "KDPKAB": "13.72", "LUASWH": 1.43233446, "kode_wilayah": 1372, "nama_resmi": "Kota Solok", "tipe": "Kota", "provinsi": "Sumatera Barat", "pulau": "Sumatera", "parlemen": 15.0, "pendapatan": 36.21, "pengeluaran": 12995.0, "ahh": 77.02, "profesional": 68.27, "tpak": 62.54, "rls": 11.37, "hls": 14.37, "skor_ekonomi": 41.26, "skor_keputusan": 57.76, "skor_kapasitas_sosial": 73.1, "ikpp_komposit": 54.23, "kuadran": "Kuadran I (Ekonomi Tinggi, Keputusan Tinggi)", "lisa_cluster_keputusan": "Not Significant", "lisa_cluster_ekonomi": "Not Significant", "pc1": 2.149, "pc2": 1.166, "lat": -0.799, "lon": 100.653}, "geometry": {"type": "Polygon", "coordinates": [[[100.5448, -0.8149], [100.6361, -0.7952], [100.6663, -0.8109], [100.6817, -0.7431], [100.6437, -0.7448], [100.6168, -0.7796], [100.5415, -0.809], [100.5448, -0.8149]]]}}, {"type": "Feature", "id": 1209, "properties": {"WADMKK": "Simalungun", "WADMPR": "Sumatera Utara", "KDPKAB": "12.08", "LUASWH": 3.53529134, "kode_wilayah": 1209, "nama_resmi": "Kabupaten Simalungun", "tipe": "Kabupaten", "provinsi": "Sumatera Utara", "pulau": "Sumatera", "parlemen": 8.0, "pendapatan": 36.82, "pengeluaran": 12119.0, "ahh": 74.44, "profesional": 57.33, "tpak": 62.63, "rls": 9.73, "hls": 13.09, "skor_ekonomi": 41.9, "skor_keputusan": 44.08, "skor_kapasitas_sosial": 62.83, "ikpp_komposit": 46.96, "kuadran": "Kuadran IV (Ekonomi Tinggi, Keputusan Rendah)", "lisa_cluster_keputusan": "Not Significant", "lisa_cluster_ekonomi": "High-Low (Spatial Outlier)", "pc1": 0.349, "pc2": 0.953, "lat": 2.988, "lon": 99.613}, "geometry": {"type": "Polygon", "coordinates": [[[98.8947, 2.6629], [98.958, 2.6461], [98.9746, 2.602], [99.0424, 2.6338], [99.0777, 2.5971], [99.0787, 2.6621], [99.1257, 2.7128], [99.2074, 2.7704], [99.2479, 2.8122], [99.2662, 2.8607], [99.3327, 2.8941], [99.3764, 2.8853], [99.3993, 2.9152], [99.4426, 2.9297], [99.5448, 3.0385], [99.5657, 3.079], [99.5513, 3.0998], [99.4661, 3.136], [99.4596, 3.1381], [99.3712, 3.1557], [99.375, 3.1682], [99.3757, 3.1704], [99.383, 3.1918], [99.3852, 3.198], [99.3851, 3.1984], [99.3855, 3.1996], [99.3856, 3.1997], [99.3922, 3.2196], [99.3977, 3.2341], [99.4014, 3.2446], [99.4041, 3.2542], [99.3806, 3.2548], [99.37, 3.2422], [99.3246, 3.2951], [99.305, 3.3043], [99.2807, 3.2738], [99.2807, 3.2738], [99.2361, 3.2564], [99.2262, 3.2048], [99.2176, 3.2135], [99.2068, 3.2247], [99.1967, 3.1785], [99.1529, 3.1501], [99.0334, 3.1111], [99, 3.0252], [98.9363, 3.0303], [98.9814, 3.081], [98.965, 3.1448], [99.0079, 3.2076], [98.9371, 3.2075], [98.9697, 3.2626], [98.864, 3.2563], [98.8402, 3.2224], [98.7357, 3.2149], [98.7264, 3.1211], [98.6926, 3.072], [98.6339, 3.0648], [98.6233, 3.1049], [98.5819, 3.0712], [98.5613, 3.0271], [98.5372, 2.9042], [98.5631, 2.8846], [98.5783, 2.83], [98.6289, 2.7949], [98.738, 2.7916], [98.8658, 2.7026], [98.8947, 2.6629]], [[99.0336, 2.9007], [99.0274, 2.9886], [99.0929, 3.013], [99.0969, 2.9422], [99.0336, 2.9007]]]}}, {"type": "Feature", "id": 1607, "properties": {"WADMKK": "Banyuasin", "WADMPR": "Sumatera Selatan", "KDPKAB": "16.07", "LUASWH": 6.57959931, "kode_wilayah": 1607, "nama_resmi": "Kabupaten Banyu Asin", "tipe": "Kabupaten", "provinsi": "Sumatera Selatan", "pulau": "Sumatera", "parlemen": 13.33, "pendapatan": 30.16, "pengeluaran": 11277.0, "ahh": 71.98, "profesional": 56.3, "tpak": 41.94, "rls": 7.48, "hls": 12.34, "skor_ekonomi": 22.67, "skor_keputusan": 48.23, "skor_kapasitas_sosial": 52.37, "ikpp_komposit": 38.83, "kuadran": "Kuadran II (Ekonomi Rendah, Keputusan Tinggi)", "lisa_cluster_keputusan": "Not Significant", "lisa_cluster_ekonomi": "Not Significant", "pc1": -0.179, "pc2": -1.485, "lat": -2.917, "lon": 104.407}, "geometry": {"type": "MultiPolygon", "coordinates": [[[[104.6738, -2.8771], [104.7702, -2.9156], [104.8017, -2.9061], [104.8451, -2.9282], [104.8618, -2.9684], [104.8372, -3.0125], [104.7902, -3.0535], [104.8023, -3.0719], [104.8838, -3.1422], [104.9232, -3.1594], [105.0503, -3.1485], [105.0444, -3.114], [105.0843, -3.1049], [105.0833, -3.0001], [105.1168, -2.9484], [105.1409, -2.9518], [105.1806, -3.0594], [105.2167, -3.1022], [105.2338, -3.0362], [105.2609, -2.9817], [105.2834, -2.9766], [105.3022, -2.9147], [105.2566, -2.8592], [105.2552, -2.7566], [105.2204, -2.7478], [105.199, -2.591], [105.23, -2.5416], [105.2695, -2.5387], [105.3323, -2.4506], [105.4633, -2.4625], [105.5455, -2.4164], [105.5685, -2.4162], [105.4883, -2.3876], [105.4163, -2.3895], [105.2971, -2.3735], [105.2033, -2.3266], [105.1077, -2.3709], [104.9983, -2.3311], [104.9101, -2.3363], [104.9182, -2.2902], [104.8495, -2.2846], [104.8219, -2.3573], [104.7542, -2.3952], [104.7438, -2.3589], [104.7985, -2.2716], [104.8431, -2.2493], [104.9066, -2.18], [104.8987, -2.1046], [104.8757, -2.0495], [104.8276, -2.0038], [104.6868, -1.9931], [104.6559, -1.9645], [104.6113, -2.0058], [104.5775, -2.0054], [104.5041, -1.9685], [104.4722, -1.913], [104.4717, -1.8647], [104.5038, -1.8056], [104.4838, -1.7875], [104.5256, -1.7118], [104.5007, -1.6809], [104.4927, -1.6714], [104.491, -1.6678], [104.4619, -1.6421], [104.4055, -1.6293], [104.3625, -1.6467], [104.1446, -1.7155], [104.1628, -1.7927], [104.2007, -1.8664], [104.2916, -1.9829], [104.3431, -2.0173], [104.3702, -2.0553], [104.3714, -2.1177], [104.429, -2.1909], [104.4885, -2.2039], [104.5105, -2.2296], [104.5644, -2.2471], [104.6336, -2.241], [104.6841, -2.3352], [104.635, -2.3486], [104.6054, -2.3769], [104.5146, -2.3745], [104.4497, -2.4143], [104.3785, -2.4028], [104.3171, -2.4154], [104.2794, -2.4398], [104.1424, -2.3884], [104.0936, -2.3118], [104.0613, -2.2965], [104.0389, -2.3302], [104.0547, -2.3621], [104.0625, -2.4509], [104.1309, -2.4818], [104.1525, -2.5177], [104.1402, -2.551], [104.214, -2.6322], [104.2806, -2.6297], [104.2944, -2.659], [104.2256, -2.689], [104.1713, -2.7606], [104.1809, -2.8123], [104.1707, -2.8723], [104.2299, -2.8852], [104.2317, -2.9084], [104.1752, -2.9185], [104.1659, -3.0503], [104.2312, -3.021], [104.2579, -3.0315], [104.3183, -3.0549], [104.3777, -3.0515], [104.4713, -3.0644], [104.4976, -3.0808], [104.5381, -3.0552], [104.6315, -3.0172], [104.6185, -2.9658], [104.6793, -2.9637], [104.6739, -2.8773], [104.6739, -2.8773], [104.6739, -2.8771], [104.6738, -2.8771]]], [[[104.5549, -1.8545], [104.5406, -1.8693], [104.5079, -1.9678], [104.5648, -1.9975], [104.6045, -2.0004], [104.6079, -1.9615], [104.6392, -1.9168], [104.5549, -1.8545]]]]}}, {"type": "Feature", "id": 7208, "properties": {"WADMKK": "Parigi Moutong", "WADMPR": "Sulawesi Tengah", "KDPKAB": "72.08", "LUASWH": 24.74617819, "kode_wilayah": 7208, "nama_resmi": "Kabupaten Parigi Moutong", "tipe": "Kabupaten", "provinsi": "Sulawesi Tengah", "pulau": "Sulawesi", "parlemen": 17.5, "pendapatan": 24.36, "pengeluaran": 15941.0, "ahh": 73.6, "profesional": 63.89, "tpak": 57.72, "rls": 11.75, "hls": 16.52, "skor_ekonomi": 26.95, "skor_keputusan": 57.1, "skor_kapasitas_sosial": 76.24, "ikpp_komposit": 48.87, "kuadran": "Kuadran II (Ekonomi Rendah, Keputusan Tinggi)", "lisa_cluster_keputusan": "Not Significant", "lisa_cluster_ekonomi": "Not Significant", "pc1": 3.5, "pc2": 0.287, "lat": -0.805, "lon": 120.16}, "geometry": {"type": "Polygon", "coordinates": [[[120.3542, -1.1852], [120.424, -1.1528], [120.4895, -1.1463], [120.5812, -1.108], [120.5071, -0.9972], [120.462, -0.9926], [120.4117, -0.9245], [120.3721, -0.9276], [120.3105, -0.9661], [120.2186, -0.8431], [120.1861, -0.8344], [120.1751, -0.7991], [120.1135, -0.7421], [120.0586, -0.6288], [120.0496, -0.4883], [120.0724, -0.4397], [120.0411, -0.3916], [120.0303, -0.3031], [120.0123, -0.2922], [120.0087, -0.1777], [120.0421, -0.1279], [120.0326, -0.0771], [120.0652, -0.0609], [120.1002, -0.016], [120.1057, 0.0948], [120.1361, 0.139], [120.1236, 0.1625], [120.1665, 0.2349], [120.2014, 0.2637], [120.2443, 0.3437], [120.303, 0.4178], [120.413, 0.477], [120.4458, 0.4719], [120.5068, 0.5134], [120.5714, 0.509], [120.6017, 0.5212], [120.6953, 0.5105], [120.7258, 0.4762], [120.855, 0.4423], [120.8972, 0.3963], [120.9323, 0.4], [121.0272, 0.4397], [121.0808, 0.3979], [121.1452, 0.41], [121.1754, 0.4585], [121.2387, 0.463], [121.2882, 0.4963], [121.3367, 0.4738], [121.3516, 0.4926], [121.3011, 0.5705], [121.2377, 0.6035], [121.2186, 0.6385], [121.1612, 0.6786], [121.092, 0.7022], [121.0549, 0.694], [121.015, 0.7114], [120.9382, 0.6896], [120.8825, 0.7046], [120.7824, 0.678], [120.7543, 0.662], [120.7072, 0.6687], [120.6252, 0.5885], [120.5382, 0.6351], [120.4955, 0.6364], [120.4621, 0.6679], [120.4223, 0.6617], [120.3567, 0.678], [120.219, 0.605], [120.1926, 0.6158], [120.1802, 0.546], [120.1592, 0.5318], [120.1548, 0.4678], [120.1133, 0.4317], [120.1169, 0.3975], [120.0783, 0.3793], [120.0567, 0.3314], [120.055, 0.2862], [120.0958, 0.2434], [120.0922, 0.2049], [120.0497, 0.181], [120.0338, 0.1277], [120.0001, 0.1231], [119.9612, 0.0857], [119.9415, 0.0108], [119.9319, -0.1005], [119.8985, -0.1386], [119.9354, -0.21], [119.9055, -0.2694], [119.9271, -0.3349], [119.9109, -0.3544], [119.9384, -0.5122], [120.0004, -0.5855], [120.0325, -0.6837], [120.016, -0.7237], [120.0186, -0.7816], [120.0421, -0.8341], [120.0337, -0.8567], [120.0657, -0.9195], [120.0524, -0.9676], [120.0822, -1.0127], [120.1114, -1.0163], [120.2271, -1.0857], [120.2292, -1.1207], [120.265, -1.1496], [120.3418, -1.1426], [120.3542, -1.1852]]]}}, {"type": "Feature", "id": 7316, "properties": {"WADMKK": "Enrekang", "WADMPR": "Sulawesi Selatan", "KDPKAB": "73.16", "LUASWH": 20.543923, "kode_wilayah": 7316, "nama_resmi": "Kabupaten Enrekang", "tipe": "Kabupaten", "provinsi": "Sulawesi Selatan", "pulau": "Sulawesi", "parlemen": 16.67, "pendapatan": 38.08, "pengeluaran": 9292.0, "ahh": 76.46, "profesional": 58.42, "tpak": 66.07, "rls": 8.54, "hls": 13.43, "skor_ekonomi": 45.24, "skor_keputusan": 52.69, "skor_kapasitas_sosial": 60.76, "ikpp_komposit": 51.32, "kuadran": "Kuadran I (Ekonomi Tinggi, Keputusan Tinggi)", "lisa_cluster_keputusan": "Not Significant", "lisa_cluster_ekonomi": "Not Significant", "pc1": -0.084, "pc2": 0.813, "lat": -3.588, "lon": 119.77}, "geometry": {"type": "Polygon", "coordinates": [[[119.8027, -3.7333], [119.8605, -3.8113], [119.9067, -3.8227], [119.9693, -3.789], [119.9404, -3.7614], [119.9271, -3.6789], [119.9929, -3.6571], [120.0371, -3.5605], [120.0975, -3.488], [120.0414, -3.3683], [119.9957, -3.3024], [119.9336, -3.2903], [119.9234, -3.2661], [119.829, -3.2653], [119.8151, -3.2455], [119.7293, -3.2933], [119.725, -3.3633], [119.6969, -3.3867], [119.6926, -3.5007], [119.765, -3.6864], [119.7637, -3.7181], [119.8027, -3.7333]]]}}, {"type": "Feature", "id": 7471, "properties": {"WADMKK": "Kota Kendari", "WADMPR": "Sulawesi Tenggara", "KDPKAB": "74.71", "LUASWH": 2.71875291, "kode_wilayah": 7471, "nama_resmi": "Kota Kendari", "tipe": "Kota", "provinsi": "Sulawesi Tenggara", "pulau": "Sulawesi", "parlemen": 20.59, "pendapatan": 39.67, "pengeluaran": 11618.0, "ahh": 67.16, "profesional": 49.68, "tpak": 56.23, "rls": 7.78, "hls": 12.48, "skor_ekonomi": 40.64, "skor_keputusan": 50.41, "skor_kapasitas_sosial": 47.28, "ikpp_komposit": 45.88, "kuadran": "Kuadran I (Ekonomi Tinggi, Keputusan Tinggi)", "lisa_cluster_keputusan": "Not Significant", "lisa_cluster_ekonomi": "Not Significant", "pc1": -1.132, "pc2": -0.246, "lat": -3.973, "lon": 122.512}, "geometry": {"type": "Polygon", "coordinates": [[[122.4429, -4.0116], [122.5069, -4.0822], [122.6049, -4.0525], [122.6513, -4.0029], [122.5924, -3.9742], [122.6259, -3.9484], [122.5238, -3.9359], [122.4877, -3.9038], [122.4589, -3.932], [122.4429, -4.0116]]]}}, {"type": "Feature", "id": 5205, "properties": {"WADMKK": "Dompu", "WADMPR": "Nusa Tenggara Barat", "KDPKAB": "52.05", "LUASWH": 17.82045797, "kode_wilayah": 5205, "nama_resmi": "Kabupaten Dompu", "tipe": "Kabupaten", "provinsi": "Nusa Tenggara Barat", "pulau": "Bali & Nusa Tenggara", "parlemen": 6.67, "pendapatan": 33.96, "pengeluaran": 9971.0, "ahh": 70.04, "profesional": 54.52, "tpak": 73.96, "rls": 9.04, "hls": 13.84, "skor_ekonomi": 46.22, "skor_keputusan": 40.99, "skor_kapasitas_sosial": 54.84, "ikpp_komposit": 45.85, "kuadran": "Kuadran IV (Ekonomi Tinggi, Keputusan Rendah)", "lisa_cluster_keputusan": "Not Significant", "lisa_cluster_ekonomi": "High-High (Hotspot)", "pc1": -0.827, "pc2": 1.098, "lat": -8.534, "lon": 118.465}, "geometry": {"type": "Polygon", "coordinates": [[[118.4797, -8.8847], [118.4837, -8.8202], [118.5, -8.7965], [118.5122, -8.7189], [118.5358, -8.6487], [118.5072, -8.597], [118.5002, -8.5478], [118.5139, -8.5062], [118.4863, -8.4586], [118.5426, -8.3949], [118.5, -8.3488], [118.4447, -8.2684], [118.3879, -8.3049], [118.3888, -8.3285], [118.3174, -8.3703], [118.3208, -8.405], [118.2744, -8.4386], [118.2052, -8.4367], [118.1454, -8.4057], [118.0452, -8.3356], [118.0275, -8.3024], [117.9733, -8.273], [117.9207, -8.2163], [117.8502, -8.2128], [117.7655, -8.1435], [117.7243, -8.1504], [117.7065, -8.2108], [117.7118, -8.2429], [117.7628, -8.2891], [117.8302, -8.3726], [117.9859, -8.4657], [118.0821, -8.4507], [118.1056, -8.4954], [118.2271, -8.551], [118.2735, -8.5873], [118.2741, -8.6527], [118.2043, -8.6728], [118.1758, -8.6548], [118.1884, -8.7057], [118.3137, -8.6938], [118.333, -8.7129], [118.3538, -8.6845], [118.406, -8.6723], [118.4285, -8.7214], [118.3758, -8.7728], [118.3801, -8.83], [118.4123, -8.868], [118.4797, -8.8847]]]}}, {"type": "Feature", "id": 7106, "properties": {"WADMKK": "Minahasa Utara", "WADMPR": "Sulawesi Utara", "KDPKAB": "71.06", "LUASWH": 3.43468989, "kode_wilayah": 7106, "nama_resmi": "Kabupaten Minahasa Utara", "tipe": "Kabupaten", "provinsi": "Sulawesi Utara", "pulau": "Sulawesi", "parlemen": 23.33, "pendapatan": 32.67, "pengeluaran": 10191.0, "ahh": 70.77, "profesional": 44.26, "tpak": 37.76, "rls": 8.29, "hls": 11.91, "skor_ekonomi": 22.46, "skor_keputusan": 49.27, "skor_kapasitas_sosial": 50.75, "ikpp_komposit": 38.84, "kuadran": "Kuadran II (Ekonomi Rendah, Keputusan Tinggi)", "lisa_cluster_keputusan": "High-High (Hotspot)", "lisa_cluster_ekonomi": "Low-Low (Coldspot)", "pc1": -0.374, "pc2": -1.764, "lat": 1.459, "lon": 124.975}, "geometry": {"type": "Polygon", "coordinates": [[[124.8852, 1.4658], [124.9259, 1.3771], [124.9122, 1.3531], [124.9632, 1.3191], [125.0133, 1.3293], [125.0274, 1.291], [125.0635, 1.2861], [125.0777, 1.3664], [125.1084, 1.3937], [125.0672, 1.5417], [125.0853, 1.5762], [125.1371, 1.5769], [125.1479, 1.5993], [125.1647, 1.644], [125.1322, 1.6678], [125.0161, 1.6874], [125.0254, 1.7302], [124.9976, 1.7491], [124.8827, 1.632], [124.8674, 1.6003], [124.8211, 1.5829], [124.9273, 1.5603], [124.9328, 1.5069], [124.8852, 1.4658]]]}}, {"type": "Feature", "id": 7322, "properties": {"WADMKK": "Luwu Utara", "WADMPR": "Sulawesi Selatan", "KDPKAB": "73.22", "LUASWH": 10.92937093, "kode_wilayah": 7322, "nama_resmi": "Kabupaten Luwu Utara", "tipe": "Kabupaten", "provinsi": "Sulawesi Selatan", "pulau": "Sulawesi", "parlemen": 14.29, "pendapatan": 21.0, "pengeluaran": 14369.0, "ahh": 73.63, "profesional": 64.96, "tpak": 52.02, "rls": 11.16, "hls": 15.13, "skor_ekonomi": 20.2, "skor_keputusan": 54.9, "skor_kapasitas_sosial": 70.89, "ikpp_komposit": 44.22, "kuadran": "Kuadran II (Ekonomi Rendah, Keputusan Tinggi)", "lisa_cluster_keputusan": "Not Significant", "lisa_cluster_ekonomi": "Not Significant", "pc1": 2.764, "pc2": -0.647, "lat": -2.55, "lon": 120.346}, "geometry": {"type": "Polygon", "coordinates": [[[120.2873, -2.9097], [120.346, -2.87], [120.4469, -2.8271], [120.4903, -2.7829], [120.5291, -2.765], [120.5733, -2.7047], [120.6559, -2.6672], [120.5739, -2.4623], [120.5404, -2.4275], [120.5202, -2.3789], [120.5313, -2.3547], [120.5087, -2.3005], [120.4702, -2.2489], [120.5203, -2.1466], [120.5134, -2.1102], [120.4804, -2.0828], [120.4201, -1.979], [120.3878, -1.9751], [120.3291, -1.9969], [120.3256, -2.0405], [120.2898, -2.0387], [120.2329, -1.987], [120.1803, -1.9662], [120.1291, -1.9946], [120.0945, -1.9675], [120.0446, -1.9721], [119.9966, -1.9576], [119.9708, -1.9973], [119.9009, -2.0554], [119.8703, -2.0185], [119.8177, -2.0593], [119.8037, -2.1122], [119.711, -2.1425], [119.7469, -2.2221], [119.6775, -2.2795], [119.6877, -2.3698], [119.7245, -2.467], [119.7127, -2.5199], [119.7458, -2.5359], [119.7604, -2.5866], [119.8493, -2.6347], [119.8379, -2.6672], [119.8859, -2.7631], [119.9068, -2.7222], [119.9777, -2.6962], [120.0824, -2.6952], [120.1054, -2.6639], [120.1342, -2.7037], [120.2504, -2.8236], [120.2873, -2.9097]]]}}, {"type": "Feature", "id": 3671, "properties": {"WADMKK": "Kota Tangerang", "WADMPR": "Banten", "KDPKAB": "36.71", "LUASWH": 0.0, "kode_wilayah": 3671, "nama_resmi": "Kota Tangerang", "tipe": "Kota", "provinsi": "Banten", "pulau": "Jawa", "parlemen": 12.0, "pendapatan": 32.06, "pengeluaran": 15641.0, "ahh": 74.52, "profesional": 46.16, "tpak": 49.79, "rls": 11.14, "hls": 13.9, "skor_ekonomi": 29.37, "skor_keputusan": 40.24, "skor_kapasitas_sosial": 70.95, "ikpp_komposit": 42.03, "kuadran": "Kuadran III (Ekonomi Rendah, Keputusan Rendah)", "lisa_cluster_keputusan": "Not Significant", "lisa_cluster_ekonomi": "Not Significant", "pc1": 2.012, "pc2": 0.4, "lat": -6.164, "lon": 106.641}, "geometry": {"type": "Polygon", "coordinates": [[[106.688, -6.0971], [106.6726, -6.1195], [106.6139, -6.1267], [106.5542, -6.1994], [106.589, -6.2226], [106.6383, -6.2299], [106.7482, -6.2501], [106.7374, -6.2239], [106.7241, -6.1918], [106.6868, -6.1724], [106.688, -6.0971]]]}}, {"type": "Feature", "id": 1272, "properties": {"WADMKK": "Kota Tanjung Balai", "WADMPR": "Sumatera Utara", "KDPKAB": "12.74", "LUASWH": 6.00302525, "kode_wilayah": 1272, "nama_resmi": "Kota Tanjung Balai", "tipe": "Kota", "provinsi": "Sumatera Utara", "pulau": "Sumatera", "parlemen": 32.0, "pendapatan": 24.51, "pengeluaran": 12264.0, "ahh": 66.4, "profesional": 52.07, "tpak": 54.55, "rls": 9.69, "hls": 13.15, "skor_ekonomi": 25.12, "skor_keputusan": 62.38, "skor_kapasitas_sosial": 52.41, "ikpp_komposit": 45.48, "kuadran": "Kuadran II (Ekonomi Rendah, Keputusan Tinggi)", "lisa_cluster_keputusan": "Not Significant", "lisa_cluster_ekonomi": "Not Significant", "pc1": 0.408, "pc2": -1.754, "lat": 2.956, "lon": 99.062}, "geometry": {"type": "Polygon", "coordinates": [[[99.7629, 2.9688], [99.7752, 2.9209], [99.8172, 2.9242], [99.7986, 3.0095], [99.7629, 2.9688]]]}}, {"type": "Feature", "id": 7110, "properties": {"WADMKK": "Bolaang Mongondow Selatan", "WADMPR": "Sulawesi Utara", "KDPKAB": "71.11", "LUASWH": 4.19646301, "kode_wilayah": 7110, "nama_resmi": "Kabupaten Bolaang Mongondow Selatan", "tipe": "Kabupaten", "provinsi": "Sulawesi Utara", "pulau": "Sulawesi", "parlemen": 20.0, "pendapatan": 28.16, "pengeluaran": 12074.0, "ahh": 73.67, "profesional": 62.12, "tpak": 55.52, "rls": 10.35, "hls": 13.05, "skor_ekonomi": 29.21, "skor_keputusan": 58.19, "skor_kapasitas_sosial": 63.08, "ikpp_komposit": 47.58, "kuadran": "Kuadran II (Ekonomi Rendah, Keputusan Tinggi)", "lisa_cluster_keputusan": "High-High (Hotspot)", "lisa_cluster_ekonomi": "Low-Low (Coldspot)", "pc1": 1.203, "pc2": -0.645, "lat": 0.769, "lon": 124.613}, "geometry": {"type": "Polygon", "coordinates": [[[123.4736, 0.3203], [123.4922, 0.3073], [123.5462, 0.3228], [123.6132, 0.3003], [123.68, 0.3032], [123.7367, 0.3235], [123.7788, 0.3121], [123.8077, 0.3353], [123.8801, 0.3453], [123.9991, 0.3755], [124.0638, 0.3699], [124.0806, 0.3879], [124.207, 0.3944], [124.2884, 0.4071], [124.3236, 0.4462], [124.4503, 0.4489], [124.4759, 0.4665], [124.4414, 0.5601], [124.3816, 0.5813], [124.3375, 0.6151], [124.2747, 0.5449], [124.1949, 0.5283], [124.1607, 0.5617], [124.1133, 0.5273], [124.0482, 0.511], [124.0254, 0.4779], [123.9689, 0.4657], [123.9329, 0.4321], [123.8604, 0.459], [123.7916, 0.4407], [123.7135, 0.4668], [123.6902, 0.4863], [123.7202, 0.5264], [123.7136, 0.5632], [123.6429, 0.5735], [123.6083, 0.5619], [123.5858, 0.5864], [123.5332, 0.577], [123.5477, 0.5225], [123.5228, 0.4901], [123.5482, 0.4423], [123.4979, 0.3821], [123.4736, 0.3203]]]}}, {"type": "Feature", "id": 1805, "properties": {"WADMKK": "Lampung Tengah", "WADMPR": "Lampung", "KDPKAB": "18.02", "LUASWH": 21.6797509, "kode_wilayah": 1805, "nama_resmi": "Kabupaten Lampung Tengah", "tipe": "Kabupaten", "provinsi": "Lampung", "pulau": "Sumatera", "parlemen": 20.0, "pendapatan": 32.31, "pengeluaran": 12595.0, "ahh": 72.56, "profesional": 54.5, "tpak": 60.96, "rls": 7.97, "hls": 13.17, "skor_ekonomi": 36.56, "skor_keputusan": 53.09, "skor_kapasitas_sosial": 57.02, "ikpp_komposit": 47.26, "kuadran": "Kuadran I (Ekonomi Tinggi, Keputusan Tinggi)", "lisa_cluster_keputusan": "Not Significant", "lisa_cluster_ekonomi": "Not Significant", "pc1": 0.05, "pc2": -0.222, "lat": -4.495, "lon": 105.22}, "geometry": {"type": "Polygon", "coordinates": [[[104.7927, -5.1569], [104.8221, -5.1963], [104.8613, -5.2018], [104.8718, -5.2327], [104.9422, -5.2612], [105.049, -5.2065], [105.0409, -5.185], [105.083, -5.1424], [105.1377, -5.164], [105.1818, -5.1221], [105.2582, -5.179], [105.2818, -5.1756], [105.2868, -5.1708], [105.2682, -5.1526], [105.2898, -5.1079], [105.2797, -5.083], [105.3166, -5.0545], [105.3327, -4.9783], [105.4099, -4.9548], [105.401, -4.9163], [105.4269, -4.8915], [105.4939, -4.8985], [105.5838, -4.8832], [105.6377, -4.8508], [105.6492, -4.7957], [105.6814, -4.7506], [105.759, -4.7318], [105.7995, -4.7546], [105.8166, -4.65], [105.7808, -4.6326], [105.8035, -4.5809], [105.754, -4.5228], [105.7133, -4.5312], [105.6938, -4.4912], [105.6202, -4.5181], [105.5336, -4.5203], [105.52, -4.497], [105.4516, -4.4926], [105.3821, -4.5168], [105.2621, -4.6352], [105.2121, -4.6354], [105.196, -4.5943], [105.1815, -4.635], [105.1254, -4.7262], [105.1237, -4.7576], [105.0581, -4.8742], [105.0388, -4.9601], [104.9964, -4.9494], [104.9643, -4.9135], [104.9324, -4.9196], [104.8872, -4.9897], [104.8379, -4.9752], [104.7996, -4.9854], [104.7671, -5.0361], [104.6871, -5.0825], [104.6282, -5.0887], [104.5905, -5.0693], [104.5476, -5.0941], [104.5943, -5.1321], [104.6518, -5.1325], [104.701, -5.1555], [104.7521, -5.1269], [104.7927, -5.1569]]]}}, {"type": "Feature", "id": 1105, "properties": {"WADMKK": "Aceh Timur", "WADMPR": "Aceh", "KDPKAB": "11.03", "LUASWH": 15.6921866, "kode_wilayah": 1105, "nama_resmi": "Kabupaten Aceh Timur", "tipe": "Kabupaten", "provinsi": "Aceh", "pulau": "Sumatera", "parlemen": 2.5, "pendapatan": 29.3, "pengeluaran": 9889.0, "ahh": 71.21, "profesional": 48.7, "tpak": 38.86, "rls": 8.48, "hls": 13.08, "skor_ekonomi": 19.93, "skor_keputusan": 33.3, "skor_kapasitas_sosial": 53.64, "ikpp_komposit": 32.02, "kuadran": "Kuadran III (Ekonomi Rendah, Keputusan Rendah)", "lisa_cluster_keputusan": "Not Significant", "lisa_cluster_ekonomi": "Not Significant", "pc1": -0.229, "pc2": -1.039, "lat": 4.153, "lon": 96.131}, "geometry": {"type": "Polygon", "coordinates": [[[97.3589, 4.2143], [97.4141, 4.1792], [97.4988, 4.1557], [97.5163, 4.1819], [97.5625, 4.1981], [97.5944, 4.2434], [97.6558, 4.2233], [97.6879, 4.2471], [97.7329, 4.2492], [97.7849, 4.3565], [97.8565, 4.3868], [97.9074, 4.3903], [97.9309, 4.3604], [98.0023, 4.4052], [97.8682, 4.4725], [97.9168, 4.5314], [97.9683, 4.5318], [97.9747, 4.5566], [97.998, 4.5893], [97.9964, 4.6374], [97.962, 4.6719], [97.9597, 4.7439], [97.9037, 4.891], [97.8681, 4.8926], [97.8106, 4.9314], [97.6479, 5.0744], [97.6533, 5.1132], [97.5905, 5.1443], [97.5502, 5.2152], [97.4836, 5.2431], [97.5009, 5.19], [97.4596, 5.1123], [97.5085, 5.069], [97.5142, 5.033], [97.477, 4.8393], [97.4379, 4.8221], [97.434, 4.7867], [97.3998, 4.7687], [97.3375, 4.7784], [97.3186, 4.7371], [97.3271, 4.7031], [97.3058, 4.6658], [97.2563, 4.65], [97.3125, 4.6046], [97.3172, 4.5491], [97.2795, 4.5125], [97.3429, 4.4999], [97.3455, 4.4438], [97.3685, 4.3703], [97.3594, 4.3495], [97.3589, 4.2143]]]}}, {"type": "Feature", "id": 5309, "properties": {"WADMKK": "Flores Timur", "WADMPR": "Nusa Tenggara Timur", "KDPKAB": "53.06", "LUASWH": 18.11898825, "kode_wilayah": 5309, "nama_resmi": "Kabupaten Flores Timur", "tipe": "Kabupaten", "provinsi": "Nusa Tenggara Timur", "pulau": "Bali & Nusa Tenggara", "parlemen": 0.0, "pendapatan": 44.82, "pengeluaran": 8505.0, "ahh": 68.21, "profesional": 54.31, "tpak": 67.42, "rls": 8.06, "hls": 12.96, "skor_ekonomi": 52.52, "skor_keputusan": 34.79, "skor_kapasitas_sosial": 47.21, "ikpp_komposit": 44.37, "kuadran": "Kuadran IV (Ekonomi Tinggi, Keputusan Rendah)", "lisa_cluster_keputusan": "Not Significant", "lisa_cluster_ekonomi": "High-High (Hotspot)", "pc1": -2.09, "pc2": 1.516, "lat": -8.785, "lon": 120.975}, "geometry": {"type": "MultiPolygon", "coordinates": [[[[122.9951, -8.4978], [123.0219, -8.4765], [123.077, -8.4892], [123.1486, -8.4612], [123.1635, -8.431], [122.9762, -8.436], [122.9452, -8.493], [122.8817, -8.5307], [122.8703, -8.5844], [122.8863, -8.6094], [122.9359, -8.596], [122.9951, -8.4978]]], [[[123.0318, -8.3997], [123.1101, -8.4024], [123.179, -8.3852], [123.2753, -8.3954], [123.3077, -8.3604], [123.3051, -8.2963], [123.3338, -8.2643], [123.2104, -8.2242], [123.1428, -8.2385], [123.0288, -8.3117], [122.9988, -8.3688], [123.0318, -8.3997]]], [[[122.6542, -8.6371], [122.7325, -8.6105], [122.8194, -8.5965], [122.8446, -8.5622], [122.8366, -8.5268], [122.7902, -8.4841], [122.7984, -8.4222], [122.8721, -8.4549], [122.893, -8.4197], [122.8784, -8.3844], [122.9144, -8.3281], [122.9634, -8.3518], [123.0206, -8.3154], [122.9778, -8.2122], [122.9623, -8.195], [122.973, -8.1355], [122.8658, -8.0635], [122.7807, -8.112], [122.7853, -8.1491], [122.7417, -8.2289], [122.7878, -8.2355], [122.7995, -8.2083], [122.8661, -8.1762], [122.922, -8.1952], [122.8721, -8.2937], [122.8117, -8.2978], [122.7657, -8.3633], [122.7356, -8.3578], [122.6828, -8.3843], [122.6865, -8.4863], [122.6671, -8.5156], [122.6542, -8.6371]]]]}}, {"type": "Feature", "id": 6409, "properties": {"WADMKK": "Penajam Paser Utara", "WADMPR": "Kalimantan Timur", "KDPKAB": "64.09", "LUASWH": 180.62381528, "kode_wilayah": 6409, "nama_resmi": "Kabupaten Penajam Paser Utara", "tipe": "Kabupaten", "provinsi": "Kalimantan Timur", "pulau": "Kalimantan", "parlemen": 4.0, "pendapatan": 25.73, "pengeluaran": 16160.0, "ahh": 76.8, "profesional": 57.26, "tpak": 49.7, "rls": 10.95, "hls": 15.4, "skor_ekonomi": 23.27, "skor_keputusan": 40.4, "skor_kapasitas_sosial": 76.8, "ikpp_komposit": 40.83, "kuadran": "Kuadran III (Ekonomi Rendah, Keputusan Rendah)", "lisa_cluster_keputusan": "Not Significant", "lisa_cluster_ekonomi": "Low-Low (Coldspot)", "pc1": 3.024, "pc2": 0.404, "lat": -1.308, "lon": 116.727}, "geometry": {"type": "Polygon", "coordinates": [[[116.4386, -0.9708], [116.4541, -1.0435], [116.3709, -1.1444], [116.3779, -1.1993], [116.3443, -1.2453], [116.3355, -1.3338], [116.3558, -1.3917], [116.3643, -1.4715], [116.3791, -1.4987], [116.3696, -1.5603], [116.4781, -1.5958], [116.4849, -1.5684], [116.5524, -1.5612], [116.53, -1.5088], [116.5399, -1.4647], [116.6097, -1.4156], [116.7621, -1.3621], [116.7607, -1.2906], [116.7781, -1.2442], [116.7418, -1.2181], [116.7669, -1.1871], [116.7016, -1.1194], [116.7412, -1.0733], [116.8006, -1.0506], [116.8517, -1.0158], [116.9311, -0.9516], [116.9452, -0.8796], [116.9041, -0.8953], [116.8657, -0.8336], [116.8252, -0.8098], [116.7725, -0.8258], [116.6899, -0.7978], [116.6512, -0.8252], [116.6415, -0.8623], [116.5995, -0.8824], [116.5683, -0.8599], [116.5641, -0.8127], [116.515, -0.8263], [116.5009, -0.8581], [116.4736, -0.9411], [116.4386, -0.9708]]]}}, {"type": "Feature", "id": 6203, "properties": {"WADMKK": "Kapuas", "WADMPR": "Kalimantan Tengah", "KDPKAB": "62.03", "LUASWH": 45.21256937, "kode_wilayah": 6203, "nama_resmi": "Kabupaten Kapuas", "tipe": "Kabupaten", "provinsi": "Kalimantan Tengah", "pulau": "Kalimantan", "parlemen": 25.0, "pendapatan": 28.19, "pengeluaran": 12265.0, "ahh": 71.37, "profesional": 53.81, "tpak": 53.9, "rls": 7.93, "hls": 13.01, "skor_ekonomi": 28.23, "skor_keputusan": 57.18, "skor_kapasitas_sosial": 54.75, "ikpp_komposit": 45.11, "kuadran": "Kuadran II (Ekonomi Rendah, Keputusan Tinggi)", "lisa_cluster_keputusan": "High-High (Hotspot)", "lisa_cluster_ekonomi": "Not Significant", "pc1": 0.186, "pc2": -1.234, "lat": -2.964, "lon": 114.416}, "geometry": {"type": "Polygon", "coordinates": [[[114.352, -3.4635], [114.3628, -3.3871], [114.3496, -3.3488], [114.3762, -3.2885], [114.4359, -3.2426], [114.4495, -3.2096], [114.4237, -3.1799], [114.5458, -3.0678], [114.5052, -2.9997], [114.5442, -2.949], [114.5538, -2.8919], [114.59, -2.9097], [114.6153, -2.8845], [114.5977, -2.8156], [114.6644, -2.8006], [114.6785, -2.7391], [114.718, -2.7408], [114.7622, -2.7202], [114.787, -2.6822], [114.7973, -2.5915], [114.7795, -2.6062], [114.7186, -2.5676], [114.7698, -2.4932], [114.7369, -2.4394], [114.6443, -2.4048], [114.6805, -2.3245], [114.6817, -2.2322], [114.6941, -2.1551], [114.6506, -2.0882], [114.6168, -2.0167], [114.6205, -1.9076], [114.5968, -1.6704], [114.6242, -1.6041], [114.6138, -1.5515], [114.6619, -1.4082], [114.6681, -1.3193], [114.6618, -1.2654], [114.6836, -1.2428], [114.6974, -1.1643], [114.6525, -1.1714], [114.5808, -1.159], [114.5088, -1.1229], [114.4832, -1.0433], [114.4545, -1.0244], [114.5045, -0.9504], [114.5216, -0.9034], [114.5554, -0.9156], [114.5697, -0.8753], [114.636, -0.8627], [114.5281, -0.8497], [114.4683, -0.8344], [114.3932, -0.8359], [114.3637, -0.8557], [114.2343, -0.86], [114.219, -0.8087], [114.153, -0.7957], [114.121, -0.7295], [114.0957, -0.6292], [114.063, -0.5773], [114.0785, -0.5531], [114.0149, -0.4792], [114.0002, -0.3966], [113.978, -0.3847], [113.9277, -0.4118], [113.8916, -0.464], [113.8523, -0.4447], [113.76, -0.4817], [113.736, -0.6006], [113.6964, -0.6342], [113.698, -0.6939], [113.682, -0.7875], [113.748, -0.8421], [113.784, -0.9306], [113.809, -0.9587], [113.928, -0.9997], [113.9854, -1.0665], [113.97, -1.1117], [114.0048, -1.2903], [114.0, -1.3937], [114.008, -1.4735], [113.9831, -1.5321], [114.0309, -1.5872], [113.9815, -1.6671], [113.9744, -1.7345], [113.9859, -1.8026], [114.032, -1.9067], [114.0729, -1.9381], [114.0814, -1.9743], [114.1711, -2.0905], [114.1844, -2.1887], [114.2278, -2.2293], [114.2619, -2.2316], [114.2624, -2.3779], [114.3253, -2.3733], [114.3232, -2.4303], [114.3381, -2.7174], [114.3488, -2.7442], [114.2847, -2.8037], [114.2837, -2.8653], [114.2123, -2.9374], [114.281, -3.0425], [114.2334, -3.1689], [114.2178, -3.1923], [114.1664, -3.1746], [114.1467, -3.1875], [114.1414, -3.2669], [114.172, -3.334], [114.1525, -3.3833], [114.1832, -3.3934], [114.2432, -3.3677], [114.2546, -3.4034], [114.3208, -3.4548], [114.352, -3.4635]]]}}, {"type": "Feature", "id": 7111, "properties": {"WADMKK": "Bolaang Mongondow Timur", "WADMPR": "Sulawesi Utara", "KDPKAB": "71.10", "LUASWH": 1.55521481, "kode_wilayah": 7111, "nama_resmi": "Kabupaten Bolaang Mongondow Timur", "tipe": "Kabupaten", "provinsi": "Sulawesi Utara", "pulau": "Sulawesi", "parlemen": 30.0, "pendapatan": 24.68, "pengeluaran": 10536.0, "ahh": 71.44, "profesional": 50.07, "tpak": 55.47, "rls": 9.04, "hls": 13.34, "skor_ekonomi": 25.86, "skor_keputusan": 59.22, "skor_kapasitas_sosial": 56.29, "ikpp_komposit": 45.29, "kuadran": "Kuadran II (Ekonomi Rendah, Keputusan Tinggi)", "lisa_cluster_keputusan": "High-High (Hotspot)", "lisa_cluster_ekonomi": "Low-Low (Coldspot)", "pc1": 0.414, "pc2": -1.456, "lat": 0.384, "lon": 124.048}, "geometry": {"type": "Polygon", "coordinates": [[[124.4759, 0.4665], [124.503, 0.4874], [124.4982, 0.5537], [124.5591, 0.5907], [124.555, 0.6504], [124.599, 0.7071], [124.6295, 0.713], [124.6252, 0.7675], [124.6721, 0.8286], [124.699, 0.8439], [124.6347, 0.8908], [124.6521, 0.9515], [124.5955, 0.9372], [124.5601, 0.8671], [124.4886, 0.8037], [124.4696, 0.7624], [124.4526, 0.7708], [124.4359, 0.7861], [124.3571, 0.7553], [124.3488, 0.7306], [124.3702, 0.669], [124.3417, 0.6484], [124.3375, 0.6151], [124.3816, 0.5813], [124.4414, 0.5601], [124.4759, 0.4665]]]}}, {"type": "Feature", "id": 3306, "properties": {"WADMKK": "Purworejo", "WADMPR": "Jawa Tengah", "KDPKAB": "33.06", "LUASWH": 0.67327979, "kode_wilayah": 3306, "nama_resmi": "Kabupaten Purworejo", "tipe": "Kabupaten", "provinsi": "Jawa Tengah", "pulau": "Jawa", "parlemen": 22.22, "pendapatan": 34.92, "pengeluaran": 11584.0, "ahh": 77.49, "profesional": 37.75, "tpak": 62.87, "rls": 8.65, "hls": 13.55, "skor_ekonomi": 40.24, "skor_keputusan": 43.91, "skor_kapasitas_sosial": 64.77, "ikpp_komposit": 46.61, "kuadran": "Kuadran IV (Ekonomi Tinggi, Keputusan Rendah)", "lisa_cluster_keputusan": "Not Significant", "lisa_cluster_ekonomi": "Not Significant", "pc1": 0.335, "pc2": 0.629, "lat": -7.714, "lon": 110.008}, "geometry": {"type": "Polygon", "coordinates": [[[110.0035, -7.8883], [110.0416, -7.8844], [110.0637, -7.8121], [110.1312, -7.7394], [110.1414, -7.6448], [110.0942, -7.5657], [110.0443, -7.5347], [109.998, -7.5895], [109.9737, -7.535], [109.9012, -7.5177], [109.8145, -7.6014], [109.8004, -7.7067], [109.832, -7.7232], [109.8236, -7.8312], [110.0035, -7.8883]]]}}, {"type": "Feature", "id": 6108, "properties": {"WADMKK": "Kapuas Hulu", "WADMPR": "Kalimantan Barat", "KDPKAB": "61.06", "LUASWH": 110.63724885, "kode_wilayah": 6108, "nama_resmi": "Kabupaten Kapuas Hulu", "tipe": "Kabupaten", "provinsi": "Kalimantan Barat", "pulau": "Kalimantan", "parlemen": 6.67, "pendapatan": 40.98, "pengeluaran": 8470.0, "ahh": 75.16, "profesional": 44.26, "tpak": 65.25, "rls": 8.03, "hls": 12.23, "skor_ekonomi": 47.5, "skor_keputusan": 34.12, "skor_kapasitas_sosial": 54.9, "ikpp_komposit": 43.63, "kuadran": "Kuadran IV (Ekonomi Tinggi, Keputusan Rendah)", "lisa_cluster_keputusan": "Not Significant", "lisa_cluster_ekonomi": "Not Significant", "pc1": -1.511, "pc2": 1.146, "lat": 0.375, "lon": 109.938}, "geometry": {"type": "Polygon", "coordinates": [[[111.529, 0.9544], [111.5516, 0.9249], [111.6078, 0.9343], [111.6367, 0.8716], [111.6765, 0.8154], [111.7454, 0.7578], [111.7179, 0.707], [111.7167, 0.6723], [111.6874, 0.6276], [111.7206, 0.5706], [111.7245, 0.4593], [111.7014, 0.4364], [111.6762, 0.3328], [111.6732, 0.2786], [111.7209, 0.2497], [111.8409, 0.2281], [111.867, 0.1831], [111.9264, 0.1831], [111.9688, 0.1628], [111.9896, 0.1914], [112.0587, 0.1798], [112.0487, 0.1344], [112.0923, 0.1191], [112.1113, 0.0895], [112.191, 0.0901], [112.2642, 0.1108], [112.3934, 0.0948], [112.3989, 0.1466], [112.5056, 0.1048], [112.5116, 0.1836], [112.5961, 0.184], [112.6566, 0.2342], [112.753, 0.2335], [112.8241, 0.162], [112.9633, 0.1506], [112.9655, 0.2144], [112.9986, 0.2538], [113.0501, 0.2753], [113.1007, 0.2629], [113.1021, 0.2281], [113.1948, 0.2425], [113.2618, 0.2301], [113.3178, 0.268], [113.4504, 0.2635], [113.5863, 0.3612], [113.5812, 0.3978], [113.6554, 0.4405], [113.6621, 0.4924], [113.751, 0.5517], [113.7981, 0.5952], [113.8326, 0.5876], [113.8418, 0.6577], [113.8393, 0.6954], [113.8948, 0.726], [113.8739, 0.7759], [113.9265, 0.8414], [113.8768, 0.8796], [113.872, 0.9153], [113.912, 0.9684], [113.8929, 1.0201], [113.9014, 1.0598], [113.9393, 1.0588], [113.9852, 1.1368], [114.1279, 1.1567], [114.1357, 1.219], [114.1631, 1.3091], [114.155, 1.3744], [114.2055, 1.4102], [114.1425, 1.4661], [113.9747, 1.4498], [113.8675, 1.3874], [113.8147, 1.3663], [113.8294, 1.3344], [113.8037, 1.3004], [113.7035, 1.2664], [113.6646, 1.2243], [113.5972, 1.2628], [113.5746, 1.3063], [113.5376, 1.3226], [113.4276, 1.2861], [113.3698, 1.3236], [113.3559, 1.357], [113.2411, 1.3926], [113.1831, 1.377], [113.1334, 1.4017], [113.0971, 1.4432], [113.015, 1.4052], [112.9811, 1.4081], [112.9859, 1.4523], [113.0317, 1.4914], [113.0639, 1.5526], [112.9896, 1.579], [112.9236, 1.5709], [112.8946, 1.5884], [112.812, 1.5405], [112.7746, 1.5638], [112.6769, 1.5546], [112.6325, 1.5656], [112.486, 1.5796], [112.4448, 1.5393], [112.2876, 1.4735], [112.2122, 1.4495], [112.2323, 1.3792], [112.2024, 1.3142], [112.1812, 1.3062], [112.1647, 1.2099], [112.1429, 1.135], [112.0568, 1.1357], [111.9353, 1.1221], [111.9257, 1.0925], [111.8869, 1.0787], [111.8594, 1.0039], [111.818, 0.9863], [111.7719, 1.0162], [111.7174, 1.0068], [111.6676, 1.0432], [111.5488, 0.9884], [111.529, 0.9544]]]}}, {"type": "Feature", "id": 8107, "properties": {"WADMKK": "Seram Bagian Timur", "WADMPR": "Maluku", "KDPKAB": "81.05", "LUASWH": 30.70707329, "kode_wilayah": 8107, "nama_resmi": "Kabupaten Seram Bagian Timur", "tipe": "Kabupaten", "provinsi": "Maluku", "pulau": "Maluku", "parlemen": 8.0, "pendapatan": 32.55, "pengeluaran": 9320.0, "ahh": 71.36, "profesional": 54.45, "tpak": 54.98, "rls": 9.37, "hls": 13.75, "skor_ekonomi": 33.06, "skor_keputusan": 42.15, "skor_kapasitas_sosial": 56.52, "ikpp_komposit": 41.39, "kuadran": "Kuadran III (Ekonomi Rendah, Keputusan Rendah)", "lisa_cluster_keputusan": "Low-Low (Coldspot)", "lisa_cluster_ekonomi": "Not Significant", "pc1": -0.103, "pc2": 0.037, "lat": -5.775, "lon": 134.215}, "geometry": {"type": "MultiPolygon", "coordinates": [[[[131.4495, -4.065], [131.4227, -3.9523], [131.3668, -3.9732], [131.4234, -4.0772], [131.4495, -4.065]]], [[[131.3937, -4.1551], [131.3773, -4.1279], [131.3107, -4.0828], [131.3008, -4.127], [131.3937, -4.1551]]], [[[129.8586, -3.3366], [129.9287, -3.3381], [129.96, -3.3587], [129.9706, -3.4253], [130.0205, -3.4839], [130.0981, -3.5006], [130.1329, -3.5326], [130.2947, -3.5856], [130.3528, -3.6212], [130.417, -3.6323], [130.4857, -3.7075], [130.5703, -3.723], [130.6095, -3.7853], [130.6866, -3.8052], [130.7168, -3.8268], [130.7669, -3.8281], [130.8188, -3.851], [130.8323, -3.659], [130.8804, -3.6136], [130.8809, -3.5826], [130.8224, -3.5158], [130.8427, -3.4667], [130.8052, -3.407], [130.6639, -3.4005], [130.6315, -3.329], [130.6403, -3.2833], [130.6, -3.1476], [130.5528, -3.1073], [130.4915, -3.0995], [130.4779, -3.0707], [130.3835, -2.9876], [130.3526, -2.9744], [130.2809, -2.9757], [130.22, -3.0058], [130.1723, -2.9903], [130.1281, -2.9977], [130.1164, -3.0384], [130.137, -3.0772], [130.136, -3.1753], [130.1474, -3.219], [130.0399, -3.1888], [129.9029, -3.16], [129.8992, -3.259], [129.8586, -3.3366]]]]}}, {"type": "Feature", "id": 3375, "properties": {"WADMKK": "Pekalongan", "WADMPR": "Jawa Tengah", "KDPKAB": "33.26", "LUASWH": 9.18117915, "kode_wilayah": 3375, "nama_resmi": "Kota Pekalongan", "tipe": "Kota", "provinsi": "Jawa Tengah", "pulau": "Jawa", "parlemen": 14.29, "pendapatan": 28.31, "pengeluaran": 14547.0, "ahh": 76.93, "profesional": 50.04, "tpak": 66.48, "rls": 9.34, "hls": 12.89, "skor_ekonomi": 36.18, "skor_keputusan": 44.92, "skor_kapasitas_sosial": 67.18, "ikpp_komposit": 45.88, "kuadran": "Kuadran IV (Ekonomi Tinggi, Keputusan Rendah)", "lisa_cluster_keputusan": "Not Significant", "lisa_cluster_ekonomi": "Not Significant", "pc1": 0.906, "pc2": 0.384, "lat": -6.897, "lon": 109.662}, "geometry": {"type": "Polygon", "coordinates": [[[109.5955, -6.841], [109.5554, -6.9225], [109.4978, -6.9657], [109.4854, -7.0308], [109.5046, -7.1], [109.4912, -7.1204], [109.5324, -7.2314], [109.5386, -7.2444], [109.6349, -7.1776], [109.6793, -7.1728], [109.7274, -7.2018], [109.7991, -7.171], [109.7439, -7.1116], [109.7589, -7.0308], [109.6758, -6.9338], [109.6522, -6.9246], [109.6631, -6.8506], [109.5955, -6.841]]]}}, {"type": "Feature", "id": 1771, "properties": {"WADMKK": "Kota Bengkulu", "WADMPR": "Bengkulu", "KDPKAB": "17.71", "LUASWH": 0.22611788, "kode_wilayah": 1771, "nama_resmi": "Kota Bengkulu", "tipe": "Kota", "provinsi": "Bengkulu", "pulau": "Sumatera", "parlemen": 22.86, "pendapatan": 33.88, "pengeluaran": 15542.0, "ahh": 73.06, "profesional": 54.26, "tpak": 59.29, "rls": 11.84, "hls": 16.07, "skor_ekonomi": 37.02, "skor_keputusan": 55.53, "skor_kapasitas_sosial": 74.52, "ikpp_komposit": 51.92, "kuadran": "Kuadran I (Ekonomi Tinggi, Keputusan Tinggi)", "lisa_cluster_keputusan": "Not Significant", "lisa_cluster_ekonomi": "Not Significant", "pc1": 2.894, "pc2": 1.03, "lat": -3.793, "lon": 102.261}, "geometry": {"type": "Polygon", "coordinates": [[[102.3006, -3.9821], [102.3171, -3.9114], [102.3713, -3.8565], [102.2976, -3.7439], [102.2576, -3.7557], [102.2497, -3.7963], [102.289, -3.8387], [102.3077, -3.8947], [102.2834, -3.924], [102.3006, -3.9821]]]}}, {"type": "Feature", "id": 5101, "properties": {"WADMKK": "Jembrana", "WADMPR": "Bali", "KDPKAB": "51.01", "LUASWH": 1.47036617, "kode_wilayah": 5101, "nama_resmi": "Kabupaten Jembrana", "tipe": "Kabupaten", "provinsi": "Bali", "pulau": "Bali & Nusa Tenggara", "parlemen": 17.14, "pendapatan": 39.61, "pengeluaran": 12638.0, "ahh": 75.79, "profesional": 46.67, "tpak": 73.49, "rls": 8.7, "hls": 13.05, "skor_ekonomi": 51.32, "skor_keputusan": 45.26, "skor_kapasitas_sosial": 62.72, "ikpp_komposit": 51.18, "kuadran": "Kuadran IV (Ekonomi Tinggi, Keputusan Rendah)", "lisa_cluster_keputusan": "Not Significant", "lisa_cluster_ekonomi": "High-High (Hotspot)", "pc1": -0.162, "pc2": 1.508, "lat": -8.357, "lon": 114.637}, "geometry": {"type": "Polygon", "coordinates": [[[114.4589, -8.1721], [114.4482, -8.2191], [114.5873, -8.4012], [114.623, -8.4076], [114.7322, -8.3961], [114.7974, -8.412], [114.8271, -8.4351], [114.9156, -8.4671], [114.9331, -8.3807], [114.8719, -8.3383], [114.8244, -8.3336], [114.806, -8.2507], [114.7659, -8.2539], [114.7488, -8.222], [114.7015, -8.2011], [114.6831, -8.2317], [114.6322, -8.2142], [114.6032, -8.1777], [114.5204, -8.2041], [114.4577, -8.1936], [114.4589, -8.1721]]]}}, {"type": "Feature", "id": 5207, "properties": {"WADMKK": "Sumbawa Barat", "WADMPR": "Nusa Tenggara Barat", "KDPKAB": "52.07", "LUASWH": 23.21565795, "kode_wilayah": 5207, "nama_resmi": "Kabupaten Sumbawa Barat", "tipe": "Kabupaten", "provinsi": "Nusa Tenggara Barat", "pulau": "Bali & Nusa Tenggara", "parlemen": 12.0, "pendapatan": 19.94, "pengeluaran": 12841.0, "ahh": 71.56, "profesional": 51.37, "tpak": 63.59, "rls": 8.99, "hls": 13.68, "skor_ekonomi": 26.39, "skor_keputusan": 43.73, "skor_kapasitas_sosial": 59.16, "ikpp_komposit": 39.88, "kuadran": "Kuadran III (Ekonomi Rendah, Keputusan Rendah)", "lisa_cluster_keputusan": "Low-Low (Coldspot)", "lisa_cluster_ekonomi": "Low-High (Spatial Outlier)", "pc1": 0.429, "pc2": -0.678, "lat": -8.754, "lon": 116.854}, "geometry": {"type": "Polygon", "coordinates": [[[117.0404, -9.1009], [117.0675, -9.0351], [117.0669, -8.956], [117.0881, -8.9307], [117.0543, -8.8889], [117.0845, -8.8256], [117.0406, -8.7911], [117.0903, -8.7604], [117.0901, -8.7029], [117.0356, -8.666], [116.9953, -8.6155], [116.9354, -8.6062], [116.8726, -8.5288], [116.7885, -8.5896], [116.7704, -8.6288], [116.7809, -8.7284], [116.8125, -8.8194], [116.7712, -8.8326], [116.735, -8.8664], [116.725, -8.9102], [116.7392, -8.9969], [116.7888, -9.0359], [116.8981, -9.0649], [116.954, -9.0588], [116.9704, -9.0795], [117.0404, -9.1009]]]}}, {"type": "Feature", "id": 7312, "properties": {"WADMKK": "Soppeng", "WADMPR": "Sulawesi Selatan", "KDPKAB": "73.12", "LUASWH": 25.25791533, "kode_wilayah": 7312, "nama_resmi": "Kabupaten Soppeng", "tipe": "Kabupaten", "provinsi": "Sulawesi Selatan", "pulau": "Sulawesi", "parlemen": 20.0, "pendapatan": 34.4, "pengeluaran": 11121.0, "ahh": 73.26, "profesional": 62.26, "tpak": 54.78, "rls": 8.81, "hls": 13.43, "skor_ekonomi": 34.7, "skor_keputusan": 58.29, "skor_kapasitas_sosial": 58.9, "ikpp_komposit": 48.98, "kuadran": "Kuadran I (Ekonomi Tinggi, Keputusan Tinggi)", "lisa_cluster_keputusan": "Not Significant", "lisa_cluster_ekonomi": "Not Significant", "pc1": 0.531, "pc2": -0.304, "lat": -4.364, "lon": 119.898}, "geometry": {"type": "Polygon", "coordinates": [[[119.8084, -4.5374], [119.8542, -4.5406], [119.9057, -4.5161], [119.9775, -4.5391], [120.0343, -4.5255], [120.0577, -4.4987], [120.0599, -4.4082], [120.0951, -4.3937], [120.0893, -4.3269], [120.0726, -4.2855], [120.0408, -4.2685], [120.0409, -4.2683], [120.0018, -4.2647], [120.0013, -4.2647], [119.9587, -4.2678], [119.9585, -4.2673], [119.9378, -4.2303], [119.9379, -4.2296], [119.9499, -4.187], [119.95, -4.1868], [119.9478, -4.1538], [119.949, -4.14], [119.8944, -4.109], [119.8487, -4.0986], [119.8021, -4.1297], [119.7506, -4.1267], [119.716, -4.2506], [119.754, -4.284], [119.7585, -4.4803], [119.7913, -4.4955], [119.8084, -4.5374]]]}}, {"type": "Feature", "id": 3304, "properties": {"WADMKK": "Banjarnegara", "WADMPR": "Jawa Tengah", "KDPKAB": "33.04", "LUASWH": 7.70062725, "kode_wilayah": 3304, "nama_resmi": "Kabupaten Banjarnegara", "tipe": "Kabupaten", "provinsi": "Jawa Tengah", "pulau": "Jawa", "parlemen": 14.0, "pendapatan": 29.31, "pengeluaran": 10595.0, "ahh": 76.77, "profesional": 46.03, "tpak": 58.96, "rls": 6.87, "hls": 11.83, "skor_ekonomi": 32.45, "skor_keputusan": 41.97, "skor_kapasitas_sosial": 55.71, "ikpp_komposit": 40.91, "kuadran": "Kuadran III (Ekonomi Rendah, Keputusan Rendah)", "lisa_cluster_keputusan": "Not Significant", "lisa_cluster_ekonomi": "Not Significant", "pc1": -0.824, "pc2": -0.575, "lat": -7.396, "lon": 109.696}, "geometry": {"type": "Polygon", "coordinates": [[[109.3617, -7.4854], [109.362, -7.5135], [109.4037, -7.5408], [109.4327, -7.5361], [109.4988, -7.5088], [109.593, -7.5134], [109.6328, -7.4816], [109.6877, -7.5021], [109.7522, -7.4463], [109.8328, -7.4465], [109.8318, -7.4259], [109.7637, -7.3931], [109.7982, -7.3252], [109.8432, -7.2802], [109.8548, -7.2411], [109.9054, -7.2218], [109.9169, -7.1899], [109.833, -7.1895], [109.7991, -7.171], [109.7274, -7.2018], [109.6793, -7.1728], [109.6349, -7.1776], [109.5386, -7.2444], [109.5694, -7.2647], [109.5626, -7.3323], [109.5273, -7.3235], [109.5421, -7.4071], [109.5079, -7.4481], [109.4504, -7.4465], [109.418, -7.4725], [109.3617, -7.4854]]]}}, {"type": "Feature", "id": 1222, "properties": {"WADMKK": "Labuhanbatu Selatan", "WADMPR": "Sumatera Utara", "KDPKAB": "12.22", "LUASWH": 45.51834553, "kode_wilayah": 1222, "nama_resmi": "Kabupaten Labuhan Batu Selatan", "tipe": "Kabupaten", "provinsi": "Sumatera Utara", "pulau": "Sumatera", "parlemen": 8.57, "pendapatan": 32.78, "pengeluaran": 12353.0, "ahh": 71.75, "profesional": 56.76, "tpak": 55.86, "rls": 9.19, "hls": 13.53, "skor_ekonomi": 33.83, "skor_keputusan": 44.22, "skor_kapasitas_sosial": 59.12, "ikpp_komposit": 43.04, "kuadran": "Kuadran III (Ekonomi Rendah, Keputusan Rendah)", "lisa_cluster_keputusan": "Not Significant", "lisa_cluster_ekonomi": "Not Significant", "pc1": 0.363, "pc2": 0.131, "lat": 1.868, "lon": 100.041}, "geometry": {"type": "Polygon", "coordinates": [[[100.3181, 1.4709], [100.3766, 1.4498], [100.4218, 1.4854], [100.4046, 1.5783], [100.4167, 1.6548], [100.38, 1.6812], [100.3527, 1.734], [100.3759, 1.7757], [100.2891, 1.7989], [100.2889, 1.8755], [100.3181, 1.9018], [100.3205, 2.0374], [100.3439, 2.1373], [100.3689, 2.1795], [100.3626, 2.248], [100.3602, 2.2194], [100.238, 2.2196], [100.2048, 2.1939], [100.1568, 2.1939], [100.125, 2.1706], [100.0778, 2.094], [100.0357, 2.0762], [100.06, 1.9874], [100.0372, 1.9363], [99.9438, 1.9447], [99.8985, 1.9802], [99.8681, 1.8624], [99.8818, 1.8212], [99.8405, 1.801], [99.7369, 1.8338], [99.6876, 1.8308], [99.703, 1.7598], [99.8478, 1.6371], [99.8979, 1.7144], [99.9365, 1.6838], [99.9918, 1.6627], [100.0547, 1.7304], [100.1075, 1.6916], [100.1683, 1.5987], [100.3178, 1.5019], [100.3181, 1.4709]]]}}, {"type": "Feature", "id": 9171, "properties": {"WADMKK": "Kota Sorong", "WADMPR": "Papua Barat Daya", "KDPKAB": "92.71", "LUASWH": 0.54730685, "kode_wilayah": 9171, "nama_resmi": "Kota Sorong", "tipe": "Kota", "provinsi": "Papua Barat Daya", "pulau": "Papua", "parlemen": 13.79, "pendapatan": 25.66, "pengeluaran": 5824.0, "ahh": 67.95, "profesional": 39.97, "tpak": 78.51, "rls": 7.44, "hls": 13.51, "skor_ekonomi": 41.14, "skor_keputusan": 37.73, "skor_kapasitas_sosial": 43.94, "ikpp_komposit": 40.34, "kuadran": "Kuadran IV (Ekonomi Tinggi, Keputusan Rendah)", "lisa_cluster_keputusan": "Low-Low (Coldspot)", "lisa_cluster_ekonomi": "Not Significant", "pc1": -2.501, "pc2": -0.061, "lat": -2.563, "lon": 140.693}, "geometry": {"type": "Polygon", "coordinates": [[[131.3573, -0.7818], [131.2357, -0.8304], [131.2511, -0.8774], [131.2967, -0.9155], [131.3343, -0.9475], [131.3944, -0.9351], [131.3704, -0.8896], [131.3764, -0.8404], [131.3573, -0.7818]]]}}, {"type": "Feature", "id": 3325, "properties": {"WADMKK": "Batang", "WADMPR": "Jawa Tengah", "KDPKAB": "33.25", "LUASWH": 9.40337298, "kode_wilayah": 3325, "nama_resmi": "Kabupaten Batang", "tipe": "Kabupaten", "provinsi": "Jawa Tengah", "pulau": "Jawa", "parlemen": 20.0, "pendapatan": 28.92, "pengeluaran": 10919.0, "ahh": 77.17, "profesional": 48.37, "tpak": 66.81, "rls": 7.08, "hls": 12.17, "skor_ekonomi": 36.96, "skor_keputusan": 48.99, "skor_kapasitas_sosial": 57.65, "ikpp_komposit": 45.91, "kuadran": "Kuadran I (Ekonomi Tinggi, Keputusan Tinggi)", "lisa_cluster_keputusan": "Not Significant", "lisa_cluster_ekonomi": "Not Significant", "pc1": -0.581, "pc2": -0.326, "lat": -6.911, "lon": 109.73}, "geometry": {"type": "Polygon", "coordinates": [[[109.9169, -7.1899], [109.9227, -7.1868], [109.9774, -7.0818], [109.9736, -7.0349], [110.0496, -6.9806], [110.0263, -6.9118], [109.974, -6.9238], [109.8696, -6.9152], [109.7109, -6.867], [109.697, -6.9262], [109.6758, -6.9338], [109.7589, -7.0308], [109.7439, -7.1116], [109.7991, -7.171], [109.833, -7.1895], [109.9169, -7.1899]]]}}, {"type": "Feature", "id": 9420, "properties": {"WADMKK": "Keerom", "WADMPR": "Papua", "KDPKAB": "91.11", "LUASWH": 88.32671447, "kode_wilayah": 9420, "nama_resmi": "Kabupaten Keerom", "tipe": "Kabupaten", "provinsi": "Papua", "pulau": "Papua", "parlemen": 15.0, "pendapatan": 35.26, "pengeluaran": 11328.526679605986, "ahh": 71.06895322101823, "profesional": 39.31, "tpak": 66.53897817156717, "rls": 7.657155970641772, "hls": 12.632409709647249, "skor_ekonomi": 42.84, "skor_keputusan": 38.39, "skor_kapasitas_sosial": 52.15, "ikpp_komposit": 42.92, "kuadran": "Kuadran IV (Ekonomi Tinggi, Keputusan Rendah)", "lisa_cluster_keputusan": "Low-Low (Coldspot)", "lisa_cluster_ekonomi": "High-High (Hotspot)", "pc1": -1.288, "pc2": 0.41, "lat": -3.345, "lon": 140.762}, "geometry": {"type": "Polygon", "coordinates": [[[140.3842, -3.7365], [140.4763, -3.7606], [140.5448, -3.7511], [140.6265, -3.7717], [140.648, -3.798], [140.6879, -3.7934], [140.7022, -3.8862], [140.8253, -3.8685], [140.8345, -3.9325], [140.7769, -3.9604], [140.7408, -3.918], [140.7157, -3.9172], [140.6341, -3.9771], [140.5711, -3.9329], [140.542, -3.9666], [140.4985, -3.9408], [140.4973, -3.905], [140.5424, -3.8282], [140.5143, -3.8076], [140.4173, -3.8019], [140.4123, -3.8839], [140.465, -3.9618], [140.5084, -4.0504], [140.5464, -4.0698], [140.5863, -4.1142], [140.6146, -4.0595], [140.6667, -4.0375], [140.6921, -3.984], [140.7181, -4.0202], [140.79, -4.0099], [140.8927, -3.9614], [140.9734, -3.9782], [141.0012, -4.0196], [141.0003, -3.9212], [141.0047, -3.2325], [141.0027, -2.8393], [140.9869, -2.8209], [140.8538, -2.7506], [140.83, -2.7191], [140.7882, -2.7254], [140.728, -2.7633], [140.6277, -2.7519], [140.5902, -2.7449], [140.5292, -2.7787], [140.4851, -2.752], [140.4072, -2.783], [140.3752, -2.8183], [140.4042, -2.9234], [140.3703, -3.0498], [140.4065, -3.0823], [140.4068, -3.1295], [140.3613, -3.1665], [140.3371, -3.2089], [140.3138, -3.2899], [140.3235, -3.3286], [140.3701, -3.3735], [140.3483, -3.4026], [140.38, -3.5467], [140.3882, -3.6391], [140.3519, -3.6834], [140.3842, -3.7365], [140.3842, -3.7365]]]}}, {"type": "Feature", "id": 1304, "properties": {"WADMKK": "Sijunjung", "WADMPR": "Sumatera Barat", "KDPKAB": "13.03", "LUASWH": 127.62782086, "kode_wilayah": 1304, "nama_resmi": "Kabupaten Sijunjung", "tipe": "Kabupaten", "provinsi": "Sumatera Barat", "pulau": "Sumatera", "parlemen": 10.0, "pendapatan": 27.98, "pengeluaran": 11395.0, "ahh": 69.34, "profesional": 61.56, "tpak": 57.26, "rls": 8.62, "hls": 12.76, "skor_ekonomi": 30.12, "skor_keputusan": 48.73, "skor_kapasitas_sosial": 52.33, "ikpp_komposit": 42.01, "kuadran": "Kuadran II (Ekonomi Rendah, Keputusan Tinggi)", "lisa_cluster_keputusan": "High-High (Hotspot)", "lisa_cluster_ekonomi": "Not Significant", "pc1": -0.313, "pc2": -0.753, "lat": -0.474, "lon": 100.623}, "geometry": {"type": "Polygon", "coordinates": [[[101.191, -0.9512], [101.2254, -0.9298], [101.2858, -0.9575], [101.3756, -0.9729], [101.4541, -0.8577], [101.5206, -0.848], [101.5478, -0.8211], [101.4946, -0.7919], [101.4056, -0.7175], [101.3478, -0.6835], [101.3574, -0.6575], [101.3145, -0.6334], [101.2549, -0.6252], [101.2037, -0.5866], [101.1785, -0.5417], [101.1087, -0.5009], [101.0668, -0.5035], [101.037, -0.4398], [101.0414, -0.3761], [101.0319, -0.3453], [100.9922, -0.3158], [100.9323, -0.3157], [100.8481, -0.3428], [100.8246, -0.3527], [100.8493, -0.4269], [100.8222, -0.4868], [100.804, -0.5666], [100.8095, -0.6231], [100.7893, -0.6693], [100.8096, -0.7728], [100.8538, -0.7869], [100.8979, -0.8233], [100.926, -0.8084], [101.0459, -0.8859], [101.0683, -0.9903], [101.191, -0.9512]]]}}, {"type": "Feature", "id": 1305, "properties": {"WADMKK": "Tanah Datar", "WADMPR": "Sumatera Barat", "KDPKAB": "13.04", "LUASWH": 7.72651987, "kode_wilayah": 1305, "nama_resmi": "Kabupaten Tanah Datar", "tipe": "Kabupaten", "provinsi": "Sumatera Barat", "pulau": "Sumatera", "parlemen": 8.57, "pendapatan": 36.07, "pengeluaran": 11223.0, "ahh": 72.99, "profesional": 59.11, "tpak": 58.91, "rls": 9.29, "hls": 15.05, "skor_ekonomi": 38.87, "skor_keputusan": 45.79, "skor_kapasitas_sosial": 62.71, "ikpp_komposit": 46.41, "kuadran": "Kuadran IV (Ekonomi Tinggi, Keputusan Rendah)", "lisa_cluster_keputusan": "Not Significant", "lisa_cluster_ekonomi": "Not Significant", "pc1": 0.751, "pc2": 0.908, "lat": -0.621, "lon": 100.307}, "geometry": {"type": "Polygon", "coordinates": [[[100.4266, -0.6584], [100.4869, -0.6586], [100.5934, -0.5964], [100.6646, -0.532], [100.705, -0.5711], [100.804, -0.5666], [100.8222, -0.4868], [100.8493, -0.4269], [100.8246, -0.3527], [100.7514, -0.3698], [100.6777, -0.3242], [100.6642, -0.3513], [100.5842, -0.3393], [100.5798, -0.2884], [100.5372, -0.2793], [100.5127, -0.2951], [100.4706, -0.391], [100.3988, -0.3844], [100.3318, -0.3985], [100.316, -0.4333], [100.3179, -0.4726], [100.3875, -0.4961], [100.3839, -0.5259], [100.4189, -0.5843], [100.4021, -0.6531], [100.4266, -0.6584]]]}}, {"type": "Feature", "id": 1225, "properties": {"WADMKK": "Nias Barat", "WADMPR": "Sumatera Utara", "KDPKAB": "12.25", "LUASWH": 6.25289552, "kode_wilayah": 1225, "nama_resmi": "Kabupaten Nias Barat", "tipe": "Kabupaten", "provinsi": "Sumatera Utara", "pulau": "Sumatera", "parlemen": 15.0, "pendapatan": 49.11, "pengeluaran": 6740.0, "ahh": 72.21, "profesional": 49.29, "tpak": 78.02, "rls": 7.26, "hls": 12.99, "skor_ekonomi": 63.21, "skor_keputusan": 45.06, "skor_kapasitas_sosial": 49.06, "ikpp_komposit": 53.12, "kuadran": "Kuadran IV (Ekonomi Tinggi, Keputusan Rendah)", "lisa_cluster_keputusan": "Not Significant", "lisa_cluster_ekonomi": "High-High (Hotspot)", "pc1": -2.379, "pc2": 1.994, "lat": 0.999, "lon": 97.495}, "geometry": {"type": "Polygon", "coordinates": [[[97.3615, 1.0904], [97.4061, 0.9829], [97.4097, 0.9482], [97.4818, 0.9398], [97.5482, 0.8882], [97.5236, 0.9517], [97.5529, 0.9916], [97.62, 1.0274], [97.622, 1.1042], [97.4944, 1.1556], [97.5018, 1.1915], [97.4766, 1.1318], [97.4343, 1.0917], [97.3615, 1.0904]]]}}, {"type": "Feature", "id": 1507, "properties": {"WADMKK": "Tanjung Jabung Barat", "WADMPR": "Jambi", "KDPKAB": "15.06", "LUASWH": 55.75444581, "kode_wilayah": 1507, "nama_resmi": "Kabupaten Tanjung Jabung Barat", "tipe": "Kabupaten", "provinsi": "Jambi", "pulau": "Sumatera", "parlemen": 14.29, "pendapatan": 27.27, "pengeluaran": 10696.0, "ahh": 70.95, "profesional": 59.08, "tpak": 47.76, "rls": 8.32, "hls": 12.68, "skor_ekonomi": 23.53, "skor_keputusan": 50.97, "skor_kapasitas_sosial": 52.97, "ikpp_komposit": 40.39, "kuadran": "Kuadran II (Ekonomi Rendah, Keputusan Tinggi)", "lisa_cluster_keputusan": "Not Significant", "lisa_cluster_ekonomi": "Low-Low (Coldspot)", "pc1": -0.04, "pc2": -1.419, "lat": -1.206, "lon": 103.79}, "geometry": {"type": "Polygon", "coordinates": [[[102.8086, -1.4231], [102.8656, -1.3715], [102.9183, -1.3818], [102.9608, -1.4213], [103.0406, -1.4416], [103.0605, -1.3872], [103.1208, -1.3983], [103.2206, -1.3745], [103.2627, -1.3744], [103.2626, -1.3662], [103.2711, -1.2346], [103.3382, -1.2372], [103.4257, -1.2197], [103.4478, -1.195], [103.4404, -1.0723], [103.4794, -1.0242], [103.5359, -0.9914], [103.5571, -0.959], [103.574, -0.8753], [103.546, -0.8094], [103.4886, -0.8032], [103.4827, -0.753], [103.4411, -0.7317], [103.4312, -0.7781], [103.3528, -0.7992], [103.3025, -0.7655], [103.2395, -0.7706], [103.2082, -0.7571], [103.1118, -0.7466], [103.0808, -0.7619], [103.0036, -0.7547], [102.9278, -0.8661], [102.86, -0.9278], [102.7839, -0.9818], [102.7816, -1.0234], [102.6439, -1.1269], [102.6868, -1.1969], [102.687, -1.2181], [102.7771, -1.3038], [102.8086, -1.4231]]]}}, {"type": "Feature", "id": 6371, "properties": {"WADMKK": "Kota Banjarmasin", "WADMPR": "Kalimantan Selatan", "KDPKAB": "63.71", "LUASWH": 1.22871901, "kode_wilayah": 6371, "nama_resmi": "Kota Banjarmasin", "tipe": "Kota", "provinsi": "Kalimantan Selatan", "pulau": "Kalimantan", "parlemen": 26.67, "pendapatan": 37.46, "pengeluaran": 15714.0, "ahh": 74.15, "profesional": 54.06, "tpak": 50.93, "rls": 10.35, "hls": 14.01, "skor_ekonomi": 35.23, "skor_keputusan": 58.86, "skor_kapasitas_sosial": 68.97, "ikpp_komposit": 51.43, "kuadran": "Kuadran I (Ekonomi Tinggi, Keputusan Tinggi)", "lisa_cluster_keputusan": "Not Significant", "lisa_cluster_ekonomi": "Not Significant", "pc1": 2.114, "pc2": 0.222, "lat": -3.327, "lon": 114.589}, "geometry": {"type": "Polygon", "coordinates": [[[114.5223, -3.3634], [114.5862, -3.3821], [114.625, -3.3506], [114.6386, -3.2756], [114.5689, -3.2674], [114.5657, -3.3036], [114.5223, -3.3634]]]}}, {"type": "Feature", "id": 5271, "properties": {"WADMKK": "Kota Mataram", "WADMPR": "Nusa Tenggara Barat", "KDPKAB": "52.71", "LUASWH": 0.63533681, "kode_wilayah": 5271, "nama_resmi": "Kota Mataram", "tipe": "Kota", "provinsi": "Nusa Tenggara Barat", "pulau": "Bali & Nusa Tenggara", "parlemen": 25.0, "pendapatan": 33.36, "pengeluaran": 16514.0, "ahh": 74.82, "profesional": 43.49, "tpak": 61.41, "rls": 9.58, "hls": 15.68, "skor_ekonomi": 37.84, "skor_keputusan": 50.27, "skor_kapasitas_sosial": 71.98, "ikpp_komposit": 49.64, "kuadran": "Kuadran I (Ekonomi Tinggi, Keputusan Tinggi)", "lisa_cluster_keputusan": "High-Low (Spatial Outlier)", "lisa_cluster_ekonomi": "High-High (Hotspot)", "pc1": 2.178, "pc2": 0.901, "lat": -8.583, "lon": 116.108}, "geometry": {"type": "Polygon", "coordinates": [[[116.074, -8.6238], [116.131, -8.6192], [116.1668, -8.5966], [116.1394, -8.5652], [116.0694, -8.552], [116.074, -8.6238]]]}}, {"type": "Feature", "id": 3502, "properties": {"WADMKK": "Ponorogo", "WADMPR": "Jawa Timur", "KDPKAB": "35.02", "LUASWH": 3.6117438, "kode_wilayah": 3502, "nama_resmi": "Kabupaten Ponorogo", "tipe": "Kabupaten", "provinsi": "Jawa Timur", "pulau": "Jawa", "parlemen": 17.78, "pendapatan": 35.56, "pengeluaran": 11065.0, "ahh": 76.11, "profesional": 48.04, "tpak": 70.46, "rls": 7.8, "hls": 13.78, "skor_ekonomi": 45.57, "skor_keputusan": 46.75, "skor_kapasitas_sosial": 60.99, "ikpp_komposit": 49.13, "kuadran": "Kuadran IV (Ekonomi Tinggi, Keputusan Rendah)", "lisa_cluster_keputusan": "Not Significant", "lisa_cluster_ekonomi": "Not Significant", "pc1": -0.203, "pc2": 0.936, "lat": -7.871, "lon": 111.463}, "geometry": {"type": "Polygon", "coordinates": [[[111.4248, -8.1704], [111.4654, -8.175], [111.483, -8.1259], [111.5279, -8.1074], [111.5353, -8.0597], [111.5834, -8.0251], [111.6563, -7.9964], [111.647, -7.9549], [111.6881, -7.9331], [111.7409, -7.8792], [111.7553, -7.9083], [111.7858, -7.8335], [111.7505, -7.7991], [111.7153, -7.8113], [111.6586, -7.7667], [111.57, -7.8021], [111.5329, -7.8038], [111.4499, -7.7785], [111.2887, -7.7935], [111.3034, -7.8383], [111.28, -7.9186], [111.3139, -7.935], [111.3493, -7.979], [111.3668, -8.0308], [111.3463, -8.0662], [111.3559, -8.1207], [111.38, -8.1551], [111.4248, -8.1704]]]}}, {"type": "Feature", "id": 5102, "properties": {"WADMKK": "Tabanan", "WADMPR": "Bali", "KDPKAB": "51.02", "LUASWH": 5.03945008, "kode_wilayah": 5102, "nama_resmi": "Kabupaten Tabanan", "tipe": "Kabupaten", "provinsi": "Bali", "pulau": "Bali & Nusa Tenggara", "parlemen": 20.0, "pendapatan": 39.38, "pengeluaran": 15297.0, "ahh": 76.75, "profesional": 49.25, "tpak": 67.59, "rls": 9.57, "hls": 13.29, "skor_ekonomi": 47.43, "skor_keputusan": 49.58, "skor_kapasitas_sosial": 68.91, "ikpp_komposit": 52.59, "kuadran": "Kuadran I (Ekonomi Tinggi, Keputusan Tinggi)", "lisa_cluster_keputusan": "Not Significant", "lisa_cluster_ekonomi": "High-High (Hotspot)", "pc1": 1.056, "pc2": 1.387, "lat": -8.539, "lon": 115.131}, "geometry": {"type": "Polygon", "coordinates": [[[115.0992, -8.6373], [115.1506, -8.5795], [115.1825, -8.5003], [115.1809, -8.4506], [115.2174, -8.4382], [115.1981, -8.3579], [115.2091, -8.3125], [115.1839, -8.2453], [115.1388, -8.2708], [115.1255, -8.3084], [115.069, -8.3154], [114.9834, -8.2966], [114.9618, -8.3145], [114.9331, -8.3807], [114.9156, -8.4671], [115.0559, -8.5789], [115.0992, -8.6373]]]}}, {"type": "Feature", "id": 7172, "properties": {"WADMKK": "Kota Bitung", "WADMPR": "Sulawesi Utara", "KDPKAB": "71.72", "LUASWH": 3.54754592, "kode_wilayah": 7172, "nama_resmi": "Kota Bitung", "tipe": "Kota", "provinsi": "Sulawesi Utara", "pulau": "Sulawesi", "parlemen": 19.23, "pendapatan": 27.09, "pengeluaran": 10772.0, "ahh": 73.12, "profesional": 53.64, "tpak": 56.41, "rls": 8.81, "hls": 13.35, "skor_ekonomi": 28.74, "skor_keputusan": 51.82, "skor_kapasitas_sosial": 58.23, "ikpp_komposit": 43.87, "kuadran": "Kuadran II (Ekonomi Rendah, Keputusan Tinggi)", "lisa_cluster_keputusan": "High-High (Hotspot)", "lisa_cluster_ekonomi": "Low-Low (Coldspot)", "pc1": 0.336, "pc2": -0.784, "lat": 1.445, "lon": 125.182}, "geometry": {"type": "Polygon", "coordinates": [[[125.1084, 1.3937], [125.1264, 1.4284], [125.1935, 1.4412], [125.2294, 1.4631], [125.2453, 1.5146], [125.1691, 1.5664], [125.1479, 1.5993], [125.1371, 1.5769], [125.0853, 1.5762], [125.0672, 1.5417], [125.1084, 1.3937]]]}}, {"type": "Feature", "id": 6472, "properties": {"WADMKK": "Kota Samarinda", "WADMPR": "Kalimantan Timur", "KDPKAB": "64.72", "LUASWH": 214.03835771, "kode_wilayah": 6472, "nama_resmi": "Kota Samarinda", "tipe": "Kota", "provinsi": "Kalimantan Timur", "pulau": "Kalimantan", "parlemen": 8.89, "pendapatan": 31.34, "pengeluaran": 10581.0, "ahh": 73.75, "profesional": 46.51, "tpak": 53.51, "rls": 9.23, "hls": 13.25, "skor_ekonomi": 30.99, "skor_keputusan": 37.65, "skor_kapasitas_sosial": 59.63, "ikpp_komposit": 39.38, "kuadran": "Kuadran III (Ekonomi Rendah, Keputusan Rendah)", "lisa_cluster_keputusan": "Not Significant", "lisa_cluster_ekonomi": "Low-Low (Coldspot)", "pc1": 0.08, "pc2": -0.024, "lat": -0.491, "lon": 117.146}, "geometry": {"type": "Polygon", "coordinates": [[[117.2798, -0.5979], [117.2751, -0.5835], [117.2581, -0.5144], [117.27, -0.4219], [117.2979, -0.3765], [117.239, -0.3574], [117.2063, -0.3235], [117.1429, -0.3202], [117.1278, -0.4084], [117.0705, -0.4314], [117.0542, -0.5506], [117.0777, -0.5897], [117.1454, -0.6207], [117.1306, -0.6691], [117.1622, -0.7165], [117.2257, -0.662], [117.2282, -0.639], [117.2798, -0.5979]]]}}, {"type": "Feature", "id": 1812, "properties": {"WADMKK": "Tulang Bawang Barat", "WADMPR": "Lampung", "KDPKAB": "18.12", "LUASWH": 9.95592102, "kode_wilayah": 1812, "nama_resmi": "Kabupaten Tulang Bawang Barat", "tipe": "Kabupaten", "provinsi": "Lampung", "pulau": "Sumatera", "parlemen": 8.57, "pendapatan": 32.22, "pengeluaran": 9646.0, "ahh": 72.65, "profesional": 56.27, "tpak": 52.05, "rls": 7.8, "hls": 12.12, "skor_ekonomi": 30.92, "skor_keputusan": 43.89, "skor_kapasitas_sosial": 52.0, "ikpp_komposit": 40.32, "kuadran": "Kuadran III (Ekonomi Rendah, Keputusan Rendah)", "lisa_cluster_keputusan": "Not Significant", "lisa_cluster_ekonomi": "Not Significant", "pc1": -0.81, "pc2": -0.664, "lat": -4.499, "lon": 105.12}, "geometry": {"type": "Polygon", "coordinates": [[[105.1254, -4.7262], [105.1815, -4.635], [105.196, -4.5943], [105.1641, -4.5306], [105.203, -4.4286], [105.2303, -4.4132], [105.1823, -4.3011], [105.1887, -4.2422], [105.2322, -4.1907], [105.2127, -4.1757], [105.1349, -4.2131], [105.0667, -4.2139], [105.0501, -4.1411], [105.0027, -4.1771], [104.9462, -4.1921], [104.9544, -4.2488], [104.9856, -4.257], [104.9983, -4.3072], [104.9805, -4.3851], [105.0501, -4.4037], [105.0701, -4.4364], [105.0169, -4.4656], [104.9856, -4.4461], [104.9263, -4.5154], [104.9807, -4.535], [104.988, -4.5885], [105.0164, -4.6515], [105.069, -4.6968], [105.1254, -4.7262]]]}}, {"type": "Feature", "id": 3512, "properties": {"WADMKK": "Situbondo", "WADMPR": "Jawa Timur", "KDPKAB": "35.12", "LUASWH": 6.04424249, "kode_wilayah": 3512, "nama_resmi": "Kabupaten Situbondo", "tipe": "Kabupaten", "provinsi": "Jawa Timur", "pulau": "Jawa", "parlemen": 20.0, "pendapatan": 27.98, "pengeluaran": 11216.0, "ahh": 72.13, "profesional": 45.56, "tpak": 64.13, "rls": 6.93, "hls": 13.2, "skor_ekonomi": 34.4, "skor_keputusan": 47.11, "skor_kapasitas_sosial": 52.87, "ikpp_komposit": 43.18, "kuadran": "Kuadran III (Ekonomi Rendah, Keputusan Rendah)", "lisa_cluster_keputusan": "Not Significant", "lisa_cluster_ekonomi": "Not Significant", "pc1": -0.743, "pc2": -0.552, "lat": -7.707, "lon": 114.002}, "geometry": {"type": "Polygon", "coordinates": [[[113.6238, -7.9615], [113.7225, -7.879], [113.7335, -7.8096], [113.7615, -7.7923], [113.8091, -7.8131], [113.8495, -7.7956], [113.9368, -7.7917], [113.9508, -7.7652], [114.0702, -7.7606], [114.0896, -7.8074], [114.0942, -7.8808], [114.132, -7.9883], [114.1767, -7.9695], [114.2243, -7.9867], [114.2831, -7.8972], [114.3063, -7.8852], [114.4135, -7.9401], [114.424, -7.9355], [114.4645, -7.8861], [114.453, -7.8036], [114.3794, -7.7565], [114.2957, -7.7482], [114.2385, -7.6977], [114.1328, -7.7133], [114.1012, -7.7023], [114.0466, -7.609], [113.9735, -7.6507], [113.9305, -7.7008], [113.8671, -7.6818], [113.8171, -7.6993], [113.7938, -7.729], [113.7511, -7.7357], [113.7129, -7.7089], [113.6678, -7.7366], [113.5977, -7.7155], [113.603, -7.843], [113.6231, -7.8945], [113.6238, -7.9615]]]}}, {"type": "Feature", "id": 1312, "properties": {"WADMKK": "Pasaman Barat", "WADMPR": "Sumatera Barat", "KDPKAB": "13.12", "LUASWH": 347.12974669, "kode_wilayah": 1312, "nama_resmi": "Kabupaten Pasaman Barat", "tipe": "Kabupaten", "provinsi": "Sumatera Barat", "pulau": "Sumatera", "parlemen": 10.0, "pendapatan": 37.9, "pengeluaran": 9888.0, "ahh": 70.84, "profesional": 63.34, "tpak": 49.48, "rls": 8.99, "hls": 13.72, "skor_ekonomi": 34.75, "skor_keputusan": 49.92, "skor_kapasitas_sosial": 55.48, "ikpp_komposit": 44.96, "kuadran": "Kuadran I (Ekonomi Tinggi, Keputusan Tinggi)", "lisa_cluster_keputusan": "Not Significant", "lisa_cluster_ekonomi": "Not Significant", "pc1": 0.09, "pc2": -0.0, "lat": 0.11, "lon": 99.828}, "geometry": {"type": "Polygon", "coordinates": [[[100.0159, -0.0974], [100.0386, -0.0368], [100.0294, 0.0151], [99.9824, 0.0708], [100.0223, 0.1077], [100.0582, 0.1644], [100.0589, 0.223], [99.9804, 0.2874], [99.9228, 0.2934], [99.9156, 0.3142], [99.8474, 0.317], [99.7953, 0.2995], [99.7524, 0.333], [99.7768, 0.3586], [99.7531, 0.4019], [99.8129, 0.414], [99.8269, 0.4594], [99.785, 0.4813], [99.7382, 0.4759], [99.7178, 0.4514], [99.6781, 0.4714], [99.6487, 0.5411], [99.5775, 0.5104], [99.5124, 0.5386], [99.4764, 0.5261], [99.4315, 0.4753], [99.412, 0.4863], [99.366, 0.4315], [99.317, 0.3343], [99.262, 0.3442], [99.1904, 0.3081], [99.1961, 0.272], [99.1672, 0.2282], [99.2205, 0.2109], [99.3143, 0.2376], [99.3603, 0.2285], [99.3982, 0.1512], [99.4605, 0.1386], [99.618, 0.0658], [99.7477, -0.0384], [99.7628, -0.0693], [99.7487, -0.1457], [99.7706, -0.1758], [99.7878, -0.1822], [99.9873, -0.1589], [100.0159, -0.0974]]]}}, {"type": "Feature", "id": 5107, "properties": {"WADMKK": "Karangasem", "WADMPR": "Bali", "KDPKAB": "51.07", "LUASWH": 9.62912253, "kode_wilayah": 5107, "nama_resmi": "Kabupaten Karang Asem", "tipe": "Kabupaten", "provinsi": "Bali", "pulau": "Bali & Nusa Tenggara", "parlemen": 13.33, "pendapatan": 43.9, "pengeluaran": 11176.0, "ahh": 73.57, "profesional": 41.43, "tpak": 80.11, "rls": 6.7, "hls": 12.91, "skor_ekonomi": 59.54, "skor_keputusan": 38.29, "skor_kapasitas_sosial": 53.68, "ikpp_komposit": 49.87, "kuadran": "Kuadran IV (Ekonomi Tinggi, Keputusan Rendah)", "lisa_cluster_keputusan": "Not Significant", "lisa_cluster_ekonomi": "High-High (Hotspot)", "pc1": -1.82, "pc2": 1.959, "lat": -8.439, "lon": 115.612}, "geometry": {"type": "Polygon", "coordinates": [[[115.4792, -8.5507], [115.5092, -8.5404], [115.5302, -8.5009], [115.58, -8.5144], [115.6336, -8.463], [115.6798, -8.4389], [115.7109, -8.4], [115.6978, -8.3583], [115.6301, -8.3248], [115.5575, -8.231], [115.4572, -8.1666], [115.4344, -8.1806], [115.4582, -8.2417], [115.4299, -8.2674], [115.3959, -8.3614], [115.415, -8.4], [115.4007, -8.4629], [115.4151, -8.5089], [115.4593, -8.5031], [115.4792, -8.5507]]]}}, {"type": "Feature", "id": 1871, "properties": {"WADMKK": "Kota Bandar Lampung", "WADMPR": "Lampung", "KDPKAB": "18.71", "LUASWH": 1.16950178, "kode_wilayah": 1871, "nama_resmi": "Kota Bandar Lampung", "tipe": "Kota", "provinsi": "Lampung", "pulau": "Sumatera", "parlemen": 24.49, "pendapatan": 31.52, "pengeluaran": 13667.0, "ahh": 74.29, "profesional": 56.05, "tpak": 52.19, "rls": 10.99, "hls": 14.73, "skor_ekonomi": 30.34, "skor_keputusan": 58.21, "skor_kapasitas_sosial": 69.96, "ikpp_komposit": 49.41, "kuadran": "Kuadran II (Ekonomi Rendah, Keputusan Tinggi)", "lisa_cluster_keputusan": "Not Significant", "lisa_cluster_ekonomi": "Not Significant", "pc1": 2.315, "pc2": -0.041, "lat": -5.43, "lon": 105.263}, "geometry": {"type": "Polygon", "coordinates": [[[105.3451, -5.5183], [105.3272, -5.4507], [105.3393, -5.4145], [105.2495, -5.3372], [105.2114, -5.3698], [105.1784, -5.4065], [105.1831, -5.4492], [105.2515, -5.4902], [105.2908, -5.4468], [105.3451, -5.5183]]]}}, {"type": "Feature", "id": 3373, "properties": {"WADMKK": "Kota Salatiga", "WADMPR": "Jawa Tengah", "KDPKAB": "33.73", "LUASWH": 3.19752385, "kode_wilayah": 3373, "nama_resmi": "Kota Salatiga", "tipe": "Kota", "provinsi": "Jawa Tengah", "pulau": "Jawa", "parlemen": 8.0, "pendapatan": 40.72, "pengeluaran": 17096.0, "ahh": 80.25, "profesional": 46.39, "tpak": 61.65, "rls": 11.48, "hls": 15.46, "skor_ekonomi": 45.01, "skor_keputusan": 36.76, "skor_kapasitas_sosial": 83.53, "ikpp_komposit": 49.41, "kuadran": "Kuadran IV (Ekonomi Tinggi, Keputusan Rendah)", "lisa_cluster_keputusan": "Not Significant", "lisa_cluster_ekonomi": "High-High (Hotspot)", "pc1": 2.921, "pc2": 2.657, "lat": -7.33, "lon": 110.501}, "geometry": {"type": "Polygon", "coordinates": [[[110.4863, -7.2869], [110.4691, -7.3394], [110.4924, -7.3904], [110.5341, -7.362], [110.5104, -7.3021], [110.4863, -7.2869]]]}}, {"type": "Feature", "id": 1373, "properties": {"WADMKK": "Kota Sawahlunto", "WADMPR": "Sumatera Barat", "KDPKAB": "13.73", "LUASWH": 1.03149256, "kode_wilayah": 1373, "nama_resmi": "Kota Sawah Lunto", "tipe": "Kota", "provinsi": "Sumatera Barat", "pulau": "Sumatera", "parlemen": 20.0, "pendapatan": 28.73, "pengeluaran": 11187.0, "ahh": 72.94, "profesional": 70.28, "tpak": 63.35, "rls": 10.53, "hls": 13.86, "skor_ekonomi": 34.63, "skor_keputusan": 63.65, "skor_kapasitas_sosial": 63.18, "ikpp_komposit": 51.95, "kuadran": "Kuadran I (Ekonomi Tinggi, Keputusan Tinggi)", "lisa_cluster_keputusan": "Not Significant", "lisa_cluster_ekonomi": "Not Significant", "pc1": 1.24, "pc2": -0.184, "lat": -0.675, "lon": 100.768}, "geometry": {"type": "Polygon", "coordinates": [[[100.705, -0.5711], [100.6875, -0.6319], [100.7066, -0.6712], [100.6944, -0.7217], [100.7376, -0.7245], [100.8096, -0.7728], [100.7893, -0.6693], [100.8095, -0.6231], [100.804, -0.5666], [100.705, -0.5711]]]}}, {"type": "Feature", "id": 3404, "properties": {"WADMKK": "Sleman", "WADMPR": "Daerah Istimewa Yogyakarta", "KDPKAB": "34.04", "LUASWH": 6.29588175, "kode_wilayah": 3404, "nama_resmi": "Kabupaten Sleman", "tipe": "Kabupaten", "provinsi": "DI Yogyakarta", "pulau": "Jawa", "parlemen": 26.0, "pendapatan": 39.62, "pengeluaran": 17586.0, "ahh": 77.25, "profesional": 51.74, "tpak": 63.99, "rls": 11.33, "hls": 16.79, "skor_ekonomi": 45.42, "skor_keputusan": 56.7, "skor_kapasitas_sosial": 82.18, "ikpp_komposit": 57.28, "kuadran": "Kuadran I (Ekonomi Tinggi, Keputusan Tinggi)", "lisa_cluster_keputusan": "Not Significant", "lisa_cluster_ekonomi": "High-High (Hotspot)", "pc1": 3.549, "pc2": 2.097, "lat": -7.717, "lon": 110.356}, "geometry": {"type": "Polygon", "coordinates": [[[110.2334, -7.8152], [110.275, -7.7932], [110.2924, -7.8352], [110.3511, -7.7682], [110.3971, -7.7885], [110.4216, -7.8223], [110.5195, -7.8309], [110.5436, -7.7926], [110.4918, -7.7422], [110.4452, -7.5412], [110.3913, -7.5945], [110.3036, -7.6554], [110.2699, -7.706], [110.2159, -7.7418], [110.2334, -7.8152]]]}}, {"type": "Feature", "id": 8202, "properties": {"WADMKK": "Halmahera Tengah", "WADMPR": "Maluku Utara", "KDPKAB": "82.02", "LUASWH": 12.66236939, "kode_wilayah": 8202, "nama_resmi": "Kabupaten Halmahera Tengah", "tipe": "Kabupaten", "provinsi": "Maluku Utara", "pulau": "Maluku", "parlemen": 5.0, "pendapatan": 31.85, "pengeluaran": 7523.0, "ahh": 70.42, "profesional": 49.68, "tpak": 51.33, "rls": 7.73, "hls": 13.02, "skor_ekonomi": 30.12, "skor_keputusan": 36.23, "skor_kapasitas_sosial": 48.55, "ikpp_komposit": 36.25, "kuadran": "Kuadran III (Ekonomi Rendah, Keputusan Rendah)", "lisa_cluster_keputusan": "Not Significant", "lisa_cluster_ekonomi": "Low-Low (Coldspot)", "pc1": -1.328, "pc2": -0.541, "lat": 0.33, "lon": 127.87}, "geometry": {"type": "MultiPolygon", "coordinates": [[[[129.5641, -0.1615], [129.5466, -0.1304], [129.4726, -0.0869], [129.4058, -0.0178], [129.3867, -0.0574], [129.4682, -0.1036], [129.537, -0.2133], [129.5721, -0.1999], [129.5641, -0.1615]]], [[[127.9215, 0.1767], [127.9182, 0.2745], [127.8723, 0.3103], [127.9011, 0.3626], [127.9166, 0.4547], [127.9679, 0.4812], [128.042, 0.4781], [128.1226, 0.4546], [128.1684, 0.4568], [128.1818, 0.4278], [128.2807, 0.3963], [128.3784, 0.4065], [128.4435, 0.404], [128.487, 0.3873], [128.5177, 0.3429], [128.5586, 0.3182], [128.6186, 0.316], [128.6775, 0.295], [128.7546, 0.2823], [128.8276, 0.2591], [128.8354, 0.2927], [128.7797, 0.3183], [128.6782, 0.3366], [128.6662, 0.3614], [128.6869, 0.4051], [128.688, 0.4561], [128.6689, 0.4963], [128.635, 0.4842], [128.6211, 0.4434], [128.5435, 0.4225], [128.4837, 0.4898], [128.4384, 0.5046], [128.3585, 0.5106], [128.3164, 0.5546], [128.2712, 0.5497], [128.2604, 0.5756], [128.2142, 0.5994], [128.1354, 0.5891], [127.996, 0.6568], [127.9286, 0.6256], [127.8537, 0.6177], [127.7921, 0.6432], [127.8211, 0.5916], [127.826, 0.5427], [127.806, 0.4901], [127.7777, 0.4835], [127.7751, 0.4129], [127.8065, 0.3737], [127.7986, 0.3174], [127.8195, 0.2726], [127.7973, 0.25], [127.8235, 0.2096], [127.7889, 0.152], [127.8243, 0.1254], [127.8696, 0.125], [127.9215, 0.1767]]]]}}, {"type": "Feature", "id": 3203, "properties": {"WADMKK": "Cianjur", "WADMPR": "Jawa Barat", "KDPKAB": "32.03", "LUASWH": 13.13079842, "kode_wilayah": 3203, "nama_resmi": "Kabupaten Cianjur", "tipe": "Kabupaten", "provinsi": "Jawa Barat", "pulau": "Jawa", "parlemen": 22.0, "pendapatan": 21.41, "pengeluaran": 9026.0, "ahh": 72.98, "profesional": 56.3, "tpak": 55.61, "rls": 7.33, "hls": 12.04, "skor_ekonomi": 22.83, "skor_keputusan": 56.12, "skor_kapasitas_sosial": 50.65, "ikpp_komposit": 41.71, "kuadran": "Kuadran II (Ekonomi Rendah, Keputusan Tinggi)", "lisa_cluster_keputusan": "Not Significant", "lisa_cluster_ekonomi": "Low-Low (Coldspot)", "pc1": -0.627, "pc2": -2.033, "lat": -6.823, "lon": 107.139}, "geometry": {"type": "Polygon", "coordinates": [[[106.7938, -7.4368], [106.8829, -7.4349], [107.0861, -7.4532], [107.2396, -7.488], [107.4233, -7.5052], [107.4338, -7.4204], [107.4745, -7.3998], [107.4848, -7.3546], [107.455, -7.2923], [107.4768, -7.2546], [107.4176, -7.2525], [107.3533, -7.2355], [107.3195, -7.191], [107.3196, -7.1065], [107.1951, -7.0218], [107.1863, -6.9736], [107.2254, -6.9424], [107.2784, -6.9255], [107.3501, -6.8554], [107.2844, -6.7744], [107.3021, -6.7284], [107.2514, -6.6933], [107.2627, -6.6342], [107.2272, -6.6022], [107.2233, -6.6247], [107.1351, -6.6701], [107.0427, -6.6567], [107.0035, -6.687], [106.9652, -6.7705], [106.9961, -6.8347], [107.0323, -6.8729], [107.0485, -6.9421], [107.0323, -6.9812], [107.0456, -7.0422], [106.973, -7.0184], [106.9369, -7.1098], [106.9644, -7.1423], [106.9788, -7.2417], [106.9672, -7.3122], [106.8602, -7.3638], [106.8226, -7.3631], [106.7791, -7.3991], [106.7938, -7.4368]]]}}, {"type": "Feature", "id": 3510, "properties": {"WADMKK": "Banyuwangi", "WADMPR": "Jawa Timur", "KDPKAB": "35.10", "LUASWH": 11.89657798, "kode_wilayah": 3510, "nama_resmi": "Kabupaten Banyuwangi", "tipe": "Kabupaten", "provinsi": "Jawa Timur", "pulau": "Jawa", "parlemen": 34.0, "pendapatan": 31.04, "pengeluaran": 13320.0, "ahh": 73.6, "profesional": 50.66, "tpak": 62.87, "rls": 7.78, "hls": 13.14, "skor_ekonomi": 36.53, "skor_keputusan": 63.25, "skor_kapasitas_sosial": 58.6, "ikpp_komposit": 51.63, "kuadran": "Kuadran I (Ekonomi Tinggi, Keputusan Tinggi)", "lisa_cluster_keputusan": "Not Significant", "lisa_cluster_ekonomi": "High-High (Hotspot)", "pc1": 0.414, "pc2": -0.639, "lat": -8.223, "lon": 114.366}, "geometry": {"type": "Polygon", "coordinates": [[[113.8376, -8.5537], [113.9094, -8.579], [113.9434, -8.5577], [114.0299, -8.5994], [114.0316, -8.6297], [114.0961, -8.6147], [114.2207, -8.6448], [114.229, -8.6017], [114.3123, -8.6208], [114.3732, -8.6778], [114.3725, -8.7158], [114.4177, -8.7489], [114.5324, -8.7802], [114.5748, -8.7702], [114.6053, -8.7173], [114.5623, -8.6566], [114.5143, -8.6501], [114.4728, -8.6175], [114.4229, -8.6046], [114.3856, -8.5052], [114.3419, -8.4384], [114.3693, -8.2698], [114.3902, -8.2344], [114.3802, -8.2041], [114.3982, -8.1233], [114.4301, -8.0649], [114.424, -7.9355], [114.4135, -7.9401], [114.3063, -7.8852], [114.2831, -7.8972], [114.2243, -7.9867], [114.2469, -8.0543], [114.2133, -8.1], [114.1352, -8.1029], [114.0468, -8.1252], [113.9897, -8.1834], [113.9257, -8.2939], [113.9273, -8.3799], [113.8533, -8.4327], [113.8376, -8.5537]]]}}, {"type": "Feature", "id": 6207, "properties": {"WADMKK": "Lamandau", "WADMPR": "Kalimantan Tengah", "KDPKAB": "62.09", "LUASWH": 193.90799479, "kode_wilayah": 6207, "nama_resmi": "Kabupaten Lamandau", "tipe": "Kabupaten", "provinsi": "Kalimantan Tengah", "pulau": "Kalimantan", "parlemen": 33.33, "pendapatan": 27.98, "pengeluaran": 12278.0, "ahh": 72.0, "profesional": 50.45, "tpak": 53.78, "rls": 8.82, "hls": 12.53, "skor_ekonomi": 27.96, "skor_keputusan": 62.5, "skor_kapasitas_sosial": 56.7, "ikpp_komposit": 47.52, "kuadran": "Kuadran II (Ekonomi Rendah, Keputusan Tinggi)", "lisa_cluster_keputusan": "Not Significant", "lisa_cluster_ekonomi": "Low-Low (Coldspot)", "pc1": 0.486, "pc2": -1.466, "lat": -3.414, "lon": 112.542}, "geometry": {"type": "Polygon", "coordinates": [[[111.382, -2.2821], [111.4604, -2.3144], [111.5973, -2.2954], [111.5969, -2.2121], [111.6603, -2.1806], [111.6494, -2.1503], [111.6806, -2.1215], [111.7231, -2.1136], [111.7764, -2.0661], [111.7765, -2.0332], [111.819, -2.0019], [111.8343, -1.9152], [111.8354, -1.8442], [111.8122, -1.8147], [111.8437, -1.7526], [111.8418, -1.7028], [111.7862, -1.6487], [111.8177, -1.6014], [111.7755, -1.5444], [111.75, -1.4832], [111.6779, -1.421], [111.6448, -1.4193], [111.5778, -1.3224], [111.5161, -1.2697], [111.446, -1.2453], [111.4001, -1.2629], [111.3415, -1.3203], [111.3057, -1.3895], [111.2601, -1.4299], [111.1338, -1.445], [111.0716, -1.5287], [111.0063, -1.5036], [110.8724, -1.6208], [110.9196, -1.6933], [110.94, -1.6573], [110.9943, -1.6501], [110.9944, -1.7069], [111.0221, -1.7136], [111.0141, -1.7818], [110.9689, -1.8139], [110.9486, -1.8685], [110.9919, -1.9555], [111.0864, -1.9654], [111.0871, -2.041], [111.12, -2.023], [111.2052, -2.0376], [111.25, -2.063], [111.2648, -2.1404], [111.3555, -2.1525], [111.3894, -2.2148], [111.382, -2.2821]]]}}, {"type": "Feature", "id": 1219, "properties": {"WADMKK": "Batu Bara", "WADMPR": "Sumatera Utara", "KDPKAB": "12.19", "LUASWH": 3.0, "kode_wilayah": 1219, "nama_resmi": "Kabupaten Batu Bara", "tipe": "Kabupaten", "provinsi": "Sumatera Utara", "pulau": "Sumatera", "parlemen": 11.43, "pendapatan": 37.84, "pengeluaran": 11373.0, "ahh": 70.16, "profesional": 58.68, "tpak": 54.6, "rls": 8.51, "hls": 13.12, "skor_ekonomi": 37.87, "skor_keputusan": 48.1, "skor_kapasitas_sosial": 53.81, "ikpp_komposit": 45.15, "kuadran": "Kuadran I (Ekonomi Tinggi, Keputusan Tinggi)", "lisa_cluster_keputusan": "Not Significant", "lisa_cluster_ekonomi": "High-Low (Spatial Outlier)", "pc1": -0.306, "pc2": 0.096, "lat": 3.172, "lon": 99.421}, "geometry": {"type": "Polygon", "coordinates": [[[99.5711, 3.0837], [99.6277, 3.1373], [99.6551, 3.1277], [99.6768, 3.1276], [99.7021, 3.1176], [99.7373, 3.173], [99.6705, 3.2106], [99.5468, 3.2451], [99.4869, 3.3177], [99.4887, 3.3441], [99.4145, 3.3861], [99.368, 3.3983], [99.3195, 3.4327], [99.2826, 3.3927], [99.261, 3.3065], [99.2068, 3.2247], [99.2176, 3.2135], [99.2262, 3.2048], [99.2361, 3.2564], [99.2807, 3.2738], [99.2807, 3.2738], [99.305, 3.3043], [99.3246, 3.2951], [99.37, 3.2422], [99.3806, 3.2548], [99.4041, 3.2542], [99.4014, 3.2446], [99.3977, 3.2341], [99.3922, 3.2196], [99.3856, 3.1997], [99.3855, 3.1996], [99.3851, 3.1984], [99.3852, 3.198], [99.383, 3.1918], [99.3757, 3.1704], [99.375, 3.1682], [99.3712, 3.1557], [99.4596, 3.1381], [99.4661, 3.136], [99.5513, 3.0998], [99.5657, 3.079], [99.5701, 3.085], [99.5711, 3.0837]]]}}, {"type": "Feature", "id": 7271, "properties": {"WADMKK": "Kota Palu", "WADMPR": "Sulawesi Tengah", "KDPKAB": "72.71", "LUASWH": 42.27351798, "kode_wilayah": 7271, "nama_resmi": "Kota Palu", "tipe": "Kota", "provinsi": "Sulawesi Tengah", "pulau": "Sulawesi", "parlemen": 14.29, "pendapatan": 34.1, "pengeluaran": 10158.0, "ahh": 69.18, "profesional": 52.33, "tpak": 50.51, "rls": 7.01, "hls": 12.14, "skor_ekonomi": 31.76, "skor_keputusan": 46.45, "skor_kapasitas_sosial": 46.19, "ikpp_komposit": 40.52, "kuadran": "Kuadran III (Ekonomi Rendah, Keputusan Rendah)", "lisa_cluster_keputusan": "Low-High (Spatial Outlier)", "lisa_cluster_ekonomi": "Not Significant", "pc1": -1.305, "pc2": -0.98, "lat": -0.9, "lon": 119.891}, "geometry": {"type": "Polygon", "coordinates": [[[119.768, -0.8991], [119.8178, -0.858], [119.8323, -0.9425], [119.8744, -0.9234], [119.9025, -0.9427], [120.0052, -0.8908], [120.0337, -0.8567], [120.0421, -0.8341], [120.0186, -0.7816], [119.9695, -0.8124], [119.9011, -0.7964], [119.901, -0.7333], [119.9177, -0.7017], [119.8436, -0.697], [119.8593, -0.7844], [119.8826, -0.8217], [119.8696, -0.8831], [119.8378, -0.88], [119.8045, -0.8018], [119.7661, -0.8295], [119.768, -0.8991]]]}}, {"type": "Feature", "id": 1172, "properties": {"WADMKK": "Kota Sabang", "WADMPR": "Aceh", "KDPKAB": "11.72", "LUASWH": 4.18345667, "kode_wilayah": 1172, "nama_resmi": "Kota Sabang", "tipe": "Kota", "provinsi": "Aceh", "pulau": "Sumatera", "parlemen": 10.0, "pendapatan": 32.43, "pengeluaran": 12625.0, "ahh": 73.2, "profesional": 62.05, "tpak": 54.71, "rls": 11.22, "hls": 14.97, "skor_ekonomi": 32.78, "skor_keputusan": 49.05, "skor_kapasitas_sosial": 68.49, "ikpp_komposit": 46.43, "kuadran": "Kuadran II (Ekonomi Rendah, Keputusan Tinggi)", "lisa_cluster_keputusan": "Not Significant", "lisa_cluster_ekonomi": "Not Significant", "pc1": 1.89, "pc2": 0.589, "lat": 5.893, "lon": 95.321}, "geometry": {"type": "Polygon", "coordinates": [[[95.3255, 5.7727], [95.3723, 5.8483], [95.3245, 5.9014], [95.3042, 5.8407], [95.2602, 5.8223], [95.2863, 5.7801], [95.3255, 5.7727]]]}}, {"type": "Feature", "id": 1905, "properties": {"WADMKK": "Bangka Selatan", "WADMPR": "Kepulauan Bangka Belitung", "KDPKAB": "19.03", "LUASWH": 77.16003409, "kode_wilayah": 1905, "nama_resmi": "Kabupaten Bangka Selatan", "tipe": "Kabupaten", "provinsi": "Kepulauan Bangka Belitung", "pulau": "Sumatera", "parlemen": 13.33, "pendapatan": 22.75, "pengeluaran": 12718.0, "ahh": 71.27, "profesional": 49.77, "tpak": 46.9, "rls": 6.93, "hls": 11.71, "skor_ekonomi": 18.68, "skor_keputusan": 43.87, "skor_kapasitas_sosial": 50.41, "ikpp_komposit": 35.1, "kuadran": "Kuadran III (Ekonomi Rendah, Keputusan Rendah)", "lisa_cluster_keputusan": "Not Significant", "lisa_cluster_ekonomi": "Low-Low (Coldspot)", "pc1": -0.524, "pc2": -2.006, "lat": -2.059, "lon": 105.201}, "geometry": {"type": "MultiPolygon", "coordinates": [[[[106.8442, -2.9168], [106.8077, -2.8867], [106.7324, -2.9253], [106.7177, -2.9698], [106.7904, -3.0178], [106.8559, -3.0389], [106.9106, -2.9472], [106.8442, -2.9168]]], [[[107.0561, -2.8191], [107.0199, -2.8751], [107.0561, -2.9094], [107.0863, -2.9101], [107.0927, -2.8612], [107.0561, -2.8191]]], [[[105.9379, -2.5305], [105.9158, -2.5458], [105.8882, -2.6377], [105.9195, -2.7435], [105.967, -2.8147], [106.0936, -2.8372], [106.1483, -2.8748], [106.1762, -2.8706], [106.2334, -2.8999], [106.2772, -2.9017], [106.3499, -2.9703], [106.4296, -2.9745], [106.4418, -3.0116], [106.4984, -3.0637], [106.5138, -3.1133], [106.5737, -3.0795], [106.6085, -3.0885], [106.7364, -3.0867], [106.7289, -3.0315], [106.6683, -2.978], [106.596, -2.9503], [106.6039, -2.8587], [106.6626, -2.7161], [106.5824, -2.6853], [106.5332, -2.6489], [106.4858, -2.6593], [106.4476, -2.5841], [106.3715, -2.554], [106.3101, -2.5479], [106.2723, -2.5763], [106.2071, -2.5713], [106.1032, -2.4894], [106.0313, -2.5124], [105.9379, -2.5305]]]]}}, {"type": "Feature", "id": 9412, "properties": {"WADMKK": "Mimika", "WADMPR": "Papua Tengah", "KDPKAB": "91.09", "LUASWH": 113.48033016, "kode_wilayah": 9412, "nama_resmi": "Kabupaten Mimika", "tipe": "Kabupaten", "provinsi": "Papua Tengah", "pulau": "Papua", "parlemen": 17.14, "pendapatan": 24.39, "pengeluaran": 6463.0, "ahh": 68.16, "profesional": 42.16, "tpak": 55.03, "rls": 3.28, "hls": 7.7, "skor_ekonomi": 25.31, "skor_keputusan": 42.24, "skor_kapasitas_sosial": 24.76, "ikpp_komposit": 31.97, "kuadran": "Kuadran III (Ekonomi Rendah, Keputusan Rendah)", "lisa_cluster_keputusan": "Low-Low (Coldspot)", "lisa_cluster_ekonomi": "Low-High (Spatial Outlier)", "pc1": -4.831, "pc2": -3.269, "lat": -4.455, "lon": 137.136}, "geometry": {"type": "Polygon", "coordinates": [[[134.8855, -4.2525], [135.0124, -4.3369], [135.04, -4.3756], [135.2078, -4.4658], [135.3467, -4.4318], [135.5141, -4.4467], [135.7207, -4.4972], [135.7965, -4.4851], [135.9279, -4.4933], [135.9554, -4.5254], [136.1077, -4.6195], [136.2239, -4.6503], [136.3264, -4.6668], [136.455, -4.7228], [136.5474, -4.7906], [136.6944, -4.8419], [136.7362, -4.8705], [136.7681, -4.829], [136.8075, -4.8344], [136.7889, -4.8784], [136.8316, -4.914], [136.9001, -4.8806], [136.9741, -4.9365], [137.0435, -4.9235], [137.0938, -4.9746], [137.1151, -4.9597], [137.2013, -4.9962], [137.2118, -4.9775], [137.2844, -5.0254], [137.3267, -5.0268], [137.34, -5.0564], [137.3977, -5.1084], [137.4494, -5.099], [137.496, -5.145], [137.5476, -5.1374], [137.5523, -5.1686], [137.6358, -5.2135], [137.6778, -5.2177], [137.7337, -5.0928], [137.7745, -5.0617], [137.8248, -4.9817], [137.8483, -4.9262], [137.8341, -4.9072], [137.865, -4.8636], [137.8967, -4.7802], [137.8921, -4.7515], [137.7932, -4.6894], [137.7696, -4.6477], [137.8277, -4.5968], [137.9085, -4.6034], [137.9242, -4.5929], [137.8295, -4.5413], [137.8464, -4.4575], [137.8649, -4.4239], [137.9325, -4.4251], [137.9707, -4.2221], [137.9019, -4.2152], [137.8946, -4.2666], [137.8627, -4.2711], [137.8505, -4.2055], [137.8052, -4.2223], [137.7336, -4.2188], [137.7103, -4.192], [137.6874, -4.2009], [137.5851, -4.1906], [137.5648, -4.1514], [137.5115, -4.1445], [137.488, -4.1205], [137.4064, -4.0741], [137.3254, -4.0719], [137.2824, -4.0542], [137.1627, -4.064], [137.1183, -4.0314], [137.095, -4.0323], [137.0361, -4.0451], [137.0094, -4.0858], [137.0184, -4.1203], [136.9226, -4.1285], [136.9271, -4.1699], [136.8896, -4.1781], [136.8292, -4.2325], [136.7854, -4.2523], [136.8029, -4.2918], [136.7847, -4.3145], [136.7391, -4.3114], [136.7154, -4.3864], [136.6856, -4.4023], [136.6018, -4.36], [136.6556, -4.2695], [136.6435, -4.2098], [136.5435, -4.2045], [136.5607, -4.2343], [136.5349, -4.2781], [136.4504, -4.2176], [136.42, -4.2378], [136.4256, -4.3204], [136.3804, -4.3407], [136.3157, -4.3457], [136.2484, -4.33], [136.2115, -4.3576], [136.1532, -4.343], [136.1299, -4.3775], [136.0776, -4.4028], [136.0243, -4.3917], [136.0376, -4.3005], [136.003, -4.2807], [135.9029, -4.2813], [135.8213, -4.2981], [135.7218, -4.2612], [135.6856, -4.1976], [135.616, -4.2316], [135.5028, -4.2027], [135.4594, -4.2514], [135.3954, -4.231], [135.3657, -4.1966], [135.31, -4.2012], [135.2759, -4.1669], [135.2463, -4.1792], [135.1297, -4.1711], [135.1197, -4.1205], [135.1531, -4.0253], [135.1061, -3.9976], [135.0329, -4.0026], [135.0538, -4.0495], [135.0034, -4.0922], [134.9692, -4.1401], [134.9359, -4.2266], [134.8855, -4.2525]]]}}, {"type": "Feature", "id": 7371, "properties": {"WADMKK": "Kota Makassar", "WADMPR": "Sulawesi Selatan", "KDPKAB": "73.71", "LUASWH": 1.67832883, "kode_wilayah": 7371, "nama_resmi": "Kota Makassar", "tipe": "Kota", "provinsi": "Sulawesi Selatan", "pulau": "Sulawesi", "parlemen": 16.0, "pendapatan": 35.03, "pengeluaran": 9107.0, "ahh": 72.75, "profesional": 47.2, "tpak": 62.68, "rls": 8.71, "hls": 14.17, "skor_ekonomi": 40.22, "skor_keputusan": 44.57, "skor_kapasitas_sosial": 57.45, "ikpp_komposit": 45.41, "kuadran": "Kuadran IV (Ekonomi Tinggi, Keputusan Rendah)", "lisa_cluster_keputusan": "Low-High (Spatial Outlier)", "lisa_cluster_ekonomi": "High-Low (Spatial Outlier)", "pc1": -0.312, "pc2": 0.52, "lat": -5.133, "lon": 119.408}, "geometry": {"type": "Polygon", "coordinates": [[[119.4065, -5.2323], [119.4146, -5.1956], [119.5156, -5.19], [119.5186, -5.1652], [119.5394, -5.1223], [119.5293, -5.0647], [119.479, -5.0599], [119.4471, -5.1009], [119.4102, -5.1127], [119.3862, -5.158], [119.3838, -5.2105], [119.4065, -5.2323]]]}}, {"type": "Feature", "id": 8106, "properties": {"WADMKK": "Seram Bagian Barat", "WADMPR": "Maluku", "KDPKAB": "81.06", "LUASWH": 126.07162536, "kode_wilayah": 8106, "nama_resmi": "Kabupaten Seram Bagian Barat", "tipe": "Kabupaten", "provinsi": "Maluku", "pulau": "Maluku", "parlemen": 13.33, "pendapatan": 37.17, "pengeluaran": 8238.0, "ahh": 69.03, "profesional": 61.35, "tpak": 44.42, "rls": 10.67, "hls": 14.02, "skor_ekonomi": 30.9, "skor_keputusan": 51.61, "skor_kapasitas_sosial": 55.83, "ikpp_komposit": 44.17, "kuadran": "Kuadran II (Ekonomi Rendah, Keputusan Tinggi)", "lisa_cluster_keputusan": "Not Significant", "lisa_cluster_ekonomi": "Not Significant", "pc1": 0.426, "pc2": -0.29, "lat": -3.067, "lon": 128.23}, "geometry": {"type": "MultiPolygon", "coordinates": [[[[127.623, -3.3057], [127.577, -3.2659], [127.5282, -3.2646], [127.4874, -3.2983], [127.5063, -3.3294], [127.6567, -3.3662], [127.623, -3.3057]]], [[[128.7529, -2.8504], [128.6909, -2.8577], [128.5703, -2.854], [128.5078, -2.8341], [128.4036, -2.8691], [128.3505, -2.8601], [128.2704, -2.8691], [128.2383, -2.8539], [128.1871, -2.8671], [128.1291, -2.9049], [128.1112, -2.9592], [128.122, -2.9956], [128.0882, -3.0182], [128.1142, -3.0638], [128.0308, -3.0777], [128.0, -3.0707], [127.945, -3.1284], [127.8982, -3.1581], [127.8734, -3.1934], [127.8881, -3.2715], [127.9172, -3.2942], [127.9426, -3.351], [127.8955, -3.4917], [127.9368, -3.5434], [127.9462, -3.4653], [127.9896, -3.3762], [128.0509, -3.3465], [128.0715, -3.1932], [128.091, -3.1304], [128.1542, -3.0693], [128.1991, -3.0752], [128.2018, -3.1264], [128.1733, -3.1446], [128.1601, -3.1983], [128.1818, -3.2309], [128.2655, -3.2025], [128.2915, -3.2255], [128.3332, -3.3218], [128.3934, -3.3928], [128.405, -3.4285], [128.4721, -3.4596], [128.5205, -3.4584], [128.5949, -3.4261], [128.6732, -3.4332], [128.6979, -3.4142], [128.6714, -3.3714], [128.7289, -3.3081], [128.7871, -3.2606], [128.8429, -3.2404], [128.8425, -3.2403], [128.8424, -3.2402], [128.7935, -3.1684], [128.8107, -3.0641], [128.7792, -3.0639], [128.7932, -2.9913], [128.7709, -2.977], [128.7504, -2.9066], [128.7529, -2.8504]]], [[[127.7991, -3.1998], [127.7608, -3.1514], [127.7209, -3.1599], [127.638, -3.2246], [127.7043, -3.2595], [127.7887, -3.2567], [127.7991, -3.1998]]], [[[127.948, -3.0143], [128.0017, -2.9459], [127.9915, -2.9242], [127.8812, -2.9591], [127.8458, -3.0379], [127.9149, -3.0383], [127.948, -3.0143]]]]}}, {"type": "Feature", "id": 1471, "properties": {"WADMKK": "Kota Pekanbaru", "WADMPR": "Riau", "KDPKAB": "14.71", "LUASWH": 15.80818836, "kode_wilayah": 1471, "nama_resmi": "Kota Pekanbaru", "tipe": "Kota", "provinsi": "Riau", "pulau": "Sumatera", "parlemen": 18.0, "pendapatan": 27.2, "pengeluaran": 15212.0, "ahh": 75.38, "profesional": 50.38, "tpak": 53.92, "rls": 11.96, "hls": 15.84, "skor_ekonomi": 27.3, "skor_keputusan": 48.52, "skor_kapasitas_sosial": 77.1, "ikpp_komposit": 45.75, "kuadran": "Kuadran II (Ekonomi Rendah, Keputusan Tinggi)", "lisa_cluster_keputusan": "Not Significant", "lisa_cluster_ekonomi": "Low-Low (Coldspot)", "pc1": 3.168, "pc2": 0.452, "lat": 0.513, "lon": 101.447}, "geometry": {"type": "Polygon", "coordinates": [[[101.3798, 0.6622], [101.3246, 0.6004], [101.3572, 0.5574], [101.3574, 0.5101], [101.3322, 0.4766], [101.3675, 0.4419], [101.4196, 0.4257], [101.491, 0.45], [101.5476, 0.4347], [101.5894, 0.4641], [101.6009, 0.5063], [101.5926, 0.6072], [101.5516, 0.6359], [101.5143, 0.6903], [101.4849, 0.6424], [101.3971, 0.6894], [101.3798, 0.6622]]]}}, {"type": "Feature", "id": 3571, "properties": {"WADMKK": "Kediri", "WADMPR": "Jawa Timur", "KDPKAB": "35.06", "LUASWH": 4.19793455, "kode_wilayah": 3571, "nama_resmi": "Kota Kediri", "tipe": "Kota", "provinsi": "Jawa Timur", "pulau": "Jawa", "parlemen": 27.59, "pendapatan": 36.45, "pengeluaran": 13670.0, "ahh": 76.76, "profesional": 54.21, "tpak": 60.55, "rls": 10.92, "hls": 15.71, "skor_ekonomi": 40.25, "skor_keputusan": 59.8, "skor_kapasitas_sosial": 74.88, "ikpp_komposit": 55.0, "kuadran": "Kuadran I (Ekonomi Tinggi, Keputusan Tinggi)", "lisa_cluster_keputusan": "Not Significant", "lisa_cluster_ekonomi": "Not Significant", "pc1": 2.579, "pc2": 1.066, "lat": -7.812, "lon": 112.014}, "geometry": {"type": "Polygon", "coordinates": [[[111.9567, -7.9977], [112.0963, -7.9886], [112.2209, -7.9618], [112.3066, -7.9293], [112.3257, -7.8713], [112.307, -7.801], [112.3495, -7.7616], [112.3822, -7.7851], [112.4173, -7.7645], [112.3964, -7.7757], [112.3104, -7.7308], [112.2572, -7.728], [112.1654, -7.613], [112.1105, -7.5931], [112.1012, -7.6352], [112.0591, -7.7235], [112.0022, -7.7523], [111.9543, -7.6796], [111.9003, -7.7397], [111.7992, -7.8366], [111.8027, -7.8657], [111.863, -7.9077], [111.8918, -7.9527], [111.9277, -7.9629], [111.9567, -7.9977]], [[112.0665, -7.8538], [112.0485, -7.8727], [111.9979, -7.8508], [111.9549, -7.8073], [111.9927, -7.7841], [112.0665, -7.8538]]]}}, {"type": "Feature", "id": 9102, "properties": {"WADMKK": "Kaimana", "WADMPR": "Papua Barat", "KDPKAB": "92.08", "LUASWH": 27.14822792, "kode_wilayah": 9102, "nama_resmi": "Kabupaten Kaimana", "tipe": "Kabupaten", "provinsi": "Papua Barat", "pulau": "Papua", "parlemen": 24.0, "pendapatan": 38.37, "pengeluaran": 13104.518858612928, "ahh": 72.52283948970681, "profesional": 40.66, "tpak": 58.35019369614682, "rls": 8.76556447755491, "hls": 12.594430508637936, "skor_ekonomi": 40.71, "skor_keputusan": 47.47, "skor_kapasitas_sosial": 58.17, "ikpp_komposit": 46.91, "kuadran": "Kuadran IV (Ekonomi Tinggi, Keputusan Rendah)", "lisa_cluster_keputusan": "High-Low (Spatial Outlier)", "lisa_cluster_ekonomi": "Not Significant", "pc1": -0.089, "pc2": 0.233, "lat": -3.288, "lon": 133.944}, "geometry": {"type": "MultiPolygon", "coordinates": [[[[134.8855, -4.2525], [134.9359, -4.2266], [134.9692, -4.1401], [135.0034, -4.0922], [135.0538, -4.0495], [135.0329, -4.0026], [135.057, -3.9708], [135.0929, -3.9665], [135.0975, -3.929], [135.027, -3.8322], [135.0431, -3.7837], [135.0181, -3.7187], [135.051, -3.6888], [135.1233, -3.6918], [135.1463, -3.6504], [135.1978, -3.5956], [135.1337, -3.5976], [135.0721, -3.5842], [135.0469, -3.6101], [134.9917, -3.5855], [134.9765, -3.5139], [134.9388, -3.4882], [134.9188, -3.4403], [134.865, -3.4193], [134.8557, -3.3881], [134.8098, -3.3694], [134.7569, -3.3827], [134.7271, -3.3605], [134.7146, -3.3011], [134.6533, -3.3149], [134.5975, -3.3117], [134.6199, -3.3608], [134.6146, -3.4044], [134.5884, -3.426], [134.5823, -3.4808], [134.5332, -3.4796], [134.511, -3.4983], [134.3931, -3.4616], [134.3449, -3.4701], [134.2768, -3.3748], [134.2292, -3.2794], [134.198, -3.1815], [134.2038, -3.0777], [134.1969, -3.0243], [134.1409, -3.0161], [134.1261, -2.9645], [134.0635, -2.9277], [134.0097, -2.7901], [133.9295, -2.8175], [133.8433, -2.7894], [133.8095, -2.8069], [133.7602, -2.8048], [133.7237, -2.8215], [133.7304, -2.8748], [133.7118, -2.915], [133.6046, -2.9729], [133.5705, -3.0635], [133.4976, -3.0811], [133.4871, -3.1161], [133.2916, -3.3811], [132.8689, -3.9541], [132.8371, -3.9652], [132.838, -3.985], [132.9005, -4.0285], [132.9172, -4.0831], [133.0152, -4.1177], [133.0421, -4.0654], [133.0772, -4.0537], [133.1254, -4.0676], [133.252, -4.0718], [133.269, -4.0348], [133.3138, -4.0152], [133.3301, -3.9852], [133.4035, -3.9024], [133.4568, -3.8592], [133.4505, -3.8201], [133.4146, -3.7995], [133.3937, -3.7351], [133.4088, -3.6908], [133.4376, -3.6801], [133.5152, -3.6051], [133.5836, -3.5685], [133.5975, -3.5292], [133.55, -3.4544], [133.563, -3.4289], [133.6324, -3.4161], [133.6594, -3.3764], [133.6647, -3.2974], [133.6479, -3.2346], [133.663, -3.2143], [133.649, -3.1209], [133.7019, -3.0719], [133.7219, -3.0362], [133.7898, -3.025], [133.8071, -2.9605], [133.8531, -2.9407], [133.845, -3.0211], [133.8271, -3.089], [133.7799, -3.1112], [133.7726, -3.1748], [133.7257, -3.1697], [133.6687, -3.2263], [133.6684, -3.3177], [133.6993, -3.4059], [133.6394, -3.4461], [133.6212, -3.477], [133.7073, -3.6032], [133.6908, -3.671], [133.7508, -3.6452], [133.7902, -3.648], [133.7861, -3.5978], [133.8364, -3.5594], [133.8395, -3.6315], [133.9082, -3.7045], [133.9136, -3.7846], [133.944, -3.8457], [134.0411, -3.7824], [134.069, -3.8209], [134.1178, -3.7916], [134.1387, -3.7454], [134.1695, -3.7787], [134.1913, -3.8331], [134.1497, -3.8667], [134.1942, -3.9594], [134.2785, -4.007], [134.3026, -4.049], [134.3336, -4.0205], [134.2988, -3.9673], [134.359, -3.9492], [134.35, -3.8945], [134.4096, -3.9214], [134.4389, -3.919], [134.5062, -4.0437], [134.5696, -3.9987], [134.6032, -3.9998], [134.6343, -3.9466], [134.7069, -3.9184], [134.7386, -3.9396], [134.7716, -3.9164], [134.8308, -3.9398], [134.9128, -3.9407], [134.9167, -3.9647], [134.8462, -3.9856], [134.8016, -3.94], [134.7695, -3.9342], [134.683, -3.9786], [134.6521, -4.0778], [134.6293, -4.1175], [134.7115, -4.1369], [134.7346, -4.2068], [134.7637, -4.2082], [134.8341, -4.2547], [134.8855, -4.2525]]], [[[134.3758, -3.9819], [134.3831, -4.0339], [134.4253, -4.0066], [134.3758, -3.9819]]], [[[134.0968, -3.9148], [134.0713, -3.9425], [134.084, -3.9834], [134.1871, -4.0101], [134.0968, -3.9148]]], [[[133.3359, -4.0956], [133.3484, -4.1698], [133.4531, -4.2359], [133.5022, -4.2506], [133.5542, -4.2179], [133.4533, -4.1847], [133.3359, -4.0956]]]]}}, {"type": "Feature", "id": 5272, "properties": {"WADMKK": "Bima", "WADMPR": "Nusa Tenggara Barat", "KDPKAB": "52.06", "LUASWH": 92.29956278, "kode_wilayah": 5272, "nama_resmi": "Kota Bima", "tipe": "Kota", "provinsi": "Nusa Tenggara Barat", "pulau": "Bali & Nusa Tenggara", "parlemen": 24.0, "pendapatan": 38.02, "pengeluaran": 12362.0, "ahh": 73.44, "profesional": 50.79, "tpak": 64.58, "rls": 10.96, "hls": 15.08, "skor_ekonomi": 44.26, "skor_keputusan": 54.25, "skor_kapasitas_sosial": 68.18, "ikpp_komposit": 53.04, "kuadran": "Kuadran I (Ekonomi Tinggi, Keputusan Tinggi)", "lisa_cluster_keputusan": "Not Significant", "lisa_cluster_ekonomi": "High-High (Hotspot)", "pc1": 1.473, "pc2": 1.225, "lat": -8.462, "lon": 118.749}, "geometry": {"type": "MultiPolygon", "coordinates": [[[[118.4797, -8.8847], [118.6377, -8.8139], [118.7497, -8.7955], [118.844, -8.8429], [118.9375, -8.8318], [118.9571, -8.8175], [118.9095, -8.7654], [118.7604, -8.7682], [118.712, -8.7411], [118.7654, -8.6942], [118.85, -8.7284], [118.9079, -8.6801], [118.9656, -8.7435], [119.036, -8.733], [119.1005, -8.7508], [119.1619, -8.7264], [119.1725, -8.6938], [119.1277, -8.622], [119.0779, -8.6513], [119.0358, -8.6418], [119.037, -8.596], [119.0134, -8.5388], [119.052, -8.5139], [119.0496, -8.465], [118.9953, -8.3831], [119.0042, -8.314], [118.9441, -8.2939], [118.8345, -8.2815], [118.8002, -8.2872], [118.7366, -8.3405], [118.7548, -8.3991], [118.8611, -8.4343], [118.8749, -8.4832], [118.8204, -8.5208], [118.7394, -8.5169], [118.7134, -8.4954], [118.6858, -8.4599], [118.6956, -8.3783], [118.6458, -8.2895], [118.5853, -8.2668], [118.5129, -8.2606], [118.4939, -8.2432], [118.4447, -8.2684], [118.5, -8.3488], [118.5426, -8.3949], [118.4863, -8.4586], [118.5139, -8.5062], [118.5002, -8.5478], [118.5072, -8.597], [118.5358, -8.6487], [118.5122, -8.7189], [118.5, -8.7965], [118.4837, -8.8202], [118.4797, -8.8847]]], [[[117.7655, -8.1435], [117.8502, -8.2128], [117.9207, -8.2163], [117.9733, -8.273], [118.0275, -8.3024], [118.0452, -8.3356], [118.1454, -8.4057], [118.2052, -8.4367], [118.2744, -8.4386], [118.3208, -8.405], [118.3174, -8.3703], [118.2799, -8.3647], [118.2335, -8.3323], [118.218, -8.2851], [118.185, -8.2687], [118.1479, -8.2018], [118.1467, -8.1409], [118.0807, -8.1003], [118.0073, -8.0939], [117.9521, -8.103], [117.9238, -8.0801], [117.8292, -8.1293], [117.7655, -8.1435]]], [[[119.2747, -8.399], [119.2678, -8.4447], [119.2899, -8.4627], [119.3283, -8.4212], [119.2747, -8.399]]], [[[119.0695, -8.131], [119.0476, -8.1293], [119.0009, -8.1774], [119.0003, -8.2297], [119.0506, -8.2618], [119.115, -8.224], [119.1128, -8.1565], [119.0695, -8.131]]]]}}, {"type": "Feature", "id": 3302, "properties": {"WADMKK": "Banyumas", "WADMPR": "Jawa Tengah", "KDPKAB": "33.02", "LUASWH": 13.63062424, "kode_wilayah": 3302, "nama_resmi": "Kabupaten Banyumas", "tipe": "Kabupaten", "provinsi": "Jawa Tengah", "pulau": "Jawa", "parlemen": 18.0, "pendapatan": 31.13, "pengeluaran": 12960.0, "ahh": 76.32, "profesional": 47.08, "tpak": 50.62, "rls": 7.91, "hls": 13.34, "skor_ekonomi": 28.99, "skor_keputusan": 46.31, "skor_kapasitas_sosial": 62.5, "ikpp_komposit": 42.62, "kuadran": "Kuadran III (Ekonomi Rendah, Keputusan Rendah)", "lisa_cluster_keputusan": "Not Significant", "lisa_cluster_ekonomi": "Not Significant", "pc1": 0.696, "pc2": -0.442, "lat": -7.423, "lon": 109.23}, "geometry": {"type": "Polygon", "coordinates": [[[109.3813, -7.6658], [109.4463, -7.621], [109.4154, -7.5697], [109.4327, -7.5361], [109.4037, -7.5408], [109.362, -7.5135], [109.3617, -7.4854], [109.3129, -7.4102], [109.2549, -7.2806], [109.2237, -7.2463], [109.2027, -7.2469], [109.1969, -7.2497], [109.0871, -7.295], [109.0633, -7.3394], [108.9758, -7.3349], [108.9491, -7.3629], [108.9386, -7.417], [108.9102, -7.4467], [108.9561, -7.47], [108.9564, -7.4958], [109.0663, -7.573], [109.1091, -7.5816], [109.1656, -7.5725], [109.1806, -7.5492], [109.265, -7.5955], [109.2616, -7.6199], [109.3587, -7.6393], [109.3813, -7.6658]]]}}, {"type": "Feature", "id": 1902, "properties": {"WADMKK": "Belitung", "WADMPR": "Kepulauan Bangka Belitung", "KDPKAB": "19.02", "LUASWH": 2.01889308, "kode_wilayah": 1902, "nama_resmi": "Kabupaten Belitung", "tipe": "Kabupaten", "provinsi": "Kepulauan Bangka Belitung", "pulau": "Sumatera", "parlemen": 12.0, "pendapatan": 23.76, "pengeluaran": 14449.0, "ahh": 73.79, "profesional": 48.9, "tpak": 48.6, "rls": 9.05, "hls": 12.09, "skor_ekonomi": 20.7, "skor_keputusan": 42.07, "skor_kapasitas_sosial": 60.82, "ikpp_komposit": 37.27, "kuadran": "Kuadran III (Ekonomi Rendah, Keputusan Rendah)", "lisa_cluster_keputusan": "Not Significant", "lisa_cluster_ekonomi": "Low-Low (Coldspot)", "pc1": 0.727, "pc2": -1.203, "lat": -2.742, "lon": 107.654}, "geometry": {"type": "MultiPolygon", "coordinates": [[[[107.9393, -2.5729], [107.8388, -2.5562], [107.819, -2.5294], [107.7623, -2.5577], [107.7204, -2.5484], [107.6583, -2.5596], [107.6414, -2.5909], [107.643, -2.6407], [107.612, -2.7025], [107.6251, -2.7546], [107.5972, -2.7922], [107.5976, -2.8582], [107.529, -2.9209], [107.6001, -2.9326], [107.5612, -2.9982], [107.5852, -3.072], [107.6293, -3.1429], [107.5859, -3.2032], [107.6363, -3.2403], [107.7198, -3.1903], [107.7661, -3.1915], [107.8367, -3.1569], [107.8457, -3.1135], [107.8149, -3.0883], [107.8482, -3.0594], [107.8337, -3.0089], [107.7643, -2.9437], [107.7474, -2.888], [107.7839, -2.8619], [107.8163, -2.8781], [107.8716, -2.8778], [107.8494, -2.8212], [107.8696, -2.8011], [107.9403, -2.7983], [107.9842, -2.777], [107.9454, -2.7094], [107.8791, -2.6921], [107.8951, -2.6329], [107.9274, -2.6214], [107.9393, -2.5729]]], [[[107.4859, -2.8497], [107.4684, -2.8228], [107.3804, -2.8491], [107.3659, -2.909], [107.4121, -2.946], [107.4579, -2.9159], [107.4859, -2.8497]]]]}}, {"type": "Feature", "id": 6171, "properties": {"WADMKK": "Mempawah", "WADMPR": "Kalimantan Barat", "KDPKAB": "61.02", "LUASWH": 51.04492473, "kode_wilayah": 6171, "nama_resmi": "Kota Pontianak", "tipe": "Kota", "provinsi": "Kalimantan Barat", "pulau": "Kalimantan", "parlemen": 20.0, "pendapatan": 33.94, "pengeluaran": 16212.0, "ahh": 76.67, "profesional": 48.65, "tpak": 50.68, "rls": 10.47, "hls": 15.06, "skor_ekonomi": 31.71, "skor_keputusan": 49.18, "skor_kapasitas_sosial": 74.97, "ikpp_komposit": 47.35, "kuadran": "Kuadran II (Ekonomi Rendah, Keputusan Tinggi)", "lisa_cluster_keputusan": "Not Significant", "lisa_cluster_ekonomi": "Not Significant", "pc1": 2.702, "pc2": 0.594, "lat": -0.022, "lon": 109.338}, "geometry": {"type": "Polygon", "coordinates": [[[108.9268, 0.5623], [108.9115, 0.4738], [108.9443, 0.4354], [108.944, 0.3822], [108.9223, 0.3246], [109.0069, 0.3014], [109.0866, 0.251], [109.1159, 0.2157], [109.1329, 0.1412], [109.1753, 0.075], [109.1781, 0.034], [109.2872, 0.0059], [109.3087, 0.0381], [109.3703, 0.0218], [109.3678, 0.1967], [109.3185, 0.2462], [109.2739, 0.2359], [109.1794, 0.2464], [109.1771, 0.2836], [109.2251, 0.3294], [109.2677, 0.3325], [109.3106, 0.3601], [109.3005, 0.4168], [109.2052, 0.4987], [109.2338, 0.5245], [109.2599, 0.6105], [109.2844, 0.6274], [109.2505, 0.6677], [109.174, 0.6641], [109.1516, 0.6818], [109.1478, 0.6581], [109.0815, 0.5904], [108.9513, 0.5311], [108.9268, 0.5623]]]}}, {"type": "Feature", "id": 6208, "properties": {"WADMKK": "Seruyan", "WADMPR": "Kalimantan Tengah", "KDPKAB": "62.07", "LUASWH": 134.30848629, "kode_wilayah": 6208, "nama_resmi": "Kabupaten Seruyan", "tipe": "Kabupaten", "provinsi": "Kalimantan Tengah", "pulau": "Kalimantan", "parlemen": 12.0, "pendapatan": 28.02, "pengeluaran": 10474.0, "ahh": 71.74, "profesional": 47.18, "tpak": 48.06, "rls": 8.01, "hls": 12.04, "skor_ekonomi": 24.43, "skor_keputusan": 40.92, "skor_kapasitas_sosial": 51.91, "ikpp_komposit": 36.52, "kuadran": "Kuadran III (Ekonomi Rendah, Keputusan Rendah)", "lisa_cluster_keputusan": "Not Significant", "lisa_cluster_ekonomi": "Low-Low (Coldspot)", "pc1": -0.644, "pc2": -1.249, "lat": -2.761, "lon": 111.177}, "geometry": {"type": "Polygon", "coordinates": [[[111.7947, -3.5257], [111.8902, -3.5436], [111.9218, -3.5274], [112.0119, -3.4512], [112.1791, -3.344], [112.2564, -3.3136], [112.3359, -3.3152], [112.4209, -3.3528], [112.4458, -3.3876], [112.5094, -3.429], [112.5632, -3.4468], [112.641, -3.4038], [112.6664, -3.3751], [112.8166, -3.2987], [112.81, -3.2985], [112.8141, -3.0502], [112.845, -2.998], [112.8438, -2.8458], [112.822, -2.8057], [112.7448, -2.7548], [112.6363, -2.7287], [112.6042, -2.6668], [112.5118, -2.629], [112.4973, -2.5381], [112.4505, -2.491], [112.4348, -2.435], [112.4308, -2.3313], [112.4087, -2.331], [112.4082, -2.267], [112.3735, -2.2671], [112.3737, -2.1967], [112.3351, -2.1794], [112.3081, -2.1273], [112.3063, -2.0623], [112.3407, -2.0083], [112.3127, -1.9841], [112.344, -1.9255], [112.2516, -1.8601], [112.1921, -1.758], [112.0912, -1.6443], [112.0691, -1.5676], [112.1078, -1.5003], [112.1328, -1.4122], [112.127, -1.3128], [112.1233, -1.2285], [112.1059, -1.2056], [112.1187, -1.1398], [112.1622, -1.0871], [112.158, -1.0391], [112.1169, -1.0452], [112.1132, -0.9298], [112.1723, -0.8663], [112.1465, -0.8302], [112.1942, -0.7654], [112.1754, -0.7256], [112.1476, -0.7306], [112.0834, -0.701], [112.0561, -0.7686], [111.9835, -0.8], [111.9268, -0.7913], [111.9195, -0.8366], [111.8213, -0.9078], [111.751, -0.9108], [111.7237, -0.9427], [111.6414, -0.9679], [111.6161, -1.0563], [111.5708, -1.059], [111.5548, -1.1276], [111.5776, -1.1692], [111.5344, -1.201], [111.446, -1.2453], [111.5161, -1.2697], [111.5778, -1.3224], [111.6448, -1.4193], [111.6779, -1.421], [111.75, -1.4832], [111.872, -1.5444], [111.917, -1.618], [111.9554, -1.7505], [111.9339, -1.8607], [111.9685, -1.9041], [112.0576, -1.95], [112.0669, -1.967], [112.0564, -2.0674], [112.018, -2.1254], [112.0248, -2.232], [112.073, -2.3474], [112.05, -2.4517], [112.0242, -2.4484], [112.0229, -2.5202], [112.0368, -2.5918], [112.0618, -2.6492], [112.042, -2.6883], [112.1295, -2.7657], [112.138, -2.8293], [112.0989, -2.988], [112.0969, -3.0538], [112.132, -3.1398], [112.1185, -3.1816], [112.0528, -3.2468], [111.9516, -3.3604], [111.7947, -3.5257]]]}}, {"type": "Feature", "id": 3316, "properties": {"WADMKK": "Blora", "WADMPR": "Jawa Tengah", "KDPKAB": "33.16", "LUASWH": 5.18481689, "kode_wilayah": 3316, "nama_resmi": "Kabupaten Blora", "tipe": "Kabupaten", "provinsi": "Jawa Tengah", "pulau": "Jawa", "parlemen": 20.0, "pendapatan": 34.82, "pengeluaran": 10926.0, "ahh": 77.03, "profesional": 52.55, "tpak": 61.75, "rls": 7.26, "hls": 12.6, "skor_ekonomi": 39.44, "skor_keputusan": 51.79, "skor_kapasitas_sosial": 58.67, "ikpp_komposit": 48.23, "kuadran": "Kuadran I (Ekonomi Tinggi, Keputusan Tinggi)", "lisa_cluster_keputusan": "Not Significant", "lisa_cluster_ekonomi": "Not Significant", "pc1": -0.281, "pc2": 0.01, "lat": -6.97, "lon": 111.415}, "geometry": {"type": "Polygon", "coordinates": [[[111.4618, -7.3606], [111.4574, -7.3246], [111.4235, -7.3088], [111.4553, -7.2572], [111.5224, -7.237], [111.5872, -7.1856], [111.612, -7.1384], [111.6221, -6.9864], [111.5709, -6.9561], [111.59, -6.9134], [111.533, -6.8892], [111.4474, -6.8825], [111.4254, -6.8941], [111.348, -6.8863], [111.3301, -6.869], [111.2634, -6.8558], [111.2319, -6.8554], [111.2031, -6.8951], [111.098, -6.9304], [111.1107, -6.9774], [111.1714, -6.9855], [111.218, -7.0305], [111.217, -7.0985], [111.2492, -7.1771], [111.2229, -7.2549], [111.2436, -7.285], [111.2843, -7.2887], [111.372, -7.3406], [111.4618, -7.3606]]]}}, {"type": "Feature", "id": 6211, "properties": {"WADMKK": "Gunung Mas", "WADMPR": "Kalimantan Tengah", "KDPKAB": "62.10", "LUASWH": 57.4055519, "kode_wilayah": 6211, "nama_resmi": "Kabupaten Gunung Mas", "tipe": "Kabupaten", "provinsi": "Kalimantan Tengah", "pulau": "Kalimantan", "parlemen": 40.0, "pendapatan": 45.67, "pengeluaran": 11902.0, "ahh": 73.13, "profesional": 45.28, "tpak": 47.35, "rls": 9.37, "hls": 12.1, "skor_ekonomi": 40.83, "skor_keputusan": 65.11, "skor_kapasitas_sosial": 58.26, "ikpp_komposit": 54.03, "kuadran": "Kuadran I (Ekonomi Tinggi, Keputusan Tinggi)", "lisa_cluster_keputusan": "Not Significant", "lisa_cluster_ekonomi": "Not Significant", "pc1": 0.401, "pc2": -0.338, "lat": -2.716, "lon": 114.305}, "geometry": {"type": "Polygon", "coordinates": [[[113.798, -1.6041], [113.8443, -1.583], [113.8564, -1.537], [113.9831, -1.5321], [114.008, -1.4735], [114.0, -1.3937], [114.0048, -1.2903], [113.97, -1.1117], [113.9854, -1.0665], [113.928, -0.9997], [113.809, -0.9587], [113.784, -0.9306], [113.748, -0.8421], [113.682, -0.7875], [113.698, -0.6939], [113.6964, -0.6342], [113.736, -0.6006], [113.76, -0.4817], [113.7176, -0.4186], [113.7087, -0.3765], [113.6322, -0.3452], [113.5829, -0.372], [113.4937, -0.3843], [113.4788, -0.361], [113.4915, -0.3129], [113.4185, -0.3006], [113.4058, -0.3474], [113.3739, -0.3781], [113.3176, -0.3974], [113.2559, -0.3842], [113.2711, -0.4245], [113.2112, -0.5061], [113.1607, -0.5376], [113.1726, -0.602], [113.2204, -0.6598], [113.2238, -0.7044], [113.1901, -0.7348], [113.2006, -0.8354], [113.2342, -0.8626], [113.2196, -0.8929], [113.2432, -0.9769], [113.2839, -1.0536], [113.2489, -1.1289], [113.2037, -1.1677], [113.1837, -1.2165], [113.1992, -1.2835], [113.361, -1.5249], [113.3998, -1.5411], [113.4776, -1.605], [113.502, -1.6445], [113.5638, -1.6534], [113.6334, -1.6107], [113.6482, -1.5847], [113.798, -1.6041]]]}}, {"type": "Feature", "id": 7571, "properties": {"WADMKK": "Gorontalo", "WADMPR": "Gorontalo", "KDPKAB": "75.01", "LUASWH": 7.18490251, "kode_wilayah": 7571, "nama_resmi": "Kota Gorontalo", "tipe": "Kota", "provinsi": "Gorontalo", "pulau": "Sulawesi", "parlemen": 16.67, "pendapatan": 31.03, "pengeluaran": 10440.0, "ahh": 71.05, "profesional": 59.65, "tpak": 61.92, "rls": 8.35, "hls": 13.29, "skor_ekonomi": 35.93, "skor_keputusan": 53.51, "skor_kapasitas_sosial": 54.05, "ikpp_komposit": 46.59, "kuadran": "Kuadran I (Ekonomi Tinggi, Keputusan Tinggi)", "lisa_cluster_keputusan": "High-High (Hotspot)", "lisa_cluster_ekonomi": "Low-Low (Coldspot)", "pc1": -0.289, "pc2": -0.332, "lat": 0.532, "lon": 123.06}, "geometry": {"type": "Polygon", "coordinates": [[[122.6502, 0.515], [122.701, 0.4814], [122.828, 0.4958], [122.8888, 0.4859], [123.0406, 0.496], [123.0046, 0.5302], [123.062, 0.5901], [123.0561, 0.6382], [123.0792, 0.6829], [123.0701, 0.803], [123.0058, 0.7829], [122.968, 0.7182], [122.9071, 0.7076], [122.8909, 0.7512], [122.8314, 0.7544], [122.7152, 0.7868], [122.6427, 0.848], [122.5795, 0.8751], [122.4966, 0.8715], [122.4157, 0.8855], [122.3517, 0.921], [122.2481, 0.9138], [122.261, 0.8432], [122.2449, 0.8124], [122.2674, 0.7846], [122.3415, 0.795], [122.3959, 0.7649], [122.4415, 0.7626], [122.4944, 0.7401], [122.5068, 0.7087], [122.5437, 0.7003], [122.6038, 0.6406], [122.6312, 0.5892], [122.6299, 0.5332], [122.6502, 0.515]]]}}, {"type": "Feature", "id": 3273, "properties": {"WADMKK": "Bandung", "WADMPR": "Jawa Barat", "KDPKAB": "32.04", "LUASWH": 36.52852275, "kode_wilayah": 3273, "nama_resmi": "Kota Bandung", "tipe": "Kota", "provinsi": "Jawa Barat", "pulau": "Jawa", "parlemen": 16.0, "pendapatan": 35.57, "pengeluaran": 18795.0, "ahh": 77.24, "profesional": 42.51, "tpak": 51.96, "rls": 11.07, "hls": 14.25, "skor_ekonomi": 34.07, "skor_keputusan": 41.44, "skor_kapasitas_sosial": 78.03, "ikpp_komposit": 45.81, "kuadran": "Kuadran III (Ekonomi Rendah, Keputusan Rendah)", "lisa_cluster_keputusan": "Not Significant", "lisa_cluster_ekonomi": "Not Significant", "pc1": 2.823, "pc2": 1.073, "lat": -6.911, "lon": 107.61}, "geometry": {"type": "Polygon", "coordinates": [[[107.4768, -7.2546], [107.5574, -7.2515], [107.6121, -7.3098], [107.6946, -7.2829], [107.7105, -7.2238], [107.7411, -7.1691], [107.8115, -7.1366], [107.8348, -7.0694], [107.9101, -7.0359], [107.8999, -6.9718], [107.9147, -6.9528], [107.8424, -6.9695], [107.7557, -6.9482], [107.7587, -6.8982], [107.741, -6.8549], [107.75, -6.8128], [107.7462, -6.8137], [107.725, -6.8335], [107.6611, -6.832], [107.6239, -6.8619], [107.6339, -6.8881], [107.7038, -6.9069], [107.6943, -6.9695], [107.5834, -6.9618], [107.5455, -6.9268], [107.5257, -6.9212], [107.5049, -6.9814], [107.4772, -7.0048], [107.4755, -7.0514], [107.4382, -7.0465], [107.4221, -7.0752], [107.3196, -7.1065], [107.3195, -7.191], [107.3533, -7.2355], [107.4176, -7.2525], [107.4768, -7.2546]]]}}, {"type": "Feature", "id": 2101, "properties": {"WADMKK": "Karimun", "WADMPR": "Kepulauan Riau", "KDPKAB": "21.02", "LUASWH": 9.47464426, "kode_wilayah": 2101, "nama_resmi": "Kabupaten Karimun", "tipe": "Kabupaten", "provinsi": "Kepulauan Riau", "pulau": "Sumatera", "parlemen": 10.0, "pendapatan": 25.2, "pengeluaran": 13287.0, "ahh": 74.25, "profesional": 50.84, "tpak": 52.68, "rls": 8.91, "hls": 12.62, "skor_ekonomi": 24.62, "skor_keputusan": 41.55, "skor_kapasitas_sosial": 60.99, "ikpp_komposit": 38.67, "kuadran": "Kuadran III (Ekonomi Rendah, Keputusan Rendah)", "lisa_cluster_keputusan": "Not Significant", "lisa_cluster_ekonomi": "Low-Low (Coldspot)", "pc1": 0.563, "pc2": -0.753, "lat": 1.087, "lon": 104.502}, "geometry": {"type": "MultiPolygon", "coordinates": [[[[103.8197, 0.752], [103.8336, 0.8123], [103.7833, 0.8713], [103.7488, 0.8864], [103.7199, 0.852], [103.7581, 0.803], [103.8197, 0.7724], [103.8197, 0.752]]], [[[103.9057, 0.8417], [103.8643, 0.8806], [103.8344, 0.8402], [103.8839, 0.7982], [103.9057, 0.8417]]], [[[103.4898, 0.624], [103.5164, 0.6656], [103.4902, 0.6832], [103.4635, 0.6364], [103.4898, 0.624]]], [[[103.4641, 0.6486], [103.5046, 0.7199], [103.5097, 0.7616], [103.4648, 0.8147], [103.4109, 0.8465], [103.3773, 0.8965], [103.3525, 0.8441], [103.352, 0.7472], [103.4012, 0.6722], [103.4366, 0.636], [103.4641, 0.6486]]], [[[103.5313, 0.7986], [103.4948, 0.8448], [103.446, 0.8457], [103.5258, 0.7662], [103.5313, 0.7986]]], [[[103.4833, 0.8778], [103.4747, 0.9144], [103.4349, 0.9251], [103.4099, 0.8923], [103.4533, 0.8595], [103.4833, 0.8778]]], [[[103.4402, 0.9893], [103.4217, 1.0441], [103.4005, 1.0511], [103.3508, 1.135], [103.311, 1.0581], [103.3277, 1.0186], [103.4402, 0.9893]]]]}}, {"type": "Feature", "id": 3327, "properties": {"WADMKK": "Pemalang", "WADMPR": "Jawa Tengah", "KDPKAB": "33.27", "LUASWH": 1.89516809, "kode_wilayah": 3327, "nama_resmi": "Kabupaten Pemalang", "tipe": "Kabupaten", "provinsi": "Jawa Tengah", "pulau": "Jawa", "parlemen": 30.0, "pendapatan": 35.11, "pengeluaran": 10017.0, "ahh": 76.21, "profesional": 51.06, "tpak": 59.09, "rls": 6.56, "hls": 12.02, "skor_ekonomi": 38.06, "skor_keputusan": 59.88, "skor_kapasitas_sosial": 54.08, "ikpp_komposit": 49.99, "kuadran": "Kuadran I (Ekonomi Tinggi, Keputusan Tinggi)", "lisa_cluster_keputusan": "Not Significant", "lisa_cluster_ekonomi": "Not Significant", "pc1": -0.69, "pc2": -0.735, "lat": -6.893, "lon": 109.381}, "geometry": {"type": "Polygon", "coordinates": [[[109.2237, -7.2463], [109.2475, -7.2269], [109.3462, -7.2116], [109.3825, -7.1902], [109.4572, -7.1963], [109.5069, -7.2392], [109.5324, -7.2314], [109.4912, -7.1204], [109.5046, -7.1], [109.4854, -7.0308], [109.4978, -6.9657], [109.5554, -6.9225], [109.5955, -6.841], [109.5519, -6.8189], [109.525, -6.7811], [109.468, -6.8245], [109.3906, -6.8586], [109.351, -6.8617], [109.3335, -6.9423], [109.2932, -6.9942], [109.2728, -7.0564], [109.2334, -7.0808], [109.1964, -7.1306], [109.2027, -7.2469], [109.2237, -7.2463]]]}}, {"type": "Feature", "id": 3208, "properties": {"WADMKK": "Kuningan", "WADMPR": "Jawa Barat", "KDPKAB": "32.08", "LUASWH": 1.89759888, "kode_wilayah": 3208, "nama_resmi": "Kabupaten Kuningan", "tipe": "Kabupaten", "provinsi": "Jawa Barat", "pulau": "Jawa", "parlemen": 32.0, "pendapatan": 31.43, "pengeluaran": 10418.0, "ahh": 76.42, "profesional": 48.37, "tpak": 50.85, "rls": 7.9, "hls": 12.27, "skor_ekonomi": 29.42, "skor_keputusan": 59.9, "skor_kapasitas_sosial": 58.2, "ikpp_komposit": 47.37, "kuadran": "Kuadran II (Ekonomi Rendah, Keputusan Tinggi)", "lisa_cluster_keputusan": "Not Significant", "lisa_cluster_ekonomi": "Not Significant", "pc1": 0.216, "pc2": -1.258, "lat": -6.976, "lon": 108.483}, "geometry": {"type": "Polygon", "coordinates": [[[108.563, -7.1944], [108.5622, -7.1713], [108.6351, -7.1387], [108.6955, -7.1519], [108.726, -7.1152], [108.7667, -7.1135], [108.792, -7.0031], [108.7605, -6.988], [108.7218, -6.99], [108.7077, -6.9376], [108.6531, -6.9037], [108.621, -6.9104], [108.5099, -6.8565], [108.5119, -6.7999], [108.444, -6.7814], [108.398, -6.7951], [108.4077, -6.8925], [108.3857, -6.9527], [108.3857, -7.0735], [108.4392, -7.1176], [108.5052, -7.1314], [108.5259, -7.1811], [108.563, -7.1944]]]}}, {"type": "Feature", "id": 1901, "properties": {"WADMKK": "Bangka", "WADMPR": "Kepulauan Bangka Belitung", "KDPKAB": "19.01", "LUASWH": 14.847117, "kode_wilayah": 1901, "nama_resmi": "Kabupaten Bangka", "tipe": "Kabupaten", "provinsi": "Kepulauan Bangka Belitung", "pulau": "Sumatera", "parlemen": 14.29, "pendapatan": 25.28, "pengeluaran": 13205.0, "ahh": 73.85, "profesional": 52.59, "tpak": 50.26, "rls": 8.45, "hls": 13.12, "skor_ekonomi": 23.19, "skor_keputusan": 46.63, "skor_kapasitas_sosial": 60.28, "ikpp_komposit": 39.98, "kuadran": "Kuadran III (Ekonomi Rendah, Keputusan Rendah)", "lisa_cluster_keputusan": "Not Significant", "lisa_cluster_ekonomi": "Low-Low (Coldspot)", "pc1": 0.735, "pc2": -1.02, "lat": -1.887, "lon": 106.105}, "geometry": {"type": "Polygon", "coordinates": [[[106.0889, -2.1445], [106.0402, -2.1133], [106.0407, -2.0796], [106.0885, -2.0777], [106.1292, -2.0574], [106.1581, -2.0882], [106.1498, -1.9939], [106.1662, -1.9211], [106.1858, -1.8961], [106.1478, -1.8656], [106.0619, -1.7179], [106.0311, -1.6857], [106.0212, -1.6394], [106.0477, -1.6011], [105.9719, -1.5491], [105.9103, -1.532], [105.7457, -1.5313], [105.72, -1.5793], [105.763, -1.6507], [105.7405, -1.6871], [105.7546, -1.7277], [105.7885, -1.7565], [105.745, -1.7833], [105.7575, -1.8209], [105.7425, -1.8826], [105.7056, -1.894], [105.7201, -1.9815], [105.7807, -1.9981], [105.7724, -2.0489], [105.7331, -2.0539], [105.7397, -2.1326], [105.7848, -2.1661], [105.7873, -2.2486], [105.8272, -2.3168], [105.8183, -2.3398], [105.8731, -2.3324], [105.9152, -2.2701], [105.9313, -2.2194], [106.0205, -2.236], [106.0467, -2.1608], [106.0889, -2.1445]]]}}, {"type": "Feature", "id": 1807, "properties": {"WADMKK": "Way Kanan", "WADMPR": "Lampung", "KDPKAB": "18.08", "LUASWH": 18.00025455, "kode_wilayah": 1807, "nama_resmi": "Kabupaten Way Kanan", "tipe": "Kabupaten", "provinsi": "Lampung", "pulau": "Sumatera", "parlemen": 20.0, "pendapatan": 33.11, "pengeluaran": 10439.0, "ahh": 72.18, "profesional": 48.12, "tpak": 57.9, "rls": 7.75, "hls": 12.44, "skor_ekonomi": 35.42, "skor_keputusan": 48.83, "skor_kapasitas_sosial": 52.62, "ikpp_komposit": 44.22, "kuadran": "Kuadran I (Ekonomi Tinggi, Keputusan Tinggi)", "lisa_cluster_keputusan": "Not Significant", "lisa_cluster_ekonomi": "Not Significant", "pc1": -0.752, "pc2": -0.52, "lat": -5.048, "lon": 105.528}, "geometry": {"type": "Polygon", "coordinates": [[[104.5096, -4.9429], [104.554, -4.8435], [104.6221, -4.8224], [104.6447, -4.7809], [104.6236, -4.7388], [104.6339, -4.7056], [104.6137, -4.6714], [104.6439, -4.6344], [104.6937, -4.6042], [104.7016, -4.5532], [104.8391, -4.5044], [104.8889, -4.5234], [104.9263, -4.5154], [104.9856, -4.4461], [105.0169, -4.4656], [105.0701, -4.4364], [105.0501, -4.4037], [104.9805, -4.3851], [104.9983, -4.3072], [104.9856, -4.257], [104.9544, -4.2488], [104.9462, -4.1921], [104.9061, -4.201], [104.8594, -4.2392], [104.7925, -4.2666], [104.7478, -4.2478], [104.7064, -4.2593], [104.6212, -4.2256], [104.5248, -4.2643], [104.4716, -4.312], [104.4499, -4.2984], [104.3475, -4.4002], [104.3218, -4.4583], [104.3408, -4.602], [104.2993, -4.644], [104.3125, -4.7788], [104.3405, -4.8227], [104.3395, -4.8672], [104.412, -4.864], [104.4445, -4.9442], [104.5096, -4.9429]]]}}, {"type": "Feature", "id": 5108, "properties": {"WADMKK": "Buleleng", "WADMPR": "Bali", "KDPKAB": "51.08", "LUASWH": 5.06481175, "kode_wilayah": 5108, "nama_resmi": "Kabupaten Buleleng", "tipe": "Kabupaten", "provinsi": "Bali", "pulau": "Bali & Nusa Tenggara", "parlemen": 11.11, "pendapatan": 39.55, "pengeluaran": 14377.0, "ahh": 74.99, "profesional": 41.96, "tpak": 74.78, "rls": 7.69, "hls": 13.3, "skor_ekonomi": 52.07, "skor_keputusan": 36.62, "skor_kapasitas_sosial": 61.53, "ikpp_komposit": 47.78, "kuadran": "Kuadran IV (Ekonomi Tinggi, Keputusan Rendah)", "lisa_cluster_keputusan": "Not Significant", "lisa_cluster_ekonomi": "High-High (Hotspot)", "pc1": -0.45, "pc2": 1.798, "lat": -8.125, "lon": 115.093}, "geometry": {"type": "Polygon", "coordinates": [[[114.9331, -8.3807], [114.9618, -8.3145], [114.9834, -8.2966], [115.069, -8.3154], [115.1255, -8.3084], [115.1388, -8.2708], [115.1839, -8.2453], [115.2323, -8.2399], [115.2451, -8.1765], [115.3005, -8.1725], [115.3199, -8.1541], [115.4344, -8.1806], [115.4572, -8.1666], [115.3396, -8.112], [115.1591, -8.0641], [115.1151, -8.0835], [115.049, -8.1432], [114.9829, -8.181], [114.8623, -8.1965], [114.5805, -8.121], [114.5305, -8.1518], [114.494, -8.0962], [114.4388, -8.0947], [114.4334, -8.1211], [114.4589, -8.1721], [114.4577, -8.1936], [114.5204, -8.2041], [114.6032, -8.1777], [114.6322, -8.2142], [114.6831, -8.2317], [114.7015, -8.2011], [114.7488, -8.222], [114.7659, -8.2539], [114.806, -8.2507], [114.8244, -8.3336], [114.8719, -8.3383], [114.9331, -8.3807]]]}}, {"type": "Feature", "id": 3374, "properties": {"WADMKK": "Kota Semarang", "WADMPR": "Jawa Tengah", "KDPKAB": "33.74", "LUASWH": 5.40584362, "kode_wilayah": 3374, "nama_resmi": "Kota Semarang", "tipe": "Kota", "provinsi": "Jawa Tengah", "pulau": "Jawa", "parlemen": 24.0, "pendapatan": 37.68, "pengeluaran": 16990.0, "ahh": 80.22, "profesional": 50.42, "tpak": 60.24, "rls": 11.05, "hls": 15.57, "skor_ekonomi": 41.23, "skor_keputusan": 54.0, "skor_kapasitas_sosial": 82.63, "ikpp_komposit": 54.62, "kuadran": "Kuadran I (Ekonomi Tinggi, Keputusan Tinggi)", "lisa_cluster_keputusan": "Not Significant", "lisa_cluster_ekonomi": "Not Significant", "pc1": 3.349, "pc2": 1.648, "lat": -6.982, "lon": 110.412}, "geometry": {"type": "Polygon", "coordinates": [[[110.353, -7.1041], [110.386, -7.1151], [110.4772, -7.0875], [110.5019, -7.0095], [110.4871, -6.9464], [110.3686, -6.9473], [110.3222, -6.9668], [110.2949, -6.9467], [110.2718, -7.0413], [110.3033, -7.0973], [110.353, -7.1041]]]}}, {"type": "Feature", "id": 8172, "properties": {"WADMKK": "Kota Tual", "WADMPR": "Maluku", "KDPKAB": "81.72", "LUASWH": 3.90654348, "kode_wilayah": 8172, "nama_resmi": "Kota Tual", "tipe": "Kota", "provinsi": "Maluku", "pulau": "Maluku", "parlemen": 10.0, "pendapatan": 27.01, "pengeluaran": 8210.0, "ahh": 68.72, "profesional": 49.2, "tpak": 63.33, "rls": 8.42, "hls": 13.04, "skor_ekonomi": 32.98, "skor_keputusan": 40.46, "skor_kapasitas_sosial": 48.55, "ikpp_komposit": 39.09, "kuadran": "Kuadran III (Ekonomi Rendah, Keputusan Rendah)", "lisa_cluster_keputusan": "Not Significant", "lisa_cluster_ekonomi": "Not Significant", "pc1": -1.324, "pc2": -0.512, "lat": -5.635, "lon": 132.752}, "geometry": {"type": "MultiPolygon", "coordinates": [[[[132.7964, -5.6519], [132.7932, -5.5645], [132.7517, -5.5775], [132.7446, -5.6527], [132.7701, -5.6894], [132.7964, -5.6519]]], [[[132.3214, -5.5228], [132.3236, -5.5797], [132.3619, -5.5634], [132.3214, -5.5228]]], [[[131.988, -5.3742], [132.0242, -5.3257], [131.9889, -5.3113], [131.988, -5.3742]]]]}}, {"type": "Feature", "id": 3375, "properties": {"WADMKK": "Kota Pekalongan", "WADMPR": "Jawa Tengah", "KDPKAB": "33.75", "LUASWH": 1.69543846, "kode_wilayah": 3375, "nama_resmi": "Kota Pekalongan", "tipe": "Kota", "provinsi": "Jawa Tengah", "pulau": "Jawa", "parlemen": 14.29, "pendapatan": 28.31, "pengeluaran": 14547.0, "ahh": 76.93, "profesional": 50.04, "tpak": 66.48, "rls": 9.34, "hls": 12.89, "skor_ekonomi": 36.18, "skor_keputusan": 44.92, "skor_kapasitas_sosial": 67.18, "ikpp_komposit": 45.88, "kuadran": "Kuadran IV (Ekonomi Tinggi, Keputusan Rendah)", "lisa_cluster_keputusan": "Not Significant", "lisa_cluster_ekonomi": "Not Significant", "pc1": 0.906, "pc2": 0.384, "lat": -6.897, "lon": 109.662}, "geometry": {"type": "Polygon", "coordinates": [[[109.6758, -6.9338], [109.697, -6.9262], [109.7109, -6.867], [109.6631, -6.8506], [109.6522, -6.9246], [109.6758, -6.9338]]]}}, {"type": "Feature", "id": 9409, "properties": {"WADMKK": "Biak Numfor", "WADMPR": "Papua", "KDPKAB": "91.06", "LUASWH": 97.97612327, "kode_wilayah": 9409, "nama_resmi": "Kabupaten Biak Numfor", "tipe": "Kabupaten", "provinsi": "Papua", "pulau": "Papua", "parlemen": 16.0, "pendapatan": 30.35, "pengeluaran": 13070.27217105283, "ahh": 76.92196432749722, "profesional": 44.88, "tpak": 55.94685692180483, "rls": 8.9538271474314, "hls": 13.381988081302527, "skor_ekonomi": 31.57, "skor_keputusan": 43.02, "skor_kapasitas_sosial": 65.81, "ikpp_komposit": 43.0, "kuadran": "Kuadran III (Ekonomi Rendah, Keputusan Rendah)", "lisa_cluster_keputusan": "Low-Low (Coldspot)", "lisa_cluster_ekonomi": "Not Significant", "pc1": 0.89, "pc2": 0.038, "lat": -1.038, "lon": 135.98}, "geometry": {"type": "MultiPolygon", "coordinates": [[[[135.7405, -0.8028], [135.7667, -0.8641], [135.7946, -0.9852], [135.8264, -1.0336], [135.8021, -1.0984], [135.8578, -1.1666], [135.9058, -1.178], [135.944, -1.1461], [136.0354, -1.1472], [136.0647, -1.1814], [136.1346, -1.1997], [136.2406, -1.171], [136.3147, -1.1404], [136.3854, -1.0825], [136.3319, -1.0759], [136.2544, -1.0178], [136.1897, -1.0449], [136.1036, -0.9663], [136.0513, -0.8586], [135.936, -0.7862], [135.8673, -0.7086], [135.8114, -0.6853], [135.7805, -0.7227], [135.7405, -0.8028]]], [[[134.8971, -1.1389], [134.9506, -1.1279], [134.9822, -1.0703], [134.9623, -1.047], [134.9413, -0.9663], [134.8825, -0.9345], [134.8411, -0.934], [134.7952, -0.9839], [134.7944, -1.0322], [134.8353, -1.1029], [134.8971, -1.1389]]]]}}, {"type": "Feature", "id": 7315, "properties": {"WADMKK": "Pinrang", "WADMPR": "Sulawesi Selatan", "KDPKAB": "73.15", "LUASWH": 7.84512209, "kode_wilayah": 7315, "nama_resmi": "Kabupaten Pinrang", "tipe": "Kabupaten", "provinsi": "Sulawesi Selatan", "pulau": "Sulawesi", "parlemen": 10.0, "pendapatan": 35.14, "pengeluaran": 13867.0, "ahh": 73.46, "profesional": 59.79, "tpak": 53.55, "rls": 8.94, "hls": 13.18, "skor_ekonomi": 34.64, "skor_keputusan": 47.54, "skor_kapasitas_sosial": 61.61, "ikpp_komposit": 45.19, "kuadran": "Kuadran IV (Ekonomi Tinggi, Keputusan Rendah)", "lisa_cluster_keputusan": "Not Significant", "lisa_cluster_ekonomi": "Not Significant", "pc1": 0.729, "pc2": 0.184, "lat": -3.809, "lon": 119.65}, "geometry": {"type": "Polygon", "coordinates": [[[119.474, -3.5018], [119.5134, -3.5598], [119.5109, -3.5952], [119.4588, -3.6438], [119.4526, -3.7134], [119.4814, -3.751], [119.5383, -3.902], [119.6083, -3.9823], [119.6347, -3.9825], [119.6639, -3.9606], [119.717, -3.9082], [119.778, -3.7378], [119.8027, -3.7333], [119.7637, -3.7181], [119.765, -3.6864], [119.6926, -3.5007], [119.6969, -3.3867], [119.6672, -3.3681], [119.6156, -3.2868], [119.558, -3.2696], [119.4817, -3.2916], [119.4377, -3.2856], [119.4314, -3.3391], [119.4656, -3.3773], [119.4691, -3.4333], [119.4919, -3.4741], [119.474, -3.5018]]]}}, {"type": "Feature", "id": 1504, "properties": {"WADMKK": "Batanghari", "WADMPR": "Jambi", "KDPKAB": "15.04", "LUASWH": 82.24972835, "kode_wilayah": 1504, "nama_resmi": "Kabupaten Batang Hari", "tipe": "Kabupaten", "provinsi": "Jambi", "pulau": "Sumatera", "parlemen": 20.0, "pendapatan": 35.48, "pengeluaran": 10872.0, "ahh": 73.59, "profesional": 52.36, "tpak": 40.47, "rls": 8.35, "hls": 12.97, "skor_ekonomi": 26.83, "skor_keputusan": 51.66, "skor_kapasitas_sosial": 57.21, "ikpp_komposit": 42.84, "kuadran": "Kuadran II (Ekonomi Rendah, Keputusan Tinggi)", "lisa_cluster_keputusan": "Not Significant", "lisa_cluster_ekonomi": "Low-Low (Coldspot)", "pc1": 0.404, "pc2": -0.949, "lat": -1.694, "lon": 103.273}, "geometry": {"type": "Polygon", "coordinates": [[[103.4584, -2.181], [103.447, -2.1741], [103.4465, -2.0623], [103.3694, -2.0508], [103.3695, -2.0019], [103.3328, -2.0017], [103.3143, -1.9654], [103.3146, -1.8685], [103.3955, -1.8687], [103.3998, -1.8262], [103.43, -1.8101], [103.396, -1.7576], [103.4185, -1.6855], [103.4206, -1.6055], [103.4496, -1.5988], [103.4664, -1.5331], [103.452, -1.4675], [103.3844, -1.4838], [103.3669, -1.451], [103.3053, -1.4098], [103.3136, -1.382], [103.2626, -1.3662], [103.2627, -1.3744], [103.2206, -1.3745], [103.1208, -1.3983], [103.0605, -1.3872], [103.0406, -1.4416], [102.9608, -1.4213], [102.9183, -1.3818], [102.8656, -1.3715], [102.8086, -1.4231], [102.8225, -1.4697], [102.7939, -1.5318], [102.8046, -1.5796], [102.7843, -1.6385], [102.6678, -1.7569], [102.6643, -1.8134], [102.5903, -1.882], [102.5657, -1.887], [102.497, -1.8521], [102.4771, -1.8914], [102.5477, -1.9179], [102.6156, -1.9054], [102.6964, -1.9503], [102.7902, -1.9383], [102.8008, -1.9906], [102.9419, -1.9729], [102.9794, -1.9435], [103.0796, -1.9536], [103.0942, -1.9657], [103.1808, -1.9759], [103.2059, -2.0139], [103.2305, -2.1358], [103.2776, -2.1479], [103.3011, -2.2218], [103.3774, -2.288], [103.4058, -2.3351], [103.4384, -2.3424], [103.4631, -2.2655], [103.4584, -2.181]]]}}, {"type": "Feature", "id": 3517, "properties": {"WADMKK": "Jombang", "WADMPR": "Jawa Timur", "KDPKAB": "35.17", "LUASWH": 2.64210343, "kode_wilayah": 3517, "nama_resmi": "Kabupaten Jombang", "tipe": "Kabupaten", "provinsi": "Jawa Timur", "pulau": "Jawa", "parlemen": 20.0, "pendapatan": 28.66, "pengeluaran": 12454.0, "ahh": 75.67, "profesional": 51.69, "tpak": 58.2, "rls": 8.78, "hls": 13.61, "skor_ekonomi": 31.36, "skor_keputusan": 51.21, "skor_kapasitas_sosial": 63.61, "ikpp_komposit": 45.75, "kuadran": "Kuadran II (Ekonomi Rendah, Keputusan Tinggi)", "lisa_cluster_keputusan": "Not Significant", "lisa_cluster_ekonomi": "Not Significant", "pc1": 0.876, "pc2": -0.298, "lat": -7.556, "lon": 112.235}, "geometry": {"type": "Polygon", "coordinates": [[[112.4173, -7.7645], [112.4556, -7.7792], [112.4295, -7.6987], [112.3904, -7.6507], [112.3685, -7.5561], [112.3813, -7.4589], [112.3327, -7.4531], [112.3484, -7.3999], [112.3458, -7.3451], [112.25, -7.3632], [112.2113, -7.3486], [112.0815, -7.3826], [112.0693, -7.397], [112.0626, -7.4173], [112.1, -7.4629], [112.1569, -7.4656], [112.1689, -7.4907], [112.1113, -7.5667], [112.1105, -7.5931], [112.1654, -7.613], [112.2572, -7.728], [112.3104, -7.7308], [112.3964, -7.7757], [112.4173, -7.7645]]]}}, {"type": "Feature", "id": 1101, "properties": {"WADMKK": "Simeulue", "WADMPR": "Aceh", "KDPKAB": "11.09", "LUASWH": 6.00215501, "kode_wilayah": 1101, "nama_resmi": "Kabupaten Simeulue", "tipe": "Kabupaten", "provinsi": "Aceh", "pulau": "Sumatera", "parlemen": 16.67, "pendapatan": 24.42, "pengeluaran": 8106.0, "ahh": 67.71, "profesional": 47.46, "tpak": 58.02, "rls": 9.89, "hls": 14.53, "skor_ekonomi": 27.2, "skor_keputusan": 45.36, "skor_kapasitas_sosial": 53.17, "ikpp_komposit": 39.66, "kuadran": "Kuadran III (Ekonomi Rendah, Keputusan Rendah)", "lisa_cluster_keputusan": "Not Significant", "lisa_cluster_ekonomi": "Not Significant", "pc1": -0.16, "pc2": -0.768, "lat": 3.255, "lon": 97.174}, "geometry": {"type": "MultiPolygon", "coordinates": [[[[96.6508, 2.1243], [96.6113, 2.104], [96.6494, 2.0578], [96.6887, 2.0908], [96.6508, 2.1243]]], [[[96.444, 2.3318], [96.498, 2.3627], [96.4868, 2.4158], [96.4534, 2.476], [96.4017, 2.491], [96.3848, 2.4649], [96.346, 2.546], [96.2705, 2.5737], [96.1879, 2.6511], [96.1674, 2.6366], [96.0993, 2.6487], [96.1138, 2.715], [96.0919, 2.7486], [96.0265, 2.7566], [95.9756, 2.8115], [95.9042, 2.824], [95.8705, 2.8465], [95.9047, 2.8948], [95.8723, 2.9132], [95.7681, 2.8972], [95.7675, 2.8262], [95.7349, 2.8318], [95.6921, 2.774], [95.7262, 2.7605], [95.7551, 2.7004], [95.8179, 2.6477], [95.8631, 2.638], [95.9422, 2.572], [95.9743, 2.5887], [96.0802, 2.5667], [96.1262, 2.5229], [96.1607, 2.5121], [96.2281, 2.4421], [96.3178, 2.4155], [96.3197, 2.3619], [96.3446, 2.3414], [96.3869, 2.3492], [96.444, 2.3318]]]]}}]}