{"type": "FeatureCollection", "name": "provinsi_indonesia", "crs": {"type": "name", "properties": {"name": "urn:ogc:def:crs:OGC:1.3:CRS84"}}, "features": [{"type": "Feature", "properties": {"provinsi": "Aceh", "pulau": "Sumatera", "nama_resmi": "Provinsi Aceh", "tipe": "Provinsi", "parlemen": 8.97, "pendapatan": 34.56, "pengeluaran": 10811.0, "ahh": 72.45, "profesional": 55.82, "tpak": 49.62, "rls": 9.64, "hls": 14.39, "skor_ekonomi": 29.55, "skor_keputusan": 45.7, "skor_kapasitas_sosial": 59.94, "ikpp_komposit": 42.09, "kuadran": "Kuadran III (Ekonomi Rendah, Keputusan Rendah)"}, "geometry": {"type": "MultiPolygon", "coordinates": [[[[96.6508, 2.1243], [96.6887, 2.0908], [96.6494, 2.0578], [96.6113, 2.104], [96.6508, 2.1243]]], [[[96.2281, 2.4421], [96.1607, 2.5121], [96.1262, 2.5229], [96.0802, 2.5667], [95.9743, 2.5887], [95.9422, 2.572], [95.8631, 2.638], [95.8179, 2.6477], [95.7551, 2.7004], [95.7262, 2.7605], [95.6921, 2.774], [95.7349, 2.8318], [95.7675, 2.8262], [95.7681, 2.8972], [95.8723, 2.9132], [95.9047, 2.8948], [95.8705, 2.8465], [95.9042, 2.824], [95.9756, 2.8115], [96.0265, 2.7566], [96.0919, 2.7486], [96.1138, 2.715], [96.0993, 2.6487], [96.1674, 2.6366], [96.1879, 2.6511], [96.2705, 2.5737], [96.346, 2.546], [96.3848, 2.4649], [96.4017, 2.491], [96.4534, 2.476], [96.4868, 2.4158], [96.498, 2.3627], [96.444, 2.3318], [96.3869, 2.3492], [96.3446, 2.3414], [96.3197, 2.3619], [96.3178, 2.4155], [96.2281, 2.4421]]], [[[96.9032, 3.6022], [96.8796, 3.6773], [96.8519, 3.7021], [96.7758, 3.7384], [96.6729, 3.7464], [96.62, 3.737], [96.5343, 3.7314], [96.448, 3.7906], [96.3742, 3.8666], [96.2972, 3.9807], [96.1897, 4.1069], [96.122, 4.1406], [96.0613, 4.2028], [96.0214, 4.2091], [95.8763, 4.3698], [95.7544, 4.4931], [95.5816, 4.6401], [95.5404, 4.6565], [95.4927, 4.751], [95.4319, 4.8082], [95.4014, 4.8927], [95.3715, 4.9387], [95.3814, 4.9627], [95.3673, 5.0326], [95.3327, 5.0511], [95.3031, 5.1122], [95.3071, 5.168], [95.2689, 5.1992], [95.2331, 5.2845], [95.2531, 5.3822], [95.2435, 5.4597], [95.1935, 5.527], [95.2143, 5.5641], [95.273, 5.5494], [95.3498, 5.6069], [95.3765, 5.6113], [95.4323, 5.6566], [95.4645, 5.6448], [95.496, 5.6048], [95.6107, 5.6278], [95.6876, 5.5841], [95.7447, 5.5694], [95.8884, 5.5023], [95.8904, 5.4633], [95.9156, 5.4273], [96.1052, 5.2843], [96.1904, 5.2595], [96.2607, 5.2642], [96.3433, 5.2265], [96.393, 5.2097], [96.4626, 5.2365], [96.489, 5.2068], [96.532, 5.1984], [96.6236, 5.2109], [96.72, 5.2453], [96.8274, 5.2748], [96.9075, 5.2511], [96.9762, 5.2626], [97.0459, 5.2418], [97.1419, 5.1999], [97.1763, 5.1421], [97.2027, 5.1426], [97.4836, 5.2431], [97.5502, 5.2152], [97.5905, 5.1443], [97.6533, 5.1132], [97.6479, 5.0744], [97.8106, 4.9314], [97.8681, 4.8926], [97.9037, 4.891], [97.9597, 4.7439], [97.962, 4.6719], [97.9964, 4.6374], [97.998, 4.5893], [97.9747, 4.5566], [97.9858, 4.534], [98.0696, 4.5472], [98.0762, 4.5127], [98.1233, 4.5218], [98.2342, 4.4636], [98.2767, 4.3895], [98.2818, 4.3495], [98.253, 4.2899], [98.2095, 4.299], [98.1547, 4.2891], [98.1438, 4.2598], [98.072, 4.2504], [98.0916, 4.1941], [98.0625, 4.1859], [98.0402, 4.0412], [98.0957, 3.9841], [98.0827, 3.9539], [98.0203, 3.9558], [98.0065, 3.9017], [97.953, 3.8899], [97.9005, 3.9106], [97.9219, 3.8459], [97.8964, 3.8084], [97.8249, 3.7506], [97.8005, 3.7226], [97.8528, 3.6293], [97.8681, 3.5711], [97.9066, 3.5552], [97.9302, 3.4925], [97.9487, 3.39], [97.9972, 3.3727], [98.0293, 3.3308], [97.969, 3.2737], [97.9112, 3.2518], [97.9421, 3.1648], [97.9822, 3.1161], [97.9838, 3.0861], [97.9301, 3.0548], [97.9362, 2.9895], [97.9549, 2.9828], [97.9493, 2.8948], [97.993, 2.8818], [98.0501, 2.8218], [98.0984, 2.8228], [98.1167, 2.7851], [98.0694, 2.7642], [98.104, 2.6819], [98.1077, 2.6044], [98.0766, 2.5748], [98.0978, 2.4798], [98.147, 2.424], [98.1971, 2.3115], [98.184, 2.2628], [98.1273, 2.1695], [98.109, 2.1882], [97.9522, 2.2698], [97.9134, 2.2717], [97.87, 2.2457], [97.8001, 2.2706], [97.786, 2.2314], [97.7356, 2.3132], [97.665, 2.3949], [97.6514, 2.6626], [97.6146, 2.8334], [97.5918, 2.8807], [97.5405, 2.8842], [97.4853, 2.9212], [97.4185, 2.9399], [97.316, 3.0551], [97.2776, 3.1812], [97.2546, 3.2252], [97.192, 3.2608], [97.1694, 3.2576], [97.0732, 3.416], [97.0027, 3.5461], [96.9425, 3.5739], [96.9032, 3.6022]]], [[[95.0522, 5.7209], [95.1087, 5.7089], [95.1102, 5.6672], [95.0719, 5.6664], [95.0522, 5.7209]]], [[[95.3245, 5.9014], [95.3723, 5.8483], [95.3255, 5.7727], [95.2863, 5.7801], [95.2602, 5.8223], [95.3042, 5.8407], [95.3245, 5.9014]]], [[[97.1136, 2.1146], [97.151, 2.0913], [97.1529, 2.056], [97.0983, 2.032], [97.0765, 2.0768], [97.1136, 2.1146]]], [[[97.3407, 2.1544], [97.356, 2.1031], [97.3412, 2.0554], [97.3069, 2.0633], [97.2603, 2.1362], [97.1738, 2.1787], [97.1708, 2.2346], [97.22, 2.2045], [97.2358, 2.2354], [97.3012, 2.2141], [97.3042, 2.1824], [97.3407, 2.1544]]]]}}, {"type": "Feature", "properties": {"provinsi": "Bali", "pulau": "Bali & Nusa Tenggara", "nama_resmi": "Provinsi Bali", "tipe": "Provinsi", "parlemen": 18.18, "pendapatan": 38.83, "pengeluaran": 14920.0, "ahh": 75.49, "profesional": 47.6, "tpak": 70.49, "rls": 9.54, "hls": 13.62, "skor_ekonomi": 50.71, "skor_keputusan": 42.61, "skor_kapasitas_sosial": 66.21, "ikpp_komposit": 50.57, "kuadran": "Kuadran IV (Ekonomi Tinggi, Keputusan Rendah)"}, "geometry": {"type": "MultiPolygon", "coordinates": [[[[115.4479, -8.7218], [115.4899, -8.674], [115.5632, -8.6722], [115.6286, -8.77], [115.5989, -8.8084], [115.5308, -8.7994], [115.4853, -8.769], [115.4479, -8.7218]]], [[[115.1888, -8.739], [115.1937, -8.7759], [115.2374, -8.8021], [115.2176, -8.8331], [115.1707, -8.8489], [115.1122, -8.8458], [115.1148, -8.8044], [115.1678, -8.7576], [115.1693, -8.722], [115.1379, -8.6655], [115.0992, -8.6373], [115.0559, -8.5789], [114.9156, -8.4671], [114.8271, -8.4351], [114.7974, -8.412], [114.7322, -8.3961], [114.623, -8.4076], [114.5873, -8.4012], [114.4482, -8.2191], [114.4589, -8.1721], [114.4334, -8.1211], [114.4388, -8.0947], [114.494, -8.0962], [114.5305, -8.1518], [114.5805, -8.121], [114.8623, -8.1965], [114.9829, -8.181], [115.049, -8.1432], [115.1151, -8.0835], [115.1591, -8.0641], [115.3396, -8.112], [115.4572, -8.1666], [115.5575, -8.231], [115.6301, -8.3248], [115.6978, -8.3583], [115.7109, -8.4], [115.6798, -8.4389], [115.6336, -8.463], [115.58, -8.5144], [115.5302, -8.5009], [115.5092, -8.5404], [115.4792, -8.5507], [115.4477, -8.5706], [115.3711, -8.5749], [115.2749, -8.6504], [115.2636, -8.7068], [115.1888, -8.739]]]]}}, {"type": "Feature", "properties": {"provinsi": "Banten", "pulau": "Jawa", "nama_resmi": "Provinsi Banten", "tipe": "Provinsi", "parlemen": 14.0, "pendapatan": 32.34, "pengeluaran": 13097.0, "ahh": 73.04, "profesional": 45.7, "tpak": 48.9, "rls": 9.23, "hls": 13.1, "skor_ekonomi": 25.41, "skor_keputusan": 43.76, "skor_kapasitas_sosial": 58.69, "ikpp_komposit": 39.4, "kuadran": "Kuadran III (Ekonomi Rendah, Keputusan Rendah)"}, "geometry": {"type": "MultiPolygon", "coordinates": [[[[106.451, -6.4136], [106.4036, -6.4537], [106.4038, -6.5167], [106.43, -6.58], [106.4291, -6.6802], [106.4668, -6.751], [106.5247, -6.7624], [106.4979, -6.791], [106.4356, -6.8242], [106.4312, -6.8617], [106.393, -6.9004], [106.3971, -6.9785], [106.3785, -6.9952], [106.2463, -6.9608], [106.2376, -6.931], [106.0962, -6.8764], [106.06, -6.8333], [105.9928, -6.8143], [105.9072, -6.8192], [105.8834, -6.8368], [105.7726, -6.8479], [105.709, -6.8364], [105.6246, -6.8429], [105.5384, -6.8742], [105.4756, -6.8633], [105.4413, -6.8368], [105.3615, -6.8103], [105.2952, -6.8049], [105.2674, -6.8441], [105.2401, -6.831], [105.2304, -6.756], [105.2594, -6.7625], [105.3206, -6.7085], [105.34, -6.6613], [105.3753, -6.6545], [105.4351, -6.7754], [105.4681, -6.828], [105.496, -6.7981], [105.5067, -6.7304], [105.5553, -6.6966], [105.6182, -6.6165], [105.6164, -6.5587], [105.6501, -6.4812], [105.6866, -6.5217], [105.7721, -6.5165], [105.8099, -6.4688], [105.8253, -6.4257], [105.8193, -6.3696], [105.8413, -6.3003], [105.8269, -6.2478], [105.832, -6.2121], [105.8811, -6.0767], [105.9245, -6.0484], [105.996, -5.9747], [106.0013, -5.9195], [106.0411, -5.8761], [106.0828, -5.8912], [106.1139, -5.9301], [106.1108, -5.9954], [106.1483, -6.0203], [106.2164, -6.0162], [106.2442, -5.967], [106.3504, -5.9642], [106.3875, -5.9765], [106.4118, -6.0242], [106.4859, -6.0478], [106.5494, -6.0234], [106.5877, -6.0323], [106.6486, -6.0052], [106.7126, -6.0406], [106.725, -6.0896], [106.7105, -6.0964], [106.688, -6.0971], [106.6868, -6.1724], [106.7241, -6.1918], [106.7374, -6.2239], [106.7482, -6.2501], [106.7573, -6.2776], [106.7576, -6.2777], [106.7799, -6.3165], [106.7693, -6.3615], [106.7209, -6.3622], [106.651, -6.3622], [106.604, -6.3619], [106.5733, -6.3385], [106.4829, -6.3494], [106.4679, -6.3036], [106.4267, -6.3479], [106.451, -6.4136]]], [[[105.1951, -6.6203], [105.1624, -6.5738], [105.2617, -6.5213], [105.2609, -6.5975], [105.2431, -6.6358], [105.1951, -6.6203]]]]}}, {"type": "Feature", "properties": {"provinsi": "Bengkulu", "pulau": "Sumatera", "nama_resmi": "Provinsi Bengkulu", "tipe": "Provinsi", "parlemen": 22.22, "pendapatan": 35.03, "pengeluaran": 11733.0, "ahh": 72.15, "profesional": 55.92, "tpak": 57.74, "rls": 9.04, "hls": 13.75, "skor_ekonomi": 37.9, "skor_keputusan": 48.02, "skor_kapasitas_sosial": 55.57, "ikpp_komposit": 45.48, "kuadran": "Kuadran I (Ekonomi Tinggi, Keputusan Tinggi)"}, "geometry": {"type": "MultiPolygon", "coordinates": [[[[102.252, -5.4819], [102.2032, -5.4168], [102.1014, -5.3621], [102.0864, -5.3404], [102.1353, -5.2954], [102.1632, -5.2897], [102.25, -5.3254], [102.2851, -5.3569], [102.3268, -5.3618], [102.3884, -5.4002], [102.3592, -5.5057], [102.2808, -5.4768], [102.252, -5.4819]]], [[[102.289, -3.8387], [102.2497, -3.7963], [102.2576, -3.7557], [102.2339, -3.7178], [102.2373, -3.6838], [102.1997, -3.6474], [102.0946, -3.5629], [101.9299, -3.4792], [101.8964, -3.4277], [101.7961, -3.3712], [101.6223, -3.2448], [101.5319, -3.1286], [101.4882, -3.0518], [101.4805, -3.0121], [101.4132, -2.9404], [101.3202, -2.7356], [101.2824, -2.7048], [101.1423, -2.6285], [101.0224, -2.4784], [101.1596, -2.3827], [101.2385, -2.3389], [101.2929, -2.2887], [101.557, -2.4519], [101.5401, -2.5499], [101.6097, -2.5499], [101.6773, -2.533], [101.7731, -2.6491], [101.8458, -2.7034], [101.8602, -2.7306], [101.9191, -2.7356], [101.9969, -2.7241], [102.0639, -2.7685], [102.0728, -2.7941], [102.1294, -2.8348], [102.1313, -2.8748], [102.2241, -2.9307], [102.2429, -3.0195], [102.3176, -3.0699], [102.3868, -3.0436], [102.4423, -3.0586], [102.4865, -3.1099], [102.4867, -3.256], [102.4943, -3.2684], [102.5704, -3.2795], [102.6184, -3.3294], [102.7398, -3.3051], [102.7582, -3.2899], [102.798, -3.3317], [102.8896, -3.352], [102.9124, -3.3777], [102.967, -3.3623], [102.9985, -3.4129], [103.0051, -3.4666], [102.9947, -3.5248], [102.9071, -3.6165], [102.8476, -3.5369], [102.8102, -3.5299], [102.7972, -3.5712], [102.8078, -3.6128], [102.7706, -3.7082], [102.7343, -3.7463], [102.6573, -3.772], [102.6203, -3.8022], [102.6609, -3.8184], [102.7486, -3.9011], [102.7917, -3.9559], [102.8849, -3.9894], [102.9119, -3.9696], [102.9611, -4.0197], [102.9979, -4.0192], [102.9186, -4.0931], [102.9738, -4.1271], [103.0027, -4.1605], [103.0595, -4.1948], [103.0676, -4.2569], [103.1778, -4.2407], [103.2241, -4.2407], [103.2889, -4.262], [103.3161, -4.2672], [103.3715, -4.3159], [103.4098, -4.3138], [103.4675, -4.3549], [103.4465, -4.3744], [103.4066, -4.5008], [103.4834, -4.5766], [103.5293, -4.5707], [103.5931, -4.5229], [103.6295, -4.55], [103.6243, -4.5942], [103.6668, -4.6155], [103.7077, -4.696], [103.6773, -4.7176], [103.7706, -4.7484], [103.7905, -4.779], [103.7311, -4.7993], [103.6693, -4.8493], [103.596, -4.9224], [103.5621, -4.9239], [103.499, -4.8749], [103.4095, -4.8617], [103.4038, -4.8184], [103.3564, -4.7969], [103.3279, -4.8082], [103.2844, -4.7105], [103.1541, -4.6019], [103.0703, -4.5589], [102.9818, -4.5118], [102.9045, -4.4908], [102.8836, -4.4406], [102.7965, -4.3539], [102.5428, -4.1613], [102.3006, -3.9821], [102.2834, -3.924], [102.3077, -3.8947], [102.289, -3.8387]]]]}}, {"type": "Feature", "properties": {"provinsi": "DI Yogyakarta", "pulau": "Jawa", "nama_resmi": "Provinsi DI Yogyakarta", "tipe": "Provinsi", "parlemen": 16.36, "pendapatan": 42.28, "pengeluaran": 15361.0, "ahh": 77.4, "profesional": 52.49, "tpak": 66.59, "rls": 9.92, "hls": 15.7, "skor_ekonomi": 47.36, "skor_keputusan": 51.42, "skor_kapasitas_sosial": 74.33, "ikpp_komposit": 54.38, "kuadran": "Kuadran I (Ekonomi Tinggi, Keputusan Tinggi)"}, "geometry": {"type": "Polygon", "coordinates": [[[110.7148, -7.7913], [110.7856, -7.8167], [110.7556, -8.0244], [110.7895, -8.1162], [110.7856, -8.1507], [110.8287, -8.1677], [110.8349, -8.2031], [110.7934, -8.1935], [110.7189, -8.1994], [110.6039, -8.1452], [110.4672, -8.1102], [110.3755, -8.0715], [110.339, -8.0281], [110.2115, -7.9855], [110.1431, -7.9468], [110.0035, -7.8883], [110.0416, -7.8844], [110.0637, -7.8121], [110.1312, -7.7394], [110.1414, -7.6448], [110.2638, -7.6463], [110.2699, -7.706], [110.3036, -7.6554], [110.3913, -7.5945], [110.4452, -7.5412], [110.4918, -7.7422], [110.5436, -7.7926], [110.7148, -7.7913]]]}}, {"type": "Feature", "properties": {"provinsi": "DKI Jakarta", "pulau": "Jawa", "nama_resmi": "Provinsi DKI Jakarta", "tipe": "Provinsi", "parlemen": 25.47, "pendapatan": 38.17, "pengeluaran": 19953.0, "ahh": 76.28, "profesional": 48.04, "tpak": 50.24, "rls": 11.49, "hls": 13.51, "skor_ekonomi": 33.34, "skor_keputusan": 54.44, "skor_kapasitas_sosial": 75.71, "ikpp_komposit": 50.25, "kuadran": "Kuadran II (Ekonomi Rendah, Keputusan Tinggi)"}, "geometry": {"type": "Polygon", "coordinates": [[[106.7576, -6.2777], [106.7573, -6.2776], [106.7482, -6.2501], [106.7374, -6.2239], [106.7241, -6.1918], [106.6868, -6.1724], [106.688, -6.0971], [106.7105, -6.0964], [106.725, -6.0896], [106.8295, -6.1213], [106.8791, -6.095], [106.97, -6.0907], [106.9715, -6.1543], [106.973, -6.175], [106.944, -6.2524], [106.9054, -6.2602], [106.9228, -6.3143], [106.9143, -6.3655], [106.8847, -6.3725], [106.84, -6.3359], [106.7799, -6.3165], [106.7576, -6.2777]]]}}, {"type": "Feature", "properties": {"provinsi": "Gorontalo", "pulau": "Sulawesi", "nama_resmi": "Provinsi Gorontalo", "tipe": "Provinsi", "parlemen": 24.44, "pendapatan": 27.36, "pengeluaran": 10476.0, "ahh": 68.97, "profesional": 58.43, "tpak": 56.14, "rls": 7.4, "hls": 12.5, "skor_ekonomi": 32.39, "skor_keputusan": 56.56, "skor_kapasitas_sosial": 53.62, "ikpp_komposit": 46.3, "kuadran": "Kuadran II (Ekonomi Rendah, Keputusan Tinggi)"}, "geometry": {"type": "Polygon", "coordinates": [[[123.2736, 0.6982], [123.3224, 0.6985], [123.3831, 0.6401], [123.4862, 0.6265], [123.4875, 0.6016], [123.5332, 0.577], [123.5477, 0.5225], [123.5228, 0.4901], [123.5482, 0.4423], [123.4979, 0.3821], [123.4736, 0.3203], [123.3583, 0.3136], [123.2676, 0.3223], [123.2285, 0.3484], [123.1965, 0.3917], [123.1621, 0.3994], [123.1218, 0.456], [123.0868, 0.4797], [123.0406, 0.496], [122.8888, 0.4859], [122.828, 0.4958], [122.701, 0.4814], [122.6502, 0.515], [122.6535, 0.486], [122.529, 0.506], [122.4182, 0.5026], [122.3974, 0.5196], [122.269, 0.4741], [122.2334, 0.4862], [122.1683, 0.4697], [122.1209, 0.4947], [121.9839, 0.4552], [121.9034, 0.4448], [121.8126, 0.4199], [121.7669, 0.4467], [121.7126, 0.5193], [121.6667, 0.5231], [121.6198, 0.5473], [121.5683, 0.5317], [121.5237, 0.5493], [121.5175, 0.4945], [121.4425, 0.4661], [121.4369, 0.4911], [121.3367, 0.4738], [121.3516, 0.4926], [121.3011, 0.5705], [121.2377, 0.6035], [121.2186, 0.6385], [121.1612, 0.6786], [121.182, 0.7451], [121.2181, 0.7909], [121.2889, 0.799], [121.317, 0.7851], [121.3643, 0.809], [121.3855, 0.8549], [121.4941, 0.8393], [121.5491, 0.881], [121.6035, 0.8727], [121.6908, 0.9024], [121.7387, 0.9305], [121.7864, 0.9395], [121.8637, 0.9906], [121.9225, 0.9275], [121.982, 0.907], [122.036, 0.9323], [122.0421, 0.9867], [122.1957, 1.0386], [122.2387, 0.9956], [122.316, 1.0067], [122.3698, 0.9929], [122.4752, 1.0008], [122.6093, 0.9445], [122.6638, 0.9352], [122.6822, 0.9002], [122.7889, 0.8651], [122.7969, 0.8346], [122.8583, 0.8219], [122.9219, 0.8612], [122.9864, 0.9677], [123.0201, 0.9338], [123.0961, 0.9133], [123.1215, 0.9248], [123.1516, 0.8708], [123.2058, 0.8574], [123.2711, 0.8026], [123.249, 0.7478], [123.2736, 0.6982]]]}}, {"type": "Feature", "properties": {"provinsi": "Jambi", "pulau": "Sumatera", "nama_resmi": "Provinsi Jambi", "tipe": "Provinsi", "parlemen": 12.73, "pendapatan": 30.53, "pengeluaran": 11621.0, "ahh": 74.09, "profesional": 51.97, "tpak": 51.17, "rls": 8.9, "hls": 13.14, "skor_ekonomi": 30.37, "skor_keputusan": 44.57, "skor_kapasitas_sosial": 58.48, "ikpp_komposit": 41.67, "kuadran": "Kuadran III (Ekonomi Rendah, Keputusan Rendah)"}, "geometry": {"type": "Polygon", "coordinates": [[[103.2258, -2.1654], [103.187, -2.1842], [103.1674, -2.2294], [103.1982, -2.2606], [103.2113, -2.3203], [103.1186, -2.3541], [103.0631, -2.3363], [103.0293, -2.3416], [102.9407, -2.3362], [102.8928, -2.3173], [102.8559, -2.3335], [102.8435, -2.374], [102.8792, -2.4244], [102.8157, -2.4854], [102.7775, -2.554], [102.7134, -2.5712], [102.6595, -2.6134], [102.6141, -2.6222], [102.6158, -2.6527], [102.5806, -2.6783], [102.5388, -2.6752], [102.4691, -2.7043], [102.4056, -2.6891], [102.3731, -2.6562], [102.3052, -2.6493], [102.2713, -2.6245], [102.2414, -2.6511], [102.2368, -2.6896], [102.1684, -2.7072], [102.073, -2.7649], [102.0639, -2.7685], [101.9969, -2.7241], [101.9191, -2.7356], [101.8602, -2.7306], [101.8458, -2.7034], [101.7731, -2.6491], [101.6773, -2.533], [101.6097, -2.5499], [101.5401, -2.5499], [101.557, -2.4519], [101.2929, -2.2887], [101.2797, -2.251], [101.2611, -2.1019], [101.2397, -2.0667], [101.1383, -1.8989], [101.1317, -1.6847], [101.2159, -1.7251], [101.2719, -1.6954], [101.3365, -1.6807], [101.3911, -1.6897], [101.4266, -1.6775], [101.4375, -1.6958], [101.4864, -1.6485], [101.6798, -1.4981], [101.7194, -1.4356], [101.6949, -1.3941], [101.7281, -1.3549], [101.6945, -1.3074], [101.7267, -1.2348], [101.816, -1.2178], [101.8842, -1.1347], [101.8313, -1.1106], [101.8215, -1.0592], [101.8236, -0.9776], [101.9078, -0.9525], [101.9267, -0.9153], [101.9665, -0.9139], [101.9861, -0.8811], [102.0656, -0.8895], [102.126, -0.9211], [102.1457, -0.8997], [102.2155, -0.9454], [102.2783, -0.9158], [102.3078, -0.9213], [102.3235, -0.9619], [102.3831, -0.9936], [102.3715, -1.0302], [102.4413, -1.0313], [102.4742, -1.0706], [102.5498, -1.1044], [102.6067, -1.0978], [102.6439, -1.1269], [102.7816, -1.0234], [102.7839, -0.9818], [102.86, -0.9278], [102.9278, -0.8661], [103.0036, -0.7547], [103.0808, -0.7619], [103.1118, -0.7466], [103.2082, -0.7571], [103.2395, -0.7706], [103.3025, -0.7655], [103.3528, -0.7992], [103.4312, -0.7781], [103.4411, -0.7317], [103.4827, -0.753], [103.4886, -0.8032], [103.546, -0.8094], [103.574, -0.8753], [103.6857, -0.9469], [103.7273, -0.9574], [103.7526, -0.9893], [103.8349, -1.0103], [103.9152, -0.9831], [104.0317, -1.0022], [104.1545, -1.046], [104.2019, -1.0699], [104.2657, -1.0416], [104.3291, -1.0428], [104.3586, -1.0186], [104.3942, -1.0761], [104.4078, -1.1632], [104.3929, -1.2174], [104.4553, -1.3322], [104.4556, -1.4303], [104.4377, -1.5046], [104.4669, -1.6183], [104.491, -1.6678], [104.4619, -1.6421], [104.4055, -1.6293], [104.3625, -1.6467], [104.1446, -1.7155], [104.0222, -1.7533], [103.8733, -1.7886], [103.85, -1.8167], [103.7661, -1.8161], [103.6607, -1.8465], [103.6303, -1.8412], [103.5214, -1.9067], [103.5, -1.9822], [103.5427, -1.986], [103.5639, -2.0168], [103.5323, -2.0915], [103.5441, -2.1439], [103.507, -2.1737], [103.4584, -2.181], [103.4631, -2.2655], [103.4384, -2.3424], [103.4058, -2.3351], [103.3774, -2.288], [103.3011, -2.2218], [103.2776, -2.1479], [103.2305, -2.1358], [103.2258, -2.1654]]]}}, {"type": "Feature", "properties": {"provinsi": "Jawa Barat", "pulau": "Jawa", "nama_resmi": "Provinsi Jawa Barat", "tipe": "Provinsi", "parlemen": 22.69, "pendapatan": 29.93, "pengeluaran": 12157.0, "ahh": 76.56, "profesional": 45.79, "tpak": 50.59, "rls": 8.87, "hls": 12.8, "skor_ekonomi": 28.71, "skor_keputusan": 48.33, "skor_kapasitas_sosial": 61.64, "ikpp_komposit": 43.15, "kuadran": "Kuadran II (Ekonomi Rendah, Keputusan Tinggi)"}, "geometry": {"type": "Polygon", "coordinates": [[[106.3729, -7.3081], [106.4014, -7.1867], [106.4397, -7.1906], [106.4497, -7.1494], [106.4842, -7.104], [106.5437, -7.056], [106.5419, -6.9837], [106.5125, -6.9656], [106.443, -6.9529], [106.3971, -6.9785], [106.393, -6.9004], [106.4312, -6.8617], [106.4356, -6.8242], [106.4979, -6.791], [106.5247, -6.7624], [106.4668, -6.751], [106.4291, -6.6802], [106.43, -6.58], [106.4038, -6.5167], [106.4036, -6.4537], [106.451, -6.4136], [106.4267, -6.3479], [106.4679, -6.3036], [106.4829, -6.3494], [106.5733, -6.3385], [106.604, -6.3619], [106.651, -6.3622], [106.7209, -6.3622], [106.7693, -6.3615], [106.7799, -6.3165], [106.84, -6.3359], [106.8847, -6.3725], [106.9143, -6.3655], [106.9228, -6.3143], [106.9054, -6.2602], [106.944, -6.2524], [106.973, -6.175], [106.9715, -6.1543], [106.97, -6.0907], [107.0099, -6.0774], [106.9949, -6.0281], [107.0329, -5.9566], [107.0761, -5.9683], [107.0982, -5.9399], [107.1337, -5.9763], [107.1871, -5.9879], [107.2664, -5.9607], [107.3456, -5.9718], [107.4035, -6.0376], [107.4733, -6.1486], [107.5425, -6.1785], [107.6208, -6.1877], [107.6429, -6.2155], [107.6789, -6.2372], [107.8052, -6.2209], [107.8187, -6.187], [107.8842, -6.1848], [107.8887, -6.2245], [107.9196, -6.2498], [108.026, -6.3044], [108.0976, -6.3286], [108.1562, -6.3172], [108.2527, -6.248], [108.3617, -6.2609], [108.3798, -6.3483], [108.4226, -6.4045], [108.4831, -6.4593], [108.5352, -6.4807], [108.539, -6.5161], [108.5621, -6.6913], [108.5911, -6.7433], [108.6117, -6.7684], [108.6749, -6.765], [108.6861, -6.8001], [108.7503, -6.8154], [108.8308, -6.7849], [108.8247, -6.8323], [108.7648, -6.8944], [108.7605, -6.988], [108.792, -7.0031], [108.7667, -7.1135], [108.726, -7.1152], [108.6955, -7.1519], [108.6351, -7.1387], [108.5622, -7.1713], [108.563, -7.1944], [108.5851, -7.2408], [108.5566, -7.287], [108.5592, -7.3323], [108.6, -7.3505], [108.6621, -7.3525], [108.7179, -7.4266], [108.7181, -7.4694], [108.7547, -7.5591], [108.7372, -7.6103], [108.8011, -7.6728], [108.7625, -7.6964], [108.6951, -7.6756], [108.6635, -7.6921], [108.5839, -7.6841], [108.5167, -7.6987], [108.4968, -7.7402], [108.4957, -7.7932], [108.4327, -7.8209], [108.3408, -7.8168], [108.1451, -7.7859], [108.0478, -7.7577], [107.9101, -7.7311], [107.847, -7.7371], [107.8315, -7.7026], [107.7833, -7.679], [107.6943, -7.6692], [107.6827, -7.638], [107.5983, -7.57], [107.4233, -7.5052], [107.2396, -7.488], [107.0861, -7.4532], [106.8829, -7.4349], [106.7938, -7.4368], [106.5237, -7.4079], [106.4875, -7.3752], [106.4039, -7.3562], [106.3729, -7.3081]]]}}, {"type": "Feature", "properties": {"provinsi": "Jawa Tengah", "pulau": "Jawa", "nama_resmi": "Provinsi Jawa Tengah", "tipe": "Provinsi", "parlemen": 17.65, "pendapatan": 35.43, "pengeluaran": 12276.0, "ahh": 76.99, "profesional": 49.75, "tpak": 61.82, "rls": 8.02, "hls": 12.86, "skor_ekonomi": 39.16, "skor_keputusan": 48.65, "skor_kapasitas_sosial": 64.1, "ikpp_komposit": 47.95, "kuadran": "Kuadran I (Ekonomi Tinggi, Keputusan Tinggi)"}, "geometry": {"type": "MultiPolygon", "coordinates": [[[[108.8151, -7.7346], [108.8128, -7.6836], [108.8756, -7.709], [108.9633, -7.7184], [109.0137, -7.7784], [108.8648, -7.7408], [108.8151, -7.7346]]], [[[110.3913, -7.5945], [110.3036, -7.6554], [110.2699, -7.706], [110.2638, -7.6463], [110.1414, -7.6448], [110.1312, -7.7394], [110.0637, -7.8121], [110.0416, -7.8844], [110.0035, -7.8883], [109.8236, -7.8312], [109.5909, -7.7774], [109.4679, -7.7584], [109.4162, -7.7714], [109.391, -7.7261], [109.2918, -7.7013], [109.1072, -7.6826], [109.0563, -7.6977], [109.0003, -7.7437], [108.9673, -7.7124], [108.8978, -7.7094], [108.8603, -7.6599], [108.8011, -7.6728], [108.7372, -7.6103], [108.7547, -7.5591], [108.7181, -7.4694], [108.7179, -7.4266], [108.6621, -7.3525], [108.6, -7.3505], [108.5592, -7.3323], [108.5566, -7.287], [108.5851, -7.2408], [108.563, -7.1944], [108.5622, -7.1713], [108.6351, -7.1387], [108.6955, -7.1519], [108.726, -7.1152], [108.7667, -7.1135], [108.792, -7.0031], [108.7605, -6.988], [108.7648, -6.8944], [108.8247, -6.8323], [108.8308, -6.7849], [108.8654, -6.8077], [108.9464, -6.8241], [109.0534, -6.7899], [109.1021, -6.8402], [109.1617, -6.8447], [109.1916, -6.8605], [109.3037, -6.8725], [109.351, -6.8617], [109.3906, -6.8586], [109.468, -6.8245], [109.525, -6.7811], [109.5519, -6.8189], [109.5955, -6.841], [109.6631, -6.8506], [109.7109, -6.867], [109.8696, -6.9152], [109.974, -6.9238], [110.0263, -6.9118], [110.113, -6.8876], [110.1786, -6.8478], [110.2193, -6.8614], [110.2949, -6.9467], [110.3222, -6.9668], [110.3686, -6.9473], [110.4871, -6.9464], [110.5241, -6.8371], [110.5587, -6.8049], [110.5507, -6.7286], [110.5962, -6.7259], [110.6472, -6.6464], [110.6541, -6.5525], [110.6773, -6.5337], [110.714, -6.4576], [110.8365, -6.4077], [110.9694, -6.4104], [111.0459, -6.4266], [111.0638, -6.5202], [111.1268, -6.6377], [111.2342, -6.6873], [111.382, -6.7017], [111.4666, -6.6595], [111.4926, -6.6207], [111.5623, -6.6393], [111.6914, -6.7542], [111.6689, -6.7639], [111.6555, -6.8271], [111.6147, -6.8326], [111.6077, -6.9037], [111.59, -6.9134], [111.5709, -6.9561], [111.6221, -6.9864], [111.612, -7.1384], [111.5872, -7.1856], [111.5224, -7.237], [111.4553, -7.2572], [111.4235, -7.3088], [111.4574, -7.3246], [111.4618, -7.3606], [111.372, -7.3406], [111.2843, -7.2887], [111.2436, -7.285], [111.2229, -7.2549], [111.1487, -7.2645], [111.1352, -7.299], [111.1436, -7.3674], [111.1195, -7.4097], [111.148, -7.5254], [111.1525, -7.5618], [111.194, -7.6184], [111.1845, -7.7123], [111.2365, -7.7503], [111.2745, -7.7375], [111.2887, -7.7935], [111.3034, -7.8383], [111.28, -7.9186], [111.25, -7.946], [111.1544, -7.922], [111.1256, -7.9703], [111.135, -8.0212], [111.1115, -8.0631], [111.0666, -8.0607], [111.0342, -8.0793], [110.9514, -8.0709], [110.9153, -8.1159], [110.8953, -8.1667], [110.9001, -8.2113], [110.8349, -8.2031], [110.8287, -8.1677], [110.7856, -8.1507], [110.7895, -8.1162], [110.7556, -8.0244], [110.7856, -7.8167], [110.7148, -7.7913], [110.5436, -7.7926], [110.4918, -7.7422], [110.4452, -7.5412], [110.3913, -7.5945]]], [[[110.4321, -5.879], [110.4167, -5.838], [110.4656, -5.8269], [110.4734, -5.856], [110.4321, -5.879]]]]}}, {"type": "Feature", "properties": {"provinsi": "Jawa Timur", "pulau": "Jawa", "nama_resmi": "Provinsi Jawa Timur", "tipe": "Provinsi", "parlemen": 20.0, "pendapatan": 35.78, "pengeluaran": 12852.0, "ahh": 74.4, "profesional": 50.73, "tpak": 60.64, "rls": 8.28, "hls": 13.43, "skor_ekonomi": 38.14, "skor_keputusan": 49.05, "skor_kapasitas_sosial": 61.82, "ikpp_komposit": 47.24, "kuadran": "Kuadran I (Ekonomi Tinggi, Keputusan Tinggi)"}, "geometry": {"type": "MultiPolygon", "coordinates": [[[[112.255, -8.343], [112.1397, -8.3148], [112.0285, -8.3121], [111.9501, -8.2772], [111.9056, -8.3031], [111.7951, -8.2553], [111.7697, -8.2888], [111.6884, -8.3354], [111.6832, -8.3747], [111.5502, -8.306], [111.5118, -8.3327], [111.4639, -8.3224], [111.4265, -8.2586], [111.4035, -8.2704], [111.3768, -8.2732], [111.2705, -8.2486], [111.1939, -8.2782], [111.1456, -8.2789], [111.1055, -8.2328], [111.0281, -8.2566], [110.9001, -8.2113], [110.8953, -8.1667], [110.9153, -8.1159], [110.9514, -8.0709], [111.0342, -8.0793], [111.0666, -8.0607], [111.1115, -8.0631], [111.135, -8.0212], [111.1256, -7.9703], [111.1544, -7.922], [111.25, -7.946], [111.28, -7.9186], [111.3034, -7.8383], [111.2887, -7.7935], [111.2745, -7.7375], [111.2365, -7.7503], [111.1845, -7.7123], [111.194, -7.6184], [111.1525, -7.5618], [111.148, -7.5254], [111.1195, -7.4097], [111.1436, -7.3674], [111.1352, -7.299], [111.1487, -7.2645], [111.2229, -7.2549], [111.2436, -7.285], [111.2843, -7.2887], [111.372, -7.3406], [111.4618, -7.3606], [111.4574, -7.3246], [111.4235, -7.3088], [111.4553, -7.2572], [111.5224, -7.237], [111.5872, -7.1856], [111.612, -7.1384], [111.6221, -6.9864], [111.5709, -6.9561], [111.59, -6.9134], [111.6077, -6.9037], [111.6147, -6.8326], [111.6555, -6.8271], [111.6689, -6.7639], [111.6914, -6.7542], [111.8293, -6.8001], [111.8726, -6.7973], [111.9609, -6.7605], [112.0451, -6.8801], [112.1234, -6.9026], [112.1707, -6.8973], [112.223, -6.8726], [112.2707, -6.8773], [112.3311, -6.8616], [112.44, -6.8743], [112.4465, -6.8744], [112.4563, -6.8832], [112.5203, -6.9057], [112.5561, -6.847], [112.5843, -6.8889], [112.6088, -6.9798], [112.6504, -7.0201], [112.6343, -7.098], [112.6707, -7.1731], [112.6632, -7.1932], [112.685, -7.2256], [112.7593, -7.1961], [112.8463, -7.2856], [112.8334, -7.3323], [112.8415, -7.4774], [112.8219, -7.4935], [112.873, -7.5376], [112.8696, -7.5716], [112.9026, -7.6252], [112.9531, -7.6218], [112.9927, -7.6575], [113.0501, -7.6575], [113.1001, -7.7024], [113.1081, -7.7207], [113.1805, -7.7438], [113.2365, -7.7393], [113.2771, -7.7821], [113.3452, -7.7709], [113.376, -7.7407], [113.4385, -7.7341], [113.4856, -7.6989], [113.5977, -7.7155], [113.6678, -7.7366], [113.7129, -7.7089], [113.7511, -7.7357], [113.7938, -7.729], [113.8171, -7.6993], [113.8671, -7.6818], [113.9305, -7.7008], [113.9735, -7.6507], [114.0466, -7.609], [114.1012, -7.7023], [114.1328, -7.7133], [114.2385, -7.6977], [114.2957, -7.7482], [114.3794, -7.7565], [114.453, -7.8036], [114.4645, -7.8861], [114.424, -7.9355], [114.4301, -8.0649], [114.3982, -8.1233], [114.3802, -8.2041], [114.3902, -8.2344], [114.3693, -8.2698], [114.3419, -8.4384], [114.3856, -8.5052], [114.4229, -8.6046], [114.4728, -8.6175], [114.5143, -8.6501], [114.5623, -8.6566], [114.6053, -8.7173], [114.5748, -8.7702], [114.5324, -8.7802], [114.4177, -8.7489], [114.3725, -8.7158], [114.3732, -8.6778], [114.3123, -8.6208], [114.229, -8.6017], [114.2207, -8.6448], [114.0961, -8.6147], [114.0316, -8.6297], [114.0299, -8.5994], [113.9434, -8.5577], [113.9094, -8.579], [113.8376, -8.5537], [113.7906, -8.4884], [113.75, -8.5181], [113.7086, -8.4814], [113.6466, -8.4944], [113.6392, -8.4547], [113.5746, -8.4271], [113.5222, -8.428], [113.4408, -8.3778], [113.3877, -8.3996], [113.3628, -8.3551], [113.3035, -8.3072], [113.2378, -8.2852], [113.0901, -8.2868], [112.9841, -8.3209], [112.9491, -8.3561], [112.949, -8.3568], [112.9489, -8.3575], [112.9373, -8.3818], [112.8715, -8.4081], [112.8145, -8.3995], [112.7111, -8.4173], [112.6718, -8.4448], [112.5529, -8.4017], [112.4435, -8.3976], [112.3724, -8.3748], [112.3599, -8.3484], [112.2963, -8.3312], [112.255, -8.343]]], [[[112.7064, -7.0982], [112.6742, -7.074], [112.6827, -7.0322], [112.7232, -7.0386], [112.7852, -6.9881], [112.8279, -6.9182], [112.858, -6.8935], [112.9218, -6.8939], [113.0105, -6.881], [113.1247, -6.893], [113.4384, -6.8876], [113.4834, -6.8967], [113.6425, -6.8876], [113.7957, -6.8859], [113.9076, -6.8634], [113.9673, -6.8731], [114.1032, -6.9376], [114.0934, -6.9798], [114.0598, -7.003], [113.9919, -7.0073], [113.9411, -7.0573], [113.9207, -7.0429], [113.8688, -7.0955], [113.8862, -7.1341], [113.816, -7.1331], [113.6777, -7.1091], [113.6534, -7.1278], [113.602, -7.1285], [113.5492, -7.2326], [113.3936, -7.2173], [113.2746, -7.2155], [113.1778, -7.2274], [113.152, -7.2057], [113.1006, -7.2289], [113.0405, -7.2128], [112.9652, -7.2004], [112.865, -7.1621], [112.7769, -7.1593], [112.7225, -7.1753], [112.6913, -7.1539], [112.7064, -7.0982]]], [[[112.7415, -5.7886], [112.6999, -5.8526], [112.6319, -5.8464], [112.5914, -5.8554], [112.5765, -5.8278], [112.5897, -5.7775], [112.6454, -5.7308], [112.7049, -5.7355], [112.7415, -5.7886]]], [[[113.2973, -8.4445], [113.4005, -8.4574], [113.3998, -8.4961], [113.3071, -8.5091], [113.269, -8.4969], [113.2973, -8.4445]]], [[[115.8385, -7.2065], [115.7552, -7.1721], [115.7413, -7.1531], [115.787, -7.1123], [115.7936, -7.1388], [115.8431, -7.1626], [115.8705, -7.1317], [115.8993, -7.1741], [115.8766, -7.2027], [115.8385, -7.2065]]], [[[114.2754, -7.0829], [114.3324, -7.0557], [114.3678, -7.0842], [114.406, -7.1697], [114.3868, -7.1817], [114.3134, -7.16], [114.2766, -7.111], [114.2754, -7.0829]]], [[[113.9918, -7.1066], [113.9806, -7.0727], [114.049, -7.0744], [114.0634, -7.1013], [113.9918, -7.1066]]], [[[115.6153, -7.003], [115.5729, -6.9756], [115.5912, -6.9425], [115.675, -6.9903], [115.6153, -7.003]]], [[[115.2066, -6.8897], [115.2531, -6.8622], [115.2437, -6.8281], [115.3935, -6.8346], [115.4365, -6.8466], [115.5596, -6.9063], [115.5712, -6.9423], [115.5482, -6.9661], [115.4554, -6.9134], [115.4088, -6.9392], [115.3974, -6.907], [115.35, -6.9384], [115.3864, -6.9599], [115.3815, -6.9951], [115.2657, -6.9938], [115.2567, -6.9535], [115.2027, -6.9369], [115.2066, -6.8897]]]]}}, {"type": "Feature", "properties": {"provinsi": "Kalimantan Barat", "pulau": "Kalimantan", "nama_resmi": "Provinsi Kalimantan Barat", "tipe": "Provinsi", "parlemen": 23.08, "pendapatan": 34.96, "pengeluaran": 10321.0, "ahh": 73.59, "profesional": 48.34, "tpak": 53.95, "rls": 7.78, "hls": 12.68, "skor_ekonomi": 35.38, "skor_keputusan": 42.55, "skor_kapasitas_sosial": 55.73, "ikpp_komposit": 42.32, "kuadran": "Kuadran IV (Ekonomi Tinggi, Keputusan Rendah)"}, "geometry": {"type": "MultiPolygon", "coordinates": [[[[108.8306, -1.6655], [108.8291, -1.608], [108.7993, -1.5719], [108.8726, -1.5684], [108.8991, -1.5352], [108.9481, -1.5636], [108.9826, -1.6008], [108.9575, -1.6394], [108.8577, -1.6771], [108.8306, -1.6655]]], [[[109.3294, -0.9194], [109.3345, -0.8754], [109.35184285714286, -0.8754], [109.37221423149906, -0.878964990512334], [109.3999, -0.8921], [109.4058, -0.9324], [109.3294, -0.9194]]], [[[109.2413, -0.6935], [109.265, -0.6653], [109.3064, -0.7024], [109.391, -0.707], [109.4664, -0.7549], [109.5347, -0.7384], [109.6761, -0.8321], [109.7125, -0.8339], [109.7215, -0.9736], [109.6834, -1.0139], [109.6223, -0.9785], [109.5936, -0.9088], [109.5572, -0.8879], [109.4288, -0.8564], [109.3827, -0.8808], [109.37221423149906, -0.878964990512334], [109.3647, -0.8754], [109.35184285714286, -0.8754], [109.3347, -0.8724], [109.3002, -0.9005], [109.2704, -0.8693], [109.2369, -0.7953], [109.2413, -0.6935]]], [[[109.5467, -0.7031], [109.5034, -0.6949], [109.4868, -0.6281], [109.5809, -0.6794], [109.5467, -0.7031]]], [[[109.7132, -0.8293], [109.6784, -0.8291], [109.6354, -0.7956], [109.6315, -0.7567], [109.696, -0.718], [109.6677, -0.6839], [109.596, -0.6936], [109.5844, -0.6508], [109.5459, -0.6516], [109.495, -0.6244], [109.4184, -0.6313], [109.3742, -0.5846], [109.2591, -0.5993], [109.2287, -0.5908], [109.2017, -0.5516], [109.15, -0.5691], [109.1143, -0.5042], [109.1162, -0.4363], [109.0976, -0.3619], [109.1143, -0.3428], [109.0897, -0.2735], [109.10266572415959, -0.263184904178454], [109.117, -0.2574], [109.11836543468503, -0.250694740386051], [109.1303, -0.2412], [109.1937, -0.2222], [109.1814, -0.1944], [109.188, -0.0918], [109.1601, -0.0461], [109.1781, 0.034], [109.1753, 0.075], [109.1329, 0.1412], [109.1159, 0.2157], [109.0866, 0.251], [109.0069, 0.3014], [108.9223, 0.3246], [108.944, 0.3822], [108.9443, 0.4354], [108.9115, 0.4738], [108.9268, 0.5623], [108.9286, 0.6239], [108.9113, 0.6723], [108.875, 0.7085], [108.8845, 0.7552], [108.8406, 0.8147], [108.8738, 0.8402], [108.9489, 0.8993], [108.9785, 0.9974], [108.9668, 1.0445], [108.903, 1.1628], [108.9479, 1.1647], [108.9872, 1.2712], [109.0281, 1.318], [109.0433, 1.3635], [109.0415, 1.485], [109.0603, 1.526], [109.1186, 1.5793], [109.204, 1.623], [109.2516, 1.6597], [109.2805, 1.7202], [109.2912, 1.7813], [109.3351, 1.8288], [109.3376, 1.9433], [109.435, 1.9528], [109.4564, 1.9766], [109.5602, 1.9712], [109.5401, 1.9265], [109.5516, 1.8591], [109.5758, 1.8438], [109.5863, 1.7919], [109.6228, 1.8033], [109.6855, 1.7821], [109.6677, 1.7331], [109.662, 1.6174], [109.752, 1.5367], [109.8382, 1.4757], [109.8376, 1.4218], [109.9303, 1.425], [109.9635, 1.4028], [109.9797, 1.2992], [110.064, 1.263], [110.0972, 1.199], [110.1277, 1.1948], [110.193, 1.1829], [110.2105, 1.1186], [110.2793, 1.0523], [110.2984, 0.9956], [110.3438, 1.0063], [110.3964, 0.9977], [110.4054, 0.953], [110.4905, 0.8767], [110.5956, 0.8577], [110.6976, 0.8842], [110.7163, 0.9061], [110.8032, 0.9006], [110.8062, 0.938], [110.8856, 0.9781], [110.9069, 1.0292], [110.9979, 1.0293], [111.0693, 1.0494], [111.1383, 1.0505], [111.2315, 1.0862], [111.3851, 1.015], [111.4452, 1.0141], [111.4887, 1.0353], [111.529, 0.9544], [111.5488, 0.9884], [111.6676, 1.0432], [111.7174, 1.0068], [111.7719, 1.0162], [111.818, 0.9863], [111.8594, 1.0039], [111.8869, 1.0787], [111.9257, 1.0925], [111.9353, 1.1221], [112.0568, 1.1357], [112.1429, 1.135], [112.1647, 1.2099], [112.1812, 1.3062], [112.2024, 1.3142], [112.2323, 1.3792], [112.2122, 1.4495], [112.2876, 1.4735], [112.4448, 1.5393], [112.486, 1.5796], [112.6325, 1.5656], [112.6769, 1.5546], [112.7746, 1.5638], [112.812, 1.5405], [112.8946, 1.5884], [112.9236, 1.5709], [112.9896, 1.579], [113.0639, 1.5526], [113.0317, 1.4914], [112.9859, 1.4523], [112.9811, 1.4081], [113.015, 1.4052], [113.0971, 1.4432], [113.1334, 1.4017], [113.1831, 1.377], [113.2411, 1.3926], [113.3559, 1.357], [113.3698, 1.3236], [113.4276, 1.2861], [113.5376, 1.3226], [113.5746, 1.3063], [113.5972, 1.2628], [113.6646, 1.2243], [113.7035, 1.2664], [113.8037, 1.3004], [113.8294, 1.3344], [113.8147, 1.3663], [113.8675, 1.3874], [113.9747, 1.4498], [114.1425, 1.4661], [114.2055, 1.4102], [114.155, 1.3744], [114.1631, 1.3091], [114.1357, 1.219], [114.1279, 1.1567], [113.9852, 1.1368], [113.9393, 1.0588], [113.9014, 1.0598], [113.8929, 1.0201], [113.912, 0.9684], [113.872, 0.9153], [113.8768, 0.8796], [113.9265, 0.8414], [113.8739, 0.7759], [113.8948, 0.726], [113.8393, 0.6954], [113.8418, 0.6577], [113.8326, 0.5876], [113.7981, 0.5952], [113.751, 0.5517], [113.6621, 0.4924], [113.6554, 0.4405], [113.5812, 0.3978], [113.5863, 0.3612], [113.4504, 0.2635], [113.3178, 0.268], [113.2618, 0.2301], [113.3145, 0.1703], [113.4004, 0.1341], [113.414, 0.116], [113.3958, 0.0341], [113.4325, 0.0095], [113.4157, -0.0474], [113.4432, -0.064], [113.3857, -0.1317], [113.3307, -0.1513], [113.2908, -0.2087], [113.2842, -0.2622], [113.2205, -0.3335], [113.2559, -0.3842], [113.2711, -0.4245], [113.2112, -0.5061], [113.1641, -0.4771], [113.1155, -0.4729], [113.0546, -0.5138], [112.9981, -0.5034], [112.8658, -0.5478], [112.8324, -0.5776], [112.787, -0.5857], [112.7435, -0.5729], [112.6881, -0.6541], [112.6502, -0.6549], [112.5933, -0.6901], [112.5029, -0.7002], [112.4628, -0.6691], [112.4343, -0.6736], [112.385, -0.7137], [112.3479, -0.7038], [112.3108, -0.7214], [112.2755, -0.6509], [112.2333, -0.6133], [112.1763, -0.6434], [112.1754, -0.7256], [112.1476, -0.7306], [112.0834, -0.701], [112.0561, -0.7686], [111.9835, -0.8], [111.9268, -0.7913], [111.9195, -0.8366], [111.8213, -0.9078], [111.751, -0.9108], [111.7237, -0.9427], [111.6414, -0.9679], [111.6161, -1.0563], [111.5708, -1.059], [111.5548, -1.1276], [111.5776, -1.1692], [111.5344, -1.201], [111.446, -1.2453], [111.4001, -1.2629], [111.3415, -1.3203], [111.3057, -1.3895], [111.2601, -1.4299], [111.1338, -1.445], [111.0716, -1.5287], [111.0063, -1.5036], [110.8724, -1.6208], [110.9196, -1.6933], [110.94, -1.6573], [110.9943, -1.6501], [110.9944, -1.7069], [111.0221, -1.7136], [111.0141, -1.7818], [110.9689, -1.8139], [110.9486, -1.8685], [110.9919, -1.9555], [111.0864, -1.9654], [111.0871, -2.041], [111.0584, -2.0593], [111.0695, -2.1145], [111.0251, -2.226], [111.1156, -2.3275], [111.0994, -2.4667], [111.1259, -2.5389], [111.1316, -2.5988], [111.1739, -2.6877], [111.1486, -2.7401], [111.1008, -2.7689], [111.0333, -2.7857], [110.9615, -2.8596], [110.894, -2.8698], [110.7557, -2.9419], [110.7332, -2.9964], [110.6496, -3.0395], [110.6267, -3.0292], [110.6335, -2.9259], [110.6161, -2.8745], [110.5636, -2.8389], [110.4884, -2.8608], [110.4251, -2.8933], [110.3517, -2.9466], [110.3034, -2.9945], [110.2573, -2.9558], [110.2241, -2.8872], [110.2628, -2.8149], [110.2561, -2.7588], [110.2321, -2.7187], [110.2167, -2.6534], [110.1591, -2.6311], [110.1899, -2.5719], [110.1974, -2.5243], [110.1799, -2.4542], [110.1485, -2.4291], [110.1445, -2.3233], [110.114, -2.2626], [110.0864, -2.2419], [110.0896, -2.1796], [110.1089, -2.1558], [110.1196, -2.0906], [110.1037, -1.9908], [110.0751, -1.9394], [109.9236, -1.8571], [109.9018, -1.8308], [109.9142, -1.7732], [109.9579, -1.7623], [110.0167, -1.7004], [110.0331, -1.6636], [110.0413, -1.5837], [110.0358, -1.5228], [110.0633, -1.459], [110.0688, -1.3629], [110.0478, -1.3226], [109.9935, -1.2741], [109.9617, -1.277], [109.9171, -1.2208], [109.9397, -1.1237], [109.82, -1.0841], [109.7689, -1.0031], [109.7322, -0.9876], [109.7272, -0.9218], [109.754, -0.895], [109.7132, -0.8293]]], [[[109.10266572415959, -0.263184904178454], [109.061, -0.28], [109.056, -0.2274], [109.1282, -0.2024], [109.11836543468503, -0.250694740386051], [109.10266572415959, -0.263184904178454]]], [[[109.124, -0.1159], [109.1415, -0.0766], [109.1786, -0.1183], [109.1763, -0.1945], [109.124, -0.1159]]], [[[110.2017, -2.8837], [110.172, -2.915], [110.1467, -2.8986], [110.1745, -2.8551], [110.2017, -2.8837]]], [[[110.1217, -2.7486], [110.0825, -2.7613], [110.0756, -2.7013], [110.1141, -2.677], [110.1217, -2.7486]]], [[[109.4509, -1.0312], [109.4876, -0.9738], [109.5523, -1.0033], [109.5996, -0.9815], [109.6423, -1.0117], [109.6857, -1.0192], [109.7177, -0.9893], [109.7559, -1.0151], [109.78, -1.1447], [109.6895, -1.1929], [109.6828, -1.2073], [109.5422, -1.2727], [109.5036, -1.3077], [109.4053, -1.2799], [109.4504, -1.0928], [109.4509, -1.0312]]]]}}, {"type": "Feature", "properties": {"provinsi": "Kalimantan Selatan", "pulau": "Kalimantan", "nama_resmi": "Provinsi Kalimantan Selatan", "tipe": "Provinsi", "parlemen": 20.0, "pendapatan": 36.1, "pengeluaran": 13399.0, "ahh": 71.67, "profesional": 50.55, "tpak": 55.52, "rls": 8.62, "hls": 12.87, "skor_ekonomi": 36.57, "skor_keputusan": 51.69, "skor_kapasitas_sosial": 56.87, "ikpp_komposit": 46.68, "kuadran": "Kuadran I (Ekonomi Tinggi, Keputusan Tinggi)"}, "geometry": {"type": "MultiPolygon", "coordinates": [[[[115.2221, -3.9218], [115.1202, -3.9692], [115.0202, -4.0068], [114.7205, -4.1646], [114.6421, -4.1747], [114.6276, -4.0713], [114.6379, -4.0295], [114.61, -3.8874], [114.6024, -3.807], [114.6213, -3.7211], [114.6149, -3.6487], [114.5545, -3.5567], [114.5137, -3.5429], [114.4988, -3.5189], [114.352, -3.4635], [114.3628, -3.3871], [114.3496, -3.3488], [114.3762, -3.2885], [114.4359, -3.2426], [114.4495, -3.2096], [114.4237, -3.1799], [114.5458, -3.0678], [114.5052, -2.9997], [114.5442, -2.949], [114.5538, -2.8919], [114.59, -2.9097], [114.6153, -2.8845], [114.5977, -2.8156], [114.6644, -2.8006], [114.6785, -2.7391], [114.718, -2.7408], [114.7622, -2.7202], [114.787, -2.6822], [114.7973, -2.5915], [114.8587, -2.5231], [114.8743, -2.4972], [115.0014, -2.3957], [115.0736, -2.3507], [115.1255, -2.2946], [115.2477, -2.2122], [115.2965, -2.2163], [115.2985, -2.1424], [115.3636, -2.0442], [115.3919, -2.05], [115.441, -1.9423], [115.3926, -1.893], [115.321, -1.8923], [115.3117, -1.7959], [115.3344, -1.748], [115.3621, -1.6204], [115.3568, -1.6037], [115.391, -1.5205], [115.4276, -1.5023], [115.4545, -1.4616], [115.4675, -1.4341], [115.5241, -1.4296], [115.6262, -1.3504], [115.7163, -1.3363], [115.7588, -1.3126], [115.688, -1.4468], [115.6353, -1.4638], [115.6189, -1.4879], [115.6361, -1.6038], [115.67, -1.6302], [115.6652, -1.7067], [115.7071, -1.7332], [115.687, -1.7584], [115.728, -1.797], [115.7233, -1.9215], [115.7005, -1.9709], [115.719, -1.9974], [115.6949, -2.0405], [115.721, -2.0624], [115.8076, -2.0614], [115.7857, -2.217], [115.811, -2.2376], [115.8328, -2.2975], [115.8355, -2.3899], [115.8866, -2.3622], [115.8936, -2.3346], [116.0355, -2.3091], [116.0427, -2.3259], [116.1134, -2.3376], [116.1625, -2.3066], [116.2358, -2.3091], [116.2679, -2.3383], [116.3277, -2.3408], [116.4102, -2.3721], [116.5553, -2.4088], [116.5109, -2.5617], [116.4805, -2.5713], [116.4755, -2.5121], [116.3166, -2.5309], [116.3461, -2.5599], [116.4092, -2.59], [116.3691, -2.6582], [116.3598, -2.7313], [116.37, -2.8179], [116.3594, -2.8635], [116.3161, -2.9465], [116.2699, -3.0026], [116.2143, -3.0024], [116.2088, -2.943], [116.105, -2.9173], [116.1031, -3.0083], [116.1565, -3.0142], [116.1746, -3.0631], [116.2529, -3.1238], [116.2078, -3.1292], [116.1658, -3.1645], [116.1836, -3.2287], [116.1739, -3.2523], [116.0854, -3.2786], [116.0311, -3.3644], [116.0069, -3.4325], [116.0142, -3.4837], [115.9938, -3.515], [115.9929, -3.5715], [115.966, -3.61], [115.851, -3.6251], [115.787, -3.6788], [115.7048, -3.7346], [115.655, -3.7433], [115.3753, -3.8607], [115.2221, -3.9218]]], [[[116.0817, -3.8334], [116.0711, -3.7945], [116.0242, -3.7296], [116.0024, -3.6379], [116.0366, -3.582], [116.0461, -3.4688], [116.0695, -3.4394], [116.1139, -3.3081], [116.1387, -3.3019], [116.2575, -3.21], [116.2699, -3.2529], [116.2531, -3.3886], [116.3099, -3.4556], [116.3023, -3.5054], [116.2729, -3.553], [116.3061, -3.59], [116.2994, -3.7086], [116.3129, -3.7742], [116.2719, -3.8209], [116.3045, -3.885], [116.2455, -3.9392], [116.2069, -3.9534], [116.1491, -4.0303], [116.0684, -4.0372], [116.0389, -4.0224], [116.0786, -3.9255], [116.0599, -3.8735], [116.0817, -3.8334]]], [[[116.3134, -3.5513], [116.3452, -3.4516], [116.4314, -3.3675], [116.4346, -3.4218], [116.4081, -3.5254], [116.4029, -3.5938], [116.3985, -3.6275], [116.3625, -3.6522], [116.3431, -3.5682], [116.3134, -3.5513]]]]}}, {"type": "Feature", "properties": {"provinsi": "Kalimantan Tengah", "pulau": "Kalimantan", "nama_resmi": "Provinsi Kalimantan Tengah", "tipe": "Provinsi", "parlemen": 20.0, "pendapatan": 33.62, "pengeluaran": 12303.0, "ahh": 72.44, "profesional": 48.47, "tpak": 49.6, "rls": 8.81, "hls": 12.77, "skor_ekonomi": 29.29, "skor_keputusan": 53.05, "skor_kapasitas_sosial": 57.3, "ikpp_komposit": 44.39, "kuadran": "Kuadran II (Ekonomi Rendah, Keputusan Tinggi)"}, "geometry": {"type": "Polygon", "coordinates": [[[111.0397, -3.0537], [110.9775, -3.0662], [110.9151, -3.0445], [110.8497, -2.9964], [110.8004, -2.9767], [110.7332, -2.9964], [110.7557, -2.9419], [110.894, -2.8698], [110.9615, -2.8596], [111.0333, -2.7857], [111.1008, -2.7689], [111.1486, -2.7401], [111.1739, -2.6877], [111.1316, -2.5988], [111.1259, -2.5389], [111.0994, -2.4667], [111.1156, -2.3275], [111.0251, -2.226], [111.0695, -2.1145], [111.0584, -2.0593], [111.0871, -2.041], [111.0864, -1.9654], [110.9919, -1.9555], [110.9486, -1.8685], [110.9689, -1.8139], [111.0141, -1.7818], [111.0221, -1.7136], [110.9944, -1.7069], [110.9943, -1.6501], [110.94, -1.6573], [110.9196, -1.6933], [110.8724, -1.6208], [111.0063, -1.5036], [111.0716, -1.5287], [111.1338, -1.445], [111.2601, -1.4299], [111.3057, -1.3895], [111.3415, -1.3203], [111.4001, -1.2629], [111.446, -1.2453], [111.5344, -1.201], [111.5776, -1.1692], [111.5548, -1.1276], [111.5708, -1.059], [111.6161, -1.0563], [111.6414, -0.9679], [111.7237, -0.9427], [111.751, -0.9108], [111.8213, -0.9078], [111.9195, -0.8366], [111.9268, -0.7913], [111.9835, -0.8], [112.0561, -0.7686], [112.0834, -0.701], [112.1476, -0.7306], [112.1754, -0.7256], [112.1763, -0.6434], [112.2333, -0.6133], [112.2755, -0.6509], [112.3108, -0.7214], [112.3479, -0.7038], [112.385, -0.7137], [112.4343, -0.6736], [112.4628, -0.6691], [112.5029, -0.7002], [112.5933, -0.6901], [112.6502, -0.6549], [112.6881, -0.6541], [112.7435, -0.5729], [112.787, -0.5857], [112.8324, -0.5776], [112.8658, -0.5478], [112.9981, -0.5034], [113.0546, -0.5138], [113.1155, -0.4729], [113.1641, -0.4771], [113.2112, -0.5061], [113.2711, -0.4245], [113.2559, -0.3842], [113.2205, -0.3335], [113.2842, -0.2622], [113.2908, -0.2087], [113.3307, -0.1513], [113.3857, -0.1317], [113.4432, -0.064], [113.4157, -0.0474], [113.4325, 0.0095], [113.3958, 0.0341], [113.414, 0.116], [113.4004, 0.1341], [113.3145, 0.1703], [113.2618, 0.2301], [113.3178, 0.268], [113.4504, 0.2635], [113.5863, 0.3612], [113.5812, 0.3978], [113.6554, 0.4405], [113.6621, 0.4924], [113.751, 0.5517], [113.7981, 0.5952], [113.8326, 0.5876], [113.8418, 0.6577], [113.9213, 0.644], [114.1231, 0.6954], [114.158, 0.6777], [114.2031, 0.5401], [114.2438, 0.5226], [114.2919, 0.5366], [114.3641, 0.5302], [114.3768, 0.5596], [114.4303, 0.5416], [114.489, 0.57], [114.5245, 0.5628], [114.5406, 0.6204], [114.5979, 0.6318], [114.652, 0.6747], [114.6584, 0.6985], [114.7161, 0.7012], [114.761, 0.7317], [114.8319, 0.7546], [114.8748, 0.7424], [114.9433, 0.7729], [114.9856, 0.7317], [115.0135, 0.5993], [115.0916, 0.4804], [115.1374, 0.4255], [115.1245, 0.37], [115.0401, 0.2985], [115.0229, 0.3304], [114.9496, 0.3324], [114.9026, 0.3177], [114.8577, 0.2704], [114.8298, 0.1916], [114.7625, 0.1464], [114.7719, 0.1219], [114.7089, 0.074], [114.7183, 0.0535], [114.7953, 0.0114], [114.8238, -0.0362], [114.8924, -0.0259], [114.921, -0.1003], [114.929, -0.1654], [114.9204, -0.2334], [114.9811, -0.2755], [115.013, -0.2662], [115.0668, -0.1488], [115.1499, -0.1391], [115.166, -0.0872], [115.2949, -0.0524], [115.3096, -0.1178], [115.257, -0.1607], [115.2981, -0.2077], [115.2566, -0.2407], [115.2538, -0.3009], [115.2299, -0.306], [115.2336, -0.3633], [115.2735, -0.4548], [115.3071, -0.486], [115.2904, -0.5554], [115.3367, -0.5435], [115.3809, -0.5722], [115.3565, -0.6134], [115.378, -0.6398], [115.3338, -0.6832], [115.3466, -0.7204], [115.3008, -0.745], [115.2882, -0.7951], [115.3764, -0.8755], [115.4804, -0.8763], [115.5545, -0.8598], [115.6323, -0.9862], [115.6792, -1.0089], [115.7109, -1.075], [115.7664, -1.1377], [115.8198, -1.0886], [115.8419, -1.0969], [115.8494, -1.1718], [115.8192, -1.1834], [115.7772, -1.2312], [115.7588, -1.3126], [115.7163, -1.3363], [115.6262, -1.3504], [115.5241, -1.4296], [115.4675, -1.4341], [115.4545, -1.4616], [115.4276, -1.5023], [115.391, -1.5205], [115.3568, -1.6037], [115.3621, -1.6204], [115.3344, -1.748], [115.3117, -1.7959], [115.321, -1.8923], [115.3926, -1.893], [115.441, -1.9423], [115.3919, -2.05], [115.3636, -2.0442], [115.2985, -2.1424], [115.2965, -2.2163], [115.2477, -2.2122], [115.1255, -2.2946], [115.0736, -2.3507], [115.0014, -2.3957], [114.8743, -2.4972], [114.8587, -2.5231], [114.7973, -2.5915], [114.787, -2.6822], [114.7622, -2.7202], [114.718, -2.7408], [114.6785, -2.7391], [114.6644, -2.8006], [114.5977, -2.8156], [114.6153, -2.8845], [114.59, -2.9097], [114.5538, -2.8919], [114.5442, -2.949], [114.5052, -2.9997], [114.5458, -3.0678], [114.4237, -3.1799], [114.4495, -3.2096], [114.4359, -3.2426], [114.3762, -3.2885], [114.3496, -3.3488], [114.3628, -3.3871], [114.352, -3.4635], [114.3208, -3.4548], [114.2546, -3.4034], [114.2432, -3.3677], [114.1832, -3.3934], [114.1525, -3.3833], [114.0744, -3.3477], [114.0438, -3.3457], [113.9494, -3.3709], [113.8526, -3.4344], [113.7857, -3.4606], [113.6818, -3.4693], [113.5863, -3.446], [113.6305, -3.3324], [113.6302, -3.2633], [113.6011, -3.1672], [113.5404, -3.1623], [113.4504, -3.1904], [113.4276, -3.2365], [113.3366, -3.2748], [113.2918, -3.2118], [113.2345, -3.1521], [113.1679, -3.0693], [113.0971, -3.0398], [113.0329, -2.9749], [113.0113, -3.0334], [112.9454, -3.1023], [112.9476, -3.1307], [113.0094, -3.1602], [112.9385, -3.2261], [112.8166, -3.2987], [112.6664, -3.3751], [112.641, -3.4038], [112.5632, -3.4468], [112.5094, -3.429], [112.4458, -3.3876], [112.4209, -3.3528], [112.3359, -3.3152], [112.2564, -3.3136], [112.1791, -3.344], [112.0119, -3.4512], [111.9218, -3.5274], [111.8902, -3.5436], [111.7947, -3.5257], [111.7965, -3.4717], [111.8198, -3.3745], [111.8169, -3.3033], [111.7979, -3.2039], [111.825, -3.0506], [111.814, -3.0012], [111.7178, -2.847], [111.6693, -2.8943], [111.6904, -2.9418], [111.6322, -2.9597], [111.5547, -3.011], [111.4899, -2.9454], [111.4121, -2.9035], [111.3615, -2.9086], [111.298, -2.9282], [111.1337, -3.0182], [111.0397, -3.0537]]]}}, {"type": "Feature", "properties": {"provinsi": "Kalimantan Timur", "pulau": "Kalimantan", "nama_resmi": "Provinsi Kalimantan Timur", "tipe": "Provinsi", "parlemen": 12.73, "pendapatan": 24.85, "pengeluaran": 13793.0, "ahh": 76.9, "profesional": 51.65, "tpak": 49.07, "rls": 10.02, "hls": 14.03, "skor_ekonomi": 22.59, "skor_keputusan": 50.06, "skor_kapasitas_sosial": 62.83, "ikpp_komposit": 41.63, "kuadran": "Kuadran II (Ekonomi Rendah, Keputusan Tinggi)"}, "geometry": {"type": "MultiPolygon", "coordinates": [[[[116.3931, -2.1269], [116.4611, -2.1327], [116.5022, -2.1093], [116.5173, -2.1357], [116.5034, -2.1609], [116.4027, -2.205], [116.3865, -2.1855], [116.3931, -2.1269]]], [[[115.8076, -2.0614], [115.721, -2.0624], [115.6949, -2.0405], [115.719, -1.9974], [115.7005, -1.9709], [115.7233, -1.9215], [115.728, -1.797], [115.687, -1.7584], [115.7071, -1.7332], [115.6652, -1.7067], [115.67, -1.6302], [115.6361, -1.6038], [115.6189, -1.4879], [115.6353, -1.4638], [115.688, -1.4468], [115.7588, -1.3126], [115.7772, -1.2312], [115.8192, -1.1834], [115.8494, -1.1718], [115.8419, -1.0969], [115.8198, -1.0886], [115.7664, -1.1377], [115.7109, -1.075], [115.6792, -1.0089], [115.6323, -0.9862], [115.5545, -0.8598], [115.4804, -0.8763], [115.3764, -0.8755], [115.2882, -0.7951], [115.3008, -0.745], [115.3466, -0.7204], [115.3338, -0.6832], [115.378, -0.6398], [115.3565, -0.6134], [115.3809, -0.5722], [115.3367, -0.5435], [115.2904, -0.5554], [115.3071, -0.486], [115.2735, -0.4548], [115.2336, -0.3633], [115.2299, -0.306], [115.2538, -0.3009], [115.2566, -0.2407], [115.2981, -0.2077], [115.257, -0.1607], [115.3096, -0.1178], [115.2949, -0.0524], [115.166, -0.0872], [115.1499, -0.1391], [115.0668, -0.1488], [115.013, -0.2662], [114.9811, -0.2755], [114.9204, -0.2334], [114.929, -0.1654], [114.921, -0.1003], [114.8924, -0.0259], [114.8238, -0.0362], [114.7953, 0.0114], [114.7183, 0.0535], [114.7089, 0.074], [114.7719, 0.1219], [114.7625, 0.1464], [114.8298, 0.1916], [114.8577, 0.2704], [114.9026, 0.3177], [114.9496, 0.3324], [115.0229, 0.3304], [115.0401, 0.2985], [115.1245, 0.37], [115.1374, 0.4255], [115.0916, 0.4804], [115.0135, 0.5993], [114.9856, 0.7317], [114.9433, 0.7729], [114.8748, 0.7424], [114.8319, 0.7546], [114.761, 0.7317], [114.7161, 0.7012], [114.6584, 0.6985], [114.652, 0.6747], [114.5979, 0.6318], [114.5406, 0.6204], [114.5245, 0.5628], [114.489, 0.57], [114.4303, 0.5416], [114.3768, 0.5596], [114.3641, 0.5302], [114.2919, 0.5366], [114.2438, 0.5226], [114.2031, 0.5401], [114.158, 0.6777], [114.1231, 0.6954], [113.9213, 0.644], [113.8418, 0.6577], [113.8393, 0.6954], [113.8948, 0.726], [113.8739, 0.7759], [113.9265, 0.8414], [113.8768, 0.8796], [113.872, 0.9153], [113.912, 0.9684], [113.8929, 1.0201], [113.9014, 1.0598], [113.9393, 1.0588], [113.9852, 1.1368], [114.1279, 1.1567], [114.1357, 1.219], [114.1631, 1.3091], [114.155, 1.3744], [114.2055, 1.4102], [114.2383, 1.4483], [114.3006, 1.4587], [114.3366, 1.4858], [114.4143, 1.5114], [114.4745, 1.474], [114.5616, 1.4338], [114.563, 1.4318], [114.5652, 1.4262], [114.5723, 1.3894], [114.6168, 1.3632], [114.6901, 1.3599], [114.7225, 1.3133], [114.7598, 1.3261], [114.7948, 1.3762], [114.8787, 1.4179], [114.9018, 1.419], [114.9539, 1.3732], [115.0169, 1.348], [115.0452, 1.2675], [115.0996, 1.2443], [115.0937, 1.212], [115.1221, 1.1865], [115.182, 1.1967], [115.2425, 1.1809], [115.2781, 1.1364], [115.3807, 1.1179], [115.4181, 1.1517], [115.4049, 1.1734], [115.4274, 1.2228], [115.4875, 1.2525], [115.5948, 1.2822], [115.6858, 1.282], [115.697, 1.2663], [115.7645, 1.2591], [115.7734, 1.3077], [115.807, 1.3246], [115.8569, 1.4014], [115.8543, 1.434], [115.9085, 1.4735], [115.9551, 1.4894], [115.9648, 1.5241], [116.0076, 1.5259], [116.0414, 1.5566], [116.0364, 1.6061], [116.0889, 1.6616], [116.1335, 1.6681], [116.1617, 1.7441], [116.1838, 1.841], [116.1755, 1.9028], [116.1991, 1.9506], [116.1945, 1.9857], [116.2311, 2.0128], [116.2126, 2.063], [116.2228, 2.0979], [116.2863, 2.1025], [116.3492, 2.1781], [116.2898, 2.2356], [116.3044, 2.2623], [116.3574, 2.2945], [116.4021, 2.2979], [116.455, 2.2769], [116.4667, 2.3254], [116.5042, 2.3481], [116.4912, 2.446], [116.5572, 2.4565], [116.6286, 2.3938], [116.7144, 2.3914], [116.7509, 2.4356], [116.753, 2.4743], [116.795, 2.5095], [116.8447, 2.5195], [116.8771, 2.4958], [116.9242, 2.5049], [116.9608, 2.477], [116.9698, 2.4438], [117.024, 2.4598], [117.0155, 2.4977], [117.0485, 2.548], [117.1337, 2.5362], [117.172, 2.5619], [117.2148, 2.5647], [117.1922, 2.4957], [117.2699, 2.4829], [117.3082, 2.5338], [117.3638, 2.5387], [117.3881, 2.5598], [117.4153, 2.5014], [117.4993, 2.5216], [117.5721, 2.5015], [117.6128, 2.5199], [117.7087, 2.3915], [117.7212, 2.3463], [117.8116, 2.3264], [117.8219, 2.3613], [117.8638, 2.3929], [117.9183, 2.3936], [117.9882, 2.4351], [118.0539, 2.3673], [118.0982, 2.2847], [118.0562, 2.2302], [118.0108, 2.2], [117.9333, 2.181], [117.8944, 2.1959], [117.8191, 2.2022], [117.6899, 2.1809], [117.7237, 2.1367], [117.7138, 2.0827], [117.7702, 2.0124], [117.8124, 1.9891], [117.8321, 1.9115], [117.8897, 1.8727], [117.9294, 1.8057], [118.0481, 1.7832], [118.0525, 1.7342], [118.1151, 1.6521], [118.2458, 1.5625], [118.4072, 1.4866], [118.4296, 1.4002], [118.5803, 1.3543], [118.606, 1.3223], [118.7138, 1.2487], [118.7651, 1.1998], [118.7823, 1.1286], [118.8719, 1.0672], [118.9525, 1.0515], [118.9888, 1.0225], [118.9643, 0.9426], [118.8648, 0.8796], [118.7951, 0.8017], [118.7093, 0.8292], [118.6775, 0.8571], [118.622, 0.8449], [118.5933, 0.8118], [118.5464, 0.8084], [118.4428, 0.8444], [118.3854, 0.8089], [118.3416, 0.8192], [118.322, 0.8488], [118.2032, 0.8689], [118.0646, 0.9035], [117.9914, 1.0011], [117.9843, 1.0575], [117.8945, 1.1231], [117.8971, 1.0673], [117.9736, 0.9764], [117.9688, 0.9589], [118.0276, 0.8329], [118.0249, 0.7774], [117.9685, 0.7753], [117.8877, 0.8311], [117.8023, 0.7912], [117.752, 0.7564], [117.7113, 0.6973], [117.7073, 0.623], [117.6735, 0.6156], [117.6581, 0.5626], [117.6011, 0.4759], [117.6121, 0.4324], [117.5666, 0.3913], [117.5334, 0.286], [117.5281, 0.2203], [117.5045, 0.2057], [117.4884, 0.1581], [117.4991, 0.0601], [117.5166, 0.0224], [117.5177, -0.0315], [117.4817, -0.069], [117.4173, -0.2467], [117.4434, -0.2988], [117.4578, -0.3871], [117.4284, -0.3986], [117.4543, -0.4472], [117.4123, -0.5392], [117.338, -0.5797], [117.31904957284691, -0.580844858874113], [117.3119, -0.5782], [117.31271245379095, -0.581227705494346], [117.2751, -0.5835], [117.2798, -0.5979], [117.3007, -0.6462], [117.2817, -0.791], [117.2569, -0.804], [117.2488, -0.9072], [117.2031, -0.9281], [117.1575, -0.9688], [117.0648, -1.1064], [117.0227, -1.1407], [117.0002, -1.2007], [116.9334, -1.2532], [116.8843, -1.2766], [116.8115, -1.2819], [116.8163, -1.2373], [116.7837, -1.2115], [116.7885, -1.1732], [116.7686, -1.129], [116.7289, -1.1016], [116.7412, -1.0733], [116.7016, -1.1194], [116.7669, -1.1871], [116.7418, -1.2181], [116.7781, -1.2442], [116.7607, -1.2906], [116.7621, -1.3621], [116.6097, -1.4156], [116.5399, -1.4647], [116.53, -1.5088], [116.5524, -1.5612], [116.5576, -1.6019], [116.4922, -1.6428], [116.4495, -1.6485], [116.3803, -1.6853], [116.3129, -1.7042], [116.3088, -1.724], [116.2462, -1.7793], [116.2634, -1.8106], [116.3756, -1.7624], [116.4503, -1.773], [116.4466, -1.8276], [116.4266, -1.8522], [116.4579, -1.929], [116.4577, -2.0622], [116.3934, -2.0828], [116.3851, -2.1905], [116.4005, -2.2144], [116.5144, -2.1656], [116.5954, -2.2029], [116.5767, -2.3328], [116.5553, -2.4088], [116.4102, -2.3721], [116.3277, -2.3408], [116.2679, -2.3383], [116.2358, -2.3091], [116.1625, -2.3066], [116.1134, -2.3376], [116.0427, -2.3259], [116.0355, -2.3091], [115.8936, -2.3346], [115.8866, -2.3622], [115.8355, -2.3899], [115.8328, -2.2975], [115.811, -2.2376], [115.7857, -2.217], [115.8076, -2.0614]]], [[[117.311, -0.8563], [117.3477, -0.8262], [117.3403, -0.7814], [117.3733, -0.84], [117.3579, -0.8971], [117.3291, -0.9049], [117.311, -0.8563]]], [[[117.4031, -0.8627], [117.3334, -0.7559], [117.3198, -0.6853], [117.3751, -0.7173], [117.3723, -0.7517], [117.4112, -0.8384], [117.4031, -0.8627]]], [[[117.3711, -0.6001], [117.3676, -0.6436], [117.3258, -0.63], [117.31271245379095, -0.581227705494346], [117.31904957284691, -0.580844858874113], [117.3711, -0.6001]]], [[[117.5152, -0.7363], [117.5559, -0.7272], [117.6168, -0.7585], [117.5981, -0.7853], [117.515, -0.7728], [117.4964, -0.748], [117.4461, -0.741], [117.4622, -0.7027], [117.5152, -0.7363]]], [[[117.4488, -0.6089], [117.3861, -0.5757], [117.4753, -0.5567], [117.4488, -0.6089]]], [[[117.5181, -0.6028], [117.5045, -0.5456], [117.5488, -0.5054], [117.5858, -0.5222], [117.5781, -0.5776], [117.5181, -0.6028]]], [[[117.4971, -0.4722], [117.5912, -0.4121], [117.6249, -0.4203], [117.6204, -0.4613], [117.575, -0.4876], [117.5097, -0.5065], [117.4971, -0.4722]]], [[[117.5397, -0.377], [117.4997, -0.4236], [117.4694, -0.4184], [117.5179, -0.3501], [117.5397, -0.377]]], [[[117.8297, 2.1154], [117.84369236230788, 2.128271179430636], [117.86480316845167, 2.142267294001116], [117.9003, 2.1256], [117.8953, 2.0798], [117.8297, 2.1154]]], [[[117.803, 2.1217], [117.7313, 2.0891], [117.7296, 2.1682], [117.8043, 2.1602], [117.803, 2.1217]]], [[[117.84369236230788, 2.128271179430636], [117.8282, 2.118], [117.8081, 2.1698], [117.8825, 2.154], [117.86480316845167, 2.142267294001116], [117.8609, 2.1441], [117.84369236230788, 2.128271179430636]]]]}}, {"type": "Feature", "properties": {"provinsi": "Kalimantan Utara", "pulau": "Kalimantan", "nama_resmi": "Provinsi Kalimantan Utara", "tipe": "Provinsi", "parlemen": 17.14, "pendapatan": 26.68, "pengeluaran": 12451.0, "ahh": 74.65, "profesional": 46.49, "tpak": 44.0, "rls": 10.37, "hls": 14.22, "skor_ekonomi": 23.43, "skor_keputusan": 45.42, "skor_kapasitas_sosial": 60.09, "ikpp_komposit": 39.56, "kuadran": "Kuadran III (Ekonomi Rendah, Keputusan Rendah)"}, "geometry": {"type": "MultiPolygon", "coordinates": [[[[116.1945, 1.9857], [116.1991, 1.9506], [116.1755, 1.9028], [116.1838, 1.841], [116.1617, 1.7441], [116.1335, 1.6681], [116.0889, 1.6616], [116.0364, 1.6061], [116.0414, 1.5566], [116.0076, 1.5259], [115.9648, 1.5241], [115.9551, 1.4894], [115.9085, 1.4735], [115.8543, 1.434], [115.8569, 1.4014], [115.807, 1.3246], [115.7734, 1.3077], [115.7645, 1.2591], [115.697, 1.2663], [115.6858, 1.282], [115.5948, 1.2822], [115.4875, 1.2525], [115.4274, 1.2228], [115.4049, 1.1734], [115.4181, 1.1517], [115.3807, 1.1179], [115.2781, 1.1364], [115.2425, 1.1809], [115.182, 1.1967], [115.1221, 1.1865], [115.0937, 1.212], [115.0996, 1.2443], [115.0452, 1.2675], [115.0169, 1.348], [114.9539, 1.3732], [114.9018, 1.419], [114.8787, 1.4179], [114.7948, 1.3762], [114.7598, 1.3261], [114.7225, 1.3133], [114.6901, 1.3599], [114.6168, 1.3632], [114.5723, 1.3894], [114.5652, 1.4262], [114.6159, 1.5155], [114.6105, 1.5752], [114.6808, 1.6104], [114.7051, 1.6373], [114.7192, 1.7159], [114.7062, 1.8207], [114.7473, 1.8694], [114.7906, 1.8475], [114.8172, 1.8898], [114.8559, 1.8952], [114.8522, 1.9456], [114.8809, 2.0307], [114.828, 2.0272], [114.7987, 2.0426], [114.8222, 2.1183], [114.7911, 2.1459], [114.7346, 2.1502], [114.7411, 2.1912], [114.788, 2.201], [114.7986, 2.2475], [114.8706, 2.2638], [114.917, 2.2549], [114.9677, 2.2944], [114.948, 2.3161], [115.0632, 2.4077], [115.0966, 2.4026], [115.1181, 2.4563], [115.1482, 2.4773], [115.2044, 2.4712], [115.2492, 2.5094], [115.2512, 2.5412], [115.1697, 2.6135], [115.1136, 2.5833], [115.088, 2.6163], [115.1192, 2.655], [115.1063, 2.7219], [115.1404, 2.7473], [115.142, 2.805], [115.1178, 2.8359], [115.152, 2.8704], [115.148, 2.9081], [115.2093, 2.9572], [115.2485, 2.9647], [115.2845, 3.0475], [115.3185, 3.0161], [115.3305, 2.976], [115.3936, 2.9797], [115.4397, 3.0229], [115.4855, 3.0182], [115.5154, 3.0559], [115.5105, 3.0934], [115.5616, 3.1702], [115.518, 3.197], [115.543, 3.3578], [115.5865, 3.45], [115.624, 3.4081], [115.657, 3.4391], [115.609, 3.5107], [115.6115, 3.5537], [115.5794, 3.5962], [115.571, 3.681], [115.5874, 3.7773], [115.6124, 3.8236], [115.6162, 3.8754], [115.5759, 3.8936], [115.5891, 3.9432], [115.6256, 3.944], [115.6491, 3.9871], [115.6535, 4.0352], [115.6771, 4.0898], [115.6806, 4.1532], [115.7278, 4.1898], [115.7664, 4.245], [115.8699, 4.2857], [115.8647, 4.3417], [115.8772, 4.3915], [115.9082, 4.3911], [115.9278, 4.354], [115.9765, 4.3579], [116.0314, 4.3288], [116.0312, 4.3011], [116.0725, 4.2767], [116.1159, 4.3355], [116.155, 4.3385], [116.1604, 4.3748], [116.22, 4.3821], [116.2613, 4.362], [116.3479, 4.3903], [116.4788, 4.3026], [116.5292, 4.326], [116.5362, 4.3762], [116.5643, 4.3913], [116.6422, 4.3368], [116.7011, 4.334], [116.7511, 4.3897], [116.8426, 4.326], [116.9009, 4.3664], [116.9742, 4.3436], [117.0429, 4.3473], [117.1075, 4.3325], [117.1508, 4.3536], [117.1997, 4.3352], [117.2475, 4.374], [117.2895, 4.3155], [117.3723, 4.2853], [117.4297, 4.2292], [117.4678, 4.1736], [117.5347, 4.1619], [117.5481, 4.1423], [117.5162, 4.0993], [117.4162, 4.1401], [117.4184, 4.0943], [117.4684, 4.0829], [117.4382, 4.0134], [117.4641, 3.9583], [117.4576, 3.9299], [117.4995, 3.9127], [117.557, 3.9157], [117.5981, 3.8763], [117.6689, 3.8788], [117.7344, 3.8356], [117.7538, 3.7651], [117.6735, 3.7803], [117.6865, 3.7668], [117.8147, 3.7211], [117.7343, 3.6315], [117.6685, 3.6157], [117.5766, 3.6339], [117.5204, 3.6741], [117.4872, 3.7191], [117.427, 3.6933], [117.4854, 3.6735], [117.4888, 3.6525], [117.4284, 3.6247], [117.3704, 3.638], [117.2577, 3.6176], [117.1687, 3.6443], [117.0659, 3.6314], [117.0749, 3.6113], [117.1764, 3.6191], [117.2261, 3.6036], [117.1944, 3.5418], [117.2176, 3.4928], [117.2555, 3.4706], [117.355, 3.4491], [117.3702, 3.4121], [117.4123, 3.3913], [117.4152, 3.3368], [117.3885, 3.3302], [117.4468, 3.3409], [117.5045, 3.322], [117.5167, 3.2759], [117.4004, 3.2613], [117.3791, 3.2295], [117.3076, 3.2071], [117.3344, 3.1779], [117.4443, 3.1617], [117.4775, 3.0959], [117.4355, 3.0518], [117.5426, 3.0681], [117.5678, 3.0464], [117.6274, 3.0513], [117.6356, 2.9787], [117.6905, 2.9586], [117.714, 2.9157], [117.728, 2.8289], [117.6907, 2.7855], [117.7852, 2.7483], [117.7896, 2.6527], [117.8119, 2.6097], [117.8862, 2.54], [117.9382, 2.4729], [117.9882, 2.4351], [117.9183, 2.3936], [117.8638, 2.3929], [117.8219, 2.3613], [117.8116, 2.3264], [117.7212, 2.3463], [117.7087, 2.3915], [117.6128, 2.5199], [117.5721, 2.5015], [117.4993, 2.5216], [117.4153, 2.5014], [117.3881, 2.5598], [117.3638, 2.5387], [117.3082, 2.5338], [117.2699, 2.4829], [117.1922, 2.4957], [117.2148, 2.5647], [117.172, 2.5619], [117.1337, 2.5362], [117.0485, 2.548], [117.0155, 2.4977], [117.024, 2.4598], [116.9698, 2.4438], [116.9608, 2.477], [116.9242, 2.5049], [116.8771, 2.4958], [116.8447, 2.5195], [116.795, 2.5095], [116.753, 2.4743], [116.7509, 2.4356], [116.7144, 2.3914], [116.6286, 2.3938], [116.5572, 2.4565], [116.4912, 2.446], [116.5042, 2.3481], [116.4667, 2.3254], [116.455, 2.2769], [116.4021, 2.2979], [116.3574, 2.2945], [116.3044, 2.2623], [116.2898, 2.2356], [116.3492, 2.1781], [116.2863, 2.1025], [116.2228, 2.0979], [116.2126, 2.063], [116.2311, 2.0128], [116.1945, 1.9857]]], [[[117.4928, 3.4075], [117.5051, 3.3554], [117.4553, 3.3474], [117.4493, 3.4021], [117.4928, 3.4075]]], [[[117.5472, 3.4712], [117.5035, 3.5067], [117.4563, 3.5155], [117.4565, 3.55], [117.5082, 3.5432], [117.6094, 3.5006], [117.6061, 3.4744], [117.5472, 3.4712]]], [[[117.4354, 3.5086], [117.5053, 3.4973], [117.4618, 3.4493], [117.323, 3.4913], [117.2308, 3.4968], [117.2014, 3.5391], [117.2489, 3.5881], [117.3111, 3.5599], [117.3711, 3.5626], [117.4377, 3.5289], [117.4354, 3.5086]]], [[[117.5486, 3.4423], [117.6133, 3.4412], [117.6658, 3.4152], [117.6481, 3.2411], [117.6104, 3.2798], [117.5412, 3.3269], [117.515, 3.3811], [117.5486, 3.4423]]], [[[117.8009, 3.5894], [117.8501, 3.5372], [117.8738, 3.4671], [117.8423, 3.4555], [117.7722, 3.5058], [117.7562, 3.564], [117.8009, 3.5894]]], [[[117.7426, 3.8717], [117.8292, 3.8075], [117.8265, 3.7828], [117.7439, 3.806], [117.7426, 3.8717]]], [[[117.5653, 3.9184], [117.4966, 3.9163], [117.4433, 4.0058], [117.4997, 4.0528], [117.5322, 4.0306], [117.5975, 3.9335], [117.6817, 3.8879], [117.6062, 3.8821], [117.5653, 3.9184]]], [[[117.5893, 4.08], [117.6294, 4.1352], [117.6688, 4.1441], [117.7535, 4.0617], [117.7478, 4.0479], [117.724, 3.9844], [117.6691, 3.9665], [117.603, 4.0108], [117.5893, 4.08]]], [[[117.9009, 4.1667], [117.9256, 4.1272], [117.9253, 4.062], [117.8612, 4.029], [117.7311, 4.1208], [117.6833, 4.1667], [117.9009, 4.1667]]]]}}, {"type": "Feature", "properties": {"provinsi": "Kepulauan Bangka Belitung", "pulau": "Sumatera", "nama_resmi": "Provinsi Kepulauan Bangka Belitung", "tipe": "Provinsi", "parlemen": 22.22, "pendapatan": 27.56, "pengeluaran": 13667.0, "ahh": 73.52, "profesional": 51.21, "tpak": 50.57, "rls": 8.33, "hls": 12.49, "skor_ekonomi": 23.67, "skor_keputusan": 45.12, "skor_kapasitas_sosial": 59.28, "ikpp_komposit": 39.37, "kuadran": "Kuadran III (Ekonomi Rendah, Keputusan Rendah)"}, "geometry": {"type": "MultiPolygon", "coordinates": [[[[106.7904, -3.0178], [106.7177, -2.9698], [106.7324, -2.9253], [106.8077, -2.8867], [106.8442, -2.9168], [106.9106, -2.9472], [106.8559, -3.0389], [106.7904, -3.0178]]], [[[108.0376, -2.6102], [108.0872, -2.6046], [108.2701, -2.7509], [108.2935, -2.8331], [108.2942, -2.8788], [108.266, -2.8969], [108.2478, -2.9535], [108.2069, -3.0173], [108.217, -3.0539], [108.1534, -3.1709], [108.0793, -3.1708], [108.0854, -3.2072], [108.0638, -3.2393], [107.9669, -3.2465], [107.9741, -3.1947], [107.9585, -3.1601], [107.8482, -3.0594], [107.8149, -3.0883], [107.8457, -3.1135], [107.8367, -3.1569], [107.7661, -3.1915], [107.7198, -3.1903], [107.6363, -3.2403], [107.5859, -3.2032], [107.6293, -3.1429], [107.5852, -3.072], [107.5612, -2.9982], [107.6001, -2.9326], [107.529, -2.9209], [107.5976, -2.8582], [107.5972, -2.7922], [107.6251, -2.7546], [107.612, -2.7025], [107.643, -2.6407], [107.6414, -2.5909], [107.6583, -2.5596], [107.7204, -2.5484], [107.7623, -2.5577], [107.819, -2.5294], [107.8388, -2.5562], [107.9393, -2.5729], [107.9892, -2.5724], [108.0376, -2.6102]]], [[[107.3804, -2.8491], [107.4684, -2.8228], [107.4859, -2.8497], [107.4579, -2.9159], [107.4121, -2.946], [107.3659, -2.909], [107.3804, -2.8491]]], [[[107.0199, -2.8751], [107.0561, -2.8191], [107.0927, -2.8612], [107.0863, -2.9101], [107.0561, -2.9094], [107.0199, -2.8751]]], [[[106.6683, -2.978], [106.7289, -3.0315], [106.7364, -3.0867], [106.6085, -3.0885], [106.5737, -3.0795], [106.5138, -3.1133], [106.4984, -3.0637], [106.4418, -3.0116], [106.4296, -2.9745], [106.3499, -2.9703], [106.2772, -2.9017], [106.2334, -2.8999], [106.1762, -2.8706], [106.1483, -2.8748], [106.0936, -2.8372], [105.967, -2.8147], [105.9195, -2.7435], [105.8882, -2.6377], [105.9158, -2.5458], [105.9379, -2.5305], [105.9345, -2.4805], [105.9122, -2.4451], [105.8334, -2.4109], [105.8033, -2.3673], [105.8183, -2.3398], [105.8272, -2.3168], [105.7873, -2.2486], [105.7848, -2.1661], [105.7397, -2.1326], [105.6469, -2.1171], [105.592, -2.1232], [105.5395, -2.0793], [105.4695, -2.1048], [105.4391, -2.1328], [105.3283, -2.1282], [105.301, -2.1543], [105.259, -2.0865], [105.2259, -2.0654], [105.1252, -2.0751], [105.1087, -2.0228], [105.1634, -1.9295], [105.2641, -1.8965], [105.3726, -1.8215], [105.3997, -1.75], [105.3426, -1.7011], [105.3423, -1.6678], [105.3846, -1.642], [105.4711, -1.5614], [105.5354, -1.5651], [105.605, -1.5297], [105.6295, -1.6276], [105.6522, -1.6508], [105.717, -1.6541], [105.6614, -1.7136], [105.6551, -1.7454], [105.6953, -1.7809], [105.745, -1.7833], [105.7885, -1.7565], [105.7546, -1.7277], [105.7405, -1.6871], [105.763, -1.6507], [105.72, -1.5793], [105.7457, -1.5313], [105.9103, -1.532], [105.9719, -1.5491], [106.0477, -1.6011], [106.0212, -1.6394], [106.0311, -1.6857], [106.0619, -1.7179], [106.1478, -1.8656], [106.1858, -1.8961], [106.1662, -1.9211], [106.1498, -1.9939], [106.1581, -2.0882], [106.1781, -2.148], [106.2261, -2.2555], [106.2372, -2.3279], [106.2995, -2.4208], [106.3576, -2.4664], [106.4454, -2.4724], [106.4994, -2.5041], [106.6985, -2.5422], [106.8105, -2.5777], [106.763, -2.598], [106.7088, -2.6429], [106.6626, -2.7161], [106.6039, -2.8587], [106.596, -2.9503], [106.6683, -2.978]]]]}}, {"type": "Feature", "properties": {"provinsi": "Kepulauan Riau", "pulau": "Sumatera", "nama_resmi": "Provinsi Kepulauan Riau", "tipe": "Provinsi", "parlemen": 13.95, "pendapatan": 28.47, "pengeluaran": 15573.0, "ahh": 73.27, "profesional": 47.12, "tpak": 52.15, "rls": 10.5, "hls": 13.27, "skor_ekonomi": 25.21, "skor_keputusan": 48.01, "skor_kapasitas_sosial": 61.68, "ikpp_komposit": 41.63, "kuadran": "Kuadran II (Ekonomi Rendah, Keputusan Tinggi)"}, "geometry": {"type": "MultiPolygon", "coordinates": [[[[104.4565, -0.6216], [104.4406, -0.5876], [104.3987, -0.6001], [104.3657, -0.6839], [104.3421, -0.6562], [104.3185, -0.5367], [104.2989, -0.5351], [104.2599, -0.4752], [104.2782, -0.3965], [104.3514, -0.3939], [104.3854, -0.4133], [104.4304, -0.3831], [104.4398, -0.3404], [104.4775, -0.3357], [104.5415, -0.3945], [104.5996, -0.4686], [104.5751, -0.4945], [104.5351, -0.5384], [104.5083, -0.5955], [104.5045, -0.6436], [104.4565, -0.6216]]], [[[104.4165, 0.3315], [104.3935, 0.2894], [104.3512, 0.3167], [104.3479, 0.3452], [104.4165, 0.3315]]], [[[103.4635, 0.6364], [103.4902, 0.6832], [103.5164, 0.6656], [103.4898, 0.624], [103.4635, 0.6364]]], [[[104.2856, 0.6616], [104.2688, 0.6255], [104.21892290133334, 0.712549653333325], [104.2378, 0.6998], [104.23807953517831, 0.699997624870251], [104.2856, 0.6616]]], [[[104.2158, 0.718], [104.21892290133334, 0.712549653333325], [104.1882, 0.7333], [104.1786, 0.777], [104.2456, 0.7927], [104.2808, 0.7302], [104.23807953517831, 0.699997624870251], [104.2158, 0.718]]], [[[103.3773, 0.8965], [103.4109, 0.8465], [103.4648, 0.8147], [103.5097, 0.7616], [103.5046, 0.7199], [103.4641, 0.6486], [103.4366, 0.636], [103.4012, 0.6722], [103.352, 0.7472], [103.3525, 0.8441], [103.3773, 0.8965]]], [[[103.5258, 0.7662], [103.446, 0.8457], [103.4948, 0.8448], [103.5313, 0.7986], [103.5258, 0.7662]]], [[[103.7488, 0.8864], [103.7833, 0.8713], [103.8336, 0.8123], [103.8197, 0.752], [103.8197, 0.7724], [103.7581, 0.803], [103.7199, 0.852], [103.7488, 0.8864]]], [[[103.8839, 0.7982], [103.8344, 0.8402], [103.8643, 0.8806], [103.9057, 0.8417], [103.8839, 0.7982]]], [[[104.2451, 0.8199], [104.1647, 0.7919], [104.1476, 0.8527], [104.0903, 0.8986], [104.0987, 0.96], [104.1431, 0.9386], [104.1694, 0.8868], [104.2384, 0.8653], [104.2451, 0.8199]]], [[[103.4833, 0.8778], [103.4533, 0.8595], [103.4099, 0.8923], [103.4349, 0.9251], [103.4747, 0.9144], [103.4833, 0.8778]]], [[[103.9639, 0.9719], [103.9427, 0.9255], [103.8971, 0.9369], [103.8371, 0.9725], [103.8534, 1.0338], [103.9639, 0.9719]]], [[[103.4217, 1.0441], [103.4402, 0.9893], [103.3277, 1.0186], [103.311, 1.0581], [103.3508, 1.135], [103.4005, 1.0511], [103.4217, 1.0441]]], [[[104.067, 0.9835], [104.0341, 0.9802], [103.9813, 1.0082], [103.9422, 1.0079], [103.911, 1.0379], [103.8996, 1.0961], [103.9224, 1.1429], [103.9885, 1.1308], [104.0145, 1.1921], [104.0429, 1.1752], [104.0871, 1.1958], [104.1394, 1.1686], [104.1465, 1.1253], [104.1328, 1.0343], [104.0789, 1.0245], [104.067, 0.9835]]], [[[104.6621, -0.2119], [104.5271, -0.273], [104.4984, -0.2419], [104.429, -0.237], [104.4701, -0.1372], [104.5051, -0.1285], [104.5092, -0.0557], [104.5616, 0.0188], [104.6092, -0.0136], [104.6834, -0.0853], [104.7365, -0.148], [104.752, -0.1897], [104.8117, -0.2037], [104.8259, -0.1334], [104.8911, -0.2248], [104.9379, -0.2654], [104.9016, -0.2881], [104.8833, -0.3263], [104.8368, -0.3152], [104.7523, -0.2542], [104.7036, -0.2047], [104.6621, -0.2119]]], [[[104.4717, 0.0938], [104.4924, 0.0708], [104.4822, 0.015], [104.3915, 0.106], [104.4402, 0.1319], [104.4717, 0.0938]]], [[[104.6662, 0.0707], [104.7096, 0.0383], [104.6978, 0.0165], [104.5537, 0.1265], [104.4804, 0.2335], [104.5165, 0.2472], [104.608, 0.147], [104.6662, 0.0707]]], [[[104.4758, 1.0273], [104.4152, 1.0556], [104.3739, 1.0104], [104.3337, 0.9973], [104.2623, 1.0], [104.2156, 1.0644], [104.245, 1.1202], [104.3307, 1.1413], [104.3195, 1.1676], [104.4007, 1.2018], [104.4993, 1.1687], [104.5316, 1.1783], [104.5591, 1.2275], [104.5854, 1.2267], [104.5773, 1.1552], [104.6319, 1.1098], [104.6575, 1.0322], [104.6345, 0.9849], [104.66, 0.9408], [104.62, 0.9008], [104.6112, 0.8333], [104.5566, 0.8138], [104.5145, 0.8442], [104.4381, 0.9085], [104.4139, 0.9771], [104.4661, 0.9846], [104.4758, 1.0273]]], [[[107.562, 0.9514], [107.5301, 1.0], [107.5869, 1.0111], [107.5955, 0.9896], [107.562, 0.9514]]], [[[104.8296, 0.9754], [104.7879, 1.0279], [104.8503, 1.0112], [104.8296, 0.9754]]], [[[106.2519, 2.7593], [106.2264, 2.7369], [106.2015, 2.8107], [106.2519, 2.7593]]], [[[105.7511, 2.9681], [105.8289, 2.9886], [105.7872, 2.9022], [105.7585, 2.8339], [105.7254, 2.817], [105.6929, 2.8549], [105.7131, 2.9829], [105.7511, 2.9681]]], [[[108.8288, 2.9365], [108.8419, 3.0025], [108.87, 3.0097], [108.8904, 2.9978], [108.876, 2.8813], [108.8192, 2.8435], [108.7756, 2.8785], [108.8288, 2.9365]]], [[[106.2778, 3.1942], [106.2832, 3.1197], [106.2322, 3.1026], [106.2035, 3.1398], [106.2129, 3.2197], [106.2296, 3.2314], [106.2778, 3.1942]]], [[[106.2588, 3.2865], [106.2413, 3.3385], [106.2723, 3.3822], [106.308, 3.3662], [106.2884, 3.3045], [106.2588, 3.2865]]], [[[108.1185, 3.8264], [108.0649, 3.8341], [107.9899, 3.9425], [107.9737, 4.0144], [108.0261, 4.0538], [108.0741, 4.0678], [108.1044, 4.1074], [108.1743, 4.165], [108.2081, 4.2267], [108.2278, 4.1972], [108.2299, 4.1401], [108.2929, 4.0607], [108.4024, 3.9582], [108.382, 3.9314], [108.3968, 3.8269], [108.3868, 3.7935], [108.3343, 3.7635], [108.3041, 3.7167], [108.3056, 3.6704], [108.2012, 3.659], [108.1544, 3.6305], [108.1456, 3.6591], [108.0899, 3.6812], [108.1152, 3.738], [108.1884, 3.7836], [108.1185, 3.8264]]], [[[107.9289, 4.6808], [107.9738, 4.7346], [107.965, 4.6691], [107.9289, 4.6808]]]]}}, {"type": "Feature", "properties": {"provinsi": "Lampung", "pulau": "Sumatera", "nama_resmi": "Provinsi Lampung", "tipe": "Provinsi", "parlemen": 17.65, "pendapatan": 29.47, "pengeluaran": 11258.0, "ahh": 73.54, "profesional": 54.8, "tpak": 54.58, "rls": 8.36, "hls": 12.78, "skor_ekonomi": 31.36, "skor_keputusan": 50.0, "skor_kapasitas_sosial": 55.19, "ikpp_komposit": 43.58, "kuadran": "Kuadran II (Ekonomi Rendah, Keputusan Tinggi)"}, "geometry": {"type": "Polygon", "coordinates": [[[105.0887, -5.7746], [105.0336, -5.7317], [104.9279, -5.6961], [104.8283, -5.6211], [104.7775, -5.6055], [104.728, -5.5583], [104.7085, -5.5218], [104.6041, -5.4961], [104.5587, -5.514], [104.5329, -5.5461], [104.5768, -5.616], [104.6481, -5.7007], [104.6445, -5.7433], [104.7108, -5.8331], [104.6979, -5.8722], [104.7295, -5.9327], [104.6586, -5.9364], [104.5926, -5.9381], [104.5625, -5.8636], [104.4867, -5.7968], [104.38, -5.6804], [104.3027, -5.6419], [104.3114, -5.5914], [104.1777, -5.482], [104.1199, -5.4571], [104.0557, -5.3764], [103.9866, -5.258], [103.9066, -5.2086], [103.9361, -5.1718], [103.91, -5.126], [103.868, -5.1107], [103.8389, -5.0661], [103.7697, -5.0301], [103.711, -4.9631], [103.6587, -4.9664], [103.6396, -4.9327], [103.596, -4.9224], [103.6693, -4.8493], [103.7311, -4.7993], [103.7905, -4.779], [103.8263, -4.8017], [103.8695, -4.8564], [103.8557, -4.8919], [103.8638, -4.9174], [103.9356, -4.8846], [103.9616, -4.9105], [104.0719, -4.9039], [104.1216, -4.9242], [104.1744, -4.9058], [104.1913, -4.863], [104.2634, -4.8812], [104.2872, -4.8556], [104.3395, -4.8672], [104.3405, -4.8227], [104.3125, -4.7788], [104.2993, -4.644], [104.3408, -4.602], [104.3218, -4.4583], [104.3475, -4.4002], [104.4499, -4.2984], [104.4716, -4.312], [104.5248, -4.2643], [104.6212, -4.2256], [104.7064, -4.2593], [104.7478, -4.2478], [104.7925, -4.2666], [104.8594, -4.2392], [104.9061, -4.201], [104.9462, -4.1921], [105.0027, -4.1771], [105.0501, -4.1411], [105.1054, -4.0247], [105.1353, -3.9877], [105.1427, -3.933], [105.2056, -3.8908], [105.2553, -3.9004], [105.2776, -3.8764], [105.3188, -3.7326], [105.3425, -3.7314], [105.3551, -3.7942], [105.4113, -3.7766], [105.4302, -3.8224], [105.482, -3.8226], [105.5125, -3.8713], [105.5727, -3.8993], [105.5625, -3.9284], [105.611, -3.9649], [105.6304, -4.0026], [105.6248, -4.0393], [105.6518, -4.0871], [105.698, -4.125], [105.7602, -4.1372], [105.809, -4.1242], [105.8214, -4.1572], [105.8257, -4.1955], [105.8142, -4.3002], [105.8506, -4.4033], [105.89, -4.4383], [105.9055, -4.5492], [105.8833, -4.5827], [105.89, -4.628], [105.878, -4.6823], [105.8614, -4.8169], [105.8749, -4.8833], [105.9004, -4.9232], [105.8663, -4.9878], [105.8568, -5.0732], [105.8643, -5.2552], [105.8223, -5.3152], [105.8177, -5.3516], [105.8238, -5.5161], [105.8182, -5.5754], [105.809, -5.6887], [105.7897, -5.8073], [105.7522, -5.8731], [105.6744, -5.8376], [105.6046, -5.8305], [105.5853, -5.8067], [105.5896, -5.7353], [105.5344, -5.6712], [105.4979, -5.6689], [105.4089, -5.6221], [105.3451, -5.5183], [105.2908, -5.4468], [105.2515, -5.4902], [105.2527, -5.5626], [105.2031, -5.5771], [105.1674, -5.6062], [105.2018, -5.6565], [105.1983, -5.7176], [105.1556, -5.7508], [105.1947, -5.7949], [105.1494, -5.809], [105.1235, -5.7781], [105.0887, -5.7746]]]}}, {"type": "Feature", "properties": {"provinsi": "Maluku", "pulau": "Maluku", "nama_resmi": "Provinsi Maluku", "tipe": "Provinsi", "parlemen": 13.33, "pendapatan": 37.39, "pengeluaran": 8488.0, "ahh": 65.71, "profesional": 53.78, "tpak": 40.89, "rls": 9.21, "hls": 12.37, "skor_ekonomi": 36.85, "skor_keputusan": 47.27, "skor_kapasitas_sosial": 51.81, "ikpp_komposit": 44.01, "kuadran": "Kuadran IV (Ekonomi Tinggi, Keputusan Rendah)"}, "geometry": {"type": "MultiPolygon", "coordinates": [[[[128.1865, -8.2023], [128.2209, -8.2104], [128.2291, -8.2464], [128.2343, -8.2714], [128.1491, -8.2777], [128.079, -8.2565], [128.0933, -8.2233], [128.1865, -8.2023]]], [[[127.6025, -8.217], [127.6704, -8.1605], [127.7462, -8.1766], [127.7509, -8.2061], [127.6434, -8.2387], [127.6025, -8.217]]], [[[127.7882, -8.1036], [127.9272, -8.1291], [127.9469, -8.1463], [128.0354, -8.148], [128.077, -8.1375], [128.1257, -8.1535], [128.0772, -8.1918], [128.0523, -8.2292], [128.0426, -8.26], [127.9604, -8.247], [127.9434, -8.2199], [127.8871, -8.2183], [127.7936, -8.1836], [127.7882, -8.1036]]], [[[127.1477, -8.1019], [127.1376, -8.0351], [127.1662, -8.0141], [127.2149, -8.0338], [127.2103, -8.1058], [127.1477, -8.1019]]], [[[125.9474, -7.662], [125.9843, -7.6568], [126.0236, -7.6921], [126.1865, -7.727], [126.2342, -7.6891], [126.3234, -7.6951], [126.3983, -7.6366], [126.4383, -7.6321], [126.4708, -7.5892], [126.5363, -7.5718], [126.6366, -7.5635], [126.6395, -7.6054], [126.7126, -7.6451], [126.8085, -7.6772], [126.8427, -7.734], [126.6946, -7.7512], [126.659, -7.7778], [126.6035, -7.7921], [126.5491, -7.8235], [126.5208, -7.8592], [126.5033, -7.9184], [126.4641, -7.9746], [126.4234, -7.932], [126.3668, -7.9341], [126.332, -7.9145], [126.2251, -7.9284], [126.1713, -7.9232], [126.1279, -7.8905], [126.0712, -7.8876], [125.8862, -7.9524], [125.8696, -7.9769], [125.8132, -7.9978], [125.8255, -7.9044], [125.8074, -7.8638], [125.8708, -7.8148], [125.863, -7.7671], [125.8945, -7.7577], [125.9474, -7.662]]], [[[127.3233, -7.6273], [127.366, -7.5914], [127.3551, -7.5291], [127.3877, -7.4938], [127.4891, -7.5486], [127.4702, -7.5893], [127.406, -7.6048], [127.3864, -7.6492], [127.3399, -7.6492], [127.3233, -7.6273]]], [[[128.6795, -7.1717], [128.6514, -7.2159], [128.6261, -7.214], [128.5744, -7.1733], [128.5252, -7.1445], [128.5433, -7.1053], [128.6108, -7.062], [128.6506, -7.0927], [128.6996, -7.1068], [128.6795, -7.1717]]], [[[127.2423, -3.8546], [127.2234, -3.8956], [127.1641, -3.8887], [127.1424, -3.8533], [127.1986, -3.816], [127.2423, -3.8546]]], [[[128.7598, -3.6481], [128.8064, -3.6476], [128.8043, -3.6858], [128.7663, -3.6929], [128.7598, -3.6481]]], [[[128.1302, -3.7453], [128.189, -3.6756], [128.1517, -3.669], [128.0847, -3.7224], [128.0396, -3.7332], [127.9984, -3.7812], [127.9436, -3.7747], [127.9175, -3.7194], [127.9411, -3.6742], [128.0293, -3.5912], [128.1783, -3.5827], [128.2135, -3.5256], [128.2574, -3.4951], [128.3388, -3.5022], [128.3472, -3.5405], [128.3218, -3.5651], [128.3534, -3.5977], [128.3468, -3.636], [128.2712, -3.6179], [128.2966, -3.6662], [128.2644, -3.7292], [128.2271, -3.7482], [128.1302, -3.7453]]], [[[128.4668, -3.6137], [128.4233, -3.6316], [128.4136, -3.5391], [128.4493, -3.51], [128.5001, -3.5135], [128.5695, -3.5653], [128.5418, -3.6138], [128.4668, -3.6137]]], [[[128.6941, -3.4942], [128.7302, -3.5127], [128.7335, -3.6177], [128.6743, -3.5758], [128.6638, -3.6047], [128.6457, -3.63], [128.5964, -3.552], [128.5545, -3.5278], [128.604, -3.497], [128.6827, -3.5443], [128.6941, -3.4942]]], [[[127.143, -3.661], [127.0512, -3.6891], [126.996, -3.726], [126.9559, -3.7694], [126.8462, -3.7906], [126.7456, -3.848], [126.6956, -3.8617], [126.634, -3.8212], [126.552, -3.7903], [126.5224, -3.7945], [126.4141, -3.7328], [126.3308, -3.6774], [126.281, -3.6638], [126.233, -3.6185], [126.1969, -3.6232], [126.1633, -3.5803], [126.1606, -3.5399], [126.1254, -3.5018], [126.0719, -3.475], [126.0387, -3.4258], [126.0396, -3.3972], [126.0072, -3.358], [126.0184, -3.3319], [126.0055, -3.2606], [126.0174, -3.1739], [126.0893, -3.1133], [126.1245, -3.1511], [126.163, -3.1763], [126.2224, -3.1833], [126.2353, -3.132], [126.2928, -3.0977], [126.3461, -3.101], [126.4045, -3.0814], [126.4717, -3.084], [126.598, -3.0639], [126.6498, -3.0716], [126.7054, -3.0575], [126.7891, -3.0593], [126.8603, -3.0913], [126.8952, -3.1279], [126.9355, -3.1435], [126.9838, -3.1386], [127.0543, -3.1796], [127.1111, -3.2356], [127.0347, -3.2655], [127.0494, -3.336], [127.0711, -3.3632], [127.1242, -3.3831], [127.1601, -3.3367], [127.1849, -3.3568], [127.2587, -3.3736], [127.2484, -3.4521], [127.251, -3.5931], [127.2402, -3.6238], [127.1909, -3.6759], [127.143, -3.661]]], [[[127.623, -3.3057], [127.6567, -3.3662], [127.5063, -3.3294], [127.4874, -3.2983], [127.5282, -3.2646], [127.577, -3.2659], [127.623, -3.3057]]], [[[127.7991, -3.1998], [127.7887, -3.2567], [127.7043, -3.2595], [127.638, -3.2246], [127.7209, -3.1599], [127.7608, -3.1514], [127.7991, -3.1998]]], [[[128.8425, -3.2403], [128.8429, -3.2404], [128.7871, -3.2606], [128.7289, -3.3081], [128.6714, -3.3714], [128.6979, -3.4142], [128.6732, -3.4332], [128.5949, -3.4261], [128.5205, -3.4584], [128.4721, -3.4596], [128.405, -3.4285], [128.3934, -3.3928], [128.3332, -3.3218], [128.2915, -3.2255], [128.2655, -3.2025], [128.1818, -3.2309], [128.1601, -3.1983], [128.1733, -3.1446], [128.2018, -3.1264], [128.1991, -3.0752], [128.1542, -3.0693], [128.091, -3.1304], [128.0715, -3.1932], [128.0509, -3.3465], [127.9896, -3.3762], [127.9462, -3.4653], [127.9368, -3.5434], [127.8955, -3.4917], [127.9426, -3.351], [127.9172, -3.2942], [127.8881, -3.2715], [127.8734, -3.1934], [127.8982, -3.1581], [127.945, -3.1284], [128.0, -3.0707], [128.0308, -3.0777], [128.1142, -3.0638], [128.0882, -3.0182], [128.122, -2.9956], [128.1112, -2.9592], [128.1291, -2.9049], [128.1871, -2.8671], [128.2383, -2.8539], [128.2704, -2.8691], [128.3505, -2.8601], [128.4036, -2.8691], [128.5078, -2.8341], [128.5703, -2.854], [128.6909, -2.8577], [128.7529, -2.8504], [128.8374, -2.8664], [128.9593, -2.8412], [129.0349, -2.7956], [129.066, -2.81], [129.0833, -2.9391], [129.1286, -2.9692], [129.3447, -2.86], [129.3771, -2.7895], [129.4349, -2.7826], [129.5475, -2.8003], [129.6175, -2.8024], [129.6306, -2.8228], [129.7065, -2.8345], [129.7898, -2.8685], [129.8088, -2.9118], [129.8803, -2.8972], [129.9106, -2.9437], [130.0251, -2.9994], [130.1281, -2.9977], [130.1723, -2.9903], [130.22, -3.0058], [130.2809, -2.9757], [130.3526, -2.9744], [130.3835, -2.9876], [130.4779, -3.0707], [130.4915, -3.0995], [130.5528, -3.1073], [130.6, -3.1476], [130.6403, -3.2833], [130.6315, -3.329], [130.6639, -3.4005], [130.8052, -3.407], [130.8427, -3.4667], [130.8224, -3.5158], [130.8809, -3.5826], [130.8804, -3.6136], [130.8323, -3.659], [130.8188, -3.851], [130.7669, -3.8281], [130.7168, -3.8268], [130.6866, -3.8052], [130.6095, -3.7853], [130.5703, -3.723], [130.4857, -3.7075], [130.417, -3.6323], [130.3528, -3.6212], [130.2947, -3.5856], [130.1329, -3.5326], [130.0981, -3.5006], [130.0205, -3.4839], [129.9706, -3.4253], [129.96, -3.3587], [129.9287, -3.3381], [129.8586, -3.3366], [129.8073, -3.3214], [129.759, -3.3308], [129.729, -3.3146], [129.6783, -3.3233], [129.5248, -3.2982], [129.5113, -3.3353], [129.5661, -3.4141], [129.5386, -3.4694], [129.4806, -3.4555], [129.4045, -3.4171], [129.2878, -3.414], [129.1991, -3.3888], [129.0828, -3.3413], [128.9776, -3.3608], [128.9349, -3.3562], [128.9279, -3.3228], [128.967, -3.2902], [128.9662, -3.2262], [128.9316, -3.2095], [128.8583, -3.2119], [128.8424, -3.2402], [128.8425, -3.2403]]], [[[127.948, -3.0143], [127.9149, -3.0383], [127.8458, -3.0379], [127.8812, -2.9591], [127.9915, -2.9242], [128.0017, -2.9459], [127.948, -3.0143]]], [[[128.965, -8.1855], [129.029, -8.2171], [129.0319, -8.2348], [129.0026, -8.2589], [128.951, -8.2253], [128.9244, -8.2454], [128.8721, -8.2316], [128.8627, -8.1841], [128.965, -8.1855]]], [[[130.9236, -8.2303], [130.8875, -8.2463], [130.8982, -8.2872], [130.7975, -8.3444], [130.7805, -8.3186], [130.8236, -8.2542], [130.8721, -8.2205], [130.929, -8.1992], [130.9159, -8.1434], [130.9977, -8.1316], [131.0005, -8.0927], [131.0334, -8.0769], [131.1397, -8.1609], [130.9893, -8.2354], [130.9236, -8.2303]]], [[[129.8752, -8.154], [129.8346, -8.2104], [129.8482, -8.1418], [129.8752, -8.154]]], [[[129.5966, -7.8226], [129.6755, -7.786], [129.777, -7.8145], [129.8186, -7.8168], [129.8449, -7.8405], [129.846, -7.8897], [129.8676, -7.9063], [129.8378, -7.948], [129.7928, -8.0429], [129.7528, -8.0548], [129.6739, -8.0112], [129.6033, -7.9122], [129.5815, -7.894], [129.5966, -7.8226]]], [[[129.5258, -7.8687], [129.5703, -7.909], [129.5595, -7.9311], [129.515, -7.9229], [129.5258, -7.8687]]], [[[130.9699, -7.6809], [131.0617, -7.6482], [131.1198, -7.6448], [131.1139, -7.6767], [131.0708, -7.7078], [131.0276, -7.7048], [130.9904, -7.7412], [130.9632, -7.7283], [130.9699, -7.6809]]], [[[131.4787, -7.7464], [131.48, -7.7818], [131.3635, -7.8703], [131.3312, -7.9413], [131.2752, -7.9362], [131.2378, -8.002], [131.1028, -7.9961], [131.1189, -7.9022], [131.0795, -7.8748], [131.1329, -7.7601], [131.106, -7.7065], [131.1226, -7.6821], [131.177, -7.7249], [131.1726, -7.6465], [131.1849, -7.5895], [131.2241, -7.5278], [131.242, -7.4708], [131.2893, -7.4376], [131.3424, -7.4452], [131.3658, -7.3732], [131.4374, -7.3008], [131.4744, -7.2406], [131.526, -7.2371], [131.5184, -7.172], [131.537, -7.1424], [131.5826, -7.1262], [131.6591, -7.1225], [131.708, -7.1435], [131.71395350170963, -7.153780531302717], [131.7137, -7.1541], [131.71434945508776, -7.154464265228872], [131.7468, -7.2105], [131.7117, -7.232], [131.6709, -7.2245], [131.6328, -7.2534], [131.6584, -7.3356], [131.6485, -7.394], [131.6758, -7.4629], [131.6586, -7.5503], [131.6297, -7.6062], [131.5544, -7.7129], [131.4787, -7.7464]]], [[[130.8333, -7.5549], [130.8571, -7.4991], [130.9732, -7.5328], [130.894, -7.5779], [130.8333, -7.5549]]], [[[130.9806, -7.4363], [131.0134, -7.4224], [131.1619, -7.4054], [131.1332, -7.4618], [131.0781, -7.498], [131.0009, -7.5036], [130.969, -7.4898], [130.9806, -7.4363]]], [[[131.2643, -7.3792], [131.2081, -7.3587], [131.2624, -7.317], [131.2643, -7.3792]]], [[[131.9091, -7.2286], [131.9011, -7.1853], [131.8719, -7.1676], [131.7803, -7.1647], [131.7638, -7.1822], [131.71434945508776, -7.154464265228872], [131.71395350170963, -7.153780531302717], [131.7406, -7.1202], [131.8791, -7.1072], [131.9333, -7.1169], [131.9567, -7.1623], [131.9777, -7.1892], [131.9742, -7.2439], [131.9091, -7.2286]]], [[[131.6232, -6.6779], [131.5944, -6.7267], [131.5572, -6.7411], [131.5837, -6.7762], [131.5282, -6.8042], [131.5137, -6.7636], [131.5763, -6.6684], [131.6232, -6.6779]]], [[[132.6788, -5.7282], [132.6479, -5.7075], [132.6349, -5.6673], [132.6442, -5.6138], [132.7085, -5.6299], [132.7721, -5.7682], [132.8089, -5.8009], [132.8143, -5.8495], [132.788, -5.9139], [132.7799, -5.9423], [132.7209, -5.9473], [132.6629, -5.8988], [132.6899, -5.8356], [132.6694, -5.7757], [132.6788, -5.7282]]], [[[132.3214, -5.5228], [132.3619, -5.5634], [132.3236, -5.5797], [132.3214, -5.5228]]], [[[131.988, -5.3742], [131.9889, -5.3113], [132.0242, -5.3257], [131.988, -5.3742]]], [[[131.3107, -4.0828], [131.3773, -4.1279], [131.3937, -4.1551], [131.3008, -4.127], [131.3107, -4.0828]]], [[[131.4234, -4.0772], [131.3668, -3.9732], [131.4227, -3.9523], [131.4495, -4.065], [131.4234, -4.0772]]], [[[134.7266, -6.5855], [134.7606, -6.6294], [134.7112, -6.7267], [134.6851, -6.7763], [134.6227, -6.7558], [134.6726, -6.664], [134.6855, -6.5949], [134.7266, -6.5855]]], [[[134.3326, -6.8608], [134.252, -6.8889], [134.1956, -6.9318], [134.1486, -6.8664], [134.07, -6.8264], [134.0527, -6.7722], [134.0831, -6.6984], [134.0996, -6.488], [134.1164, -6.4486], [134.1158, -6.389], [134.1332, -6.3341], [134.1307, -6.2742], [134.1008, -6.1902], [134.1383, -6.1731], [134.1661, -6.214], [134.2147, -6.2194], [134.3095, -6.305], [134.2948, -6.3495], [134.339, -6.3888], [134.3773202109545, -6.395196135654149], [134.3793, -6.399], [134.4110627805859, -6.406778640143489], [134.4359, -6.4448], [134.4608, -6.4341], [134.4951, -6.5112], [134.4742, -6.547], [134.4853, -6.5814], [134.5298, -6.582], [134.4377, -6.7083], [134.3953, -6.7322], [134.3663, -6.7823], [134.3751, -6.8201], [134.3326, -6.8608]]], [[[134.8468, -6.5025], [134.8128, -6.5619], [134.7771, -6.5454], [134.8256, -6.482], [134.8468, -6.5025]]], [[[134.7451, -6.4824], [134.764, -6.5292], [134.6817, -6.5635], [134.6401, -6.4772], [134.6924, -6.4426], [134.7119, -6.4575], [134.7451, -6.4824]]], [[[134.5463, -6.5372], [134.5165, -6.5315], [134.4892, -6.489], [134.4849, -6.4478], [134.51243668142632, -6.409357702167224], [134.5154, -6.4056], [134.51557311062294, -6.404979122793745], [134.5455, -6.3632], [134.5988, -6.388], [134.6085, -6.4455], [134.5933, -6.4631], [134.5687, -6.4771], [134.5463, -6.5372]]], [[[134.8111, -6.4615], [134.7971, -6.3886], [134.8686, -6.2829], [134.906, -6.3098], [134.9001, -6.3529], [134.8714, -6.3918], [134.8452, -6.4764], [134.8111, -6.4615]]], [[[134.51243668142632, -6.409357702167224], [134.4822, -6.4477], [134.4234, -6.4098], [134.4110627805859, -6.406778640143489], [134.4067, -6.4001], [134.3773202109545, -6.395196135654149], [134.3615, -6.3648], [134.3794, -6.3198], [134.457, -6.2762], [134.5034, -6.3043], [134.5333, -6.3414], [134.51557311062294, -6.404979122793745], [134.51243668142632, -6.409357702167224]]], [[[134.2268, -6.0162], [134.2453, -6.0728], [134.2408, -6.1119], [134.2454, -6.1419], [134.3024, -6.1686], [134.3373, -6.2266], [134.3375, -6.2563], [134.2943, -6.2863], [134.246, -6.2399], [134.2301, -6.2019], [134.1794, -6.2001], [134.1697, -6.1657], [134.1147, -6.1007], [134.1251, -6.0363], [134.1621, -6.0407], [134.2268, -6.0162]]], [[[134.5524, -6.3517], [134.533, -6.3064], [134.4921, -6.2833], [134.4412, -6.2236], [134.3983, -6.2346], [134.3443, -6.2186], [134.284, -6.1445], [134.2712, -6.0894], [134.28, -6.0481], [134.3255, -6.0235], [134.4393, -6.0145], [134.4694, -5.9596], [134.47427291732734, -5.956616432354977], [134.5021, -5.9498], [134.5282640744748, -5.923558972364983], [134.5362, -5.9187], [134.5963, -5.9434], [134.6572, -5.9442], [134.6631, -5.9755], [134.7551, -6.0487], [134.7825, -6.0936], [134.7623, -6.1387], [134.7647, -6.2045], [134.7291, -6.3017], [134.688, -6.34], [134.6352, -6.3586], [134.5524, -6.3517]]], [[[134.7438, -5.9656], [134.7121, -5.9774], [134.6669, -5.934], [134.6374, -5.93], [134.6283, -5.8809], [134.7128, -5.8331], [134.7543, -5.8464], [134.7725, -5.8882], [134.7113, -5.8915], [134.7438, -5.9656]]], [[[134.207, -5.8354], [134.1887, -5.8121], [134.1955, -5.7531], [134.2506, -5.7852], [134.207, -5.8354]]], [[[134.294, -5.9175], [134.3715, -5.8487], [134.3679, -5.7686], [134.3342, -5.7981], [134.2847, -5.7517], [134.2601, -5.7595], [134.2116, -5.7202], [134.2549, -5.6725], [134.3434, -5.7283], [134.3552, -5.686], [134.415, -5.6409], [134.4524, -5.5511], [134.5274, -5.5643], [134.5359, -5.6324], [134.54535345315315, -5.643055163299729], [134.5466, -5.6492], [134.6162, -5.7232], [134.61642657820667, -5.723163007639724], [134.6185, -5.7255], [134.66581620240362, -5.759590298293801], [134.6864387415979, -5.788825091072045], [134.6895, -5.8334], [134.6149, -5.8842], [134.5851, -5.9334], [134.5361, -5.9157], [134.5282640744748, -5.923558972364983], [134.47427291732734, -5.956616432354977], [134.4674, -5.9583], [134.4381, -6.0125], [134.3716, -6.0186], [134.317, -5.9945], [134.3324, -5.9412], [134.294, -5.9175]]], [[[134.66581620240362, -5.759590298293801], [134.6563, -5.7461], [134.6882, -5.7294], [134.7474, -5.7854], [134.6915, -5.796], [134.6864387415979, -5.788825091072045], [134.6854, -5.7737], [134.66581620240362, -5.759590298293801]]], [[[134.7477, -5.6202], [134.764, -5.6665], [134.7044, -5.7088], [134.61642657820667, -5.723163007639724], [134.54535345315315, -5.643055163299729], [134.531, -5.5723], [134.5476326277593, -5.565954218324766], [134.578570372533, -5.566415975709448], [134.62127704293218, -5.573227786259544], [134.6339, -5.581], [134.6443355774745, -5.576914898497539], [134.7477, -5.6202]]], [[[133.154, -5.2725], [133.1913, -5.3148], [133.1691, -5.3521], [133.1477, -5.4611], [133.1021, -5.5994], [133.0432, -5.6434], [132.9625, -5.7431], [132.9422, -5.8237], [132.9603, -5.8548], [132.9161, -5.9034], [132.8947, -5.9528], [132.8525, -5.9925], [132.8816, -5.8446], [132.9367, -5.7703], [132.9458, -5.6786], [133.0099, -5.631], [133.1141, -5.2917], [133.154, -5.2725]]], [[[132.7701, -5.6894], [132.7446, -5.6527], [132.7517, -5.5775], [132.7932, -5.5645], [132.7964, -5.6519], [132.7701, -5.6894]]], [[[134.6546, -5.4841], [134.6988, -5.5119], [134.6901, -5.559], [134.6443355774745, -5.576914898497539], [134.6443, -5.5769], [134.62127704293218, -5.573227786259544], [134.611, -5.5669], [134.578570372533, -5.566415975709448], [134.5559, -5.5628], [134.5476326277593, -5.565954218324766], [134.5306, -5.5657], [134.4982, -5.4888], [134.4997, -5.42], [134.555, -5.4384], [134.5718, -5.4187], [134.6477, -5.4401], [134.6546, -5.4841]]], [[[134.5555, -5.3987], [134.5074, -5.3688], [134.5849, -5.3286], [134.5555, -5.3987]]]]}}, {"type": "Feature", "properties": {"provinsi": "Maluku Utara", "pulau": "Maluku", "nama_resmi": "Provinsi Maluku Utara", "tipe": "Provinsi", "parlemen": 28.89, "pendapatan": 37.28, "pengeluaran": 8607.0, "ahh": 72.36, "profesional": 49.19, "tpak": 59.19, "rls": 8.67, "hls": 13.69, "skor_ekonomi": 27.96, "skor_keputusan": 47.63, "skor_kapasitas_sosial": 51.59, "ikpp_komposit": 40.56, "kuadran": "Kuadran II (Ekonomi Rendah, Keputusan Tinggi)"}, "geometry": {"type": "MultiPolygon", "coordinates": [[[[125.8566, -2.091], [125.8686, -2.0325], [125.9069, -1.9763], [125.9382, -1.9776], [125.9922, -2.0276], [125.9622, -2.1137], [125.9631, -2.1831], [126.0693, -2.4129], [126.0728, -2.4451], [126.0461, -2.4767], [125.9915, -2.4409], [125.9665, -2.3953], [125.9588, -2.3256], [125.8807, -2.2122], [125.8797, -2.1367], [125.8566, -2.091]]], [[[124.3663, -1.9702], [124.3625, -2.0363], [124.304, -1.9971], [124.3333, -1.9665], [124.3663, -1.9702]]], [[[125.51, -1.9484], [125.4402, -1.9283], [125.436, -1.8881], [125.3318, -1.8261], [125.3657, -1.7814], [125.4582, -1.7783], [125.5031, -1.8138], [125.5507, -1.8024], [125.6289, -1.8281], [125.7486, -1.8066], [125.8146, -1.8114], [125.8837, -1.7959], [126.0317, -1.8], [126.1312, -1.8117], [126.1969, -1.8045], [126.2672, -1.8153], [126.3226, -1.841], [126.2465, -1.8787], [126.2078, -1.8672], [126.1385, -1.891], [126.0984, -1.8787], [126.0069, -1.908], [125.9179, -1.939], [125.8425, -1.895], [125.784, -1.9278], [125.6005, -1.9279], [125.51, -1.9484]]], [[[124.3792, -1.6767], [124.4013, -1.6601], [124.4632, -1.6634], [124.5572, -1.6382], [124.672, -1.644], [124.7513, -1.6707], [124.7779, -1.6653], [124.93, -1.7056], [124.9928, -1.7135], [125.0219, -1.7606], [125.0681, -1.7727], [125.0966, -1.7446], [125.1079, -1.6919], [125.1844, -1.7037], [125.205, -1.7285], [125.1819, -1.7842], [125.2128, -1.793], [125.2416, -1.7251], [125.2935, -1.7323], [125.3211, -1.784], [125.3142, -1.8469], [125.3268, -1.8844], [125.1271, -1.8774], [125.0927, -1.8977], [125.0584, -1.885], [125.014, -1.8991], [124.9762, -1.9373], [124.8885, -1.924], [124.8623, -1.8916], [124.7704, -1.9178], [124.6921, -1.9705], [124.5474, -2.0094], [124.4407, -2.0254], [124.3922, -2.0188], [124.379, -1.9424], [124.3373, -1.8906], [124.3478, -1.7887], [124.3792, -1.6767]]], [[[127.3987, -1.4002], [127.3534, -1.4313], [127.3311, -1.4468], [127.2816, -1.4151], [127.3376, -1.3791], [127.3811, -1.3693], [127.3987, -1.4002]]], [[[127.4655, -1.2405], [127.5545, -1.1755], [127.5996, -1.2107], [127.6776, -1.2244], [127.6891, -1.2826], [127.67, -1.2917], [127.5569, -1.2487], [127.4884, -1.2698], [127.4655, -1.2405]]], [[[127.1676, -0.7182], [127.2121, -0.6722], [127.2222, -0.6032], [127.2638, -0.6623], [127.302, -0.6809], [127.2941, -0.7306], [127.3258, -0.7897], [127.2883, -0.795], [127.2423, -0.765], [127.2004, -0.7788], [127.1647, -0.7479], [127.1676, -0.7182]]], [[[127.349, -0.6585], [127.3336, -0.6168], [127.3855, -0.6113], [127.3939, -0.6551], [127.349, -0.6585]]], [[[127.36, -0.5787], [127.3081, -0.5127], [127.2911, -0.4703], [127.3006, -0.4326], [127.3383, -0.384], [127.3303, -0.3495], [127.3724, -0.3164], [127.4126, -0.3585], [127.4174, -0.3932], [127.4573, -0.4162], [127.4922, -0.3413], [127.5375, -0.3134], [127.5688, -0.3152], [127.6145, -0.4016], [127.6503, -0.4153], [127.6908, -0.4655], [127.6601, -0.5201], [127.6018, -0.5748], [127.5984, -0.6164], [127.6413, -0.6269], [127.6515, -0.6822], [127.6909, -0.7098], [127.7144, -0.6903], [127.797, -0.6786], [127.8633, -0.7092], [127.9018, -0.7698], [127.8802, -0.8111], [127.8411, -0.8442], [127.7628, -0.866], [127.6817, -0.8377], [127.6552, -0.7915], [127.6516, -0.7481], [127.5735, -0.7697], [127.5005, -0.8006], [127.4747, -0.8233], [127.4439, -0.7288], [127.4807, -0.6299], [127.4094, -0.6156], [127.36, -0.5787]]], [[[127.2384, -0.2475], [127.2544, -0.2674], [127.2559, -0.3387], [127.288, -0.3739], [127.2634, -0.4053], [127.2787, -0.4513], [127.2585, -0.4829], [127.1992, -0.5185], [127.129, -0.5173], [127.1157, -0.3873], [127.1358, -0.3596], [127.1478, -0.2582], [127.2384, -0.2475]]], [[[127.0596, -0.2282], [127.0916, -0.2578], [127.0362, -0.2878], [127.0314, -0.256], [127.0596, -0.2282]]], [[[127.4652, -0.0213], [127.4347, -0.0056], [127.4131, 0.0521], [127.4458, 0.0765], [127.4697, 0.0349], [127.4652, -0.0213]]], [[[127.4145, 0.2808], [127.3926, 0.2757], [127.3444, 0.3308], [127.4143, 0.3754], [127.44, 0.3152], [127.4145, 0.2808]]], [[[127.4467, 0.746], [127.455, 0.6805], [127.4289, 0.6293], [127.3667, 0.6471], [127.3621, 0.6781], [127.4054, 0.7585], [127.4467, 0.746]]], [[[127.3248, 0.8671], [127.3864, 0.8333], [127.3882, 0.7819], [127.3705, 0.7596], [127.3146, 0.7571], [127.2941, 0.791], [127.3022, 0.8412], [127.3248, 0.8671]]], [[[127.62984699331848, 0.98523894676341], [127.6292, 0.9841], [127.6299, 0.9429], [127.65435505647264, 0.897747132927888], [127.6883, 0.8785], [127.694, 0.8791], [127.7537, 0.808], [127.8005, 0.7971], [127.8834, 0.8294], [127.934, 0.8877], [127.9257, 0.9656], [127.988, 1.0905], [128.0688, 1.1225], [128.1657, 1.1245], [128.2005, 1.1959], [128.1799, 1.2427], [128.1458, 1.2536], [128.0921, 1.243], [128.1666, 1.3663], [128.2494, 1.4214], [128.3462, 1.4606], [128.3673, 1.4986], [128.4717, 1.5517], [128.5053, 1.5331], [128.555, 1.5678], [128.6703, 1.5899], [128.7225, 1.5725], [128.6794, 1.4937], [128.6857, 1.462], [128.7356, 1.3987], [128.7468, 1.3318], [128.71, 1.2881], [128.7187, 1.2484], [128.6906, 1.1961], [128.6951, 1.1193], [128.685, 1.068], [128.6181, 1.0468], [128.5391, 0.9764], [128.5069, 0.973], [128.4408, 0.9296], [128.3842, 0.911], [128.3342, 0.912], [128.2797, 0.8668], [128.2822, 0.8203], [128.2391, 0.8159], [128.1984, 0.7898], [128.2393, 0.7347], [128.2606, 0.7378], [128.3192, 0.6557], [128.4345, 0.6324], [128.4815, 0.5974], [128.527, 0.5899], [128.5721, 0.562], [128.6783, 0.5503], [128.6689, 0.4963], [128.688, 0.4561], [128.6869, 0.4051], [128.6662, 0.3614], [128.6782, 0.3366], [128.7797, 0.3183], [128.8354, 0.2927], [128.8276, 0.2591], [128.7546, 0.2823], [128.6775, 0.295], [128.6186, 0.316], [128.5586, 0.3182], [128.5177, 0.3429], [128.487, 0.3873], [128.4435, 0.404], [128.3784, 0.4065], [128.2807, 0.3963], [128.1818, 0.4278], [128.1684, 0.4568], [128.1226, 0.4546], [128.042, 0.4781], [127.9679, 0.4812], [127.9166, 0.4547], [127.9011, 0.3626], [127.8723, 0.3103], [127.9182, 0.2745], [127.9215, 0.1767], [127.9254, 0.1082], [127.904, 0.1054], [127.8896, -0.0032], [127.9469, -0.1136], [127.9647, -0.1629], [127.9884, -0.2794], [128.0179, -0.3276], [128.0494, -0.4176], [128.0646, -0.4268], [128.1016, -0.5112], [128.1854, -0.629], [128.2131, -0.6975], [128.2864, -0.7535], [128.3091, -0.7902], [128.3863, -0.857], [128.3521, -0.8892], [128.2909, -0.8808], [128.2322, -0.8481], [128.2559, -0.7967], [128.227, -0.7744], [128.0647, -0.717], [128.0121, -0.6786], [127.9883, -0.6111], [127.9556, -0.5595], [127.9378, -0.5029], [127.8647, -0.3669], [127.7556, -0.3198], [127.6874, -0.27], [127.6612, -0.2086], [127.7, -0.0982], [127.6976, 0.0071], [127.7221, 0.0723], [127.6918, 0.1459], [127.7162, 0.2649], [127.7343, 0.311], [127.7217, 0.341], [127.6583, 0.344], [127.6233, 0.3594], [127.6223, 0.3962], [127.579, 0.4143], [127.5596, 0.5208], [127.5273, 0.5528], [127.5296, 0.6126], [127.5511, 0.6824], [127.5475, 0.729], [127.6021, 0.7602], [127.6182, 0.7892], [127.6376, 0.8146], [127.6268, 0.8594], [127.5852, 0.862], [127.4929, 0.8914], [127.5122, 0.9531], [127.4957, 0.9954], [127.5014, 1.0412], [127.4793, 1.0644], [127.4007, 1.0413], [127.3997, 1.0839], [127.4303, 1.1549], [127.4025, 1.1984], [127.4085, 1.2344], [127.4858, 1.3608], [127.5147, 1.4236], [127.5359, 1.5045], [127.5161, 1.5686], [127.5518, 1.5922], [127.5415, 1.6437], [127.5792, 1.6584], [127.5733, 1.7564], [127.6137, 1.7834], [127.7066, 1.9454], [127.7449, 1.9678], [127.8372, 2.0903], [127.8998, 2.1339], [127.9333, 2.1805], [128.0193, 2.1961], [128.0642, 2.1716], [127.9479, 2.0244], [127.9521, 1.9918], [127.9141, 1.9581], [127.8514, 1.9251], [127.8482, 1.8184], [127.8884, 1.7969], [127.9281, 1.8097], [128.0109, 1.7383], [128.0214, 1.6889], [127.9912, 1.661], [127.9877, 1.6143], [128.0372, 1.5814], [128.0241, 1.4686], [127.9894, 1.3802], [127.9941, 1.332], [127.9723, 1.2761], [127.9148, 1.2192], [127.9031, 1.1502], [127.83, 1.1487], [127.8025, 1.1069], [127.6988, 1.0384], [127.6509, 1.0223], [127.64147331762132, 1.005705563738927], [127.6393, 0.9921], [127.62984699331848, 0.98523894676341]]], [[[128.3609, -1.6473], [128.3188, -1.6642], [128.3137, -1.6136], [128.3535, -1.6032], [128.3609, -1.6473]]], [[[127.8869, -1.683], [127.8164, -1.7007], [127.7207, -1.6861], [127.6456, -1.7303], [127.5977, -1.7377], [127.5056, -1.7257], [127.4085, -1.662], [127.3979, -1.6267], [127.4121, -1.5661], [127.4027, -1.5379], [127.4334, -1.4372], [127.5037, -1.4534], [127.5191, -1.4177], [127.581, -1.3645], [127.6419, -1.3307], [127.7066, -1.3361], [127.7844, -1.3741], [127.8009, -1.4139], [127.8459, -1.4381], [127.8851, -1.4272], [127.9362, -1.4491], [128.0597, -1.5665], [128.111, -1.5605], [128.1584, -1.605], [128.1612, -1.6683], [128.1551, -1.6842], [128.0806, -1.7162], [128.0207, -1.7257], [127.9861, -1.701], [127.8869, -1.683]]], [[[128.3175, -0.9386], [128.3804, -0.999], [128.357, -1.0375], [128.3288, -1.0166], [128.3392, -0.9793], [128.3175, -0.9386]]], [[[129.4058, -0.0178], [129.4726, -0.0869], [129.5466, -0.1304], [129.5641, -0.1615], [129.5721, -0.1999], [129.537, -0.2133], [129.4682, -0.1036], [129.3867, -0.0574], [129.4058, -0.0178]]], [[[127.8152, 2.2718], [127.7935, 2.2176], [127.7602, 2.2704], [127.8152, 2.2718]]], [[[128.2169, 2.2801], [128.2753, 2.3587], [128.2938, 2.4282], [128.3642, 2.5077], [128.4072, 2.5259], [128.4613, 2.5956], [128.5217, 2.5758], [128.5808, 2.6361], [128.6449, 2.5332], [128.6923, 2.4733], [128.6886, 2.4124], [128.6504, 2.3692], [128.654, 2.3109], [128.6215, 2.2115], [128.5212, 2.0673], [128.4711, 2.0542], [128.4007, 2.0574], [128.2942, 2.0171], [128.2931, 2.0544], [128.2533, 2.0948], [128.2436, 2.1634], [128.2494, 2.2375], [128.2169, 2.2801]]], [[[128.1252, 2.3337], [128.1663, 2.4126], [128.1847, 2.3663], [128.169, 2.2908], [128.1252, 2.3337]]]]}}, {"type": "Feature", "properties": {"provinsi": "Nusa Tenggara Barat", "pulau": "Bali & Nusa Tenggara", "nama_resmi": "Provinsi Nusa Tenggara Barat", "tipe": "Provinsi", "parlemen": 10.77, "pendapatan": 33.06, "pengeluaran": 11606.0, "ahh": 69.77, "profesional": 47.36, "tpak": 68.04, "rls": 7.87, "hls": 13.98, "skor_ekonomi": 41.12, "skor_keputusan": 43.16, "skor_kapasitas_sosial": 56.29, "ikpp_komposit": 44.97, "kuadran": "Kuadran IV (Ekonomi Tinggi, Keputusan Rendah)"}, "geometry": {"type": "MultiPolygon", "coordinates": [[[[116.8981, -9.0649], [116.7888, -9.0359], [116.7392, -8.9969], [116.725, -8.9102], [116.735, -8.8664], [116.7712, -8.8326], [116.8125, -8.8194], [116.7809, -8.7284], [116.7704, -8.6288], [116.7885, -8.5896], [116.8726, -8.5288], [116.9447, -8.517], [116.9627, -8.4934], [117.0183, -8.4802], [117.0382, -8.4448], [117.0912, -8.414], [117.1055, -8.3728], [117.1551, -8.3643], [117.2019, -8.4063], [117.2384, -8.4009], [117.3931, -8.4723], [117.4253, -8.421], [117.567, -8.4093], [117.5767, -8.4339], [117.6251, -8.4446], [117.6292, -8.5521], [117.7563, -8.5914], [117.7502, -8.6492], [117.7728, -8.7117], [117.8039, -8.7268], [117.8713, -8.6965], [117.9744, -8.7395], [118.038, -8.6724], [118.0884, -8.6522], [118.1758, -8.6548], [118.2043, -8.6728], [118.2741, -8.6527], [118.2735, -8.5873], [118.2271, -8.551], [118.1056, -8.4954], [118.0821, -8.4507], [117.9859, -8.4657], [117.8302, -8.3726], [117.7628, -8.2891], [117.7118, -8.2429], [117.7065, -8.2108], [117.7243, -8.1504], [117.7655, -8.1435], [117.8292, -8.1293], [117.9238, -8.0801], [117.9521, -8.103], [118.0073, -8.0939], [118.0807, -8.1003], [118.1467, -8.1409], [118.1479, -8.2018], [118.185, -8.2687], [118.218, -8.2851], [118.2335, -8.3323], [118.2799, -8.3647], [118.3174, -8.3703], [118.3888, -8.3285], [118.3879, -8.3049], [118.4447, -8.2684], [118.4939, -8.2432], [118.5129, -8.2606], [118.5853, -8.2668], [118.6458, -8.2895], [118.6956, -8.3783], [118.6858, -8.4599], [118.7134, -8.4954], [118.7216, -8.4307], [118.7013, -8.3907], [118.7366, -8.3405], [118.8002, -8.2872], [118.8345, -8.2815], [118.9441, -8.2939], [119.0042, -8.314], [118.9953, -8.3831], [119.0496, -8.465], [119.052, -8.5139], [119.0134, -8.5388], [119.037, -8.596], [119.0358, -8.6418], [119.0779, -8.6513], [119.1277, -8.622], [119.1725, -8.6938], [119.1619, -8.7264], [119.1005, -8.7508], [119.036, -8.733], [118.9656, -8.7435], [118.9079, -8.6801], [118.85, -8.7284], [118.7654, -8.6942], [118.712, -8.7411], [118.7604, -8.7682], [118.9095, -8.7654], [118.9571, -8.8175], [118.9375, -8.8318], [118.844, -8.8429], [118.7497, -8.7955], [118.6377, -8.8139], [118.4797, -8.8847], [118.4123, -8.868], [118.3801, -8.83], [118.3758, -8.7728], [118.4285, -8.7214], [118.406, -8.6723], [118.3538, -8.6845], [118.333, -8.7129], [118.2873, -8.7404], [118.1854, -8.8536], [118.127, -8.8779], [118.0703, -8.8412], [118.0126, -8.8528], [117.9825, -8.8934], [117.8959, -8.9224], [117.8363, -8.9297], [117.8171, -8.899], [117.7749, -8.9317], [117.7338, -8.9161], [117.6765, -8.9246], [117.5941, -8.9814], [117.3905, -9.0524], [117.329, -9.0552], [117.2192, -9.0196], [117.1764, -9.024], [117.135, -9.084], [117.0404, -9.1009], [116.9704, -9.0795], [116.954, -9.0588], [116.8981, -9.0649]]], [[[116.324, -8.9082], [116.1658, -8.9055], [116.1505, -8.8629], [116.1093, -8.8727], [116.027, -8.8876], [116.0043, -8.903], [115.9452, -8.8412], [115.9153, -8.844], [115.8348, -8.8106], [115.8235, -8.7631], [115.8399, -8.7274], [115.914, -8.7753], [115.9729, -8.7328], [116.051, -8.7622], [116.074, -8.6238], [116.0694, -8.552], [116.0366, -8.4702], [116.0535, -8.4093], [116.1, -8.3934], [116.1787, -8.3395], [116.1917, -8.3082], [116.2696, -8.2448], [116.3495, -8.2113], [116.4602, -8.2271], [116.4939, -8.2455], [116.6085, -8.2828], [116.6507, -8.2883], [116.7181, -8.3483], [116.7107, -8.4435], [116.6622, -8.4865], [116.6672, -8.5557], [116.6237, -8.6042], [116.5425, -8.7568], [116.4946, -8.8142], [116.5698, -8.8913], [116.4724, -8.9212], [116.4484, -8.8991], [116.4614, -8.8495], [116.4143, -8.8374], [116.4027, -8.8646], [116.3966, -8.9371], [116.324, -8.9082]]], [[[117.4707, -8.3569], [117.507, -8.268], [117.4789, -8.2574], [117.4822, -8.1861], [117.5591, -8.144], [117.6651, -8.1509], [117.6879, -8.1826], [117.6099, -8.2386], [117.5701, -8.3354], [117.5282, -8.3895], [117.4707, -8.3569]]], [[[119.2747, -8.399], [119.3283, -8.4212], [119.2899, -8.4627], [119.2678, -8.4447], [119.2747, -8.399]]], [[[119.0003, -8.2297], [119.0009, -8.1774], [119.0476, -8.1293], [119.0695, -8.131], [119.1128, -8.1565], [119.115, -8.224], [119.0506, -8.2618], [119.0003, -8.2297]]]]}}, {"type": "Feature", "properties": {"provinsi": "Nusa Tenggara Timur", "pulau": "Bali & Nusa Tenggara", "nama_resmi": "Provinsi Nusa Tenggara Timur", "tipe": "Provinsi", "parlemen": 23.08, "pendapatan": 44.58, "pengeluaran": 8534.0, "ahh": 70.03, "profesional": 51.57, "tpak": 70.4, "rls": 8.02, "hls": 13.23, "skor_ekonomi": 51.94, "skor_keputusan": 40.97, "skor_kapasitas_sosial": 48.37, "ikpp_komposit": 46.84, "kuadran": "Kuadran IV (Ekonomi Tinggi, Keputusan Rendah)"}, "geometry": {"type": "MultiPolygon", "coordinates": [[[[121.852, -10.4417], [121.9105, -10.4188], [122.0002, -10.4437], [121.9969, -10.5231], [121.8749, -10.6183], [121.8171, -10.6144], [121.7493, -10.6151], [121.6854, -10.5751], [121.8408, -10.489], [121.852, -10.4417]]], [[[120.1239, -9.4852], [120.1818, -9.4679], [120.2104, -9.4905], [120.2452, -9.6337], [120.3506, -9.651], [120.4431, -9.6245], [120.4781, -9.6261], [120.4985, -9.6778], [120.5413, -9.6871], [120.5966, -9.731], [120.6056, -9.769], [120.6792, -9.9002], [120.747, -9.9241], [120.8159, -9.9772], [120.8459, -10.0288], [120.8385, -10.097], [120.7709, -10.1429], [120.7425, -10.1865], [120.6714, -10.2296], [120.605, -10.2537], [120.5319, -10.24], [120.4869, -10.262], [120.4541, -10.3134], [120.3468, -10.2483], [120.2093, -10.2512], [120.1675, -10.2374], [120.1264, -10.1917], [120.0845, -10.1676], [120.0217, -10.1002], [119.9946, -10.037], [119.9313, -9.9809], [119.8827, -9.9583], [119.8491, -9.9205], [119.7819, -9.9193], [119.7681, -9.8965], [119.6748, -9.8287], [119.6711, -9.7809], [119.5948, -9.779], [119.5394, -9.7598], [119.482, -9.7446], [119.4124, -9.7669], [119.3845, -9.7958], [119.3473, -9.7589], [119.3013, -9.7444], [119.1639, -9.7421], [119.1425, -9.7291], [119.0604, -9.6987], [119.026, -9.6747], [118.9843, -9.6064], [118.9273, -9.5502], [118.965, -9.4817], [119.0436, -9.4268], [119.1013, -9.4215], [119.1536, -9.3839], [119.2379, -9.3779], [119.3016, -9.3575], [119.3668, -9.3789], [119.4033, -9.376], [119.4765, -9.3587], [119.546, -9.3747], [119.6314, -9.3456], [119.6864, -9.3824], [119.8064, -9.3943], [119.8648, -9.3435], [119.9352, -9.2762], [119.9612, -9.3254], [120.0236, -9.3887], [120.0779, -9.4641], [120.1239, -9.4852]]], [[[119.7937, -8.6146], [119.7962, -8.6583], [119.7175, -8.6816], [119.6902, -8.7233], [119.7223, -8.7396], [119.725, -8.7746], [119.6955, -8.8093], [119.6602, -8.7735], [119.6221, -8.7957], [119.6044, -8.7541], [119.6175, -8.7077], [119.655, -8.683], [119.6376, -8.6082], [119.6622, -8.6127], [119.6723, -8.6863], [119.7082, -8.6698], [119.7182, -8.6217], [119.7937, -8.6146]]], [[[121.3076, -8.4799], [121.3252, -8.5232], [121.418, -8.5918], [121.467, -8.563], [121.5195, -8.6151], [121.6052, -8.4939], [121.6447, -8.4783], [121.6772, -8.5117], [121.7247, -8.4956], [121.8003, -8.5106], [121.8436, -8.482], [121.9134, -8.4956], [121.942, -8.4694], [122.0016, -8.4503], [122.0066, -8.5139], [122.0128, -8.5267], [122.105, -8.5309], [122.1589, -8.5544], [122.2013, -8.6039], [122.2961, -8.6423], [122.3302, -8.6187], [122.4786, -8.6042], [122.5132, -8.5263], [122.4912, -8.4734], [122.5469, -8.4657], [122.6033, -8.3924], [122.6828, -8.3843], [122.7356, -8.3578], [122.7657, -8.3633], [122.8117, -8.2978], [122.8721, -8.2937], [122.922, -8.1952], [122.8661, -8.1762], [122.7995, -8.2083], [122.7878, -8.2355], [122.7417, -8.2289], [122.7853, -8.1491], [122.7807, -8.112], [122.8658, -8.0635], [122.973, -8.1355], [122.9623, -8.195], [122.9778, -8.2122], [123.0206, -8.3154], [122.9634, -8.3518], [122.9144, -8.3281], [122.8784, -8.3844], [122.893, -8.4197], [122.8721, -8.4549], [122.7984, -8.4222], [122.7902, -8.4841], [122.8366, -8.5268], [122.8446, -8.5622], [122.8194, -8.5965], [122.7325, -8.6105], [122.6542, -8.6371], [122.5558, -8.6676], [122.5397, -8.7013], [122.377, -8.7521], [122.3126, -8.7406], [122.2667, -8.7525], [122.1823, -8.733], [122.1158, -8.7292], [122.0788, -8.746], [122.0314, -8.7941], [121.9946, -8.8062], [121.9241, -8.8314], [121.8827, -8.8283], [121.7742, -8.8827], [121.7334, -8.8766], [121.6825, -8.846], [121.6423, -8.8495], [121.5918, -8.8048], [121.5414, -8.8083], [121.4142, -8.793], [121.3803, -8.7932], [121.3688, -8.8785], [121.3425, -8.905], [121.2987, -8.9071], [121.269, -8.8864], [121.139, -8.898], [121.0302, -8.9564], [120.9465, -8.9398], [120.8689, -8.881], [120.8551, -8.8412], [120.8185, -8.8353], [120.7543, -8.8927], [120.6329, -8.8573], [120.5986, -8.816], [120.5183, -8.8184], [120.3695, -8.8176], [120.3147, -8.8552], [120.2327, -8.8438], [120.1712, -8.7917], [120.1011, -8.7926], [120.0461, -8.8131], [119.945, -8.8205], [119.8892, -8.8584], [119.8829, -8.8092], [119.8368, -8.8014], [119.8013, -8.7634], [119.8041, -8.5734], [119.8717, -8.5198], [119.8808, -8.4796], [119.9572, -8.4496], [119.9919, -8.4602], [120.0222, -8.3822], [120.0863, -8.4386], [120.1133, -8.4384], [120.1202, -8.359], [120.151, -8.38], [120.2012, -8.3054], [120.2871, -8.2822], [120.3608, -8.2955], [120.4073, -8.2812], [120.4938, -8.2932], [120.5321, -8.2777], [120.5617, -8.3012], [120.6319, -8.2711], [120.6889, -8.3295], [120.736, -8.3495], [120.8096, -8.3389], [120.8545, -8.3576], [120.9258, -8.3543], [120.9774, -8.3469], [120.9897, -8.3923], [121.1732, -8.4411], [121.2166, -8.4623], [121.3076, -8.4799]]], [[[119.4695, -8.6085], [119.4373, -8.6677], [119.4529, -8.7459], [119.4051, -8.7219], [119.4098, -8.6469], [119.3841, -8.6243], [119.3893, -8.5723], [119.4364, -8.5269], [119.4187, -8.5001], [119.425, -8.4423], [119.4588, -8.4302], [119.4703, -8.4798], [119.5069, -8.494], [119.5713, -8.4898], [119.5496, -8.536], [119.4695, -8.6085]]], [[[122.4049, -8.4806], [122.389, -8.4978], [122.3347, -8.4634], [122.3451, -8.4285], [122.3891, -8.4349], [122.4049, -8.4806]]], [[[121.7452, -8.3275], [121.7256, -8.3546], [121.6757, -8.3373], [121.6853, -8.3048], [121.7295, -8.2982], [121.7452, -8.3275]]], [[[123.1293, -10.6435], [123.1781, -10.6368], [123.203, -10.5913], [123.2634, -10.5213], [123.3696, -10.478], [123.3687, -10.5294], [123.3894, -10.5969], [123.4164, -10.6088], [123.4254, -10.6566], [123.4012, -10.6868], [123.3576, -10.6844], [123.2526, -10.7345], [123.2449, -10.7769], [123.1892, -10.8369], [123.1263, -10.8178], [123.0893, -10.8567], [122.9887, -10.8605], [122.9399, -10.911], [122.832, -10.9308], [122.8256, -10.8341], [122.81, -10.782], [122.9317, -10.7382], [123.0423, -10.7296], [123.1293, -10.6435]]], [[[123.4514, -10.1142], [123.4689, -10.1618], [123.5025, -10.1827], [123.3913, -10.2225], [123.4185, -10.2602], [123.4028, -10.3391], [123.3564, -10.3062], [123.3056, -10.3121], [123.3009, -10.2712], [123.349, -10.2269], [123.3957, -10.1351], [123.4514, -10.1142]]], [[[123.7414, -10.0986], [123.7711, -10.0434], [123.692, -10.0111], [123.654, -10.0095], [123.5863, -10.0346], [123.5785, -9.9433], [123.601, -9.8982], [123.6335, -9.898], [123.6643, -9.8645], [123.6702, -9.8278], [123.6435, -9.7715], [123.6757, -9.7573], [123.6843, -9.7015], [123.6741, -9.6285], [123.7361, -9.5657], [123.7882, -9.5411], [123.795, -9.4909], [123.8287, -9.4955], [123.9327, -9.4228], [123.9952, -9.3421], [124.0782, -9.3274], [124.0702, -9.3697], [124.0959, -9.4061], [124.1547, -9.4225], [124.2168, -9.3656], [124.2716, -9.4124], [124.2945, -9.4926], [124.3548, -9.4852], [124.3544, -9.4202], [124.3787, -9.3611], [124.4379, -9.3304], [124.4627, -9.2991], [124.4545, -9.2658], [124.478, -9.1757], [124.5253, -9.1844], [124.6159, -9.1534], [124.6816, -9.1034], [124.6974, -9.0536], [124.7298, -9.0588], [124.7924, -9.0182], [124.8511, -9.0068], [124.8769, -8.9813], [124.9268, -8.9664], [124.9437, -9.049], [125.0002, -9.0644], [125.0661, -9.0283], [125.1167, -8.9696], [125.1809, -9.0213], [125.1749, -9.1735], [125.1335, -9.1751], [125.097, -9.2018], [125.0749, -9.1757], [125.0139, -9.1695], [124.9827, -9.1914], [124.985, -9.2513], [125.0108, -9.3005], [125.0522, -9.3314], [125.0793, -9.3902], [125.0862, -9.463], [125.0089, -9.5298], [124.9832, -9.6349], [124.9475, -9.6812], [124.89, -9.6993], [124.8075, -9.7883], [124.7507, -9.8816], [124.6979, -9.9147], [124.5836, -10.003], [124.5324, -10.0304], [124.5087, -10.0916], [124.4777, -10.1216], [124.3957, -10.1697], [124.3454, -10.1736], [124.2235, -10.163], [124.1707, -10.1555], [124.1021, -10.1795], [124.0732, -10.2263], [124.0166, -10.274], [123.9646, -10.2761], [123.8881, -10.3103], [123.8655, -10.3321], [123.7891, -10.3559], [123.7658, -10.3478], [123.7039, -10.3663], [123.6612, -10.3496], [123.5997, -10.3536], [123.5354, -10.3288], [123.486, -10.3558], [123.4555, -10.3492], [123.5003, -10.2739], [123.4888, -10.2241], [123.528, -10.2117], [123.5618, -10.1725], [123.6731, -10.1239], [123.7414, -10.0986]]], [[[122.9452, -8.493], [122.9762, -8.436], [123.1635, -8.431], [123.1486, -8.4612], [123.077, -8.4892], [123.0219, -8.4765], [122.9951, -8.4978], [122.9359, -8.596], [122.8863, -8.6094], [122.8703, -8.5844], [122.8817, -8.5307], [122.9452, -8.493]]], [[[123.3015, -8.4526], [123.3323, -8.4036], [123.3843, -8.375], [123.4348, -8.3666], [123.4632, -8.3249], [123.4323, -8.2988], [123.3725, -8.2987], [123.4126, -8.2529], [123.4579, -8.2713], [123.4807, -8.2474], [123.5579, -8.241], [123.5004, -8.3514], [123.5671, -8.3653], [123.5897, -8.3481], [123.5747, -8.288], [123.6353, -8.2908], [123.6271, -8.249], [123.6991, -8.2544], [123.7715, -8.1714], [123.8538, -8.2155], [123.9017, -8.2152], [123.9137, -8.2581], [123.8629, -8.2752], [123.7961, -8.2725], [123.756, -8.2967], [123.7347, -8.3422], [123.6705, -8.4296], [123.6521, -8.4057], [123.6122, -8.4222], [123.5534, -8.4711], [123.5849, -8.5127], [123.5841, -8.542], [123.5295, -8.5699], [123.4909, -8.5153], [123.4484, -8.5355], [123.4285, -8.5685], [123.3866, -8.5839], [123.3136, -8.5275], [123.2916, -8.5489], [123.2073, -8.5342], [123.3015, -8.4526]]], [[[123.9637, -8.3498], [124.0587, -8.293], [124.0845, -8.3128], [124.0914, -8.3743], [124.1326, -8.3446], [124.1678, -8.2914], [124.2136, -8.2573], [124.2312, -8.2131], [124.278, -8.1757], [124.3228, -8.1844], [124.3234, -8.2334], [124.2987, -8.2684], [124.3016, -8.3301], [124.2492, -8.3588], [124.2091, -8.4163], [124.2117, -8.461], [124.1464, -8.5341], [124.1042, -8.5452], [124.0647, -8.5506], [124.0544, -8.4544], [124.0336, -8.4205], [123.9361, -8.4225], [123.9637, -8.3498]]], [[[123.3338, -8.2643], [123.3051, -8.2963], [123.3077, -8.3604], [123.2753, -8.3954], [123.179, -8.3852], [123.1101, -8.4024], [123.0318, -8.3997], [122.9988, -8.3688], [123.0288, -8.3117], [123.1428, -8.2385], [123.2104, -8.2242], [123.3338, -8.2643]]], [[[124.3584, -8.3263], [124.3149, -8.2984], [124.3553, -8.2751], [124.3741, -8.2984], [124.3584, -8.3263]]], [[[124.4023, -8.2153], [124.4721, -8.1322], [124.5981, -8.1232], [124.5909, -8.1846], [124.6089, -8.1974], [124.6923, -8.1575], [124.7829, -8.1477], [124.8137, -8.1643], [124.9187, -8.1646], [124.9543, -8.1468], [125.0074, -8.1577], [125.098, -8.1503], [125.142, -8.2529], [125.1235, -8.3382], [125.0661, -8.3549], [124.95, -8.3568], [124.8807, -8.3661], [124.7872, -8.4015], [124.7171, -8.4024], [124.6567, -8.3909], [124.5923, -8.4318], [124.5412, -8.442], [124.4949, -8.4183], [124.4738, -8.4315], [124.4407, -8.4524], [124.3712, -8.4429], [124.3413, -8.398], [124.4045, -8.3188], [124.4023, -8.2153]]]]}}, {"type": "Feature", "properties": {"provinsi": "Papua", "pulau": "Papua", "nama_resmi": "Provinsi Papua", "tipe": "Provinsi", "parlemen": 15.56, "pendapatan": 36.55, "pengeluaran": 8409.0, "ahh": 71.77, "profesional": 44.02, "tpak": 54.83, "rls": 9.71, "hls": 12.82, "skor_ekonomi": 40.11, "skor_keputusan": 36.09, "skor_kapasitas_sosial": 51.41, "ikpp_komposit": 40.76, "kuadran": "Kuadran IV (Ekonomi Tinggi, Keputusan Rendah)"}, "geometry": {"type": "MultiPolygon", "coordinates": [[[[136.2521, -1.8962], [136.1471, -1.8533], [136.07, -1.8494], [136.0264, -1.8194], [135.9874, -1.8198], [135.9125, -1.7556], [135.8224, -1.7361], [135.7095, -1.6898], [135.6741, -1.7062], [135.549, -1.6651], [135.475, -1.68], [135.4531, -1.6], [135.6415, -1.6264], [135.6891, -1.6198], [135.8346, -1.6398], [135.952, -1.6407], [136.1819, -1.6555], [136.3033, -1.6862], [136.3247, -1.7036], [136.4042, -1.7204], [136.4471, -1.7043], [136.5844, -1.729], [136.6366, -1.7252], [136.7941, -1.7417], [136.8619, -1.7754], [136.8684, -1.8146], [136.7959, -1.8122], [136.757, -1.8265], [136.7025, -1.8242], [136.6354, -1.8714], [136.6176, -1.8623], [136.5268, -1.8781], [136.4065, -1.8834], [136.314, -1.8635], [136.2521, -1.8962]]], [[[135.2153, -1.4746], [135.2855, -1.5209], [135.1531, -1.5194], [135.1142, -1.5], [135.1199, -1.4656], [135.2153, -1.4746]]], [[[134.8411, -0.934], [134.8825, -0.9345], [134.9413, -0.9663], [134.9623, -1.047], [134.9822, -1.0703], [134.9506, -1.1279], [134.8971, -1.1389], [134.8353, -1.1029], [134.7944, -1.0322], [134.7952, -0.9839], [134.8411, -0.934]]], [[[135.936, -0.7862], [136.0513, -0.8586], [136.1036, -0.9663], [136.1897, -1.0449], [136.2544, -1.0178], [136.3319, -1.0759], [136.3854, -1.0825], [136.3147, -1.1404], [136.2406, -1.171], [136.1346, -1.1997], [136.0647, -1.1814], [136.0354, -1.1472], [135.944, -1.1461], [135.9058, -1.178], [135.8578, -1.1666], [135.8021, -1.0984], [135.8264, -1.0336], [135.7946, -0.9852], [135.7667, -0.8641], [135.7405, -0.8028], [135.73400491619066, -0.759412840153561], [135.7421413808563, -0.746926496301285], [135.7805, -0.7227], [135.8114, -0.6853], [135.8673, -0.7086], [135.936, -0.7862]]], [[[135.4889, -0.8047], [135.4281, -0.7624], [135.3888, -0.7089], [135.3634, -0.6302], [135.4105, -0.65], [135.497, -0.6521], [135.6596, -0.6702], [135.6887, -0.7222], [135.7278, -0.7123], [135.7447, -0.743], [135.7421413808563, -0.746926496301285], [135.733, -0.7527], [135.73400491619066, -0.759412840153561], [135.6667, -0.8627], [135.6443, -0.8844], [135.5725, -0.8297], [135.5307, -0.7828], [135.4889, -0.8047]]], [[[141.0003, -3.9212], [141.0012, -4.0196], [140.9734, -3.9782], [140.8927, -3.9614], [140.79, -4.0099], [140.7181, -4.0202], [140.6921, -3.984], [140.6667, -4.0375], [140.6146, -4.0595], [140.5863, -4.1142], [140.5464, -4.0698], [140.5084, -4.0504], [140.465, -3.9618], [140.4123, -3.8839], [140.4173, -3.8019], [140.5143, -3.8076], [140.5424, -3.8282], [140.4973, -3.905], [140.4985, -3.9408], [140.542, -3.9666], [140.5711, -3.9329], [140.6341, -3.9771], [140.7157, -3.9172], [140.7408, -3.918], [140.7769, -3.9604], [140.8345, -3.9325], [140.8253, -3.8685], [140.7022, -3.8862], [140.6879, -3.7934], [140.648, -3.798], [140.6265, -3.7717], [140.5448, -3.7511], [140.4763, -3.7606], [140.3842, -3.7365], [140.3212, -3.7436], [140.2853, -3.7179], [140.2703, -3.67], [140.2055, -3.6777], [140.1763, -3.7082], [140.1356, -3.6965], [140.1255, -3.6955], [140.0502, -3.6734], [140.0212, -3.68], [139.9583, -3.6314], [139.9302, -3.6239], [139.8958, -3.6211], [139.8684, -3.59], [139.8012, -3.565], [139.7778, -3.5154], [139.7438, -3.5453], [139.6907, -3.5496], [139.6996, -3.6316], [139.6628, -3.6643], [139.626, -3.6642], [139.5926, -3.7051], [139.5184, -3.658], [139.5055, -3.5225], [139.4711, -3.5201], [139.4636, -3.4602], [139.3735, -3.4359], [139.3557, -3.4832], [139.2833, -3.4678], [139.2481, -3.4387], [139.2067, -3.449], [139.1404, -3.4258], [139.1474, -3.3732], [139.0729, -3.3238], [139.0655, -3.2764], [139.0301, -3.2853], [138.9246, -3.3894], [138.8724, -3.4229], [138.8881, -3.3575], [138.8756, -3.3402], [138.9083, -3.2558], [138.8815, -3.2278], [138.8062, -3.2238], [138.8004, -3.1942], [138.7457, -3.1776], [138.6998, -3.2552], [138.7026, -3.3274], [138.6624, -3.3099], [138.5841, -3.2231], [138.6037, -3.169], [138.5963, -3.1329], [138.6148, -3.0575], [138.5715, -2.9609], [138.5243, -2.9374], [138.4754, -2.9467], [138.41, -2.9291], [138.4036, -2.967], [138.3273, -2.9572], [138.285, -3.0169], [138.2027, -3.0388], [138.1654, -2.9726], [138.1268, -3.0278], [138.0852, -3.0299], [138.0901, -3.1272], [138.0747, -3.1313], [138.0696, -3.2143], [138.0792, -3.241], [138.007, -3.1848], [137.9998, -3.1106], [138.0135, -3.0577], [137.9613, -3.0321], [137.7869, -3.0834], [137.7583, -3.0562], [137.7227, -3.0651], [137.6834, -3.0487], [137.5812, -3.0662], [137.5486, -3.0551], [137.523, -3.0807], [137.4447, -3.1073], [137.4078, -3.0881], [137.3485, -3.0902], [137.221, -3.1243], [137.1105, -3.1335], [137.0625, -3.1832], [137.0625, -3.2332], [137.022, -3.2828], [137.0228, -3.3075], [137.0034, -3.3174], [136.9507, -3.2836], [137.0407, -3.2113], [136.9867, -3.1758], [136.9032, -3.1581], [136.9163, -3.2352], [136.8881, -3.2593], [136.9244, -3.3291], [136.9611, -3.3332], [136.9602, -3.3905], [136.8984, -3.4062], [136.8961, -3.3676], [136.8519, -3.2533], [136.848, -3.2447], [136.8088, -3.2542], [136.7374, -3.2382], [136.7652, -3.1927], [136.7318, -3.1832], [136.6679, -3.1373], [136.6458, -3.1604], [136.6656, -3.2251], [136.5673, -3.254], [136.5327, -3.2258], [136.538, -3.1557], [136.5779, -3.0658], [136.4373, -3.0548], [136.4055, -3.0147], [136.3229, -3.0203], [136.2977, -2.9731], [136.3085, -2.9355], [136.29, -2.8876], [136.2045, -2.8006], [136.1537, -2.7941], [136.1393, -2.7722], [136.0498, -2.771], [136.0471, -2.7191], [136.0114, -2.7059], [136.0643, -2.6728], [136.1081, -2.6688], [136.2245, -2.6114], [136.2799, -2.5119], [136.2788, -2.4634], [136.2958, -2.4108], [136.3375, -2.364], [136.3431, -2.2601], [136.4288, -2.204], [136.5758, -2.2194], [136.6057, -2.2531], [136.6713, -2.261], [136.7128, -2.2291], [136.7495, -2.2524], [136.8168, -2.2025], [136.8747, -2.1759], [136.9082, -2.1796], [136.9386, -2.1286], [137.0051, -2.1312], [137.0446, -2.1054], [137.1085, -2.1112], [137.1594, -2.0958], [137.2284, -2.0566], [137.1903, -2.0], [137.2175, -1.9832], [137.1906, -1.9439], [137.1563, -1.9319], [137.1444, -1.8989], [137.0885, -1.8514], [137.0943, -1.8064], [137.1529, -1.7734], [137.2493, -1.7348], [137.3944, -1.6592], [137.4782, -1.5991], [137.6114, -1.5457], [137.7483, -1.4785], [137.9339, -1.4579], [137.9492, -1.5345], [137.9964, -1.5388], [138.0246, -1.5722], [138.0968, -1.6147], [138.1472, -1.6276], [138.1733, -1.63], [138.3466, -1.7114], [138.4917, -1.7526], [138.6288, -1.7802], [138.6827, -1.8037], [138.7378, -1.8534], [138.8027, -1.9315], [138.8754, -1.9699], [138.9059, -1.9555], [139.0005, -1.9761], [139.0556, -2.0088], [139.1248, -2.0315], [139.2479, -2.1078], [139.364, -2.1476], [139.4334, -2.1821], [139.528, -2.2442], [139.644, -2.2918], [139.7144, -2.3378], [139.8106, -2.3785], [139.9994, -2.36], [140.0508, -2.3599], [140.1155, -2.3363], [140.2236, -2.4127], [140.3182, -2.4488], [140.3643, -2.4558], [140.3908, -2.4016], [140.4576, -2.431], [140.5125, -2.4298], [140.5608, -2.4503], [140.6084, -2.4405], [140.6527, -2.4763], [140.6937, -2.4782], [140.7389, -2.5148], [140.6897, -2.5949], [140.7064, -2.6287], [140.7859, -2.6221], [140.8136, -2.6069], [140.9224, -2.6216], [141.0013, -2.6044], [141.0027, -2.8393], [141.0047, -3.2325], [141.0003, -3.9212]]]]}}, {"type": "Feature", "properties": {"provinsi": "Papua Barat", "pulau": "Papua", "nama_resmi": "Provinsi Papua Barat", "tipe": "Provinsi", "parlemen": 8.57, "pendapatan": 28.66, "pengeluaran": 13008.0, "ahh": 71.74, "profesional": 38.13, "tpak": 58.51, "rls": 8.67, "hls": 13.79, "skor_ekonomi": 34.39, "skor_keputusan": 37.69, "skor_kapasitas_sosial": 54.63, "ikpp_komposit": 39.76, "kuadran": "Kuadran III (Ekonomi Rendah, Keputusan Rendah)"}, "geometry": {"type": "MultiPolygon", "coordinates": [[[[133.4531, -4.2359], [133.3484, -4.1698], [133.3359, -4.0956], [133.4533, -4.1847], [133.5542, -4.2179], [133.5022, -4.2506], [133.4531, -4.2359]]], [[[132.8212, -3.884], [132.7328, -3.6827], [132.7282, -3.6376], [132.8058, -3.6351], [132.867, -3.645], [132.9195, -3.575], [132.8844, -3.4832], [132.817, -3.4442], [132.8007, -3.3573], [132.83, -3.3255], [132.8083, -3.2606], [132.7276, -3.281], [132.7284, -3.3364], [132.6644, -3.316], [132.6365, -3.263], [132.6459, -3.193], [132.5814, -3.1612], [132.5622, -3.1098], [132.4701, -3.0307], [132.3502, -2.965], [132.3387, -2.9401], [132.2178, -2.9215], [132.1285, -2.9387], [132.0875, -2.9595], [132.052, -2.9108], [132.0157, -2.8913], [132.0229, -2.8497], [132.0563, -2.7813], [132.004, -2.7803], [131.983, -2.75], [132.1036, -2.7419], [132.1432, -2.6642], [132.1913, -2.6538], [132.3266, -2.6605], [132.3765, -2.6822], [132.4188, -2.6826], [132.4659, -2.7119], [132.4866, -2.6808], [132.591, -2.6949], [132.6585, -2.7484], [132.6669, -2.7685], [132.7296, -2.8036], [132.8002, -2.7679], [132.9111, -2.6642], [132.9853, -2.5789], [133.0403, -2.4988], [133.1259, -2.4374], [133.1937, -2.4285], [133.2122, -2.4121], [133.2749, -2.4277], [133.3743, -2.5072], [133.3715, -2.6023], [133.3802, -2.6565], [133.4118, -2.6952], [133.4368, -2.6463], [133.5286, -2.6421], [133.561, -2.5798], [133.6419, -2.5327], [133.6731, -2.5743], [133.6632, -2.6226], [133.7543, -2.63], [133.7683, -2.6637], [133.8049, -2.6466], [133.808, -2.5436], [133.7836, -2.4896], [133.80523613419325, -2.46710448664486], [133.8078, -2.4668], [133.80937440144308, -2.462801848966909], [133.8264, -2.4451], [133.8993, -2.4811], [133.9578, -2.467], [133.9486, -2.3958], [133.96737705345504, -2.381173663624498], [133.9865, -2.3675], [133.98571593296649, -2.366888641689267], [133.9866, -2.3662], [133.949, -2.3249], [133.9536478665779, -2.317223700671525], [133.9735, -2.3016], [133.9974929075496, -2.244810335759586], [133.9998, -2.241], [133.9694998989842, -2.236237807957794], [133.9568, -2.2333], [133.95636502386665, -2.234173432075758], [133.9419, -2.2319], [133.937, -2.1603], [133.9693, -2.1086], [133.9476, -2.0816], [133.8736, -2.1084], [133.8407, -2.0961], [133.8211, -2.1344], [133.7528, -2.1689], [133.7244, -2.1616], [133.6967, -2.1952], [133.6584, -2.2012], [133.6199, -2.2311], [133.5656, -2.2117], [133.4233, -2.2294], [133.4037, -2.2076], [133.3269, -2.219], [133.2727, -2.1946], [133.2243, -2.2149], [133.1793, -2.1942], [133.0946, -2.2343], [133.0253, -2.2412], [132.9605, -2.2914], [132.9009, -2.2811], [132.8608, -2.248], [132.7831, -2.2493], [132.7153, -2.2973], [132.6414, -2.2862], [132.5988, -2.1988], [132.6941, -2.0705], [132.6256, -1.9832], [132.6561, -1.962], [132.6222, -1.8761], [132.7143, -1.8831], [132.7366, -1.8489], [132.7724, -1.7263], [132.7697, -1.654], [132.7873, -1.5739], [132.8232, -1.5562], [132.8565, -1.4936], [132.8544, -1.4498], [132.8866, -1.4222], [132.9093, -1.3626], [132.9048, -1.2938], [133.0, -1.3554], [133.1154, -1.2909], [133.154, -1.251], [133.1966, -1.2406], [133.2386, -1.2519], [133.2644, -1.1932], [133.3726, -1.2226], [133.4324, -1.1781], [133.4243, -1.1494], [133.4558, -0.9631], [133.469, -0.9011], [133.4412, -0.863], [133.4371, -0.8058], [133.4724, -0.7999], [133.4858, -0.7406], [133.529, -0.7479], [133.5994, -0.7334], [133.7319, -0.7478], [133.7432, -0.7216], [133.7962, -0.7262], [133.8173, -0.7485], [133.8806, -0.7151], [133.9039, -0.7274], [133.9713, -0.7199], [133.9913, -0.7598], [134.0712, -0.8138], [134.1346, -0.8702], [134.0673, -0.8656], [134.0117, -0.9635], [134.0704, -1.0318], [134.071, -1.0714], [134.1056, -1.133], [134.1852, -1.1977], [134.212, -1.2542], [134.2755, -1.3365], [134.2383, -1.3628], [134.198, -1.4559], [134.2106, -1.4992], [134.2016, -1.5498], [134.143, -1.5993], [134.1173, -1.6397], [134.0685, -1.6752], [134.1019, -1.766], [134.1013, -1.836], [134.1373, -1.942], [134.1404, -2.0019], [134.1036, -2.072], [134.1356, -2.1532], [134.1543, -2.291], [134.1761, -2.3562], [134.2157, -2.421], [134.2761, -2.4656], [134.3369, -2.549], [134.3325, -2.5823], [134.3599, -2.6203], [134.4591, -2.8631], [134.4959, -2.8587], [134.5241, -2.7918], [134.507, -2.7631], [134.4974, -2.6601], [134.4622, -2.5933], [134.477, -2.5229], [134.5327, -2.4493], [134.6413, -2.5059], [134.6613, -2.6123], [134.6541, -2.6802], [134.6614, -2.7563], [134.5855, -2.8048], [134.6042, -2.8845], [134.6111, -2.9763], [134.6312, -3.0618], [134.6171, -3.083], [134.6806, -3.1998], [134.6935, -3.2908], [134.7146, -3.3011], [134.7271, -3.3605], [134.7569, -3.3827], [134.8098, -3.3694], [134.8557, -3.3881], [134.865, -3.4193], [134.9188, -3.4403], [134.9388, -3.4882], [134.9765, -3.5139], [134.9917, -3.5855], [135.0469, -3.6101], [135.0721, -3.5842], [135.1337, -3.5976], [135.1978, -3.5956], [135.1463, -3.6504], [135.1233, -3.6918], [135.051, -3.6888], [135.0181, -3.7187], [135.0431, -3.7837], [135.027, -3.8322], [135.0975, -3.929], [135.0929, -3.9665], [135.057, -3.9708], [135.0329, -4.0026], [135.0538, -4.0495], [135.0034, -4.0922], [134.9692, -4.1401], [134.9359, -4.2266], [134.8855, -4.2525], [134.8341, -4.2547], [134.7637, -4.2082], [134.7346, -4.2068], [134.7115, -4.1369], [134.6293, -4.1175], [134.6521, -4.0778], [134.683, -3.9786], [134.7695, -3.9342], [134.8016, -3.94], [134.8462, -3.9856], [134.9167, -3.9647], [134.9128, -3.9407], [134.8308, -3.9398], [134.7716, -3.9164], [134.7386, -3.9396], [134.7069, -3.9184], [134.6343, -3.9466], [134.6032, -3.9998], [134.5696, -3.9987], [134.5062, -4.0437], [134.4389, -3.919], [134.4096, -3.9214], [134.35, -3.8945], [134.359, -3.9492], [134.2988, -3.9673], [134.3336, -4.0205], [134.3026, -4.049], [134.2785, -4.007], [134.1942, -3.9594], [134.1497, -3.8667], [134.1913, -3.8331], [134.1695, -3.7787], [134.1387, -3.7454], [134.1178, -3.7916], [134.069, -3.8209], [134.0411, -3.7824], [133.944, -3.8457], [133.9136, -3.7846], [133.9082, -3.7045], [133.8395, -3.6315], [133.8364, -3.5594], [133.7861, -3.5978], [133.7902, -3.648], [133.7508, -3.6452], [133.6908, -3.671], [133.7073, -3.6032], [133.6212, -3.477], [133.6394, -3.4461], [133.6993, -3.4059], [133.6684, -3.3177], [133.6687, -3.2263], [133.7257, -3.1697], [133.7726, -3.1748], [133.7799, -3.1112], [133.8271, -3.089], [133.845, -3.0211], [133.8531, -2.9407], [133.8071, -2.9605], [133.7898, -3.025], [133.7219, -3.0362], [133.7019, -3.0719], [133.649, -3.1209], [133.663, -3.2143], [133.6479, -3.2346], [133.6647, -3.2974], [133.6594, -3.3764], [133.6324, -3.4161], [133.563, -3.4289], [133.55, -3.4544], [133.5975, -3.5292], [133.5836, -3.5685], [133.5152, -3.6051], [133.4376, -3.6801], [133.4088, -3.6908], [133.3937, -3.7351], [133.4146, -3.7995], [133.4505, -3.8201], [133.4568, -3.8592], [133.4035, -3.9024], [133.3301, -3.9852], [133.3138, -4.0152], [133.269, -4.0348], [133.252, -4.0718], [133.1254, -4.0676], [133.0772, -4.0537], [133.0421, -4.0654], [133.0152, -4.1177], [132.9172, -4.0831], [132.9005, -4.0285], [132.838, -3.985], [132.8371, -3.9652], [132.8212, -3.884]]], [[[133.7525, -2.6201], [133.6963, -2.6131], [133.7215, -2.5567], [133.7774, -2.5869], [133.7525, -2.6201]]], [[[133.4638, -2.6212], [133.4801, -2.5091], [133.5147, -2.5885], [133.5132, -2.629], [133.4638, -2.6212]]], [[[133.4845, -2.4298], [133.5038, -2.4171], [133.6013, -2.4594], [133.6154, -2.5019], [133.5651, -2.5142], [133.5209, -2.4833], [133.4845, -2.4298]]], [[[133.7516, -2.4203], [133.8306, -2.4089], [133.80937440144308, -2.462801848966909], [133.80523613419325, -2.46710448664486], [133.7497, -2.4737], [133.7516, -2.4203]]], [[[133.805, -2.2517], [133.8449, -2.2019], [133.8422, -2.2868], [133.805, -2.2517]]], [[[133.8611, -2.2044], [133.8971, -2.1868], [133.8892, -2.2652], [133.8494, -2.2838], [133.8611, -2.2044]]], [[[134.4253, -4.0066], [134.3831, -4.0339], [134.3758, -3.9819], [134.4253, -4.0066]]], [[[134.0968, -3.9148], [134.1871, -4.0101], [134.084, -3.9834], [134.0713, -3.9425], [134.0968, -3.9148]]], [[[133.8386, -2.3953], [133.8651, -2.385], [133.9434, -2.3989], [133.9465, -2.4311], [133.9099, -2.4782], [133.8706, -2.4456], [133.8386, -2.3953]]], [[[134.5232, -2.3831], [134.5626, -2.3683], [134.5905, -2.395], [134.5465, -2.4352], [134.5232, -2.3831]]], [[[133.98571593296649, -2.366888641689267], [133.96737705345504, -2.381173663624498], [133.9486, -2.3946], [133.8668, -2.3717], [133.9024133189738, -2.332456673307108], [133.91097313491542, -2.330669870197983], [133.9352, -2.3275], [133.98571593296649, -2.366888641689267]]], [[[133.9983, -2.2429], [133.9974929075496, -2.244810335759586], [133.9536478665779, -2.317223700671525], [133.9458, -2.3234], [133.91097313491542, -2.330669870197983], [133.9031, -2.3317], [133.9024133189738, -2.332456673307108], [133.8543, -2.3425], [133.8629, -2.3066], [133.9193, -2.3086], [133.95636502386665, -2.234173432075758], [133.9694998989842, -2.236237807957794], [133.9983, -2.2429]]], [[[134.4047, -2.01], [134.4052, -2.0753], [134.385, -2.0818], [134.3729, -2.1436], [134.3497, -2.1672], [134.3373, -2.107], [134.3157, -2.0785], [134.3627, -2.0022], [134.4047, -2.01]]], [[[134.2251, -1.7356], [134.2382, -1.7585], [134.191, -1.9045], [134.1434, -1.9106], [134.1475, -1.8298], [134.2251, -1.7356]]]]}}, {"type": "Feature", "properties": {"provinsi": "Papua Barat Daya", "pulau": "Papua", "nama_resmi": "Provinsi Papua Barat Daya", "tipe": "Provinsi", "parlemen": 14.29, "pendapatan": 28.38, "pengeluaran": 5489.0, "ahh": 63.22, "profesional": 40.65, "tpak": 71.13, "rls": 5.89, "hls": 12.45, "skor_ekonomi": 32.21, "skor_keputusan": 35.6, "skor_kapasitas_sosial": 54.21, "ikpp_komposit": 37.97, "kuadran": "Kuadran III (Ekonomi Rendah, Keputusan Rendah)"}, "geometry": {"type": "MultiPolygon", "coordinates": [[[[130.2081, -2.0621], [130.1385, -2.0555], [130.0785, -2.0266], [129.9879, -2.0009], [129.9742, -2.0129], [129.8604, -1.9754], [129.8013, -1.9319], [129.7304, -1.9004], [129.736, -1.8591], [129.8656, -1.821], [129.8988, -1.7855], [129.9781, -1.7702], [130.0098, -1.7423], [130.0624, -1.7241], [130.096, -1.7296], [130.1982, -1.7179], [130.2567, -1.7296], [130.2708, -1.6995], [130.3328, -1.6846], [130.3809, -1.6911], [130.3535, -1.7376], [130.4204, -1.7785], [130.4432, -1.8266], [130.4079, -1.8975], [130.3533, -1.9194], [130.3886, -1.9529], [130.4288, -1.9529], [130.3527, -1.9808], [130.3283, -1.9687], [130.2666, -2.0534], [130.2081, -2.0621]]], [[[130.8559, -1.3434], [130.8115, -1.268], [130.7727, -1.2634], [130.7439, -1.2308], [130.7381, -1.1676], [130.7067, -1.1426], [130.7182, -1.0963], [130.7045, -1.052], [130.6348, -0.9803], [130.7411, -0.9292], [130.8678, -0.8948], [130.921, -0.8889], [130.94, -0.9411], [131.0315, -0.9126], [131.0495, -0.9306], [131.0813, -1.0331], [131.0685, -1.1039], [131.0345, -1.1953], [131.0442, -1.2408], [130.9999, -1.2825], [130.9911, -1.3371], [130.963, -1.3585], [130.9006, -1.3208], [130.8559, -1.3434]]], [[[129.8184, -1.2164], [129.7574, -1.1723], [129.8399, -1.157], [129.9777, -1.1705], [129.9313, -1.2155], [129.8866, -1.1962], [129.8184, -1.2164]]], [[[130.767, -0.8193], [130.8553, -0.7644], [130.8491, -0.86], [130.5912, -0.9136], [130.5198, -0.8952], [130.4479, -0.8987], [130.4485, -0.8286], [130.4872, -0.791], [130.4864, -0.8268], [130.5509, -0.8366], [130.5665, -0.7938], [130.767, -0.8193]]], [[[130.5231, -0.468], [130.5955, -0.4127], [130.6493, -0.4107], [130.6968, -0.4481], [130.6624, -0.5081], [130.6359, -0.5211], [130.512, -0.5062], [130.4687, -0.4725], [130.5047, -0.4387], [130.5231, -0.468]]], [[[129.8458, -0.449], [129.8571, -0.415], [129.8912, -0.3979], [129.9242, -0.4127], [129.9007, -0.4797], [129.8638, -0.4907], [129.8458, -0.449]]], [[[130.7949, -0.0061], [130.8842, -0.0165], [130.9375, -0.0406], [130.9922, -0.0446], [131.0402, -0.031], [131.0461, -0.0627], [131.1328, -0.0706], [131.1906, -0.1227], [131.2583, -0.1359], [131.3119, -0.1844], [131.2954, -0.2208], [131.3126, -0.2666], [131.3056, -0.3036], [131.2471, -0.3799], [131.1899, -0.3422], [131.1024, -0.3223], [131.0358, -0.3372], [130.9418, -0.3422], [130.8686, -0.235], [130.8005, -0.242], [130.7772, -0.1552], [130.7218, -0.1367], [130.6944, -0.0779], [130.6371, -0.0935], [130.6311, -0.1481], [130.6563, -0.1521], [130.7196, -0.2356], [130.7453, -0.2915], [130.8471, -0.2932], [130.853, -0.31], [130.93, -0.3299], [130.9395, -0.3634], [130.9184, -0.3932], [130.8131, -0.4374], [130.7271, -0.4394], [130.693, -0.3488], [130.6945, -0.3001], [130.5816, -0.3175], [130.59, -0.377], [130.5484, -0.3818], [130.5482, -0.3266], [130.5177, -0.2954], [130.5348, -0.2575], [130.4633, -0.2616], [130.3431, -0.2556], [130.2865, -0.226], [130.3737, -0.206], [130.3783, -0.1559], [130.3069, -0.1757], [130.2816, -0.1123], [130.3999, -0.0831], [130.4127, -0.1146], [130.5269, -0.0662], [130.525, -0.0498], [130.5435, -0.0684], [130.5972, -0.0445], [130.6389, -0.0546], [130.7949, -0.0061]]], [[[130.0987, -0.0674], [130.1018, 0.01], [130.1384, 0.0161], [130.1206, -0.0362], [130.1511, -0.0456], [130.131, -0.0967], [130.0987, -0.0674]]], [[[132.8866, -1.4222], [132.8544, -1.4498], [132.8565, -1.4936], [132.8232, -1.5562], [132.7873, -1.5739], [132.7697, -1.654], [132.7724, -1.7263], [132.7366, -1.8489], [132.7143, -1.8831], [132.6222, -1.8761], [132.6561, -1.962], [132.6256, -1.9832], [132.6941, -2.0705], [132.5988, -2.1988], [132.5268, -2.195], [132.4325, -2.2328], [132.3803, -2.2629], [132.2972, -2.2702], [132.2332, -2.1898], [132.1805, -2.1534], [132.1426, -2.1486], [132.04, -2.0708], [132.0343, -2.0225], [131.9743, -1.9726], [131.9889, -1.9328], [131.9285, -1.8815], [131.9478, -1.8489], [131.9216, -1.8137], [132.027, -1.7144], [131.9758, -1.7052], [131.9175, -1.7198], [131.8811, -1.6364], [131.8916, -1.6105], [131.8537, -1.5695], [131.81, -1.6135], [131.7781, -1.5735], [131.713, -1.5793], [131.6943, -1.5472], [131.73069104243058, -1.509524567836564], [131.7326, -1.5088], [131.73264212610115, -1.507504622389387], [131.7453, -1.4944], [131.7395, -1.4425], [131.7218923288605, -1.434460643149187], [131.7153, -1.4278], [131.71049290351135, -1.42925586350799], [131.7038, -1.4262], [131.68555548758548, -1.43680833804555], [131.64023328955616, -1.450534489448706], [131.5888, -1.453], [131.5476, -1.4883], [131.5, -1.4693], [131.4452, -1.5069], [131.39, -1.4628], [131.4029, -1.4328], [131.3239, -1.3296], [131.3152, -1.3716], [131.2697, -1.3858], [131.3302, -1.4275], [131.3352, -1.4641], [131.2819, -1.5041], [131.2077, -1.5226], [131.1648, -1.4629], [131.0936, -1.4494], [130.9964, -1.4571], [130.9352, -1.4204], [130.9948, -1.3866], [131.0237, -1.2855], [131.0567, -1.2531], [131.1762, -1.221], [131.249, -1.0828], [131.2409, -1.0269], [131.262, -0.9932], [131.2717, -0.9177], [131.2967, -0.9155], [131.2511, -0.8774], [131.2357, -0.8304], [131.3573, -0.7818], [131.4018, -0.7767], [131.5082, -0.7298], [131.5422, -0.7292], [131.5582, -0.7658], [131.7457, -0.7305], [131.8442, -0.7075], [131.9041, -0.6755], [131.9035, -0.6539], [131.9908, -0.5688], [132.0695, -0.5423], [132.0945, -0.4803], [132.2073, -0.4099], [132.2655, -0.3816], [132.3389, -0.3853], [132.4202, -0.3445], [132.5125, -0.3604], [132.596, -0.3585], [132.6822, -0.3718], [132.7422, -0.3919], [132.9013, -0.4635], [132.9545, -0.4539], [132.9727, -0.4944], [133.0309, -0.5196], [133.0722, -0.5164], [133.0999, -0.5481], [133.1462, -0.5437], [133.1766, -0.5837], [133.2354, -0.6052], [133.3192, -0.6973], [133.3985, -0.7416], [133.4858, -0.7406], [133.4724, -0.7999], [133.4371, -0.8058], [133.4412, -0.863], [133.469, -0.9011], [133.4558, -0.9631], [133.4243, -1.1494], [133.4324, -1.1781], [133.3726, -1.2226], [133.2644, -1.1932], [133.2386, -1.2519], [133.1966, -1.2406], [133.154, -1.251], [133.1154, -1.2909], [133.0, -1.3554], [132.9048, -1.2938], [132.9093, -1.3626], [132.8866, -1.4222]]], [[[131.71049290351135, -1.42925586350799], [131.7218923288605, -1.434460643149187], [131.7346, -1.4473], [131.73264212610115, -1.507504622389387], [131.73069104243058, -1.509524567836564], [131.6367, -1.5452], [131.5869, -1.4841], [131.5928, -1.4649], [131.64023328955616, -1.450534489448706], [131.6639, -1.4494], [131.68555548758548, -1.43680833804555], [131.71049290351135, -1.42925586350799]]], [[[131.332, -1.3543], [131.3621, -1.3997], [131.3107, -1.4076], [131.332, -1.3543]]], [[[131.1413, -1.0072], [131.1505, -1.0192], [131.0781, -1.0791], [131.0975, -1.0031], [131.1413, -1.0072]]]]}}, {"type": "Feature", "properties": {"provinsi": "Papua Pegunungan", "pulau": "Papua", "nama_resmi": "Provinsi Papua Pegunungan", "tipe": "Provinsi", "parlemen": 8.89, "pendapatan": 39.02, "pengeluaran": 4943.0, "ahh": 66.21, "profesional": 24.01, "tpak": 88.97, "rls": 3.7, "hls": 9.78, "skor_ekonomi": 54.65, "skor_keputusan": 17.76, "skor_kapasitas_sosial": 43.62, "ikpp_komposit": 37.69, "kuadran": "Kuadran IV (Ekonomi Tinggi, Keputusan Rendah)"}, "geometry": {"type": "Polygon", "coordinates": [[[138.5896, -4.6987], [138.5357, -4.7204], [138.5699, -4.7503], [138.5712, -4.7935], [138.4005, -4.8119], [138.3257, -4.6675], [138.2812, -4.6806], [138.2472, -4.6691], [138.1927, -4.7135], [138.1571, -4.6804], [138.1261, -4.609], [138.0889, -4.5668], [138.0314, -4.6098], [137.9971, -4.588], [137.9242, -4.5929], [137.8295, -4.5413], [137.8464, -4.4575], [137.8649, -4.4239], [137.9325, -4.4251], [137.9707, -4.2221], [137.9019, -4.2152], [137.8946, -4.2666], [137.8627, -4.2711], [137.8505, -4.2055], [137.8052, -4.2223], [137.7336, -4.2188], [137.7103, -4.192], [137.7359, -4.1207], [137.8408, -4.1501], [137.8396, -4.1893], [137.925, -4.1625], [137.9799, -4.1214], [138.0055, -4.1205], [137.9621, -4.0409], [137.9704, -3.9639], [137.9613, -3.9386], [138.0012, -3.8971], [138.0795, -3.8733], [138.1042, -3.9117], [138.1532, -3.9111], [138.2142, -3.8852], [138.2386, -3.8491], [138.2843, -3.8214], [138.318, -3.8378], [138.3539, -3.8256], [138.3447, -3.7621], [138.2952, -3.7528], [138.2806, -3.6506], [138.195, -3.5986], [138.1036, -3.6029], [138.0753, -3.5865], [138.049, -3.503], [138.0545, -3.4445], [138.0346, -3.4075], [138.0513, -3.3626], [138.0392, -3.3115], [138.0868, -3.3163], [138.1101, -3.2867], [138.0792, -3.241], [138.0696, -3.2143], [138.0747, -3.1313], [138.0901, -3.1272], [138.0852, -3.0299], [138.1268, -3.0278], [138.1654, -2.9726], [138.2027, -3.0388], [138.285, -3.0169], [138.3273, -2.9572], [138.4036, -2.967], [138.41, -2.9291], [138.4754, -2.9467], [138.5243, -2.9374], [138.5715, -2.9609], [138.6148, -3.0575], [138.5963, -3.1329], [138.6037, -3.169], [138.5841, -3.2231], [138.6624, -3.3099], [138.7026, -3.3274], [138.6998, -3.2552], [138.7457, -3.1776], [138.8004, -3.1942], [138.8062, -3.2238], [138.8815, -3.2278], [138.9083, -3.2558], [138.9023, -3.2812], [138.8929610117114, -3.295390538579725], [138.8756, -3.3402], [138.8881, -3.3575], [138.8724, -3.4229], [138.9246, -3.3894], [139.0301, -3.2853], [139.0655, -3.2764], [139.0729, -3.3238], [139.1474, -3.3732], [139.1404, -3.4258], [139.2067, -3.449], [139.2481, -3.4387], [139.2833, -3.4678], [139.3557, -3.4832], [139.3735, -3.4359], [139.4636, -3.4602], [139.4711, -3.5201], [139.5055, -3.5225], [139.5184, -3.658], [139.5926, -3.7051], [139.626, -3.6642], [139.6628, -3.6643], [139.6996, -3.6316], [139.6907, -3.5496], [139.7438, -3.5453], [139.7778, -3.5154], [139.8012, -3.565], [139.8684, -3.59], [139.8958, -3.6211], [139.9302, -3.6239], [139.9583, -3.6314], [140.0212, -3.68], [140.0502, -3.6734], [140.1255, -3.6955], [140.1356, -3.6965], [140.1763, -3.7082], [140.2055, -3.6777], [140.2703, -3.67], [140.2853, -3.7179], [140.3212, -3.7436], [140.3842, -3.7365], [140.4763, -3.7606], [140.5448, -3.7511], [140.6265, -3.7717], [140.648, -3.798], [140.6879, -3.7934], [140.7022, -3.8862], [140.8253, -3.8685], [140.8345, -3.9325], [140.7769, -3.9604], [140.7408, -3.918], [140.7157, -3.9172], [140.6341, -3.9771], [140.5711, -3.9329], [140.542, -3.9666], [140.4985, -3.9408], [140.4973, -3.905], [140.5424, -3.8282], [140.5143, -3.8076], [140.4173, -3.8019], [140.4123, -3.8839], [140.465, -3.9618], [140.5084, -4.0504], [140.5464, -4.0698], [140.5863, -4.1142], [140.6146, -4.0595], [140.6667, -4.0375], [140.6921, -3.984], [140.7181, -4.0202], [140.79, -4.0099], [140.8927, -3.9614], [140.9734, -3.9782], [141.0012, -4.0196], [141.0019, -4.4283], [141.0011, -4.8054], [141.0006, -5.3444], [140.7379, -5.2777], [140.7263, -5.233], [140.6264, -5.2642], [140.4691, -5.2196], [140.4348, -5.2279], [140.3875, -5.1962], [140.2971, -5.1553], [140.2561, -5.0592], [140.1864, -5.0397], [140.1119, -5.0531], [140.06, -5.0495], [140.1203, -5.1513], [140.0671, -5.159], [139.9833, -5.0918], [139.9675, -5.1455], [139.9717, -5.2228], [139.9137, -5.2133], [139.8204, -5.1648], [139.873, -5.1495], [139.9189, -5.2053], [139.9477, -5.1649], [139.9288, -5.0907], [139.8879, -5.0633], [139.6665, -5.0629], [139.5792, -5.0527], [139.4982, -5.0023], [139.2279, -4.9986], [139.0777, -4.9863], [139.1483, -4.8792], [139.1678, -4.8355], [139.1646, -4.7418], [139.1142, -4.767], [139.067, -4.8395], [138.9482, -4.8363], [138.9452, -4.8028], [138.9825, -4.7621], [138.9427, -4.7638], [138.8591, -4.7069], [138.8022, -4.7636], [138.8078, -4.7279], [138.6288, -4.7162], [138.5896, -4.6987]]]}}, {"type": "Feature", "properties": {"provinsi": "Papua Selatan", "pulau": "Papua", "nama_resmi": "Provinsi Papua Selatan", "tipe": "Provinsi", "parlemen": 11.43, "pendapatan": 37.8, "pengeluaran": 7809.0, "ahh": 68.97, "profesional": 40.83, "tpak": 59.32, "rls": 6.12, "hls": 9.63, "skor_ekonomi": 42.3, "skor_keputusan": 38.68, "skor_kapasitas_sosial": 46.52, "ikpp_komposit": 41.7, "kuadran": "Kuadran IV (Ekonomi Tinggi, Keputusan Rendah)"}, "geometry": {"type": "MultiPolygon", "coordinates": [[[[138.3611, -8.4142], [138.3447, -8.3831], [138.47245701754386, -8.351160745614038], [138.4425, -8.3827], [138.3611, -8.4142]]], [[[138.4755, -8.3504], [138.47245701754386, -8.351160745614038], [138.4993, -8.3229], [138.4755, -8.3504]]], [[[138.5635, -8.3524], [138.5868, -8.2899], [138.6433, -8.2537], [138.6719, -8.2176], [138.6786, -8.1704], [138.7453, -8.1651], [138.821, -8.1449], [138.8467, -8.2026], [138.8474, -8.2652], [138.9134, -8.2967], [138.9134, -8.3622], [138.8971, -8.3861], [138.7345, -8.3862], [138.5635, -8.3524]]], [[[137.8672, -7.8527], [137.9154, -7.7772], [137.9581, -7.7364], [138.0334, -7.6176], [138.1013, -7.5509], [138.2207, -7.4682], [138.2965, -7.4366], [138.4194, -7.4042], [138.5498, -7.3884], [138.6726, -7.3661], [138.7745, -7.3756], [138.8665, -7.4389], [138.8912, -7.493], [138.9412, -7.5463], [139.0805, -7.5681], [139.0431, -7.6244], [139.0331, -7.6871], [139.0022, -7.7286], [138.99, -7.7764], [138.9997, -7.829], [138.9782, -7.8623], [138.8972, -7.9021], [138.9027, -7.972], [138.8892, -8.0232], [138.9104, -8.0768], [138.8382, -8.0734], [138.8025, -8.134], [138.7322, -8.1538], [138.6838, -8.1472], [138.615, -8.249], [138.5356, -8.3037], [138.4909, -8.3189], [138.4739, -8.347], [138.3021, -8.3914], [138.2006, -8.3826], [138.082, -8.3857], [137.8568, -8.3845], [137.7279, -8.4084], [137.6893, -8.4267], [137.6406, -8.4222], [137.664, -8.3016], [137.695, -8.1897], [137.7216, -8.139], [137.7856, -8.0517], [137.7964, -8.0074], [137.8672, -7.8527]]], [[[138.7357, -6.7593], [138.7962, -6.8325], [138.7233, -6.8839], [138.6764, -6.8677], [138.6648, -6.8211], [138.6239, -6.786], [138.6538, -6.7445], [138.7357, -6.7593]]], [[[138.7158, -6.7321], [138.674, -6.7247], [138.6692, -6.6547], [138.7081, -6.6328], [138.781, -6.6734], [138.8242, -6.7122], [138.8211, -6.7772], [138.8472, -6.7988], [138.8629420987801, -6.795715234142618], [138.8649, -6.7966], [138.87253406433078, -6.793835626585255], [138.9115, -6.7862], [138.9277, -6.8208], [138.8471, -6.8288], [138.8153, -6.8138], [138.7744, -6.7663], [138.7158, -6.7321]]], [[[138.9757, -8.2909], [138.9242, -8.2796], [138.9975, -8.2309], [138.9757, -8.2909]]], [[[140.8477, -6.7221], [140.8936, -6.7518], [140.8708, -6.7945], [140.897, -6.8442], [140.9904, -6.9036], [141.02, -6.8923], [141.0196, -7.4544], [141.0192, -8.0], [141.0193, -8.6459], [141.0196, -9.1255], [140.8888, -9.0824], [140.8176, -9.0141], [140.7279, -8.9067], [140.6242, -8.8234], [140.5291, -8.6868], [140.5054, -8.6209], [140.2437, -8.3915], [140.2271, -8.3558], [140.1944, -8.348], [140.0682, -8.2641], [139.9938, -8.1994], [139.9583, -8.1441], [139.9504, -8.1016], [139.7223, -8.0995], [139.5968, -8.1292], [139.5086, -8.1777], [139.4518, -8.1944], [139.3397, -8.2059], [139.255, -8.1553], [139.2234, -8.0948], [139.0819, -8.1369], [138.9916, -8.1966], [138.9931, -8.2243], [138.9228, -8.277], [138.857, -8.1868], [138.8398, -8.1056], [138.9072, -8.0877], [138.9278, -8.0619], [138.9031, -8.0281], [138.9225, -7.9673], [138.923, -7.907], [139.0127, -7.8604], [139.0243, -7.8379], [139.019, -7.7496], [139.0561, -7.6887], [139.0614, -7.645], [139.1076, -7.6001], [139.0996, -7.5397], [139.0513, -7.5161], [138.9676, -7.5211], [138.9442, -7.4787], [138.9205, -7.3952], [138.8671, -7.3174], [138.8133, -7.2981], [138.7732, -7.2637], [138.6847, -7.23], [138.6822, -7.1732], [138.706, -7.0747], [138.6187, -7.0154], [138.5645, -6.933], [138.5805, -6.9037], [138.6282, -6.876], [138.7004, -6.903], [138.7641, -6.8828], [138.7968, -6.8514], [138.9137, -6.8384], [138.9489, -6.7977], [138.9066, -6.7815], [138.87253406433078, -6.793835626585255], [138.8629420987801, -6.795715234142618], [138.8306, -6.7811], [138.8244, -6.6967], [138.7952, -6.6672], [138.684, -6.6078], [138.6044, -6.5238], [138.5705, -6.4872], [138.4378, -6.37], [138.4329, -6.3232], [138.4062, -6.2782], [138.383, -6.1966], [138.3955, -6.1698], [138.3546, -6.1049], [138.3089, -5.9941], [138.2554, -5.9243], [138.2505, -5.8852], [138.2767, -5.841], [138.1718, -5.819], [138.1412, -5.7194], [138.0761, -5.7368], [138.0494, -5.6739], [138.0454, -5.5922], [138.0816, -5.5337], [138.054, -5.5046], [138.0166, -5.5086], [137.8631, -5.3501], [137.8159, -5.3798], [137.7619, -5.3495], [137.7233, -5.3518], [137.7402, -5.2867], [137.6812, -5.237], [137.6778, -5.2177], [137.7337, -5.0928], [137.7745, -5.0617], [137.8248, -4.9817], [137.8483, -4.9262], [137.8341, -4.9072], [137.865, -4.8636], [137.8967, -4.7802], [137.8921, -4.7515], [137.7932, -4.6894], [137.7696, -4.6477], [137.8277, -4.5968], [137.9085, -4.6034], [137.9242, -4.5929], [137.9971, -4.588], [138.0314, -4.6098], [138.0889, -4.5668], [138.1261, -4.609], [138.1571, -4.6804], [138.1927, -4.7135], [138.2472, -4.6691], [138.2812, -4.6806], [138.3257, -4.6675], [138.4005, -4.8119], [138.5712, -4.7935], [138.5699, -4.7503], [138.5357, -4.7204], [138.5896, -4.6987], [138.6288, -4.7162], [138.8078, -4.7279], [138.8022, -4.7636], [138.8591, -4.7069], [138.9427, -4.7638], [138.9825, -4.7621], [138.9452, -4.8028], [138.9482, -4.8363], [139.067, -4.8395], [139.1142, -4.767], [139.1646, -4.7418], [139.1678, -4.8355], [139.1483, -4.8792], [139.0777, -4.9863], [139.2279, -4.9986], [139.4982, -5.0023], [139.5792, -5.0527], [139.6665, -5.0629], [139.8879, -5.0633], [139.9288, -5.0907], [139.9477, -5.1649], [139.9189, -5.2053], [139.873, -5.1495], [139.8204, -5.1648], [139.9137, -5.2133], [139.9717, -5.2228], [139.9675, -5.1455], [139.9833, -5.0918], [140.0671, -5.159], [140.1203, -5.1513], [140.06, -5.0495], [140.1119, -5.0531], [140.1864, -5.0397], [140.2561, -5.0592], [140.2971, -5.1553], [140.3875, -5.1962], [140.4348, -5.2279], [140.4691, -5.2196], [140.6264, -5.2642], [140.7263, -5.233], [140.7379, -5.2777], [141.0006, -5.3444], [140.9999, -5.8753], [141.0, -6.3223], [140.964, -6.3238], [140.9754, -6.3827], [140.9388, -6.4447], [140.9483, -6.4929], [140.8907, -6.6046], [140.8453, -6.6154], [140.8707, -6.6763], [140.8477, -6.7221]]]]}}, {"type": "Feature", "properties": {"provinsi": "Papua Tengah", "pulau": "Papua", "nama_resmi": "Provinsi Papua Tengah", "tipe": "Provinsi", "parlemen": 10.0, "pendapatan": 33.65, "pengeluaran": 7470.0, "ahh": 69.35, "profesional": 38.51, "tpak": 48.63, "rls": 4.81, "hls": 10.54, "skor_ekonomi": 59.31, "skor_keputusan": 28.43, "skor_kapasitas_sosial": 23.75, "ikpp_komposit": 39.84, "kuadran": "Kuadran IV (Ekonomi Tinggi, Keputusan Rendah)"}, "geometry": {"type": "Polygon", "coordinates": [[[137.7336, -4.2188], [137.8052, -4.2223], [137.8505, -4.2055], [137.8627, -4.2711], [137.8946, -4.2666], [137.9019, -4.2152], [137.9707, -4.2221], [137.9325, -4.4251], [137.8649, -4.4239], [137.8464, -4.4575], [137.8295, -4.5413], [137.9242, -4.5929], [137.9085, -4.6034], [137.8277, -4.5968], [137.7696, -4.6477], [137.7932, -4.6894], [137.8921, -4.7515], [137.8967, -4.7802], [137.865, -4.8636], [137.8341, -4.9072], [137.8483, -4.9262], [137.8248, -4.9817], [137.7745, -5.0617], [137.7337, -5.0928], [137.6778, -5.2177], [137.6358, -5.2135], [137.5523, -5.1686], [137.5476, -5.1374], [137.496, -5.145], [137.4494, -5.099], [137.3977, -5.1084], [137.34, -5.0564], [137.3267, -5.0268], [137.2844, -5.0254], [137.2118, -4.9775], [137.2013, -4.9962], [137.1151, -4.9597], [137.0938, -4.9746], [137.0435, -4.9235], [136.9741, -4.9365], [136.9001, -4.8806], [136.8316, -4.914], [136.7889, -4.8784], [136.8075, -4.8344], [136.7681, -4.829], [136.7362, -4.8705], [136.6944, -4.8419], [136.5474, -4.7906], [136.455, -4.7228], [136.3264, -4.6668], [136.2239, -4.6503], [136.1077, -4.6195], [135.9554, -4.5254], [135.9279, -4.4933], [135.7965, -4.4851], [135.7207, -4.4972], [135.5141, -4.4467], [135.3467, -4.4318], [135.2078, -4.4658], [135.04, -4.3756], [135.0124, -4.3369], [134.8855, -4.2525], [134.9359, -4.2266], [134.9692, -4.1401], [135.0034, -4.0922], [135.0538, -4.0495], [135.0329, -4.0026], [135.057, -3.9708], [135.0929, -3.9665], [135.0975, -3.929], [135.027, -3.8322], [135.0431, -3.7837], [135.0181, -3.7187], [135.051, -3.6888], [135.1233, -3.6918], [135.1463, -3.6504], [135.1978, -3.5956], [135.1337, -3.5976], [135.0721, -3.5842], [135.0469, -3.6101], [134.9917, -3.5855], [134.9765, -3.5139], [134.9388, -3.4882], [134.9188, -3.4403], [134.865, -3.4193], [134.8557, -3.3881], [134.8098, -3.3694], [134.7569, -3.3827], [134.7271, -3.3605], [134.7146, -3.3011], [134.6935, -3.2908], [134.6806, -3.1998], [134.6171, -3.083], [134.6312, -3.0618], [134.6111, -2.9763], [134.6042, -2.8845], [134.5855, -2.8048], [134.6614, -2.7563], [134.6673, -2.8664], [134.6866, -2.9669], [134.7765, -2.9864], [134.8063, -2.9148], [134.8462, -2.8985], [134.8528, -2.9995], [134.8187, -3.0118], [134.814, -3.1035], [134.8661, -3.1674], [134.8495, -3.1923], [134.8611, -3.25], [134.9101, -3.2597], [134.9849, -3.3276], [135.0525, -3.3294], [135.1126, -3.3818], [135.1521, -3.3707], [135.3477, -3.3892], [135.4227, -3.3667], [135.4712, -3.373], [135.5586, -3.2997], [135.5708, -3.2389], [135.5961, -3.1943], [135.7015, -3.1495], [135.7611, -3.1052], [135.774, -3.0606], [135.8265, -3.0141], [135.8929, -2.9899], [135.9237, -2.9609], [135.9356, -2.9168], [135.9457, -2.7832], [136.0125, -2.7202], [136.0114, -2.7059], [136.0471, -2.7191], [136.0498, -2.771], [136.1393, -2.7722], [136.1537, -2.7941], [136.2045, -2.8006], [136.29, -2.8876], [136.3085, -2.9355], [136.2977, -2.9731], [136.3229, -3.0203], [136.4055, -3.0147], [136.4373, -3.0548], [136.5779, -3.0658], [136.538, -3.1557], [136.5327, -3.2258], [136.5673, -3.254], [136.6656, -3.2251], [136.6458, -3.1604], [136.6679, -3.1373], [136.7318, -3.1832], [136.7652, -3.1927], [136.7374, -3.2382], [136.8088, -3.2542], [136.848, -3.2447], [136.8519, -3.2533], [136.8961, -3.3676], [136.8984, -3.4062], [136.9602, -3.3905], [136.9611, -3.3332], [136.9244, -3.3291], [136.8881, -3.2593], [136.9163, -3.2352], [136.9032, -3.1581], [136.9867, -3.1758], [137.0407, -3.2113], [136.9507, -3.2836], [137.0034, -3.3174], [137.0228, -3.3075], [137.022, -3.2828], [137.0625, -3.2332], [137.0625, -3.1832], [137.1105, -3.1335], [137.221, -3.1243], [137.3485, -3.0902], [137.4078, -3.0881], [137.4447, -3.1073], [137.523, -3.0807], [137.5486, -3.0551], [137.5812, -3.0662], [137.6834, -3.0487], [137.7227, -3.0651], [137.7583, -3.0562], [137.7869, -3.0834], [137.9613, -3.0321], [138.0135, -3.0577], [137.9998, -3.1106], [138.007, -3.1848], [138.0792, -3.241], [138.1101, -3.2867], [138.0868, -3.3163], [138.0392, -3.3115], [138.0513, -3.3626], [138.0346, -3.4075], [138.0545, -3.4445], [138.049, -3.503], [138.0753, -3.5865], [138.1036, -3.6029], [138.195, -3.5986], [138.2806, -3.6506], [138.2952, -3.7528], [138.3447, -3.7621], [138.3539, -3.8256], [138.318, -3.8378], [138.2843, -3.8214], [138.2386, -3.8491], [138.2142, -3.8852], [138.1532, -3.9111], [138.1042, -3.9117], [138.0795, -3.8733], [138.0012, -3.8971], [137.9613, -3.9386], [137.9704, -3.9639], [137.9621, -4.0409], [138.0055, -4.1205], [137.9799, -4.1214], [137.925, -4.1625], [137.8396, -4.1893], [137.8408, -4.1501], [137.7359, -4.1207], [137.7103, -4.192], [137.7336, -4.2188]]]}}, {"type": "Feature", "properties": {"provinsi": "Riau", "pulau": "Sumatera", "nama_resmi": "Provinsi Riau", "tipe": "Provinsi", "parlemen": 13.85, "pendapatan": 28.18, "pengeluaran": 11857.0, "ahh": 74.58, "profesional": 54.73, "tpak": 47.05, "rls": 9.43, "hls": 13.42, "skor_ekonomi": 22.17, "skor_keputusan": 46.89, "skor_kapasitas_sosial": 59.88, "ikpp_komposit": 39.6, "kuadran": "Kuadran III (Ekonomi Rendah, Keputusan Rendah)"}, "geometry": {"type": "MultiPolygon", "coordinates": [[[[102.5498, -1.1044], [102.4742, -1.0706], [102.4413, -1.0313], [102.3715, -1.0302], [102.3831, -0.9936], [102.3235, -0.9619], [102.3078, -0.9213], [102.2783, -0.9158], [102.2155, -0.9454], [102.1457, -0.8997], [102.126, -0.9211], [102.0656, -0.8895], [101.9861, -0.8811], [101.9665, -0.9139], [101.9267, -0.9153], [101.9078, -0.9525], [101.8236, -0.9776], [101.7508, -0.9717], [101.6982, -0.9355], [101.7345, -0.8965], [101.7317, -0.8706], [101.6477, -0.8237], [101.5876, -0.8473], [101.5478, -0.8211], [101.4946, -0.7919], [101.4056, -0.7175], [101.3478, -0.6835], [101.3574, -0.6575], [101.3145, -0.6334], [101.2549, -0.6252], [101.2037, -0.5866], [101.1785, -0.5417], [101.1087, -0.5009], [101.0668, -0.5035], [101.037, -0.4398], [101.0414, -0.3761], [101.0319, -0.3453], [100.9922, -0.3158], [100.9323, -0.3157], [100.8481, -0.3428], [100.8379, -0.2844], [100.8088, -0.2698], [100.7743, -0.2131], [100.7458, -0.0518], [100.7638, -0.0222], [100.8045, -0.0339], [100.8416, -0.0066], [100.8307, 0.0674], [100.7789, 0.0827], [100.7961, 0.1273], [100.8418, 0.1462], [100.843, 0.2233], [100.8146, 0.2605], [100.7014, 0.2385], [100.6845, 0.2016], [100.6473, 0.2033], [100.5872, 0.2535], [100.559, 0.3047], [100.4671, 0.3146], [100.4341, 0.3791], [100.4458, 0.4178], [100.3893, 0.4071], [100.3459, 0.3806], [100.3014, 0.3964], [100.2761, 0.4119], [100.2244, 0.5028], [100.2395, 0.5316], [100.1981, 0.6263], [100.2203, 0.6621], [100.2737, 0.6771], [100.2619, 0.7332], [100.2133, 0.7361], [100.1812, 0.7623], [100.1217, 0.8214], [100.1511, 0.9359], [100.1493, 1.0099], [100.1285, 1.1066], [100.1704, 1.1227], [100.1111, 1.2215], [100.1229, 1.2472], [100.0789, 1.3461], [100.0717, 1.3389], [100.0507, 1.3727], [100.0525, 1.3778], [100.1805, 1.4168], [100.2372, 1.4061], [100.3005, 1.417], [100.3409, 1.4376], [100.3181, 1.4709], [100.3766, 1.4498], [100.4218, 1.4854], [100.4046, 1.5783], [100.4167, 1.6548], [100.38, 1.6812], [100.3527, 1.734], [100.3759, 1.7757], [100.2891, 1.7989], [100.2889, 1.8755], [100.3181, 1.9018], [100.3205, 2.0374], [100.3439, 2.1373], [100.3689, 2.1795], [100.3626, 2.248], [100.3193, 2.3346], [100.299, 2.4426], [100.3219, 2.5477], [100.3469, 2.4285], [100.3793, 2.3792], [100.3958, 2.3206], [100.4404, 2.2591], [100.5677, 2.1557], [100.7229, 2.0946], [100.7632, 2.0863], [100.7889, 2.1188], [100.78411507159456, 2.141056656421062], [100.7785, 2.1843], [100.77218318604369, 2.19655672970518], [100.7605, 2.2509], [100.8037, 2.2947], [100.9343, 2.3046], [101.0463, 2.2916], [101.0656, 2.2325], [101.1825, 2.1239], [101.267, 2.0804], [101.3032, 2.0422], [101.3359, 1.891], [101.3635, 1.8314], [101.3556, 1.7858], [101.393, 1.7134], [101.4309, 1.6888], [101.4728, 1.6851], [101.5283, 1.647], [101.6155, 1.6422], [101.6647, 1.6647], [101.725, 1.6714], [101.7618, 1.6595], [101.8733, 1.5615], [102.1072, 1.3923], [102.1586, 1.362], [102.1505, 1.2713], [102.1686, 1.2285], [102.2089, 1.1887], [102.1911, 1.0943], [102.2294, 0.9953], [102.2623, 0.957], [102.3399, 0.8996], [102.4037, 0.8153], [102.4982, 0.7539], [102.6073, 0.7395], [102.6758, 0.7557], [102.7893, 0.7319], [102.8437, 0.74], [102.8996, 0.7241], [103.0234, 0.587], [103.0958, 0.4948], [103.1073, 0.4558], [103.0757, 0.4414], [103.1105, 0.385], [103.1755, 0.4272], [103.1961, 0.4748], [103.2881, 0.5072], [103.3474, 0.5385], [103.4125, 0.522], [103.4879, 0.46], [103.5347, 0.4379], [103.5803, 0.3977], [103.6029, 0.3458], [103.6812, 0.3231], [103.7422, 0.2469], [103.7653, 0.183], [103.7748, 0.0989], [103.8104, 0.0086], [103.685, -0.0277], [103.6141, -0.0061], [103.587, -0.0223], [103.5808, -0.0623], [103.4735, -0.1021], [103.4937, -0.1581], [103.4556, -0.1838], [103.4713, -0.2096], [103.5115, -0.2016], [103.6397, -0.2254], [103.6632, -0.2509], [103.7089, -0.2564], [103.7596, -0.3004], [103.7782, -0.3463], [103.6965, -0.3559], [103.5841, -0.4009], [103.5984, -0.4487], [103.5437, -0.5035], [103.5063, -0.5166], [103.4675, -0.506], [103.4378, -0.5386], [103.431, -0.6179], [103.4066, -0.6475], [103.4411, -0.7317], [103.4312, -0.7781], [103.3528, -0.7992], [103.3025, -0.7655], [103.2395, -0.7706], [103.2082, -0.7571], [103.1118, -0.7466], [103.0808, -0.7619], [103.0036, -0.7547], [102.9278, -0.8661], [102.86, -0.9278], [102.7839, -0.9818], [102.7816, -1.0234], [102.6439, -1.1269], [102.6067, -1.0978], [102.5498, -1.1044]]], [[[101.3839, 1.9064], [101.3974, 2.0044], [101.4388, 2.0525], [101.4742, 2.0657], [101.5251, 2.0358], [101.5636, 2.0432], [101.5862, 2.0858], [101.6558, 2.1248], [101.7042, 2.0965], [101.7789, 1.9821], [101.7851, 1.9416], [101.7542, 1.8927], [101.735, 1.771], [101.6873, 1.7352], [101.6191, 1.6901], [101.5607, 1.6953], [101.4537, 1.7267], [101.4165, 1.8376], [101.3839, 1.9064]]], [[[100.77218318604369, 2.19655672970518], [100.78411507159456, 2.141056656421062], [100.7862, 2.125], [100.7249, 2.166], [100.7044, 2.249], [100.7366, 2.2656], [100.77218318604369, 2.19655672970518]]], [[[103.2642, 0.6735], [103.2954, 0.6245], [103.3, 0.5527], [103.2848, 0.5296], [103.2092, 0.5208], [103.165, 0.5002], [103.1378, 0.5683], [103.1495, 0.6648], [103.2059, 0.7024], [103.2642, 0.6735]]], [[[103.0836, 0.5885], [103.0639, 0.5688], [103.0281, 0.6435], [103.039, 0.6599], [103.0836, 0.5885]]], [[[103.0761, 0.7429], [103.0978, 0.7988], [103.1142, 0.739], [103.0761, 0.7429]]], [[[102.9325, 0.7649], [102.8571, 0.7938], [102.6542, 0.7892], [102.5807, 0.7662], [102.5005, 0.791], [102.4367, 0.8258], [102.4107, 0.892], [102.4475, 0.9367], [102.4748, 0.9278], [102.51346211843712, 0.952661467236469], [102.5152, 0.9529], [102.59794827757806, 0.999709829118535], [102.6453, 0.9912], [102.734, 1.0224], [102.8012, 0.9777], [102.8766, 0.9532], [102.931, 0.8986], [103.0462, 0.8246], [103.0503, 0.7547], [103.0489, 0.7211], [102.9947, 0.6892], [102.9325, 0.7649]]], [[[102.737, 1.1549], [102.7703, 1.1594], [102.8932, 1.1252], [102.9816, 1.0903], [103.0703, 0.9988], [103.1532, 0.895], [103.1525, 0.8485], [103.0866, 0.8291], [102.9479, 0.9108], [102.8865, 0.9658], [102.8097, 0.9905], [102.7906, 1.0187], [102.727, 1.0395], [102.6481, 1.009], [102.6675, 1.0831], [102.689, 1.1202], [102.737, 1.1549]]], [[[102.6138, 1.0469], [102.6073, 1.005], [102.59794827757806, 0.999709829118535], [102.5891, 1.0013], [102.51346211843712, 0.952661467236469], [102.4999, 0.9508], [102.4599, 1.0648], [102.4797, 1.1233], [102.5367, 1.1298], [102.6138, 1.0469]]], [[[102.3738, 1.3258], [102.4848, 1.2383], [102.4386, 1.0712], [102.4819, 0.958], [102.4372, 0.9482], [102.3928, 0.9134], [102.2761, 1.0055], [102.2365, 1.1015], [102.2461, 1.1947], [102.206, 1.2773], [102.2278, 1.3304], [102.2135, 1.4142], [102.2921, 1.4122], [102.3738, 1.3258]]], [[[102.3349, 1.5515], [102.4598, 1.5184], [102.4962, 1.4689], [102.4887, 1.4433], [102.5085, 1.2624], [102.496, 1.2533], [102.3984, 1.3232], [102.3357, 1.392], [102.2857, 1.433], [102.1822, 1.4382], [102.119, 1.4599], [102.0264, 1.5394], [102.0018, 1.5957], [102.0647, 1.6042], [102.186, 1.569], [102.3349, 1.5515]]]]}}, {"type": "Feature", "properties": {"provinsi": "Sulawesi Barat", "pulau": "Sulawesi", "nama_resmi": "Provinsi Sulawesi Barat", "tipe": "Provinsi", "parlemen": 11.11, "pendapatan": 37.66, "pengeluaran": 12190.0, "ahh": 69.69, "profesional": 55.48, "tpak": 54.11, "rls": 8.13, "hls": 12.09, "skor_ekonomi": 31.07, "skor_keputusan": 50.19, "skor_kapasitas_sosial": 52.84, "ikpp_komposit": 43.07, "kuadran": "Kuadran II (Ekonomi Rendah, Keputusan Tinggi)"}, "geometry": {"type": "Polygon", "coordinates": [[[119.4691, -3.4333], [119.4919, -3.4741], [119.474, -3.5018], [119.448, -3.4765], [119.3672, -3.4533], [119.3416, -3.433], [119.2853, -3.4296], [119.2357, -3.485], [119.135, -3.4945], [119.1176, -3.5134], [119.0654, -3.5026], [119.0053, -3.5334], [118.9465, -3.5529], [118.9066, -3.5254], [118.8511, -3.3898], [118.8423, -3.3333], [118.8576, -3.2966], [118.8312, -3.2325], [118.8292, -3.1701], [118.7817, -3.1245], [118.7783, -3.0813], [118.8382, -3.0817], [118.8596, -3.0318], [118.8486, -2.9875], [118.8776, -2.9224], [118.8811, -2.8808], [118.8518, -2.852], [118.77, -2.867], [118.7572, -2.785], [118.7822, -2.7466], [118.7784, -2.6938], [118.8235, -2.622], [118.8739, -2.6807], [118.9991, -2.6139], [119.031, -2.5809], [119.042, -2.5089], [119.138, -2.4759], [119.1417, -2.3942], [119.1238, -2.334], [119.1302, -2.2984], [119.1526, -2.2382], [119.1452, -2.2003], [119.1881, -2.1506], [119.2124, -1.9974], [119.2857, -1.9541], [119.3181, -1.9536], [119.3625, -1.8606], [119.3409, -1.8185], [119.3141, -1.7905], [119.2845, -1.6608], [119.3043, -1.6403], [119.3266, -1.5725], [119.2885, -1.4501], [119.2908, -1.3933], [119.3328, -1.3481], [119.3033, -1.2735], [119.3372, -1.1927], [119.4003, -1.1283], [119.44, -1.1038], [119.467, -1.0627], [119.4753, -1.0168], [119.5219, -0.9355], [119.5377, -0.8788], [119.5612, -0.8495], [119.5572, -1.0096], [119.5759, -1.0208], [119.5731, -1.0777], [119.5933, -1.125], [119.5768, -1.1781], [119.5282, -1.1861], [119.5365, -1.2218], [119.4677, -1.2962], [119.4385, -1.3783], [119.5209, -1.4336], [119.568, -1.4281], [119.5934, -1.3964], [119.6433, -1.4052], [119.6833, -1.4412], [119.6928, -1.4727], [119.6723, -1.5464], [119.7369, -1.6101], [119.7954, -1.7399], [119.8245, -1.7675], [119.8715, -1.7797], [119.8588, -1.8257], [119.8747, -1.8611], [119.8478, -1.904], [119.871, -1.9381], [119.8489, -1.9881], [119.8703, -2.0185], [119.8177, -2.0593], [119.8037, -2.1122], [119.711, -2.1425], [119.7469, -2.2221], [119.6775, -2.2795], [119.6877, -2.3698], [119.7245, -2.467], [119.7127, -2.5199], [119.7458, -2.5359], [119.7604, -2.5866], [119.744, -2.6106], [119.7551, -2.6753], [119.7478, -2.7144], [119.6817, -2.7562], [119.5838, -2.7479], [119.5678, -2.7984], [119.5792, -2.8233], [119.55, -2.8976], [119.5766, -2.9502], [119.5646, -2.9943], [119.5952, -3.0633], [119.6325, -3.1098], [119.5361, -3.1393], [119.5137, -3.1726], [119.4703, -3.1909], [119.4096, -3.1833], [119.387, -3.2172], [119.4377, -3.2856], [119.4314, -3.3391], [119.4656, -3.3773], [119.4691, -3.4333]]]}}, {"type": "Feature", "properties": {"provinsi": "Sulawesi Selatan", "pulau": "Sulawesi", "nama_resmi": "Provinsi Sulawesi Selatan", "tipe": "Provinsi", "parlemen": 25.0, "pendapatan": 32.73, "pengeluaran": 11679.0, "ahh": 70.15, "profesional": 55.1, "tpak": 44.93, "rls": 7.73, "hls": 12.5, "skor_ekonomi": 33.37, "skor_keputusan": 52.92, "skor_kapasitas_sosial": 59.6, "ikpp_komposit": 46.43, "kuadran": "Kuadran II (Ekonomi Rendah, Keputusan Tinggi)"}, "geometry": {"type": "MultiPolygon", "coordinates": [[[[119.7045, -5.7028], [119.647, -5.6815], [119.6507, -5.6288], [119.5937, -5.6179], [119.5103, -5.5662], [119.5092, -5.5375], [119.4402, -5.5963], [119.4184, -5.5603], [119.4306, -5.5086], [119.3657, -5.4226], [119.3654, -5.4221], [119.3542, -5.3258], [119.3693, -5.3012], [119.3838, -5.2105], [119.3862, -5.158], [119.4102, -5.1127], [119.4471, -5.1009], [119.479, -5.0599], [119.4794, -4.9888], [119.5245, -4.9241], [119.5191, -4.882], [119.4973, -4.8317], [119.4914, -4.7656], [119.5252, -4.6755], [119.546, -4.6536], [119.5934, -4.5571], [119.5811, -4.5307], [119.5995, -4.4739], [119.6095, -4.3822], [119.636, -4.3175], [119.5958, -4.2483], [119.638, -4.1734], [119.6053, -4.1031], [119.6201, -4.067], [119.6347, -3.9825], [119.6083, -3.9823], [119.5383, -3.902], [119.4814, -3.751], [119.4526, -3.7134], [119.4588, -3.6438], [119.5109, -3.5952], [119.5134, -3.5598], [119.474, -3.5018], [119.4919, -3.4741], [119.4691, -3.4333], [119.4656, -3.3773], [119.4314, -3.3391], [119.4377, -3.2856], [119.387, -3.2172], [119.4096, -3.1833], [119.4703, -3.1909], [119.5137, -3.1726], [119.5361, -3.1393], [119.6325, -3.1098], [119.5952, -3.0633], [119.5646, -2.9943], [119.5766, -2.9502], [119.55, -2.8976], [119.5792, -2.8233], [119.5678, -2.7984], [119.5838, -2.7479], [119.6817, -2.7562], [119.7478, -2.7144], [119.7551, -2.6753], [119.744, -2.6106], [119.7604, -2.5866], [119.7458, -2.5359], [119.7127, -2.5199], [119.7245, -2.467], [119.6877, -2.3698], [119.6775, -2.2795], [119.7469, -2.2221], [119.711, -2.1425], [119.8037, -2.1122], [119.8177, -2.0593], [119.8703, -2.0185], [119.9009, -2.0554], [119.9708, -1.9973], [119.9966, -1.9576], [120.0446, -1.9721], [120.0945, -1.9675], [120.1291, -1.9946], [120.1803, -1.9662], [120.2329, -1.987], [120.2898, -2.0387], [120.3256, -2.0405], [120.3291, -1.9969], [120.3878, -1.9751], [120.4201, -1.979], [120.4804, -2.0828], [120.5134, -2.1102], [120.5292, -2.0837], [120.524, -2.032], [120.5538, -2.024], [120.6035, -2.0987], [120.6328, -2.1099], [120.6823, -2.1924], [120.7234, -2.211], [120.7432, -2.2419], [120.7813, -2.2139], [120.8377, -2.2186], [120.8854, -2.2667], [120.9568, -2.2544], [120.9935, -2.2751], [121.0488, -2.2653], [121.1076, -2.2808], [121.0852, -2.3733], [121.1339, -2.4079], [121.18, -2.3759], [121.2279, -2.3684], [121.254, -2.4023], [121.2843, -2.3813], [121.3915, -2.411], [121.4421, -2.405], [121.5703, -2.4912], [121.5853, -2.5281], [121.6299, -2.5056], [121.674, -2.5416], [121.7201, -2.6038], [121.7841, -2.6417], [121.7735, -2.6829], [121.7153, -2.7533], [121.7068, -2.8073], [121.6739, -2.8382], [121.6702, -2.9005], [121.6343, -2.8936], [121.5002, -2.9437], [121.4616, -3.0114], [121.3902, -3.0148], [121.3612, -2.9876], [121.3471, -2.9845], [121.1534, -2.8138], [121.0825, -2.7733], [121.0341, -2.7909], [120.9899, -2.8396], [121.0102, -2.8664], [120.9876, -2.8409], [121.0357, -2.7765], [121.095, -2.7229], [121.0378, -2.6939], [120.8988, -2.6448], [120.8398, -2.6495], [120.8156, -2.619], [120.7499, -2.6224], [120.6663, -2.6515], [120.6559, -2.6672], [120.5733, -2.7047], [120.5291, -2.765], [120.4903, -2.7829], [120.4469, -2.8271], [120.346, -2.87], [120.2873, -2.9097], [120.2558, -2.9464], [120.2126, -2.9564], [120.2295, -3.0431], [120.2623, -3.0808], [120.2564, -3.1613], [120.3823, -3.2026], [120.404, -3.3417], [120.4045, -3.4319], [120.3798, -3.499], [120.4175, -3.5737], [120.412, -3.6635], [120.4382, -3.6902], [120.4391, -3.7462], [120.4003, -3.7848], [120.3441, -3.8927], [120.3367, -3.9386], [120.361, -4.0216], [120.3379, -4.0923], [120.3462, -4.1322], [120.3811, -4.1752], [120.3664, -4.2234], [120.3657, -4.2997], [120.3905, -4.3476], [120.3475, -4.4253], [120.3969, -4.4691], [120.3769, -4.5122], [120.3993, -4.6058], [120.4516, -4.6572], [120.4111, -4.6932], [120.3855, -4.7681], [120.3835, -4.8371], [120.3366, -4.8401], [120.3063, -4.8679], [120.2925, -4.9233], [120.3062, -5.0024], [120.2879, -5.0409], [120.2893, -5.1135], [120.271, -5.1421], [120.3079, -5.2118], [120.3344, -5.2876], [120.3619, -5.3224], [120.4059, -5.3459], [120.4129, -5.4061], [120.449, -5.4744], [120.4476, -5.567], [120.4339, -5.6116], [120.38, -5.57], [120.3411, -5.5119], [120.3121, -5.5071], [120.2762, -5.5377], [120.2198, -5.5406], [120.13, -5.5883], [120.1019, -5.5857], [120.102, -5.5857], [120.1016, -5.5853], [120.0839, -5.5886], [119.9297, -5.5468], [119.9074, -5.5767], [119.8576, -5.6301], [119.8537, -5.6592], [119.7896, -5.7012], [119.7045, -5.7028]]], [[[121.8383, -7.346], [121.8244, -7.3957], [121.7822, -7.4224], [121.7448, -7.411], [121.7538, -7.3529], [121.8172, -7.3302], [121.8383, -7.346]]], [[[121.1352, -7.3393], [121.1563, -7.3721], [121.0997, -7.3976], [121.0821, -7.3625], [121.0825, -7.3039], [121.1352, -7.3393]]], [[[120.9322, -7.3079], [120.8977, -7.3108], [120.8056, -7.2874], [120.814, -7.2592], [120.9211, -7.2843], [121.0033, -7.2818], [121.0637, -7.3013], [121.0515, -7.3267], [121.0006, -7.3323], [120.9322, -7.3079]]], [[[120.7834, -7.0954], [120.7678, -7.1346], [120.7381, -7.133], [120.6254, -7.118], [120.6041, -7.0746], [120.6573, -7.0187], [120.6727, -7.0429], [120.7834, -7.0954]]], [[[120.4301, -6.1695], [120.4658, -6.0917], [120.451, -6.0643], [120.4451, -5.9593], [120.4623, -5.7908], [120.482, -5.7689], [120.53, -5.8448], [120.5345, -5.9194], [120.5587, -5.9921], [120.5683, -6.0561], [120.5251, -6.2213], [120.5384, -6.3276], [120.4931, -6.4003], [120.4988, -6.4593], [120.4612, -6.4128], [120.4807, -6.2842], [120.4458, -6.2666], [120.4472, -6.216], [120.4301, -6.1695]]]]}}, {"type": "Feature", "properties": {"provinsi": "Sulawesi Tengah", "pulau": "Sulawesi", "nama_resmi": "Provinsi Sulawesi Tengah", "tipe": "Provinsi", "parlemen": 25.45, "pendapatan": 30.88, "pengeluaran": 9117.0, "ahh": 70.06, "profesional": 54.47, "tpak": 50.77, "rls": 8.0, "hls": 12.62, "skor_ekonomi": 32.39, "skor_keputusan": 55.69, "skor_kapasitas_sosial": 54.64, "ikpp_komposit": 46.16, "kuadran": "Kuadran II (Ekonomi Rendah, Keputusan Tinggi)"}, "geometry": {"type": "MultiPolygon", "coordinates": [[[[122.0205, -1.6191], [121.9573, -1.6796], [121.867, -1.689], [121.8022, -1.7389], [121.7419, -1.8888], [121.6765, -1.9461], [121.6256, -1.9602], [121.5575, -1.9567], [121.5183, -1.8962], [121.468, -1.8627], [121.4601, -1.8151], [121.3734, -1.8052], [121.3414, -1.7732], [121.304, -1.7936], [121.2955, -1.8294], [121.3341, -1.8759], [121.3173, -1.9366], [121.3765, -1.9822], [121.3782, -1.9193], [121.4139, -1.9123], [121.4209, -1.9524], [121.4527, -2.0002], [121.5331, -2.0617], [121.5441, -2.1495], [121.6056, -2.1862], [121.6794, -2.1799], [121.7262, -2.2018], [121.7976, -2.2894], [121.8252, -2.294], [121.8412, -2.3475], [121.905, -2.4298], [121.9678, -2.5287], [121.9893, -2.6013], [122.0163, -2.6467], [122.0107, -2.7196], [122.06, -2.7499], [122.0875, -2.7899], [122.1402, -2.7895], [122.1921, -2.8441], [122.2078, -2.8997], [122.2929, -2.8919], [122.321, -2.9206], [122.3068, -2.9568], [122.2516, -3.0271], [122.3045, -3.0602], [122.383, -3.1455], [122.4428, -3.1417], [122.4863, -3.1797], [122.4228, -3.204], [122.428, -3.2508], [122.3555, -3.252], [122.3107, -3.2729], [122.2957, -3.2262], [122.3132, -3.1642], [122.2565, -3.1403], [122.2251, -3.1019], [122.1506, -3.0394], [122.1265, -3.0827], [122.08, -3.0922], [122.0387, -3.0523], [121.951, -3.0483], [121.8873, -3.0108], [121.8721, -2.9733], [121.8418, -2.9718], [121.752, -2.9237], [121.6902, -2.9175], [121.6702, -2.9005], [121.6739, -2.8382], [121.7068, -2.8073], [121.7153, -2.7533], [121.7735, -2.6829], [121.7841, -2.6417], [121.7201, -2.6038], [121.674, -2.5416], [121.6299, -2.5056], [121.5853, -2.5281], [121.5703, -2.4912], [121.4421, -2.405], [121.3915, -2.411], [121.2843, -2.3813], [121.254, -2.4023], [121.2279, -2.3684], [121.18, -2.3759], [121.1339, -2.4079], [121.0852, -2.3733], [121.1076, -2.2808], [121.0488, -2.2653], [120.9935, -2.2751], [120.9568, -2.2544], [120.8854, -2.2667], [120.8377, -2.2186], [120.7813, -2.2139], [120.7432, -2.2419], [120.7234, -2.211], [120.6823, -2.1924], [120.6328, -2.1099], [120.6035, -2.0987], [120.5538, -2.024], [120.524, -2.032], [120.5292, -2.0837], [120.5134, -2.1102], [120.4804, -2.0828], [120.4201, -1.979], [120.3878, -1.9751], [120.3291, -1.9969], [120.3256, -2.0405], [120.2898, -2.0387], [120.2329, -1.987], [120.1803, -1.9662], [120.1291, -1.9946], [120.0945, -1.9675], [120.0446, -1.9721], [119.9966, -1.9576], [119.9708, -1.9973], [119.9009, -2.0554], [119.8703, -2.0185], [119.8489, -1.9881], [119.871, -1.9381], [119.8478, -1.904], [119.8747, -1.8611], [119.8588, -1.8257], [119.8715, -1.7797], [119.8245, -1.7675], [119.7954, -1.7399], [119.7369, -1.6101], [119.6723, -1.5464], [119.6928, -1.4727], [119.6833, -1.4412], [119.6433, -1.4052], [119.5934, -1.3964], [119.568, -1.4281], [119.5209, -1.4336], [119.4385, -1.3783], [119.4677, -1.2962], [119.5365, -1.2218], [119.5282, -1.1861], [119.5768, -1.1781], [119.5933, -1.125], [119.5731, -1.0777], [119.5759, -1.0208], [119.5572, -1.0096], [119.5612, -0.8495], [119.613, -0.8353], [119.6275, -0.7979], [119.679, -0.7673], [119.6715, -0.7028], [119.7237, -0.6613], [119.7611, -0.6812], [119.8045, -0.8018], [119.8378, -0.88], [119.8696, -0.8831], [119.8826, -0.8217], [119.8593, -0.7844], [119.8436, -0.697], [119.8235, -0.6892], [119.7891, -0.5983], [119.7588, -0.4899], [119.7551, -0.4269], [119.7787, -0.2768], [119.8182, -0.1922], [119.8099, -0.1362], [119.777, -0.1252], [119.7197, -0.1457], [119.6525, -0.0945], [119.605, -0.0114], [119.6668, -0.0179], [119.6986, 0.0015], [119.7392, -0.0309], [119.7375, -0.0609], [119.7714, -0.1068], [119.8215, -0.1171], [119.8818, -0.0249], [119.871, 0.0979], [119.7726, 0.1982], [119.8092, 0.2361], [119.834, 0.2165], [119.8994, 0.2172], [119.8931, 0.2866], [119.8456, 0.3344], [119.8884, 0.3917], [119.878, 0.4305], [119.9008, 0.4787], [119.9991, 0.4831], [120.0451, 0.5127], [120.0353, 0.602], [120.0155, 0.6609], [120.0404, 0.7122], [120.0759, 0.7424], [120.1367, 0.7479], [120.1367, 0.7476], [120.1366, 0.7475], [120.1367, 0.7473], [120.1369, 0.7469], [120.1831, 0.7589], [120.2441, 0.8182], [120.2473, 0.9574], [120.3039, 0.9812], [120.3486, 0.9847], [120.3288, 0.8511], [120.3988, 0.7911], [120.4682, 0.7776], [120.496, 0.7937], [120.5756, 0.7761], [120.6092, 0.8151], [120.6032, 0.8703], [120.6358, 0.9393], [120.7375, 0.979], [120.7875, 1.0312], [120.7978, 1.0915], [120.7771, 1.107], [120.7994, 1.1581], [120.8244, 1.1746], [120.8104, 1.2178], [120.8078, 1.3253], [120.8802, 1.3217], [120.9033, 1.3557], [120.9746, 1.3434], [121.0648, 1.3018], [121.1004, 1.3156], [121.1774, 1.2688], [121.2551, 1.23], [121.3099, 1.2564], [121.3615, 1.2505], [121.4645, 1.3059], [121.4697, 1.2647], [121.432, 1.2277], [121.4199, 1.1862], [121.5034, 1.0913], [121.5504, 1.065], [121.6467, 1.053], [121.7083, 1.0794], [121.7671, 1.0704], [121.8483, 1.0936], [121.8794, 1.0798], [121.9303, 1.1021], [121.957, 1.0364], [121.9872, 1.0226], [122.0713, 1.0636], [122.1957, 1.0386], [122.0421, 0.9867], [122.036, 0.9323], [121.982, 0.907], [121.9225, 0.9275], [121.8637, 0.9906], [121.7864, 0.9395], [121.7387, 0.9305], [121.6908, 0.9024], [121.6035, 0.8727], [121.5491, 0.881], [121.4941, 0.8393], [121.3855, 0.8549], [121.3643, 0.809], [121.317, 0.7851], [121.2889, 0.799], [121.2181, 0.7909], [121.182, 0.7451], [121.1612, 0.6786], [121.2186, 0.6385], [121.2377, 0.6035], [121.3011, 0.5705], [121.3516, 0.4926], [121.3367, 0.4738], [121.2882, 0.4963], [121.2387, 0.463], [121.1754, 0.4585], [121.1452, 0.41], [121.0808, 0.3979], [121.0272, 0.4397], [120.9323, 0.4], [120.8972, 0.3963], [120.855, 0.4423], [120.7258, 0.4762], [120.6953, 0.5105], [120.6017, 0.5212], [120.5714, 0.509], [120.5068, 0.5134], [120.4458, 0.4719], [120.413, 0.477], [120.303, 0.4178], [120.2443, 0.3437], [120.2014, 0.2637], [120.1665, 0.2349], [120.1236, 0.1625], [120.1361, 0.139], [120.1057, 0.0948], [120.1002, -0.016], [120.0652, -0.0609], [120.0326, -0.0771], [120.0421, -0.1279], [120.0087, -0.1777], [120.0123, -0.2922], [120.0303, -0.3031], [120.0411, -0.3916], [120.0724, -0.4397], [120.0496, -0.4883], [120.0586, -0.6288], [120.1135, -0.7421], [120.1751, -0.7991], [120.1861, -0.8344], [120.2186, -0.8431], [120.3105, -0.9661], [120.3721, -0.9276], [120.4117, -0.9245], [120.462, -0.9926], [120.5071, -0.9972], [120.5812, -1.108], [120.5919, -1.1766], [120.5715, -1.1991], [120.5713, -1.2562], [120.6397, -1.3117], [120.6441, -1.3654], [120.6762, -1.4152], [120.7618, -1.3681], [120.8442, -1.3597], [120.8439, -1.4014], [120.8877, -1.411], [121.0345, -1.4178], [121.058, -1.4404], [121.0991, -1.438], [121.1814, -1.3262], [121.2049, -1.24], [121.2326, -1.1945], [121.2813, -1.1545], [121.2946, -1.117], [121.3359, -1.0652], [121.3919, -1.0354], [121.4441, -0.9784], [121.4797, -0.9004], [121.5395, -0.8725], [121.5847, -0.8674], [121.592, -0.8325], [121.6339, -0.807], [121.6637, -0.8129], [121.6579, -0.9134], [121.6969, -0.9268], [121.7614, -0.971], [121.8217, -0.9576], [121.8549, -0.9755], [121.9469, -0.9967], [122.0218, -0.9363], [122.1013, -0.9622], [122.1487, -0.9103], [122.1615, -0.8173], [122.2022, -0.7883], [122.2976, -0.7893], [122.3364, -0.7776], [122.4171, -0.7839], [122.4577, -0.7593], [122.524, -0.7839], [122.5817, -0.784], [122.6172, -0.762], [122.656, -0.7944], [122.7351, -0.8103], [122.7906, -0.7757], [122.9194, -0.7645], [122.8692, -0.7115], [122.8017, -0.7088], [122.8074, -0.6344], [122.8803, -0.6385], [122.8963, -0.6225], [122.9896, -0.6224], [123.0395, -0.5961], [123.0578, -0.5639], [123.1672, -0.5844], [123.194, -0.5702], [123.263, -0.5796], [123.3764, -0.6396], [123.397, -0.6929], [123.4384, -0.7175], [123.4472, -0.7721], [123.3838, -0.9306], [123.3969, -0.9556], [123.3517, -1.0343], [123.309, -1.0516], [123.2695, -1.0447], [123.1409, -0.9275], [123.151, -0.8864], [123.1032, -0.8369], [123.0646, -0.8652], [123.0407, -0.9098], [122.975, -0.9024], [122.8914, -0.9297], [122.804, -0.9411], [122.7986, -0.9997], [122.7285, -1.0866], [122.7071, -1.1395], [122.6666, -1.1398], [122.6364, -1.1752], [122.631, -1.2361], [122.5634, -1.2653], [122.5622, -1.3087], [122.4971, -1.3558], [122.4728, -1.4038], [122.4369, -1.424], [122.3898, -1.4953], [122.3032, -1.5348], [122.2199, -1.6014], [122.1613, -1.5988], [122.0581, -1.6173], [122.0205, -1.6191]]], [[[121.67, -0.5314], [121.6994, -0.4708], [121.732, -0.4515], [121.8033, -0.4423], [121.852, -0.4088], [121.9148, -0.4415], [121.917, -0.4841], [121.8855, -0.5398], [121.7752, -0.4984], [121.714, -0.527], [121.67, -0.5314]]], [[[122.0186, -0.3701], [122.059, -0.3479], [122.0654, -0.3983], [122.0444, -0.4256], [121.9767, -0.4246], [121.9058, -0.4329], [121.8591, -0.3783], [121.8817, -0.3457], [121.9802, -0.3549], [122.0186, -0.3701]]], [[[121.6045, -0.1284], [121.6428, -0.1264], [121.6564, -0.1812], [121.6365, -0.2084], [121.5927, -0.2107], [121.5648, -0.1587], [121.6045, -0.1284]]], [[[123.1797, -3.5998], [123.1283, -3.611], [123.1068, -3.6395], [123.0432, -3.5941], [123.0733, -3.5757], [123.1599, -3.5594], [123.1797, -3.5998]]], [[[123.8632, -1.9791], [123.8574, -2.009], [123.8157, -2.0209], [123.7728, -1.9477], [123.8039, -1.8925], [123.8632, -1.9791]]], [[[123.144, -1.8494], [123.0715, -1.9218], [123.0587, -1.8304], [123.0883, -1.7662], [123.1258, -1.7749], [123.148, -1.814], [123.144, -1.8494]]], [[[123.387, -1.7105], [123.3159, -1.782], [123.2698, -1.7858], [123.312, -1.7182], [123.3648, -1.6736], [123.387, -1.7105]]], [[[123.6228, -1.6235], [123.6125, -1.6985], [123.5761, -1.725], [123.4901, -1.7142], [123.4776, -1.6649], [123.4786, -1.5476], [123.5437, -1.4875], [123.5625, -1.5484], [123.6228, -1.6235]]], [[[123.1638, -1.3041], [123.1141, -1.3071], [123.038, -1.4229], [123.0167, -1.4926], [122.9455, -1.5454], [122.9199, -1.5896], [122.8685, -1.5954], [122.8255, -1.4921], [122.7949, -1.4877], [122.7874, -1.4474], [122.7953, -1.3712], [122.8317, -1.2774], [122.8709, -1.2494], [122.9115, -1.1803], [122.9657, -1.2105], [123.0337, -1.1772], [123.1047, -1.1604], [123.1354, -1.1941], [123.1885, -1.15], [123.2224, -1.2096], [123.2467, -1.2248], [123.1978, -1.2887], [123.195, -1.3255], [123.247, -1.3901], [123.2837, -1.3581], [123.3642, -1.2275], [123.3872, -1.2216], [123.4287, -1.2696], [123.4729, -1.2494], [123.555, -1.2772], [123.5519, -1.3418], [123.5132, -1.4538], [123.4728, -1.4621], [123.4698, -1.4972], [123.4096, -1.528], [123.3649, -1.5008], [123.2979, -1.4119], [123.2565, -1.4422], [123.2392, -1.5537], [123.2419, -1.5929], [123.1584, -1.6385], [123.0992, -1.6009], [123.1016, -1.5751], [123.1848, -1.5141], [123.1561, -1.3676], [123.1638, -1.3041]]], [[[123.3243, -1.2102], [123.3053, -1.2797], [123.2749, -1.2152], [123.3243, -1.2102]]], [[[122.1025, -0.2916], [122.1416, -0.348], [122.1437, -0.411], [122.0887, -0.439], [122.0601, -0.355], [122.0704, -0.3055], [122.1025, -0.2916]]], [[[122.3836, -0.3626], [122.3032, -0.2594], [122.3115, -0.2358], [122.383, -0.2832], [122.3714, -0.3367], [122.3836, -0.3626]]], [[[122.1873, -0.2442], [122.2449, -0.2816], [122.1789, -0.2792], [122.1873, -0.2442]]]]}}, {"type": "Feature", "properties": {"provinsi": "Sulawesi Tenggara", "pulau": "Sulawesi", "nama_resmi": "Provinsi Sulawesi Tenggara", "tipe": "Provinsi", "parlemen": 28.89, "pendapatan": 36.92, "pengeluaran": 10250.0, "ahh": 73.23, "profesional": 53.68, "tpak": 51.12, "rls": 8.76, "hls": 12.79, "skor_ekonomi": 41.7, "skor_keputusan": 50.65, "skor_kapasitas_sosial": 56.25, "ikpp_komposit": 48.19, "kuadran": "Kuadran I (Ekonomi Tinggi, Keputusan Tinggi)"}, "geometry": {"type": "MultiPolygon", "coordinates": [[[[122.5534, -5.6715], [122.533, -5.6944], [122.4735, -5.6902], [122.5075, -5.6245], [122.5444, -5.628], [122.5534, -5.6715]]], [[[121.9328, -5.4289], [121.8747, -5.3862], [121.7997, -5.2821], [121.841, -5.108], [121.9578, -5.0604], [121.9829, -5.0966], [121.9914, -5.1579], [122.0329, -5.1483], [122.0672, -5.2339], [122.0504, -5.3176], [122.0334, -5.3477], [122.0489, -5.4136], [122.0464, -5.4542], [121.9466, -5.4839], [121.9328, -5.4289]]], [[[122.6391, -5.2636], [122.64, -5.3559], [122.5995, -5.357], [122.5659, -5.4112], [122.5205, -5.438], [122.5387, -5.325], [122.5243, -5.2765], [122.4797, -5.2998], [122.4964, -5.3346], [122.463, -5.4032], [122.361, -5.3907], [122.2794, -5.3937], [122.2662, -5.3267], [122.3158, -5.2383], [122.3055, -5.2166], [122.3168, -5.1423], [122.3279, -5.1038], [122.3818, -5.0878], [122.38, -4.9679], [122.3585, -4.9314], [122.3183, -4.8315], [122.3816, -4.7458], [122.4593, -4.7441], [122.5585, -4.6907], [122.596, -4.64], [122.6264, -4.642], [122.6692, -4.6104], [122.7402, -4.6493], [122.7208, -4.6933], [122.7412, -4.7414], [122.7286, -4.8561], [122.7661, -4.8987], [122.7587, -4.971], [122.722, -4.9654], [122.68, -5.0341], [122.6386, -5.0583], [122.5883, -5.1602], [122.6069, -5.2232], [122.6391, -5.2636]]], [[[122.035, -4.6617], [122.0318, -4.7179], [122.0464, -4.7685], [122.0909, -4.797], [122.0654, -4.8537], [121.992, -4.8933], [121.8944, -4.8801], [121.8163, -4.8344], [121.7389, -4.8366], [121.6843, -4.851], [121.6636, -4.8106], [121.5504, -4.7726], [121.5073, -4.7365], [121.4704, -4.672], [121.4705, -4.5915], [121.5167, -4.4428], [121.5166, -4.359], [121.5337, -4.2831], [121.5798, -4.2447], [121.5865, -4.2008], [121.6173, -4.151], [121.609, -4.0663], [121.5296, -4.0273], [121.4185, -3.9997], [121.3699, -4.0019], [121.3178, -3.9431], [121.3003, -3.8893], [121.2609, -3.8882], [121.2407, -3.8254], [121.1693, -3.8245], [121.151, -3.7874], [121.1027, -3.7453], [121.0905, -3.7218], [121.0283, -3.6907], [120.9093, -3.5766], [120.8805, -3.5291], [120.8645, -3.4356], [120.9381, -3.3354], [120.9769, -3.2601], [121.0202, -3.2445], [121.0559, -3.1845], [121.0512, -3.1088], [121.0781, -3.0083], [121.0652, -2.9688], [121.0897, -2.9227], [121.0462, -2.8649], [121.0103, -2.8663], [121.0102, -2.8664], [120.9899, -2.8396], [121.0341, -2.7909], [121.0825, -2.7733], [121.1534, -2.8138], [121.3471, -2.9845], [121.3612, -2.9876], [121.3902, -3.0148], [121.4616, -3.0114], [121.5002, -2.9437], [121.6343, -2.8936], [121.6702, -2.9005], [121.6902, -2.9175], [121.752, -2.9237], [121.8418, -2.9718], [121.8721, -2.9733], [121.8873, -3.0108], [121.951, -3.0483], [122.0387, -3.0523], [122.08, -3.0922], [122.1265, -3.0827], [122.1506, -3.0394], [122.2251, -3.1019], [122.2565, -3.1403], [122.3132, -3.1642], [122.2957, -3.2262], [122.3107, -3.2729], [122.2869, -3.3069], [122.2927, -3.3601], [122.3374, -3.3651], [122.3901, -3.4074], [122.3805, -3.4485], [122.3308, -3.3892], [122.2806, -3.3643], [122.2517, -3.4179], [122.3006, -3.4656], [122.2796, -3.506], [122.2789, -3.5531], [122.197, -3.5706], [122.1955, -3.6077], [122.2466, -3.663], [122.3414, -3.7445], [122.4439, -3.7506], [122.4737, -3.8217], [122.5069, -3.8814], [122.5563, -3.9027], [122.6226, -3.891], [122.6608, -3.9274], [122.6259, -3.9484], [122.5924, -3.9742], [122.6513, -4.0029], [122.6494, -4.0584], [122.679, -4.159], [122.7991, -4.1561], [122.8373, -4.1253], [122.7786, -4.0898], [122.7672, -4.0575], [122.8544, -4.0705], [122.8864, -4.1229], [122.9063, -4.2326], [122.8841, -4.2802], [122.9012, -4.3725], [122.8763, -4.4185], [122.8212, -4.4435], [122.7428, -4.3824], [122.6939, -4.3295], [122.6603, -4.3382], [122.6989, -4.3988], [122.7639, -4.4482], [122.7406, -4.51], [122.6763, -4.4835], [122.6564, -4.4476], [122.5891, -4.3965], [122.5072, -4.451], [122.4204, -4.4323], [122.3387, -4.4753], [122.2528, -4.493], [122.2197, -4.4791], [122.1627, -4.5287], [122.1043, -4.5306], [122.0666, -4.5866], [122.035, -4.6617]]], [[[122.4, -3.4444], [122.4046, -3.4032], [122.4653, -3.4639], [122.4482, -3.5051], [122.4091, -3.4772], [122.4, -3.4444]]], [[[123.9865, -5.8783], [124.0413, -5.9083], [124.0821, -6.0058], [124.0408, -6.0121], [124.0399, -5.9784], [123.9856, -5.9663], [123.9697, -5.9293], [123.9865, -5.8783]]], [[[123.9405, -5.7795], [123.8935, -5.7409], [123.9042, -5.7198], [123.9638, -5.7317], [123.996, -5.7701], [123.9405, -5.7795]]], [[[122.702, -5.6302], [122.6691, -5.6872], [122.6367, -5.6951], [122.5788, -5.5684], [122.5737, -5.5381], [122.5646, -5.4821], [122.5974, -5.4545], [122.6504, -5.4366], [122.6187, -5.406], [122.6559, -5.3237], [122.6838, -5.3222], [122.7333, -5.2417], [122.7552, -5.2548], [122.8113, -5.2211], [122.7507, -5.1473], [122.787, -5.0867], [122.7924, -5.018], [122.8556, -4.7863], [122.8284, -4.6773], [122.8494, -4.606], [122.8675, -4.5258], [122.948, -4.4269], [123.042, -4.3696], [123.0784, -4.4018], [123.0456, -4.4251], [123.1412, -4.4876], [123.1917, -4.5783], [123.1842, -4.6339], [123.2132, -4.7141], [123.2022, -4.7773], [123.213, -4.8587], [123.1745, -4.8383], [123.1692, -4.7779], [123.1387, -4.7226], [123.0836, -4.7594], [123.0279, -4.7637], [123.0102, -4.8143], [123.0101, -4.9057], [122.9687, -4.9532], [122.9555, -5.0141], [122.98, -5.0599], [122.9725, -5.1138], [122.9501, -5.1467], [122.9211, -5.1747], [122.9517, -5.2179], [123.0081, -5.1459], [123.0427, -5.1416], [123.1046, -5.1885], [123.152, -5.2483], [123.1758, -5.2461], [123.218, -5.301], [123.1342, -5.3974], [123.0156, -5.4442], [122.9714, -5.396], [122.9382, -5.4274], [122.8944, -5.4392], [122.8469, -5.4899], [122.898, -5.5224], [122.8956, -5.5646], [122.8228, -5.652], [122.8027, -5.6957], [122.7262, -5.6795], [122.702, -5.6302]]], [[[123.8026, -5.5949], [123.7264, -5.5204], [123.7327, -5.4804], [123.8105, -5.5578], [123.8026, -5.5949]]], [[[123.5897, -5.2487], [123.6447, -5.2964], [123.6393, -5.3658], [123.5947, -5.3866], [123.5492, -5.352], [123.5194, -5.2679], [123.5329, -5.2478], [123.5897, -5.2487]]], [[[123.1184, -4.7989], [123.1135, -4.8473], [123.039, -4.8331], [123.0866, -4.7953], [123.1184, -4.7989]]], [[[123.0129, -3.9781], [123.0963, -4.0236], [123.1401, -4.0083], [123.2166, -4.0203], [123.25, -4.0596], [123.2482, -4.1241], [123.1667, -4.2064], [123.142, -4.2495], [123.07, -4.2483], [122.996, -4.2028], [122.9391, -4.0948], [122.9719, -4.057], [123.0129, -3.9781]]]]}}, {"type": "Feature", "properties": {"provinsi": "Sulawesi Utara", "pulau": "Sulawesi", "nama_resmi": "Provinsi Sulawesi Utara", "tipe": "Provinsi", "parlemen": 45.24, "pendapatan": 31.8, "pengeluaran": 12529.0, "ahh": 72.97, "profesional": 53.98, "tpak": 48.62, "rls": 9.43, "hls": 13.02, "skor_ekonomi": 28.65, "skor_keputusan": 61.55, "skor_kapasitas_sosial": 58.74, "ikpp_komposit": 47.83, "kuadran": "Kuadran II (Ekonomi Rendah, Keputusan Tinggi)"}, "geometry": {"type": "MultiPolygon", "coordinates": [[[[124.207, 0.3944], [124.0806, 0.3879], [124.0638, 0.3699], [123.9991, 0.3755], [123.8801, 0.3453], [123.8077, 0.3353], [123.7788, 0.3121], [123.7367, 0.3235], [123.68, 0.3032], [123.6132, 0.3003], [123.5462, 0.3228], [123.4922, 0.3073], [123.4736, 0.3203], [123.4979, 0.3821], [123.5482, 0.4423], [123.5228, 0.4901], [123.5477, 0.5225], [123.5332, 0.577], [123.4875, 0.6016], [123.4862, 0.6265], [123.3831, 0.6401], [123.3224, 0.6985], [123.2736, 0.6982], [123.249, 0.7478], [123.2711, 0.8026], [123.2058, 0.8574], [123.1516, 0.8708], [123.1215, 0.9248], [123.1654, 0.9018], [123.1954, 0.9406], [123.2418, 0.9449], [123.2617, 0.9144], [123.4363, 0.904], [123.5547, 0.8871], [123.5797, 0.9037], [123.727, 0.8641], [123.7505, 0.8318], [123.8117, 0.8451], [123.9351, 0.8357], [123.9708, 0.8751], [124.0725, 0.9211], [124.1366, 0.9282], [124.2036, 0.99], [124.2978, 1.0108], [124.314, 1.0559], [124.3836, 1.18], [124.5182, 1.189], [124.5425, 1.2128], [124.5766, 1.1882], [124.6118, 1.2347], [124.5908, 1.2679], [124.5501, 1.2716], [124.5154, 1.3002], [124.5321, 1.3527], [124.5653, 1.3787], [124.6237, 1.4188], [124.6392, 1.3996], [124.6884, 1.4089], [124.784, 1.4612], [124.8329, 1.4756], [124.8427, 1.5247], [124.8076, 1.556], [124.8211, 1.5829], [124.8674, 1.6003], [124.8827, 1.632], [124.9976, 1.7491], [125.0254, 1.7302], [125.0161, 1.6874], [125.1322, 1.6678], [125.1647, 1.644], [125.1479, 1.5993], [125.1691, 1.5664], [125.2453, 1.5146], [125.2294, 1.4631], [125.1935, 1.4412], [125.1264, 1.4284], [125.1084, 1.3937], [125.0777, 1.3664], [125.0635, 1.2861], [125.0236, 1.1428], [124.9655, 1.0684], [124.9089, 1.0184], [124.8849, 0.9714], [124.7951, 0.9487], [124.7875, 0.9225], [124.7162, 0.8895], [124.699, 0.8439], [124.6721, 0.8286], [124.6252, 0.7675], [124.6295, 0.713], [124.599, 0.7071], [124.555, 0.6504], [124.5591, 0.5907], [124.4982, 0.5537], [124.503, 0.4874], [124.4759, 0.4665], [124.4503, 0.4489], [124.3236, 0.4462], [124.2884, 0.4071], [124.207, 0.3944]]], [[[125.4042, 2.321], [125.3716, 2.3535], [125.4214, 2.3801], [125.4654, 2.3535], [125.4401, 2.3177], [125.4042, 2.321]]], [[[125.4323, 2.8055], [125.4569, 2.7709], [125.4082, 2.7294], [125.3919, 2.6808], [125.4168, 2.6355], [125.3846, 2.6455], [125.3589, 2.7429], [125.3783, 2.8004], [125.4323, 2.8055]]], [[[125.4802, 3.6051], [125.4177, 3.6399], [125.3977, 3.673], [125.4037, 3.7187], [125.4465, 3.7372], [125.5077, 3.7232], [125.5845, 3.6207], [125.574, 3.592], [125.6322, 3.5089], [125.6685, 3.5011], [125.6762, 3.4265], [125.6418, 3.381], [125.6063, 3.3716], [125.5476, 3.4285], [125.5044, 3.4352], [125.4857, 3.4856], [125.4964, 3.5453], [125.4802, 3.6051]]], [[[126.8239, 3.7287], [126.7671, 3.7693], [126.7431, 3.8423], [126.8026, 3.8342], [126.8511, 3.7536], [126.8239, 3.7287]]], [[[126.6964, 3.8373], [126.6628, 3.8763], [126.6637, 3.9603], [126.7152, 3.9255], [126.6918, 3.8683], [126.6964, 3.8373]]], [[[126.7502, 4.1429], [126.7894, 4.2406], [126.7159, 4.2655], [126.7064, 4.3241], [126.6808, 4.3345], [126.6946, 4.4004], [126.7337, 4.4622], [126.7199, 4.5127], [126.738, 4.5436], [126.8054, 4.5328], [126.8564, 4.4834], [126.869, 4.4281], [126.8479, 4.388], [126.8601, 4.3516], [126.9112, 4.2705], [126.8621, 4.2512], [126.8699, 4.2169], [126.8078, 4.167], [126.8028, 4.0407], [126.7877, 4.0167], [126.762, 3.9947], [126.6708, 4.0034], [126.67, 4.0472], [126.7123, 4.0849], [126.7502, 4.1429]]]]}}, {"type": "Feature", "properties": {"provinsi": "Sumatera Barat", "pulau": "Sumatera", "nama_resmi": "Provinsi Sumatera Barat", "tipe": "Provinsi", "parlemen": 15.38, "pendapatan": 37.85, "pengeluaran": 11718.0, "ahh": 72.35, "profesional": 59.82, "tpak": 57.75, "rls": 9.44, "hls": 14.3, "skor_ekonomi": 38.74, "skor_keputusan": 49.27, "skor_kapasitas_sosial": 62.36, "ikpp_komposit": 47.67, "kuadran": "Kuadran I (Ekonomi Tinggi, Keputusan Tinggi)"}, "geometry": {"type": "MultiPolygon", "coordinates": [[[[100.3253, -3.1719], [100.3329, -3.1341], [100.3025, -3.0888], [100.2332, -3.0578], [100.1883, -2.9897], [100.2029, -2.9339], [100.1767, -2.8132], [100.2364, -2.7839], [100.2684, -2.8437], [100.3547, -2.9011], [100.4673, -3.048], [100.4576, -3.1147], [100.4666, -3.1471], [100.4233, -3.1575], [100.3894, -3.2001], [100.4726, -3.3356], [100.464, -3.3472], [100.4393, -3.3449], [100.378, -3.2844], [100.3755, -3.2523], [100.3253, -3.1719]]], [[[99.9678, -2.5855], [99.9718, -2.5137], [99.9978, -2.5029], [100.0729, -2.5809], [100.1686, -2.6453], [100.2215, -2.75], [100.2177, -2.776], [100.1733, -2.7901], [100.1248, -2.8349], [100.0122, -2.8435], [99.9877, -2.774], [100.0118, -2.6758], [99.9678, -2.5855]]], [[[99.7451, -2.3476], [99.7067, -2.3114], [99.6454, -2.2813], [99.6002, -2.2831], [99.5977, -2.2306], [99.5511, -2.2079], [99.5285, -2.1533], [99.5724, -2.1446], [99.5467, -2.0715], [99.5873, -2.0254], [99.6389, -2.0371], [99.7037, -2.0911], [99.7114, -2.1518], [99.7348, -2.2055], [99.8116, -2.3037], [99.8471, -2.3396], [99.8404, -2.3663], [99.7955, -2.3706], [99.7451, -2.3476]]], [[[99.0544, -1.7859], [98.884, -1.6831], [98.8252, -1.6157], [98.8361, -1.5833], [98.8041, -1.519], [98.6367, -1.2864], [98.6027, -1.2254], [98.6507, -1.1061], [98.6637, -0.9816], [98.6848, -0.9596], [98.7969, -0.9569], [98.9092, -0.9092], [98.9303, -0.9343], [98.943, -0.9992], [98.9326, -1.0235], [98.9464, -1.0801], [99.0024, -1.1178], [99.0146, -1.1714], [99.068, -1.2525], [99.0979, -1.3624], [99.1643, -1.4276], [99.1535, -1.4884], [99.1965, -1.5125], [99.1936, -1.5661], [99.2324, -1.6091], [99.2581, -1.5946], [99.2793, -1.6415], [99.2993, -1.7157], [99.2425, -1.796], [99.1673, -1.7793], [99.125, -1.8083], [99.0544, -1.7859]]], [[[100.3862, -1.0269], [100.3574, -0.9894], [100.3431, -0.8877], [100.2911, -0.8166], [100.2733, -0.7883], [100.1586, -0.6761], [100.1274, -0.6458], [100.0923, -0.5722], [100.0372, -0.5017], [99.9621, -0.434], [99.8698, -0.333], [99.8202, -0.3008], [99.7936, -0.212], [99.7706, -0.1758], [99.7487, -0.1457], [99.7628, -0.0693], [99.7477, -0.0384], [99.618, 0.0658], [99.4605, 0.1386], [99.3982, 0.1512], [99.3603, 0.2285], [99.3143, 0.2376], [99.2205, 0.2109], [99.1672, 0.2282], [99.1961, 0.272], [99.1904, 0.3081], [99.262, 0.3442], [99.317, 0.3343], [99.366, 0.4315], [99.412, 0.4863], [99.4315, 0.4753], [99.4764, 0.5261], [99.5124, 0.5386], [99.5775, 0.5104], [99.6487, 0.5411], [99.6781, 0.4714], [99.7178, 0.4514], [99.7382, 0.4759], [99.785, 0.4813], [99.8269, 0.4594], [99.9084, 0.4721], [99.9466, 0.5115], [99.9596, 0.5687], [99.9204, 0.6051], [99.9113, 0.6798], [99.8506, 0.6836], [99.8249, 0.7359], [99.8433, 0.7817], [99.8383, 0.8269], [99.8366, 0.8905], [99.8705, 0.9067], [99.9436, 0.8832], [99.9653, 0.8524], [100.0103, 0.8397], [100.0771, 0.7866], [100.1812, 0.7623], [100.2133, 0.7361], [100.2619, 0.7332], [100.2737, 0.6771], [100.2203, 0.6621], [100.1981, 0.6263], [100.2395, 0.5316], [100.2244, 0.5028], [100.2761, 0.4119], [100.3014, 0.3964], [100.3459, 0.3806], [100.3893, 0.4071], [100.4458, 0.4178], [100.4341, 0.3791], [100.4671, 0.3146], [100.559, 0.3047], [100.5872, 0.2535], [100.6473, 0.2033], [100.6845, 0.2016], [100.7014, 0.2385], [100.8146, 0.2605], [100.843, 0.2233], [100.8418, 0.1462], [100.7961, 0.1273], [100.7789, 0.0827], [100.8307, 0.0674], [100.8416, -0.0066], [100.8045, -0.0339], [100.7638, -0.0222], [100.7458, -0.0518], [100.7743, -0.2131], [100.8088, -0.2698], [100.8379, -0.2844], [100.8481, -0.3428], [100.9323, -0.3157], [100.9922, -0.3158], [101.0319, -0.3453], [101.0414, -0.3761], [101.037, -0.4398], [101.0668, -0.5035], [101.1087, -0.5009], [101.1785, -0.5417], [101.2037, -0.5866], [101.2549, -0.6252], [101.3145, -0.6334], [101.3574, -0.6575], [101.3478, -0.6835], [101.4056, -0.7175], [101.4946, -0.7919], [101.5478, -0.8211], [101.5876, -0.8473], [101.6477, -0.8237], [101.7317, -0.8706], [101.7345, -0.8965], [101.6982, -0.9355], [101.7508, -0.9717], [101.8236, -0.9776], [101.8215, -1.0592], [101.8313, -1.1106], [101.8842, -1.1347], [101.816, -1.2178], [101.7267, -1.2348], [101.6945, -1.3074], [101.7281, -1.3549], [101.6949, -1.3941], [101.7194, -1.4356], [101.6798, -1.4981], [101.4864, -1.6485], [101.4375, -1.6958], [101.4266, -1.6775], [101.3911, -1.6897], [101.3365, -1.6807], [101.2719, -1.6954], [101.2159, -1.7251], [101.1317, -1.6847], [101.1383, -1.8989], [101.2397, -2.0667], [101.2611, -2.1019], [101.2797, -2.251], [101.2929, -2.2887], [101.2385, -2.3389], [101.1596, -2.3827], [101.0224, -2.4784], [100.9909, -2.4305], [100.8898, -2.3253], [100.873, -2.2412], [100.8249, -2.1776], [100.8235, -2.1417], [100.8664, -2.0965], [100.8803, -2.0452], [100.8584, -1.9133], [100.7863, -1.8194], [100.7533, -1.7596], [100.6824, -1.6566], [100.6383, -1.6077], [100.6181, -1.4955], [100.5628, -1.4422], [100.5805, -1.3818], [100.55, -1.3151], [100.4903, -1.2989], [100.4461, -1.2587], [100.4006, -1.2709], [100.4264, -1.2076], [100.3861, -1.1837], [100.3657, -1.1346], [100.3862, -1.0269]]]]}}, {"type": "Feature", "properties": {"provinsi": "Sumatera Selatan", "pulau": "Sumatera", "nama_resmi": "Provinsi Sumatera Selatan", "tipe": "Provinsi", "parlemen": 24.0, "pendapatan": 35.31, "pengeluaran": 12015.0, "ahh": 72.95, "profesional": 53.16, "tpak": 55.35, "rls": 8.57, "hls": 12.64, "skor_ekonomi": 32.68, "skor_keputusan": 48.59, "skor_kapasitas_sosial": 54.4, "ikpp_komposit": 43.39, "kuadran": "Kuadran II (Ekonomi Rendah, Keputusan Tinggi)"}, "geometry": {"type": "MultiPolygon", "coordinates": [[[[103.7706, -4.7484], [103.6773, -4.7176], [103.7077, -4.696], [103.6668, -4.6155], [103.6243, -4.5942], [103.6295, -4.55], [103.5931, -4.5229], [103.5293, -4.5707], [103.4834, -4.5766], [103.4066, -4.5008], [103.4465, -4.3744], [103.4675, -4.3549], [103.4098, -4.3138], [103.3715, -4.3159], [103.3161, -4.2672], [103.2889, -4.262], [103.2241, -4.2407], [103.1778, -4.2407], [103.0676, -4.2569], [103.0595, -4.1948], [103.0027, -4.1605], [102.9738, -4.1271], [102.9186, -4.0931], [102.9979, -4.0192], [102.9611, -4.0197], [102.9119, -3.9696], [102.8849, -3.9894], [102.7917, -3.9559], [102.7486, -3.9011], [102.6609, -3.8184], [102.6203, -3.8022], [102.6573, -3.772], [102.7343, -3.7463], [102.7706, -3.7082], [102.8078, -3.6128], [102.7972, -3.5712], [102.8102, -3.5299], [102.8476, -3.5369], [102.9071, -3.6165], [102.9947, -3.5248], [103.0051, -3.4666], [102.9985, -3.4129], [102.967, -3.3623], [102.9124, -3.3777], [102.8896, -3.352], [102.798, -3.3317], [102.7582, -3.2899], [102.7398, -3.3051], [102.6184, -3.3294], [102.5704, -3.2795], [102.4943, -3.2684], [102.4867, -3.256], [102.4865, -3.1099], [102.4423, -3.0586], [102.3868, -3.0436], [102.3176, -3.0699], [102.2429, -3.0195], [102.2241, -2.9307], [102.1313, -2.8748], [102.1294, -2.8348], [102.0728, -2.7941], [102.0639, -2.7685], [102.073, -2.7649], [102.1684, -2.7072], [102.2368, -2.6896], [102.2414, -2.6511], [102.2713, -2.6245], [102.3052, -2.6493], [102.3731, -2.6562], [102.4056, -2.6891], [102.4691, -2.7043], [102.5388, -2.6752], [102.5806, -2.6783], [102.6158, -2.6527], [102.6141, -2.6222], [102.6595, -2.6134], [102.7134, -2.5712], [102.7775, -2.554], [102.8157, -2.4854], [102.8792, -2.4244], [102.8435, -2.374], [102.8559, -2.3335], [102.8928, -2.3173], [102.9407, -2.3362], [103.0293, -2.3416], [103.0631, -2.3363], [103.1186, -2.3541], [103.2113, -2.3203], [103.1982, -2.2606], [103.1674, -2.2294], [103.187, -2.1842], [103.2258, -2.1654], [103.2305, -2.1358], [103.2776, -2.1479], [103.3011, -2.2218], [103.3774, -2.288], [103.4058, -2.3351], [103.4384, -2.3424], [103.4631, -2.2655], [103.4584, -2.181], [103.507, -2.1737], [103.5441, -2.1439], [103.5323, -2.0915], [103.5639, -2.0168], [103.5427, -1.986], [103.5, -1.9822], [103.5214, -1.9067], [103.6303, -1.8412], [103.6607, -1.8465], [103.7661, -1.8161], [103.85, -1.8167], [103.8733, -1.7886], [104.0222, -1.7533], [104.1446, -1.7155], [104.3625, -1.6467], [104.4055, -1.6293], [104.4619, -1.6421], [104.491, -1.6678], [104.4927, -1.6714], [104.5007, -1.6809], [104.5256, -1.7118], [104.4838, -1.7875], [104.5038, -1.8056], [104.4717, -1.8647], [104.4722, -1.913], [104.5041, -1.9685], [104.5775, -2.0054], [104.6113, -2.0058], [104.6559, -1.9645], [104.6868, -1.9931], [104.8276, -2.0038], [104.8757, -2.0495], [104.8987, -2.1046], [104.9066, -2.18], [104.8431, -2.2493], [104.7985, -2.2716], [104.7438, -2.3589], [104.7542, -2.3952], [104.8219, -2.3573], [104.8495, -2.2846], [104.9182, -2.2902], [104.9101, -2.3363], [104.9983, -2.3311], [105.1077, -2.3709], [105.2033, -2.3266], [105.2971, -2.3735], [105.4163, -2.3895], [105.4883, -2.3876], [105.5685, -2.4162], [105.6212, -2.3911], [105.6335, -2.4362], [105.6055, -2.5179], [105.6105, -2.5977], [105.6605, -2.6668], [105.7015, -2.6855], [105.7821, -2.6898], [105.7802, -2.822], [105.7931, -2.8882], [105.847, -2.9508], [105.8832, -2.9661], [106.0119, -2.9681], [106.0474, -2.9952], [106.0555, -3.0718], [106.0476, -3.1209], [106.0871, -3.1995], [106.0841, -3.2618], [105.9832, -3.3145], [105.9167, -3.3843], [105.8855, -3.4368], [105.8391, -3.5511], [105.8219, -3.6377], [105.8308, -3.7107], [105.8574, -3.7397], [105.9157, -3.768], [105.9608, -3.8245], [105.9569, -3.8525], [105.8814, -3.9846], [105.847, -4.0926], [105.8453, -4.16], [105.8214, -4.1572], [105.809, -4.1242], [105.7602, -4.1372], [105.698, -4.125], [105.6518, -4.0871], [105.6248, -4.0393], [105.6304, -4.0026], [105.611, -3.9649], [105.5625, -3.9284], [105.5727, -3.8993], [105.5125, -3.8713], [105.482, -3.8226], [105.4302, -3.8224], [105.4113, -3.7766], [105.3551, -3.7942], [105.3425, -3.7314], [105.3188, -3.7326], [105.2776, -3.8764], [105.2553, -3.9004], [105.2056, -3.8908], [105.1427, -3.933], [105.1353, -3.9877], [105.1054, -4.0247], [105.0501, -4.1411], [105.0027, -4.1771], [104.9462, -4.1921], [104.9061, -4.201], [104.8594, -4.2392], [104.7925, -4.2666], [104.7478, -4.2478], [104.7064, -4.2593], [104.6212, -4.2256], [104.5248, -4.2643], [104.4716, -4.312], [104.4499, -4.2984], [104.3475, -4.4002], [104.3218, -4.4583], [104.3408, -4.602], [104.2993, -4.644], [104.3125, -4.7788], [104.3405, -4.8227], [104.3395, -4.8672], [104.2872, -4.8556], [104.2634, -4.8812], [104.1913, -4.863], [104.1744, -4.9058], [104.1216, -4.9242], [104.0719, -4.9039], [103.9616, -4.9105], [103.9356, -4.8846], [103.8638, -4.9174], [103.8557, -4.8919], [103.8695, -4.8564], [103.8263, -4.8017], [103.7905, -4.779], [103.7706, -4.7484]]], [[[104.5549, -1.8545], [104.6392, -1.9168], [104.6079, -1.9615], [104.6045, -2.0004], [104.5648, -1.9975], [104.5079, -1.9678], [104.5406, -1.8693], [104.5549, -1.8545]]]]}}, {"type": "Feature", "properties": {"provinsi": "Sumatera Utara", "pulau": "Sumatera", "nama_resmi": "Provinsi Sumatera Utara", "tipe": "Provinsi", "parlemen": 17.35, "pendapatan": 36.08, "pengeluaran": 11460.0, "ahh": 72.3, "profesional": 54.4, "tpak": 58.54, "rls": 9.93, "hls": 13.49, "skor_ekonomi": 45.35, "skor_keputusan": 46.49, "skor_kapasitas_sosial": 59.36, "ikpp_komposit": 48.61, "kuadran": "Kuadran IV (Ekonomi Tinggi, Keputusan Rendah)"}, "geometry": {"type": "MultiPolygon", "coordinates": [[[[98.3762, -0.4586], [98.3732, -0.3805], [98.3842, -0.3435], [98.4404, -0.3029], [98.4407, -0.2455], [98.5215, -0.3604], [98.5047, -0.4963], [98.4812, -0.517], [98.5042, -0.5581], [98.4361, -0.5385], [98.3988, -0.5672], [98.3145, -0.5296], [98.3485, -0.5131], [98.3762, -0.4586]]], [[[98.3322, -0.0034], [98.4026, -0.006], [98.4709, -0.0944], [98.4929, -0.2104], [98.558, -0.258], [98.5699, -0.325], [98.5442, -0.3592], [98.5056, -0.2974], [98.4343, -0.2096], [98.4221, -0.1704], [98.3882, -0.1376], [98.3322, -0.0034]]], [[[98.721, 0.1572], [98.798, 0.1709], [98.854, 0.1162], [98.8503, 0.0798], [98.7794, 0.0952], [98.7542, 0.0735], [98.6166, 0.0844], [98.5319, 0.1092], [98.5251, 0.1417], [98.5656, 0.173], [98.6145, 0.1807], [98.721, 0.1572]]], [[[97.8903, 0.7661], [97.8997, 0.63], [97.8215, 0.568], [97.7097, 0.5613], [97.6828, 0.5866], [97.6921, 0.6273], [97.6342, 0.7952], [97.5482, 0.8882], [97.4818, 0.9398], [97.4097, 0.9482], [97.4061, 0.9829], [97.3615, 1.0904], [97.2485, 1.2593], [97.2107, 1.2773], [97.1503, 1.3671], [97.1009, 1.4065], [97.1365, 1.4354], [97.1743, 1.4077], [97.2505, 1.4115], [97.3452, 1.4807], [97.3501, 1.5415], [97.4419, 1.4727], [97.4885, 1.4733], [97.5392, 1.4208], [97.5414, 1.3923], [97.5926, 1.3365], [97.6883, 1.18], [97.7231, 1.1706], [97.7995, 1.1511], [97.8348, 1.0873], [97.8969, 1.0538], [97.9457, 0.9668], [97.9036, 0.8944], [97.8953, 0.8263], [97.9115, 0.7988], [97.8903, 0.7661]]], [[[98.5143, 1.6251], [98.4459, 1.6495], [98.4629, 1.7019], [98.4959, 1.6526], [98.5424, 1.6455], [98.5849, 1.6649], [98.5945, 1.6238], [98.5143, 1.6251]]], [[[98.7867, 1.6921], [98.7964, 1.7218], [98.7694, 1.7576], [98.7378, 1.7778], [98.7231, 1.7164], [98.6733, 1.7454], [98.6083, 1.8383], [98.4585, 1.9916], [98.3721, 2.0144], [98.3398, 2.0467], [98.2723, 2.0443], [98.2332, 2.0898], [98.1273, 2.1695], [98.184, 2.2628], [98.1971, 2.3115], [98.147, 2.424], [98.0978, 2.4798], [98.0766, 2.5748], [98.1077, 2.6044], [98.104, 2.6819], [98.0694, 2.7642], [98.1167, 2.7851], [98.0984, 2.8228], [98.0501, 2.8218], [97.993, 2.8818], [97.9493, 2.8948], [97.9549, 2.9828], [97.9362, 2.9895], [97.9301, 3.0548], [97.9838, 3.0861], [97.9822, 3.1161], [97.9421, 3.1648], [97.9112, 3.2518], [97.969, 3.2737], [98.0293, 3.3308], [97.9972, 3.3727], [97.9487, 3.39], [97.9302, 3.4925], [97.9066, 3.5552], [97.8681, 3.5711], [97.8528, 3.6293], [97.8005, 3.7226], [97.8249, 3.7506], [97.8964, 3.8084], [97.9219, 3.8459], [97.9005, 3.9106], [97.953, 3.8899], [98.0065, 3.9017], [98.0203, 3.9558], [98.0827, 3.9539], [98.0957, 3.9841], [98.0402, 4.0412], [98.0625, 4.1859], [98.0916, 4.1941], [98.072, 4.2504], [98.1438, 4.2598], [98.1547, 4.2891], [98.2095, 4.299], [98.253, 4.2899], [98.2453, 4.187], [98.2056, 4.1807], [98.1778, 4.1442], [98.1988, 4.107], [98.2357, 4.1311], [98.2958, 4.1071], [98.3096, 4.0728], [98.4012, 4.0704], [98.4309, 4.039], [98.4636, 4.0394], [98.5414, 4.0122], [98.5595, 3.9395], [98.6127, 3.912], [98.6637, 3.9081], [98.6937, 3.8868], [98.7102, 3.7948], [98.707, 3.7718], [98.7518, 3.7637], [98.7738, 3.7319], [98.8945, 3.6814], [98.9433, 3.6758], [99.0554, 3.6189], [99.1332, 3.5637], [99.1667, 3.5546], [99.2922, 3.4787], [99.3195, 3.4327], [99.368, 3.3983], [99.4145, 3.3861], [99.4887, 3.3441], [99.4869, 3.3177], [99.5468, 3.2451], [99.6705, 3.2106], [99.7373, 3.173], [99.8317, 3.0602], [99.8892, 3.0398], [99.9243, 2.9827], [99.9921, 2.94], [99.987, 2.8564], [99.9849, 2.758], [100.0151, 2.735], [100.0596, 2.7341], [100.1384, 2.6876], [100.1758, 2.7111], [100.2203, 2.7044], [100.2343, 2.6425], [100.3219, 2.5477], [100.299, 2.4426], [100.3193, 2.3346], [100.3626, 2.248], [100.3689, 2.1795], [100.3439, 2.1373], [100.3205, 2.0374], [100.3181, 1.9018], [100.2889, 1.8755], [100.2891, 1.7989], [100.3759, 1.7757], [100.3527, 1.734], [100.38, 1.6812], [100.4167, 1.6548], [100.4046, 1.5783], [100.4218, 1.4854], [100.3766, 1.4498], [100.3181, 1.4709], [100.3409, 1.4376], [100.3005, 1.417], [100.2372, 1.4061], [100.1805, 1.4168], [100.0525, 1.3778], [100.0507, 1.3727], [100.0717, 1.3389], [100.0789, 1.3461], [100.1229, 1.2472], [100.1111, 1.2215], [100.1704, 1.1227], [100.1285, 1.1066], [100.1493, 1.0099], [100.1511, 0.9359], [100.1217, 0.8214], [100.1812, 0.7623], [100.0771, 0.7866], [100.0103, 0.8397], [99.9653, 0.8524], [99.9436, 0.8832], [99.8705, 0.9067], [99.8366, 0.8905], [99.8383, 0.8269], [99.8433, 0.7817], [99.8249, 0.7359], [99.8506, 0.6836], [99.9113, 0.6798], [99.9204, 0.6051], [99.9596, 0.5687], [99.9466, 0.5115], [99.9084, 0.4721], [99.8269, 0.4594], [99.785, 0.4813], [99.7382, 0.4759], [99.7178, 0.4514], [99.6781, 0.4714], [99.6487, 0.5411], [99.5775, 0.5104], [99.5124, 0.5386], [99.4764, 0.5261], [99.4315, 0.4753], [99.412, 0.4863], [99.366, 0.4315], [99.317, 0.3343], [99.262, 0.3442], [99.1904, 0.3081], [99.1961, 0.272], [99.1672, 0.2282], [99.1418, 0.2643], [99.1607, 0.2903], [99.1348, 0.3815], [99.1362, 0.4528], [99.1119, 0.5092], [99.1067, 0.5797], [99.0659, 0.6588], [99.0583, 0.742], [99.0122, 0.8241], [98.9947, 0.821], [98.9701, 0.9358], [98.9285, 1.0382], [98.9136, 1.1142], [98.8643, 1.2192], [98.8446, 1.2984], [98.8325, 1.3617], [98.782, 1.4309], [98.7578, 1.5019], [98.7749, 1.564], [98.8396, 1.6271], [98.8276, 1.6736], [98.7867, 1.6921]]]]}}]}